customer_id,tenure_months,recency_days,frequency_12m,avg_basket,monetary_12m,n_categories,promo_share,complaints_12m,loyalty_member,channel,city_tier,churned
C00001,1,4.0,12,900.0,12223.0,7,0.23,0,1,Both,Tier 1,0
C00002,36,30.0,8,1437.0,13380.0,4,0.3,0,0,Store,Tier 3,0
C00003,42,66.0,11,1085.0,10261.0,4,0.66,1,0,Both,Tier 2,0
C00004,53,24.0,6,895.0,5826.0,4,0.51,0,1,Online,Tier 2,1
C00005,8,53.0,13,837.0,9422.0,2,0.68,1,1,Store,Tier 1,1
C00006,40,124.0,3,,2235.0,3,0.37,0,0,Online,Tier 1,0
C00007,35,42.0,8,932.0,8672.0,4,0.48,1,0,Store,Tier 2,0
C00008,44,29.0,14,638.0,8138.0,3,0.58,1,1,Store,Tier 2,0
C00009,45,47.0,9,445.0,4343.0,5,0.32,1,1,Both,Tier 2,0
C00010,31,103.0,15,772.0,9346.0,4,0.46,0,0,Store,Tier 3,0
C00011,32,29.0,14,1368.0,16105.0,3,0.28,0,1,Store,Tier 1,0
C00012,5,66.0,15,1230.0,19545.0,4,0.15,0,0,Store,Tier 1,0
C00013,51,22.0,14,1234.0,19851.0,7,0.28,1,0,Online,Tier 1,0
C00014,42,61.0,12,1199.0,11575.0,3,0.34,0,1,Both,Tier 2,0
C00015,27,67.0,14,846.0,9682.0,2,0.21,1,1,Store,Tier 1,1
C00016,18,80.0,7,831.0,5494.0,6,0.23,1,1,Store,Tier 2,0
C00017,33,74.0,7,1104.0,9260.0,5,0.22,1,0,Store,Tier 3,0
C00018,45,56.0,12,912.0,9881.0,3,0.68,0,1,Both,Tier 2,0
C00019,41,43.0,16,1486.0,22321.0,6,0.31,0,0,Store,Tier 3,0
C00020,16,67.0,15,1095.0,15392.0,4,0.35,0,0,Store,Tier 1,0
C00021,7,46.0,7,893.0,6940.0,8,0.64,0,0,Store,Tier 1,0
C00022,43,3.0,13,896.0,9939.0,8,0.37,1,0,Store,Tier 2,0
C00023,60,4.0,14,388.0,4449.0,1,0.51,0,1,Store,Tier 3,0
C00024,30,59.0,14,860.0,9888.0,6,0.42,0,1,Online,Tier 2,0
C00025,25,111.0,9,971.0,7397.0,4,0.13,0,1,Store,Tier 2,1
C00026,43,43.0,13,947.0,13851.0,6,0.26,0,1,Online,Tier 2,0
C00027,15,151.0,7,1094.0,7649.0,2,0.3,1,0,Both,Tier 2,0
C00028,38,35.0,15,1565.0,19380.0,4,0.58,0,0,Online,Tier 2,0
C00029,56,34.0,16,344.0,5120.0,3,0.44,0,1,Both,Tier 1,0
C00030,46,9.0,14,1357.0,18833.0,2,0.31,1,1,Online,Tier 2,0
C00031,22,158.0,8,1336.0,11186.0,2,0.29,0,0,Both,Tier 1,0
C00032,38,175.0,3,1414.0,3849.0,3,0.51,0,1,Store,Tier 2,1
C00033,53,36.0,16,865.0,14466.0,2,0.57,0,1,Store,Tier 1,0
C00034,23,21.0,11,1334.0,12230.0,5,0.29,0,1,Store,Tier 3,0
C00035,29,35.0,14,603.0,6815.0,2,0.23,0,0,Both,Tier 3,0
C00036,51,50.0,14,842.0,13657.0,7,0.38,0,1,Online,Tier 3,0
C00037,57,108.0,11,428.0,3978.0,5,0.25,0,1,Store,Tier 1,0
C00038,37,62.0,9,1317.0,13836.0,4,0.65,0,0,Both,Tier 1,0
C00039,49,37.0,17,1510.0,21897.0,8,0.27,0,0,Online,Tier 1,0
C00040,44,45.0,12,741.0,7739.0,3,0.17,0,1,Store,Tier 1,1
C00041,12,21.0,9,702.0,6153.0,2,0.5,0,0,Store,Tier 1,0
C00042,47,51.0,16,453.0,7472.0,3,0.03,0,1,Online,Tier 2,0
C00043,10,97.0,7,286.0,1660.0,5,0.25,0,0,Both,Tier 1,1
C00044,9,28.0,10,1169.0,11826.0,3,0.76,1,0,Both,Tier 1,0
C00045,50,41.0,23,1106.0,26781.0,2,0.7,0,1,Both,Tier 1,0
C00046,30,40.0,16,966.0,17645.0,3,0.28,1,1,Store,Tier 2,0
C00047,52,166.0,7,1058.0,7407.0,4,0.03,0,1,Both,Tier 3,0
C00048,53,12.0,13,817.0,11921.0,4,0.83,2,1,Store,Tier 1,0
C00049,46,46.0,14,245.0,3774.0,3,0.13,0,1,Store,Tier 3,0
C00050,33,45.0,12,1096.0,14614.0,5,0.44,0,1,Both,Tier 2,0
C00051,49,16.0,13,688.0,10176.0,4,0.72,0,1,Store,Tier 3,0
C00052,22,14.0,16,1335.0,22117.0,1,0.53,0,1,Store,Tier 2,0
C00053,39,52.0,19,1114.0,21370.0,5,0.15,2,1,Both,Tier 2,0
C00054,20,26.0,16,1317.0,18318.0,7,0.33,1,0,Online,Tier 2,0
C00055,31,13.0,13,676.0,7608.0,3,0.51,1,1,Store,Tier 3,0
C00056,42,15.0,12,1061.0,10828.0,2,0.39,1,1,Online,Tier 3,0
C00057,9,30.0,13,764.0,10071.0,2,0.57,0,0,Online,Tier 1,1
C00058,44,19.0,19,1365.0,24837.0,5,0.67,0,1,Store,Tier 2,0
C00059,40,28.0,11,964.0,9386.0,3,0.78,0,0,Store,Tier 1,1
C00060,49,52.0,9,741.0,7648.0,5,0.55,0,1,Both,Tier 1,0
C00061,35,8.0,8,1460.0,11400.0,1,0.7,1,1,Both,Tier 1,0
C00062,45,43.0,10,914.0,9138.0,2,0.84,0,0,Store,Tier 1,0
C00063,59,162.0,8,885.0,7535.0,5,0.3,0,0,Online,Tier 1,0
C00064,4,31.0,18,1104.0,23140.0,4,0.56,0,0,Both,Tier 3,0
C00065,22,53.0,18,852.0,13957.0,2,0.67,0,1,Store,Tier 2,0
C00066,46,39.0,10,1134.0,10393.0,3,0.37,0,1,Both,Tier 2,0
C00067,37,106.0,15,194.0,2437.0,2,0.39,0,1,Both,Tier 1,0
C00068,21,63.0,9,1074.0,10327.0,3,0.47,1,0,Online,Tier 3,1
C00069,51,49.0,11,1319.0,11742.0,2,0.19,1,1,Store,Tier 3,0
C00070,50,141.0,5,1015.0,5576.0,2,0.39,0,1,Both,Tier 1,0
C00071,22,164.0,6,556.0,2762.0,3,0.78,1,0,Both,Tier 2,1
C00072,42,9.0,18,521.0,9413.0,5,0.25,1,0,Store,Tier 2,0
C00073,3,5.0,10,627.0,7306.0,4,0.77,3,0,Store,Tier 2,1
C00074,17,1.0,19,1009.0,22512.0,3,0.24,0,0,Store,Tier 2,0
C00075,27,137.0,12,1150.0,12894.0,4,0.63,1,1,Store,Tier 1,1
C00076,1,30.0,17,879.0,16213.0,4,0.34,1,0,Both,Tier 1,0
C00077,14,19.0,18,636.0,9884.0,7,0.55,0,1,Store,Tier 1,0
C00078,35,131.0,5,627.0,3057.0,3,0.59,1,0,Both,Tier 3,1
C00079,34,31.0,10,733.0,7308.0,5,0.26,0,1,Online,Tier 1,0
C00080,21,5.0,15,776.0,9433.0,3,0.48,2,1,Both,Tier 2,0
C00081,3,15.0,8,866.0,8089.0,3,0.28,0,0,Store,Tier 1,1
C00082,52,101.0,7,531.0,4260.0,7,0.14,0,0,Online,Tier 1,0
C00083,20,4.0,14,1513.0,18503.0,7,0.43,0,0,Both,Tier 1,0
C00084,29,64.0,10,757.0,6852.0,4,0.79,0,0,Store,Tier 2,0
C00085,1,72.0,10,881.0,7057.0,6,0.68,0,0,Both,Tier 1,0
C00086,3,118.0,8,1058.0,6783.0,3,0.33,0,1,Online,Tier 1,0
C00087,28,7.0,8,1168.0,10877.0,5,0.42,0,0,Both,Tier 2,1
C00088,58,42.0,16,833.0,14934.0,8,0.38,0,1,Store,Tier 3,0
C00089,20,52.0,9,958.0,8657.0,4,0.32,0,1,Store,Tier 2,0
C00090,17,28.0,15,892.0,13342.0,6,0.34,0,0,Online,Tier 2,0
C00091,33,26.0,15,1169.0,20988.0,5,0.77,1,0,Both,Tier 1,0
C00092,39,23.0,7,1069.0,7954.0,3,0.7,0,1,Store,Tier 3,0
C00093,60,87.0,8,950.0,8837.0,4,0.4,1,1,Both,Tier 3,0
C00094,13,1.0,15,1006.0,15940.0,5,0.09,1,0,Both,Tier 2,0
C00095,23,56.0,6,596.0,3884.0,7,0.5,1,1,Online,Tier 2,0
C00096,23,130.0,6,1140.0,5918.0,6,0.4,0,0,Both,Tier 3,0
C00097,30,15.0,14,902.0,13084.0,6,0.2,1,0,Both,Tier 2,0
C00098,7,102.0,5,1047.0,4461.0,4,0.33,1,1,Online,Tier 1,1
C00099,46,59.0,14,1023.0,16471.0,4,0.24,0,1,Both,Tier 2,0
C00100,60,104.0,9,521.0,5052.0,4,0.16,0,0,Both,Tier 2,1
C00101,40,17.0,15,1062.0,13201.0,4,0.16,0,1,Both,Tier 2,0
C00102,40,2.0,18,919.0,17491.0,4,0.52,0,1,Both,Tier 2,0
C00103,1,9.0,13,1059.0,15035.0,3,0.5,0,0,Both,Tier 1,0
C00104,6,63.0,12,904.0,12862.0,2,0.54,0,0,Online,Tier 2,1
C00105,34,19.0,15,630.0,7684.0,4,0.32,0,1,Both,Tier 1,0
C00106,33,28.0,8,1130.0,7275.0,2,0.83,1,0,Store,Tier 1,0
C00107,45,16.0,13,743.0,11378.0,5,0.38,2,0,Both,Tier 3,0
C00108,3,84.0,10,1065.0,9181.0,1,0.4,0,0,Both,Tier 3,1
C00109,34,48.0,15,1014.0,13720.0,3,0.43,0,1,Both,Tier 1,0
C00110,24,82.0,13,836.0,11980.0,5,0.59,0,1,Store,Tier 1,0
C00111,22,89.0,6,1103.0,5731.0,5,0.37,0,1,Store,Tier 1,1
C00112,53,18.0,16,1221.0,20427.0,6,0.04,1,1,Both,Tier 3,0
C00113,14,61.0,9,917.0,6777.0,2,0.07,0,1,Store,Tier 1,0
C00114,28,15.0,17,1128.0,18687.0,8,0.47,0,0,Store,Tier 2,0
C00115,54,89.0,12,870.0,12477.0,3,0.45,0,0,Store,Tier 1,0
C00116,5,71.0,12,625.0,6577.0,6,0.69,0,0,Store,Tier 1,0
C00117,5,8.0,14,785.0,12777.0,6,0.21,0,0,Online,Tier 1,0
C00118,36,100.0,14,644.0,10016.0,5,0.52,0,1,Store,Tier 2,0
C00119,4,43.0,9,807.0,6903.0,2,0.18,0,0,Online,Tier 1,1
C00120,39,121.0,10,1313.0,12644.0,3,0.63,0,1,Both,Tier 1,1
C00121,2,48.0,10,457.0,4177.0,4,0.23,0,0,Online,Tier 1,0
C00122,17,87.0,13,1525.0,20500.0,2,0.3,0,0,Store,Tier 1,0
C00123,59,121.0,11,834.0,9436.0,4,0.14,0,1,Both,Tier 2,0
C00124,9,20.0,14,1066.0,17404.0,1,0.58,0,0,Both,Tier 1,0
C00125,39,11.0,13,1068.0,15631.0,4,0.08,0,1,Both,Tier 2,0
C00126,2,95.0,9,771.0,5734.0,4,0.41,1,0,Store,Tier 1,1
C00127,51,112.0,2,1161.0,2261.0,5,0.42,0,1,Store,Tier 1,1
C00128,21,19.0,13,734.0,8867.0,3,0.08,2,1,Store,Tier 1,0
C00129,50,74.0,14,765.0,11373.0,3,0.37,1,1,Store,Tier 1,0
C00130,53,54.0,8,427.0,3520.0,2,0.64,0,0,Both,Tier 1,0
C00131,58,149.0,4,1074.0,3956.0,2,0.21,0,1,Store,Tier 1,0
C00132,25,142.0,8,666.0,4692.0,3,0.58,2,1,Store,Tier 2,1
C00133,28,29.0,5,1074.0,6265.0,2,0.59,1,1,Both,Tier 3,0
C00134,30,18.0,11,620.0,7258.0,6,0.43,0,0,Store,Tier 1,0
C00135,40,13.0,9,764.0,6711.0,1,0.18,0,1,Both,Tier 3,1
C00136,3,116.0,5,700.0,4067.0,4,0.44,1,0,Store,Tier 3,1
C00137,24,102.0,14,1255.0,17489.0,6,0.42,0,0,Online,Tier 1,0
C00138,59,71.0,12,933.0,9818.0,8,0.47,0,0,Online,Tier 2,1
C00139,60,31.0,17,662.0,12581.0,4,0.15,1,1,Online,Tier 2,0
C00140,10,31.0,11,1547.0,15530.0,2,0.24,1,0,Online,Tier 2,1
C00141,45,12.0,13,1401.0,17041.0,5,0.44,1,0,Online,Tier 1,0
C00142,27,254.0,3,1306.0,3928.0,4,0.23,0,0,Store,Tier 3,1
C00143,37,33.0,15,,15975.0,5,0.14,0,1,Store,Tier 1,0
C00144,37,79.0,7,150.0,1181.0,4,0.46,0,0,Store,Tier 1,0
C00145,2,131.0,9,1419.0,14290.0,6,0.54,0,0,Online,Tier 2,0
C00146,7,6.0,15,569.0,10181.0,5,0.42,0,1,Online,Tier 3,0
C00147,55,88.0,11,1210.0,13688.0,3,0.3,0,0,Both,Tier 2,1
C00148,52,21.0,18,1051.0,16291.0,2,0.4,0,0,Online,Tier 2,0
C00149,39,77.0,10,1238.0,11183.0,5,0.28,2,0,Store,Tier 1,0
C00150,17,86.0,14,634.0,9021.0,2,0.57,0,0,Both,Tier 2,0
C00151,26,52.0,13,1186.0,13927.0,7,0.16,0,0,Store,Tier 2,0
C00152,14,24.0,12,731.0,7428.0,3,0.68,0,1,Both,Tier 1,0
C00153,43,24.0,21,1100.0,21495.0,3,0.44,1,1,Both,Tier 1,0
C00154,21,27.0,21,1238.0,22395.0,5,0.42,0,0,Store,Tier 1,0
C00155,35,27.0,14,998.0,16262.0,2,0.5,1,1,Store,Tier 1,0
C00156,35,130.0,8,1014.0,6747.0,5,0.49,2,0,Both,Tier 3,1
C00157,29,125.0,9,1121.0,8581.0,1,0.17,0,0,Store,Tier 2,0
C00158,19,18.0,11,1368.0,14832.0,3,0.71,0,0,Store,Tier 3,0
C00159,53,15.0,24,381.0,7774.0,1,0.43,0,0,Both,Tier 2,0
C00160,37,40.0,10,1136.0,12971.0,4,0.41,2,1,Both,Tier 1,1
C00161,45,167.0,7,434.0,3443.0,4,0.37,0,0,Both,Tier 1,1
C00162,5,3.0,13,746.0,11281.0,2,0.05,0,0,Store,Tier 1,0
C00163,16,107.0,12,1060.0,14627.0,2,0.49,0,1,Store,Tier 1,0
C00164,25,77.0,12,798.0,9952.0,2,0.29,0,1,Both,Tier 3,0
C00165,53,76.0,9,1385.0,10497.0,5,0.57,0,1,Store,Tier 1,0
C00166,24,58.0,5,855.0,4795.0,3,0.56,0,1,Both,Tier 3,0
C00167,32,215.0,2,1112.0,1812.0,7,0.07,0,1,Store,Tier 2,0
C00168,39,18.0,12,867.0,10863.0,4,0.38,0,0,Store,Tier 2,0
C00169,44,171.0,6,1179.0,8009.0,7,0.29,1,0,Store,Tier 1,1
C00170,13,4.0,15,837.0,10641.0,4,0.37,1,0,Store,Tier 1,1
C00171,44,102.0,16,714.0,9366.0,5,0.71,0,1,Both,Tier 1,0
C00172,60,98.0,15,1325.0,20836.0,2,0.21,0,1,Online,Tier 1,1
C00173,60,56.0,10,1391.0,13452.0,3,0.37,0,1,Store,Tier 1,0
C00174,19,91.0,5,898.0,3803.0,3,0.3,0,0,Store,Tier 1,1
C00175,16,55.0,5,415.0,2450.0,7,0.63,0,0,Both,Tier 2,1
C00176,19,103.0,11,1073.0,13889.0,4,0.71,0,1,Online,Tier 1,0
C00177,33,39.0,10,1281.0,15234.0,6,0.44,1,1,Online,Tier 2,0
C00178,37,32.0,14,824.0,12661.0,2,0.23,1,1,Both,Tier 1,0
C00179,34,12.0,9,694.0,6282.0,3,0.53,0,0,Store,Tier 1,0
C00180,24,85.0,10,1301.0,10665.0,8,0.74,0,0,Both,Tier 2,1
C00181,10,100.0,9,691.0,6280.0,4,0.33,0,0,Online,Tier 1,1
C00182,14,35.0,8,1000.0,8610.0,5,0.56,0,0,Online,Tier 1,0
C00183,41,44.0,14,1027.0,15129.0,3,0.25,0,0,Both,Tier 1,0
C00184,12,24.0,7,637.0,3610.0,5,0.59,0,0,Both,Tier 1,0
C00185,26,12.0,7,643.0,4939.0,4,0.23,1,0,Online,Tier 3,0
C00186,30,59.0,15,328.0,4905.0,4,0.73,0,1,Online,Tier 1,0
C00187,42,51.0,10,1059.0,8498.0,2,0.12,2,1,Online,Tier 1,0
C00188,44,52.0,17,671.0,11578.0,3,0.31,0,1,Store,Tier 1,1
C00189,18,27.0,12,845.0,11675.0,2,0.34,0,1,Both,Tier 2,1
C00190,57,103.0,16,1278.0,22434.0,7,0.44,1,1,Store,Tier 3,0
C00191,38,43.0,17,1329.0,24912.0,4,0.44,0,1,Store,Tier 1,0
C00192,37,81.0,5,596.0,2943.0,4,0.61,0,0,Store,Tier 2,1
C00193,42,8.0,16,150.0,2103.0,8,0.53,0,0,Online,Tier 3,0
C00194,7,23.0,12,820.0,10091.0,3,0.65,0,0,Both,Tier 3,0
C00195,47,14.0,17,559.0,10480.0,2,0.45,0,1,Online,Tier 2,0
C00196,18,152.0,6,796.0,4263.0,3,0.39,0,0,Both,Tier 1,0
C00197,43,24.0,8,710.0,6580.0,6,0.04,0,0,Both,Tier 2,0
C00198,34,137.0,11,907.0,9233.0,6,0.46,0,1,Store,Tier 2,1
C00199,40,23.0,5,591.0,2942.0,5,0.28,0,1,Store,Tier 3,0
C00200,36,104.0,16,939.0,12738.0,4,0.67,0,0,Store,Tier 1,1
C00201,16,23.0,7,811.0,4773.0,3,0.19,0,1,Online,Tier 2,0
C00202,17,2.0,12,1258.0,14267.0,5,0.65,0,1,Online,Tier 2,0
C00203,32,53.0,13,1046.0,16141.0,4,0.11,0,0,Store,Tier 3,0
C00204,29,25.0,16,1080.0,19774.0,6,0.72,0,1,Both,,0
C00205,52,85.0,5,842.0,4533.0,1,0.18,0,0,Store,Tier 1,1
C00206,28,22.0,13,1008.0,12289.0,4,0.42,0,1,Store,Tier 3,0
C00207,21,128.0,8,1187.0,8570.0,6,0.38,0,1,Store,Tier 3,0
C00208,46,93.0,4,807.0,3335.0,3,0.39,1,0,Online,Tier 1,1
C00209,12,129.0,3,718.0,2251.0,5,0.38,1,0,Both,Tier 1,1
C00210,26,41.0,9,701.0,6932.0,4,0.48,0,0,Online,Tier 3,0
C00211,24,101.0,13,928.0,11587.0,3,0.28,1,1,Online,Tier 3,0
C00212,34,35.0,9,407.0,3692.0,5,0.21,1,0,Store,Tier 2,0
C00213,10,128.0,12,1050.0,14070.0,4,0.63,0,0,Store,Tier 3,1
C00214,30,89.0,10,705.0,5952.0,4,0.31,0,1,Store,Tier 3,0
C00215,53,45.0,11,724.0,7255.0,2,0.25,0,1,Store,Tier 3,0
C00216,1,51.0,9,150.0,1096.0,2,0.57,0,0,Both,Tier 3,0
C00217,56,73.0,16,694.0,9112.0,1,0.55,0,0,Store,Tier 2,0
C00218,39,18.0,14,1415.0,16902.0,4,0.45,1,0,Both,Tier 2,0
C00219,18,72.0,11,1440.0,14231.0,4,0.27,0,0,Store,Tier 3,1
C00220,45,48.0,11,1073.0,12884.0,5,0.38,0,1,Store,Tier 2,0
C00221,43,108.0,6,1378.0,7648.0,5,0.28,0,1,Store,Tier 2,0
C00222,30,65.0,18,505.0,10175.0,2,0.36,0,0,Both,Tier 2,0
C00223,39,19.0,16,1461.0,22608.0,4,0.46,0,1,Both,Tier 2,0
C00224,41,8.0,16,1490.0,19531.0,3,0.68,0,0,Online,Tier 1,0
C00225,52,82.0,9,1290.0,13163.0,3,0.25,1,0,Both,Tier 2,0
C00226,16,36.0,10,631.0,5873.0,3,0.16,0,1,Both,Tier 2,0
C00227,60,37.0,12,596.0,7959.0,4,0.38,1,1,Store,Tier 1,0
C00228,41,32.0,12,423.0,5183.0,5,0.57,0,0,Online,Tier 2,0
C00229,16,50.0,9,997.0,7307.0,3,0.56,0,1,Online,Tier 2,0
C00230,52,103.0,7,945.0,7631.0,4,0.69,0,0,Both,Tier 1,0
C00231,58,75.0,13,345.0,4322.0,5,0.25,0,1,Both,Tier 1,0
C00232,51,47.0,11,827.0,7411.0,3,0.07,0,1,Store,Tier 3,0
C00233,17,22.0,11,1110.0,13891.0,5,0.15,1,1,Both,Tier 2,0
C00234,53,72.0,11,845.0,8101.0,2,0.32,0,1,Store,Tier 1,0
C00235,27,29.0,5,927.0,4776.0,6,0.56,0,1,Both,Tier 1,0
C00236,7,60.0,20,602.0,13693.0,4,0.56,1,0,Store,Tier 2,1
C00237,42,46.0,14,942.0,13254.0,4,0.27,0,0,Both,Tier 3,0
C00238,27,16.0,13,851.0,8858.0,2,0.84,0,0,Store,Tier 2,0
C00239,31,79.0,11,1058.0,10150.0,3,0.85,0,1,Store,Tier 1,0
C00240,53,108.0,10,984.0,10252.0,6,0.46,1,0,Store,Tier 1,1
C00241,30,11.0,15,1159.0,16447.0,3,0.73,0,0,Online,Tier 1,0
C00242,60,92.0,9,808.0,6059.0,5,0.14,0,1,Store,Tier 3,0
C00243,8,76.0,9,864.0,7669.0,5,0.65,0,0,Store,Tier 2,0
C00244,48,38.0,12,533.0,7561.0,1,0.48,0,1,Store,Tier 2,1
C00245,50,182.0,4,640.0,2657.0,1,0.35,1,1,Store,Tier 1,1
C00246,32,125.0,11,1408.0,16039.0,3,0.79,0,1,Store,Tier 1,0
C00247,38,8.0,17,1092.0,18455.0,6,0.54,1,1,Both,Tier 3,0
C00248,50,49.0,11,1018.0,9203.0,2,0.33,0,1,Store,Tier 3,1
C00249,34,77.0,23,788.0,21636.0,2,0.41,1,0,Store,Tier 1,0
C00250,24,30.0,9,841.0,6426.0,3,0.35,0,1,Store,Tier 1,0
C00251,60,44.0,17,684.0,13714.0,5,0.61,0,1,Online,Tier 2,0
C00252,14,40.0,15,832.0,11973.0,3,0.52,1,0,Online,Tier 3,0
C00253,5,20.0,15,598.0,10673.0,2,0.26,0,0,Store,Tier 1,1
C00254,16,24.0,13,746.0,10566.0,7,0.65,0,0,Both,Tier 2,1
C00255,10,35.0,14,997.0,14650.0,4,0.4,1,1,Both,Tier 2,1
C00256,57,26.0,10,1012.0,8550.0,4,0.14,0,1,Store,Tier 2,0
C00257,55,174.0,7,956.0,5356.0,5,0.2,0,1,Both,Tier 2,1
C00258,26,90.0,9,622.0,5613.0,7,0.35,0,0,Store,Tier 1,0
C00259,60,3.0,13,303.0,4532.0,2,0.08,0,1,Both,Tier 1,0
C00260,58,21.0,18,605.0,10196.0,5,0.39,0,0,Both,Tier 1,1
C00261,56,79.0,13,1351.0,14240.0,3,0.7,0,1,Store,Tier 2,0
C00262,35,29.0,14,633.0,8337.0,2,0.57,0,0,Online,Tier 3,0
C00263,36,34.0,6,1083.0,7598.0,7,0.24,0,1,Online,Tier 2,0
C00264,3,106.0,11,1013.0,12853.0,1,0.25,1,0,Store,Tier 3,0
C00265,2,35.0,15,801.0,10487.0,5,0.44,0,0,Both,Tier 1,0
C00266,43,26.0,12,357.0,4791.0,4,0.52,0,1,Both,Tier 2,0
C00267,39,87.0,8,524.0,5029.0,4,0.55,1,1,Store,Tier 1,0
C00268,23,28.0,5,1046.0,6188.0,3,0.85,0,0,Both,Tier 1,0
C00269,21,61.0,8,,6867.0,1,0.19,0,1,Online,Tier 3,0
C00270,37,33.0,11,1261.0,14884.0,4,0.48,1,0,Online,Tier 2,0
C00271,28,90.0,9,832.0,7015.0,6,0.25,1,0,Store,Tier 2,0
C00272,16,62.0,20,,30269.0,1,0.08,0,1,Store,Tier 1,0
C00273,13,80.0,12,638.0,6746.0,6,0.72,1,0,Store,Tier 1,1
C00274,27,29.0,12,857.0,9476.0,4,0.53,0,1,Store,Tier 3,0
C00275,12,17.0,25,606.0,13464.0,3,0.27,1,1,Store,Tier 1,0
C00276,2,162.0,8,715.0,6495.0,3,0.46,1,1,Online,Tier 2,1
C00277,35,22.0,10,941.0,8619.0,3,0.6,2,1,Store,,1
C00278,26,10.0,10,1028.0,12336.0,2,0.39,0,0,Store,Tier 3,1
C00279,30,6.0,14,1149.0,13121.0,3,0.23,0,1,Online,Tier 2,0
C00280,54,201.0,5,1471.0,6201.0,4,0.4,1,1,Store,Tier 2,1
C00281,1,97.0,4,901.0,3385.0,5,0.6,0,1,Store,Tier 1,0
C00282,59,99.0,8,1595.0,10503.0,2,0.47,0,1,Both,Tier 3,0
C00283,38,112.0,8,1042.0,9565.0,2,0.53,0,0,Store,Tier 3,0
C00284,13,45.0,15,1053.0,17266.0,3,0.49,0,1,Both,Tier 3,0
C00285,17,39.0,17,1065.0,17757.0,3,0.16,0,0,Store,Tier 2,0
C00286,2,51.0,15,1024.0,15578.0,3,0.35,0,1,Both,Tier 2,1
C00287,40,36.0,16,435.0,6918.0,5,0.67,0,1,Store,Tier 2,0
C00288,41,35.0,13,890.0,11877.0,2,0.11,0,0,Both,Tier 2,0
C00289,36,19.0,10,1236.0,10872.0,4,0.38,0,1,Store,Tier 2,0
C00290,26,102.0,6,1242.0,8129.0,4,0.48,0,1,Online,Tier 3,0
C00291,17,55.0,17,986.0,17074.0,7,0.12,1,0,Store,Tier 2,0
C00292,57,134.0,7,384.0,3007.0,2,0.52,0,1,Store,Tier 2,0
C00293,28,21.0,16,732.0,9661.0,3,0.51,0,1,Store,Tier 2,0
C00294,34,16.0,14,1105.0,17975.0,5,0.53,0,1,Both,Tier 2,1
C00295,2,110.0,11,738.0,8701.0,4,0.1,0,0,Online,Tier 2,1
C00296,55,39.0,10,1026.0,11818.0,3,0.31,0,0,Store,Tier 3,0
C00297,2,20.0,19,788.0,16441.0,4,0.58,1,0,Store,Tier 2,1
C00298,51,17.0,12,1173.0,14991.0,3,0.14,0,1,Both,Tier 1,0
C00299,60,3.0,10,1452.0,13551.0,3,0.4,0,1,Both,Tier 1,0
C00300,5,50.0,9,1310.0,13211.0,3,0.54,0,0,Both,Tier 2,1
C00301,60,72.0,10,834.0,8688.0,2,0.37,0,1,Both,Tier 2,0
C00302,41,60.0,13,910.0,9710.0,1,0.32,2,1,Both,Tier 1,0
C00303,8,23.0,21,890.0,15130.0,1,0.68,0,0,Store,Tier 1,0
C00304,60,23.0,19,1081.0,23803.0,8,0.52,0,1,Both,Tier 2,0
C00305,43,5.0,18,1115.0,17283.0,3,0.17,1,1,Store,Tier 1,0
C00306,15,54.0,10,577.0,5170.0,6,0.34,0,1,Online,Tier 1,0
C00307,29,102.0,15,523.0,6911.0,8,0.34,0,0,Store,Tier 3,0
C00308,54,76.0,15,1011.0,16374.0,2,0.53,0,1,Both,Tier 1,0
C00309,21,7.0,11,443.0,5626.0,2,0.15,1,0,Both,Tier 2,1
C00310,24,126.0,14,666.0,9306.0,3,0.09,0,1,Both,Tier 1,0
C00311,1,34.0,14,311.0,4335.0,2,0.37,1,0,Store,Tier 3,0
C00312,50,32.0,8,1061.0,7338.0,5,0.62,0,1,Both,Tier 2,0
C00313,23,62.0,9,,12677.0,4,0.45,1,0,Online,Tier 2,0
C00314,9,30.0,9,1309.0,9879.0,6,0.37,0,0,Store,Tier 1,0
C00315,10,86.0,6,596.0,4260.0,5,0.27,0,0,Online,Tier 2,1
C00316,2,30.0,12,1093.0,14531.0,4,0.44,0,0,Online,Tier 2,0
C00317,11,18.0,9,981.0,8474.0,6,0.57,0,0,Online,Tier 1,0
C00318,54,61.0,12,655.0,7515.0,3,0.33,0,1,Online,Tier 1,0
C00319,8,44.0,11,846.0,11023.0,4,0.61,0,0,Both,Tier 2,0
C00320,52,5.0,16,389.0,6173.0,2,0.47,0,0,Store,Tier 2,1
C00321,47,16.0,12,752.0,9596.0,6,0.13,0,0,Store,Tier 2,0
C00322,49,177.0,4,1170.0,5002.0,4,0.11,0,1,Store,Tier 1,0
C00323,36,42.0,12,999.0,14081.0,7,0.78,1,0,Store,Tier 2,0
C00324,11,35.0,14,856.0,10576.0,2,0.4,0,0,Store,Tier 2,1
C00325,39,21.0,15,413.0,7320.0,5,0.16,2,1,Store,Tier 1,0
C00326,48,52.0,14,747.0,10989.0,3,0.53,0,0,Online,Tier 2,0
C00327,22,59.0,9,539.0,5149.0,4,0.44,0,0,Both,Tier 2,1
C00328,59,22.0,11,972.0,12027.0,2,0.19,0,1,Store,Tier 1,0
C00329,31,54.0,12,880.0,12312.0,4,0.81,0,0,Both,Tier 3,0
C00330,19,153.0,12,603.0,6954.0,2,0.17,0,0,Online,Tier 2,0
C00331,50,14.0,10,956.0,8095.0,1,0.42,1,1,Store,Tier 1,0
C00332,56,36.0,17,1161.0,18471.0,2,0.18,0,1,Online,Tier 1,0
C00333,58,63.0,11,589.0,7277.0,1,0.39,0,0,Store,Tier 1,0
C00334,42,177.0,13,714.0,7960.0,2,0.66,0,0,Both,Tier 2,1
C00335,53,155.0,7,754.0,5517.0,7,0.56,0,1,Store,Tier 2,1
C00336,39,22.0,12,792.0,8695.0,5,0.43,0,0,Online,Tier 3,0
C00337,9,68.0,14,709.0,10145.0,2,0.32,0,0,Both,Tier 1,1
C00338,14,173.0,7,397.0,3247.0,4,0.06,0,0,Store,Tier 3,0
C00339,20,30.0,14,1224.0,16758.0,2,0.08,0,0,Store,Tier 2,0
C00340,25,72.0,13,609.0,7731.0,7,0.53,2,0,Online,Tier 2,0
C00341,52,124.0,7,956.0,7907.0,5,0.16,0,1,Store,Tier 2,0
C00342,13,54.0,9,547.0,4945.0,3,0.72,2,0,Store,Tier 2,0
C00343,11,155.0,6,1041.0,6935.0,3,0.54,2,0,Store,Tier 1,1
C00344,46,29.0,21,678.0,14898.0,3,0.53,0,0,Store,Tier 2,0
C00345,50,53.0,12,706.0,8099.0,3,0.4,0,1,Online,Tier 1,0
C00346,31,6.0,15,1147.0,17536.0,8,0.22,2,1,Both,Tier 1,0
C00347,3,6.0,15,1446.0,23375.0,3,0.44,0,0,Store,Tier 1,0
C00348,27,48.0,11,1509.0,15604.0,6,0.74,0,0,Store,Tier 3,1
C00349,34,7.0,9,1071.0,9585.0,5,0.35,1,1,Store,Tier 3,1
C00350,49,184.0,5,1185.0,5354.0,4,0.6,0,1,Store,Tier 1,0
C00351,49,75.0,4,709.0,2396.0,5,0.37,2,0,Online,Tier 3,1
C00352,24,21.0,9,,6823.0,5,0.37,0,0,Both,Tier 3,0
C00353,19,68.0,13,1345.0,16952.0,5,0.2,1,0,Online,Tier 3,0
C00354,47,45.0,15,1117.0,16417.0,4,0.54,0,1,Online,Tier 1,0
C00355,56,44.0,14,1290.0,21232.0,1,0.45,0,1,Store,Tier 1,0
C00356,15,29.0,8,1059.0,8703.0,6,0.04,0,1,Store,Tier 2,0
C00357,57,47.0,12,1235.0,14101.0,5,0.44,0,0,Online,Tier 1,0
C00358,57,85.0,6,1041.0,5020.0,6,0.17,0,1,Store,Tier 3,0
C00359,39,48.0,11,558.0,7167.0,5,0.47,0,0,Both,Tier 1,0
C00360,39,32.0,20,881.0,20338.0,5,0.48,0,1,Store,Tier 2,0
C00361,14,4.0,14,664.0,10814.0,3,0.54,0,0,Store,Tier 2,0
C00362,25,13.0,16,818.0,14315.0,5,0.05,2,0,Both,Tier 1,0
C00363,19,30.0,13,784.0,10080.0,5,0.22,0,0,Online,Tier 3,0
C00364,43,99.0,9,311.0,3280.0,5,0.39,0,0,Both,Tier 2,0
C00365,29,75.0,13,1420.0,18649.0,4,0.17,0,0,Store,Tier 2,0
C00366,19,85.0,12,852.0,9192.0,4,0.3,1,0,Store,Tier 1,1
C00367,18,128.0,9,1005.0,9388.0,2,0.04,0,0,Store,Tier 2,1
C00368,43,51.0,9,2085.0,20691.0,6,0.13,0,1,Store,Tier 2,0
C00369,3,58.0,15,868.0,13898.0,4,0.33,0,1,Store,Tier 1,0
C00370,56,17.0,13,385.0,4710.0,5,0.18,1,0,Store,Tier 2,0
C00371,8,117.0,8,1040.0,7278.0,4,0.19,0,1,Store,Tier 1,1
C00372,1,30.0,13,1314.0,17370.0,5,0.19,0,0,Online,Tier 1,0
C00373,51,32.0,4,1120.0,4547.0,4,0.65,0,0,Store,Tier 2,0
C00374,56,63.0,14,1061.0,14468.0,2,0.07,1,1,Both,Tier 1,0
C00375,32,6.0,12,1178.0,15125.0,7,0.47,0,0,Online,Tier 1,0
C00376,8,78.0,14,1332.0,21046.0,4,0.59,0,0,Store,Tier 1,0
C00377,9,81.0,10,967.0,10479.0,2,0.66,0,1,Both,Tier 3,1
C00378,44,65.0,11,858.0,8073.0,2,0.24,1,1,Store,Tier 1,0
C00379,30,52.0,12,1145.0,14966.0,6,0.64,0,1,Store,Tier 1,0
C00380,43,15.0,11,1075.0,11689.0,3,0.12,1,0,Online,Tier 3,0
C00381,54,130.0,10,247.0,2360.0,3,0.29,1,1,Online,Tier 1,0
C00382,31,34.0,15,910.0,12559.0,5,0.28,0,0,Online,Tier 2,0
C00383,35,5.0,10,461.0,5491.0,4,0.22,1,0,Store,Tier 1,0
C00384,26,16.0,16,1349.0,25015.0,4,0.49,1,0,Online,Tier 2,0
C00385,51,213.0,3,921.0,2899.0,2,0.63,1,0,Online,Tier 2,1
C00386,27,19.0,8,802.0,6443.0,4,0.32,0,0,Online,Tier 1,0
C00387,39,61.0,10,932.0,9985.0,4,0.81,0,0,Both,Tier 3,0
C00388,18,44.0,18,899.0,15200.0,3,0.58,0,0,Online,Tier 2,0
C00389,21,159.0,6,931.0,6238.0,5,0.43,0,1,Online,Tier 1,0
C00390,25,80.0,9,638.0,6471.0,6,0.38,2,1,Online,Tier 1,0
C00391,57,19.0,17,221.0,4201.0,3,0.3,1,1,Both,Tier 1,0
C00392,13,34.0,9,639.0,6861.0,4,0.56,0,0,Online,Tier 2,0
C00393,31,48.0,8,572.0,4191.0,5,0.3,1,1,Both,Tier 2,0
C00394,30,28.0,15,881.0,15489.0,4,0.42,0,1,Store,Tier 1,0
C00395,5,122.0,10,903.0,10241.0,2,0.69,1,0,Both,Tier 1,1
C00396,28,29.0,21,,12373.0,1,0.58,0,0,Both,Tier 2,0
C00397,49,74.0,14,152.0,1879.0,2,0.3,0,1,Store,Tier 3,0
C00398,8,24.0,12,612.0,6562.0,4,0.35,2,0,Store,Tier 2,0
C00399,52,164.0,6,1057.0,5375.0,8,0.24,1,0,Store,Tier 2,0
C00400,8,13.0,17,563.0,9757.0,2,0.69,0,1,Both,Tier 1,0
C00401,31,87.0,8,856.0,7873.0,4,0.29,1,1,Store,,0
C00402,58,28.0,18,787.0,11873.0,4,0.32,0,1,Store,Tier 3,0
C00403,49,209.0,4,928.0,4140.0,4,0.4,0,0,Both,Tier 1,1
C00404,27,10.0,12,941.0,12738.0,3,0.47,0,0,Store,Tier 1,0
C00405,55,23.0,17,382.0,7238.0,7,0.4,0,1,Store,Tier 3,0
C00406,24,53.0,8,426.0,2866.0,8,0.92,0,1,Online,Tier 2,0
C00407,37,103.0,11,534.0,6467.0,3,0.55,1,1,Online,Tier 3,0
C00408,56,60.0,11,379.0,3489.0,3,0.43,0,0,Store,Tier 1,0
C00409,17,35.0,15,1384.0,24132.0,1,0.62,0,0,Store,Tier 2,1
C00410,39,79.0,11,756.0,9680.0,2,0.28,0,1,Store,Tier 1,0
C00411,19,74.0,11,1102.0,12059.0,3,0.2,0,0,Online,Tier 2,0
C00412,20,32.0,8,1404.0,10664.0,4,0.51,0,1,Both,Tier 2,1
C00413,46,16.0,11,1270.0,13345.0,3,0.51,0,1,Online,Tier 1,1
C00414,52,84.0,12,1030.0,13879.0,5,0.85,0,1,Store,Tier 2,0
C00415,29,101.0,21,748.0,16764.0,2,0.59,1,0,Online,Tier 1,1
C00416,29,47.0,10,1140.0,12614.0,1,0.52,1,0,Online,Tier 2,0
C00417,20,26.0,9,1570.0,12969.0,3,0.52,0,0,Store,Tier 1,1
C00418,18,145.0,6,879.0,5544.0,5,0.83,1,0,Online,Tier 3,1
C00419,26,54.0,9,1083.0,9079.0,3,0.61,0,1,Store,Tier 1,0
C00420,54,93.0,8,1548.0,14620.0,3,0.6,0,1,Both,Tier 1,0
C00421,51,33.0,9,1392.0,12172.0,4,0.56,0,0,Store,Tier 3,1
C00422,3,18.0,18,1324.0,19823.0,4,0.48,0,0,Both,Tier 1,0
C00423,22,54.0,10,956.0,8229.0,4,0.42,0,1,Store,Tier 1,0
C00424,26,35.0,12,981.0,9876.0,1,0.48,0,0,Both,Tier 1,0
C00425,51,19.0,9,1085.0,10442.0,1,0.38,2,0,Both,Tier 1,1
C00426,50,127.0,9,422.0,3689.0,1,0.35,0,1,Store,Tier 2,1
C00427,9,56.0,18,962.0,18074.0,4,0.52,1,1,Both,Tier 1,0
C00428,29,26.0,15,590.0,10485.0,5,0.19,1,1,Store,Tier 1,0
C00429,47,104.0,7,963.0,7302.0,5,0.22,0,1,Both,Tier 1,0
C00430,51,34.0,14,1122.0,15512.0,4,0.38,0,1,Both,Tier 2,0
C00431,53,66.0,11,670.0,6470.0,3,0.34,0,1,Store,Tier 2,0
C00432,47,28.0,9,616.0,5101.0,3,0.5,0,0,Store,Tier 1,0
C00433,15,23.0,6,1019.0,5887.0,3,0.11,1,1,Store,Tier 2,0
C00434,25,40.0,11,1003.0,11784.0,4,0.22,0,0,Both,Tier 1,0
C00435,44,62.0,15,919.0,11401.0,2,0.4,0,1,Both,Tier 2,0
C00436,56,74.0,10,1038.0,8576.0,4,0.3,0,1,Both,Tier 2,0
C00437,52,50.0,17,560.0,8931.0,4,0.48,0,1,Store,Tier 1,0
C00438,46,101.0,3,1331.0,4094.0,5,0.27,0,1,Store,Tier 3,0
C00439,10,1.0,16,1602.0,26638.0,4,0.55,0,0,Store,Tier 2,0
C00440,42,27.0,12,1265.0,15933.0,2,0.61,0,0,Online,Tier 1,0
C00441,36,45.0,13,1087.0,15487.0,5,0.28,0,1,Both,Tier 1,0
C00442,16,42.0,10,919.0,10665.0,7,0.46,0,0,Store,Tier 2,0
C00443,5,5.0,14,1016.0,14312.0,5,0.12,0,1,Store,Tier 2,0
C00444,16,80.0,15,939.0,12188.0,3,0.62,2,0,Online,Tier 3,1
C00445,25,46.0,12,488.0,5267.0,5,0.09,1,0,Store,Tier 1,0
C00446,40,129.0,8,516.0,4166.0,2,0.3,1,0,Store,Tier 3,1
C00447,16,43.0,9,713.0,5817.0,7,0.31,0,1,Online,Tier 1,0
C00448,54,81.0,11,1242.0,13292.0,6,0.27,0,1,Both,Tier 1,0
C00449,33,71.0,10,1066.0,10898.0,5,0.43,1,1,Both,Tier 3,1
C00450,18,22.0,8,1152.0,10339.0,3,0.78,0,1,Both,Tier 1,0
C00451,15,32.0,21,720.0,16517.0,8,0.46,0,1,Online,Tier 2,0
C00452,14,1.0,6,657.0,4381.0,3,0.05,0,1,Store,Tier 1,0
C00453,28,253.0,3,571.0,1634.0,7,0.3,0,0,Store,Tier 1,1
C00454,36,10.0,14,871.0,14070.0,4,0.21,1,0,Store,Tier 2,0
C00455,56,43.0,13,,14383.0,4,0.39,0,1,Online,Tier 2,1
C00456,35,106.0,13,829.0,9481.0,5,0.84,0,1,Store,Tier 2,0
C00457,40,44.0,17,1661.0,30607.0,4,0.59,0,0,Online,Tier 1,0
C00458,12,91.0,12,901.0,9742.0,7,0.25,0,1,Store,Tier 2,0
C00459,12,88.0,9,827.0,6950.0,3,0.27,2,0,Store,Tier 2,0
C00460,27,32.0,11,728.0,9099.0,3,0.35,1,1,Both,Tier 2,0
C00461,45,11.0,11,969.0,12194.0,5,0.18,0,1,Store,Tier 2,0
C00462,4,121.0,7,1008.0,6704.0,4,0.45,0,0,Store,Tier 3,1
C00463,58,123.0,8,591.0,4943.0,6,0.15,0,1,Both,Tier 2,1
C00464,12,10.0,12,295.0,3598.0,3,0.09,0,1,Store,Tier 2,0
C00465,5,39.0,16,904.0,14812.0,4,0.42,0,1,Online,Tier 1,0
C00466,14,31.0,14,851.0,10886.0,2,0.31,1,1,Both,Tier 2,0
C00467,38,6.0,13,1274.0,19287.0,2,0.7,1,0,Store,Tier 1,0
C00468,60,33.0,11,220.0,2093.0,2,0.34,0,0,Store,Tier 2,0
C00469,48,88.0,10,953.0,8663.0,5,0.54,0,1,Both,Tier 1,0
C00470,30,113.0,9,1352.0,14487.0,3,0.24,1,1,Store,Tier 2,0
C00471,51,70.0,8,743.0,6951.0,2,0.27,0,1,Store,Tier 3,0
C00472,27,85.0,13,1112.0,16981.0,3,0.15,0,0,Store,Tier 2,0
C00473,19,29.0,13,924.0,11077.0,5,0.43,1,1,Both,Tier 3,0
C00474,11,144.0,5,830.0,4361.0,3,0.35,2,0,Store,Tier 2,1
C00475,54,42.0,19,487.0,10730.0,4,0.3,2,1,Both,Tier 2,0
C00476,16,5.0,17,563.0,7781.0,7,0.24,0,0,Store,Tier 1,0
C00477,17,43.0,16,1252.0,19159.0,4,0.03,0,0,Store,Tier 1,0
C00478,45,61.0,10,1783.0,20060.0,4,0.37,1,1,Both,Tier 2,0
C00479,58,58.0,13,461.0,6285.0,5,0.21,1,1,Store,Tier 1,0
C00480,31,29.0,10,855.0,7045.0,3,0.23,0,0,Online,Tier 1,0
C00481,15,8.0,15,1448.0,21175.0,4,0.33,0,0,Online,Tier 2,0
C00482,58,99.0,11,963.0,12084.0,4,0.36,1,0,Online,Tier 3,0
C00483,22,65.0,16,738.0,11420.0,3,0.17,0,0,Both,Tier 1,0
C00484,60,30.0,13,332.0,4442.0,6,0.32,0,0,Both,Tier 1,0
C00485,27,14.0,18,1235.0,26258.0,4,0.54,0,0,Both,Tier 2,0
C00486,18,38.0,10,843.0,8707.0,6,0.25,1,0,Both,Tier 3,0
C00487,46,25.0,17,1142.0,16027.0,6,0.67,1,0,Store,Tier 1,0
C00488,8,72.0,13,1219.0,13128.0,6,0.22,1,0,Store,Tier 3,1
C00489,57,80.0,20,1088.0,18595.0,2,0.75,0,1,Store,Tier 3,0
C00490,9,79.0,18,391.0,8428.0,3,0.03,0,0,Store,Tier 1,1
C00491,33,184.0,7,1543.0,11408.0,1,0.31,0,0,Both,Tier 2,1
C00492,29,65.0,8,975.0,8057.0,1,0.76,0,0,Both,Tier 2,1
C00493,38,21.0,14,823.0,9528.0,6,0.23,0,1,Store,Tier 2,0
C00494,20,26.0,13,758.0,10388.0,4,0.56,0,0,Online,Tier 1,0
C00495,7,13.0,20,1411.0,23572.0,3,0.32,1,0,Store,Tier 2,0
C00496,50,59.0,9,640.0,4719.0,2,0.76,1,0,Store,Tier 1,1
C00497,6,47.0,18,1549.0,28178.0,4,0.5,0,0,Store,Tier 1,0
C00498,10,58.0,10,868.0,7117.0,3,0.57,1,1,Both,Tier 2,0
C00499,33,63.0,11,541.0,5357.0,3,0.38,1,1,Store,Tier 3,0
C00500,38,1.0,15,916.0,11377.0,5,0.14,0,0,Store,Tier 2,0
C00501,57,67.0,13,1404.0,17947.0,5,0.26,0,1,Both,Tier 1,0
C00502,1,86.0,10,731.0,6409.0,3,0.31,0,0,Store,Tier 1,0
C00503,43,12.0,13,804.0,10164.0,4,0.22,0,0,Both,Tier 2,0
C00504,49,36.0,11,738.0,8359.0,2,0.19,0,1,Both,Tier 2,1
C00505,52,25.0,13,1026.0,15724.0,2,0.4,0,1,Store,Tier 2,0
C00506,56,119.0,8,1393.0,12303.0,4,0.65,2,0,Store,Tier 2,0
C00507,48,25.0,14,150.0,2289.0,6,0.47,0,1,Store,Tier 1,0
C00508,60,81.0,3,1141.0,3161.0,5,0.79,0,1,Both,Tier 3,0
C00509,44,92.0,9,996.0,8136.0,1,0.09,1,0,Store,Tier 3,0
C00510,4,21.0,13,700.0,9744.0,3,0.37,0,0,Online,Tier 1,0
C00511,14,17.0,10,650.0,5993.0,4,0.29,0,1,Store,Tier 1,0
C00512,57,65.0,20,1173.0,19295.0,3,0.44,0,1,Store,Tier 2,0
C00513,30,15.0,18,816.0,15621.0,3,0.36,1,1,Online,Tier 2,0
C00514,57,14.0,6,1007.0,6976.0,4,0.47,1,1,Store,Tier 1,0
C00515,5,70.0,7,,5307.0,3,0.59,1,1,Store,Tier 3,1
C00516,2,51.0,5,438.0,1803.0,2,0.3,1,0,Store,Tier 2,0
C00517,27,53.0,8,839.0,5674.0,4,0.45,0,0,Store,Tier 1,0
C00518,34,269.0,1,,1548.0,2,0.12,1,0,Store,Tier 3,1
C00519,51,130.0,9,1304.0,12505.0,3,0.45,0,1,Both,Tier 2,0
C00520,26,50.0,13,1342.0,19683.0,5,0.56,1,0,Store,Tier 1,1
C00521,39,172.0,6,611.0,3247.0,2,0.04,1,1,Store,Tier 2,1
C00522,33,117.0,6,708.0,4942.0,5,0.24,0,1,Store,Tier 2,0
C00523,45,58.0,11,505.0,5264.0,4,0.4,0,1,Store,Tier 1,0
C00524,30,9.0,6,491.0,2593.0,4,0.11,1,1,Store,Tier 1,0
C00525,12,47.0,11,,6908.0,3,0.37,1,0,Store,Tier 1,0
C00526,14,76.0,9,806.0,8662.0,4,0.43,0,0,Store,Tier 2,0
C00527,39,74.0,15,1114.0,14024.0,5,0.73,0,1,Store,Tier 2,0
C00528,44,195.0,6,400.0,2393.0,4,0.32,0,1,Both,Tier 2,0
C00529,11,198.0,8,567.0,3967.0,6,0.25,0,1,Both,Tier 2,0
C00530,9,64.0,11,444.0,4578.0,3,0.63,1,0,Store,Tier 1,1
C00531,14,20.0,12,1126.0,13660.0,4,0.56,0,0,Both,Tier 3,0
C00532,54,208.0,7,1297.0,9928.0,2,0.2,1,0,Store,,1
C00533,46,72.0,5,1145.0,4890.0,5,0.06,1,0,Store,Tier 1,1
C00534,11,26.0,11,327.0,3835.0,2,0.35,0,0,Store,Tier 2,0
C00535,27,56.0,11,822.0,7619.0,3,0.22,0,0,Store,Tier 2,0
C00536,9,23.0,16,889.0,15984.0,2,0.47,0,1,Store,Tier 2,0
C00537,57,80.0,13,769.0,11585.0,4,0.3,0,0,Store,Tier 2,0
C00538,46,96.0,12,,11043.0,5,0.81,0,1,Online,Tier 2,0
C00539,57,210.0,1,568.0,504.0,2,0.62,0,1,Both,Tier 1,1
C00540,21,76.0,17,1001.0,15186.0,4,0.63,0,0,Both,,0
C00541,58,53.0,15,695.0,8751.0,1,0.66,0,0,Both,Tier 1,0
C00542,60,6.0,9,1188.0,11840.0,5,0.46,1,1,Store,Tier 1,0
C00543,50,153.0,9,722.0,5991.0,3,0.32,0,0,Store,Tier 3,1
C00544,14,23.0,19,1234.0,18938.0,5,0.29,0,1,Both,Tier 1,0
C00545,26,96.0,8,793.0,7281.0,3,0.41,1,1,Online,Tier 1,0
C00546,6,66.0,15,817.0,11818.0,3,0.44,0,1,Store,Tier 1,0
C00547,22,86.0,7,1550.0,8699.0,2,0.68,0,1,Both,Tier 1,1
C00548,51,17.0,9,,8697.0,5,0.25,2,1,Both,Tier 3,0
C00549,49,60.0,8,585.0,4415.0,6,0.16,0,1,Store,Tier 1,1
C00550,6,25.0,16,1108.0,16654.0,2,0.16,0,1,Store,Tier 3,0
C00551,39,21.0,16,819.0,14736.0,3,0.5,1,0,Store,Tier 2,0
C00552,48,11.0,15,772.0,13362.0,2,0.18,0,1,Online,Tier 3,0
C00553,14,68.0,10,332.0,3159.0,3,0.51,0,0,Store,Tier 1,0
C00554,6,55.0,12,1235.0,15004.0,5,0.24,1,0,Store,Tier 2,0
C00555,21,67.0,7,1162.0,7092.0,3,0.04,0,0,Store,Tier 3,0
C00556,50,80.0,13,1062.0,12910.0,4,0.38,2,0,Both,Tier 1,0
C00557,19,49.0,22,819.0,21091.0,5,0.45,0,1,Store,Tier 2,0
C00558,34,9.0,11,296.0,2917.0,2,0.32,0,0,Both,Tier 2,0
C00559,38,56.0,6,1679.0,9631.0,3,0.37,0,1,Store,Tier 1,0
C00560,9,47.0,12,1157.0,14996.0,3,0.56,0,1,Both,Tier 1,0
C00561,19,35.0,16,1920.0,25037.0,3,0.02,0,1,Store,,0
C00562,16,87.0,8,749.0,6250.0,2,0.26,0,0,Store,Tier 2,1
C00563,53,80.0,9,625.0,5730.0,8,0.45,1,1,Both,Tier 1,0
C00564,3,37.0,8,1492.0,9774.0,6,0.73,0,0,Both,Tier 1,0
C00565,51,39.0,20,950.0,20178.0,4,0.51,1,0,Store,Tier 1,0
C00566,54,13.0,9,1215.0,12459.0,1,0.19,0,0,Store,Tier 1,0
C00567,7,112.0,10,880.0,10232.0,8,0.32,0,0,Both,Tier 2,0
C00568,34,33.0,6,150.0,794.0,6,0.24,2,0,Both,Tier 1,1
C00569,56,26.0,17,971.0,14166.0,2,0.76,0,1,Online,Tier 3,0
C00570,42,80.0,7,635.0,4912.0,5,0.77,0,0,Both,Tier 3,0
C00571,58,87.0,13,749.0,9025.0,2,0.13,0,0,Store,Tier 2,0
C00572,46,26.0,18,596.0,12290.0,3,0.01,0,1,Both,Tier 2,0
C00573,19,64.0,8,556.0,5307.0,6,0.51,0,1,Store,Tier 2,1
C00574,35,64.0,11,700.0,8250.0,4,0.08,1,0,Both,Tier 3,0
C00575,9,20.0,9,800.0,7052.0,2,0.02,0,1,Store,Tier 1,1
C00576,54,83.0,15,1067.0,13598.0,5,0.3,0,0,Store,Tier 3,0
C00577,35,62.0,9,741.0,7690.0,4,0.15,0,0,Both,Tier 3,0
C00578,50,32.0,14,342.0,4881.0,3,0.22,0,1,Online,Tier 2,0
C00579,27,114.0,6,150.0,977.0,4,0.48,1,1,Both,Tier 3,1
C00580,59,29.0,13,856.0,9621.0,2,0.63,0,1,Store,Tier 1,0
C00581,27,54.0,13,608.0,9365.0,4,0.68,0,0,Store,Tier 3,1
C00582,20,189.0,5,543.0,2781.0,5,0.45,0,0,Online,Tier 1,1
C00583,28,5.0,19,951.0,21288.0,3,0.28,0,1,Store,Tier 2,0
C00584,12,121.0,10,494.0,5162.0,3,0.69,0,0,Both,Tier 2,1
C00585,14,84.0,11,854.0,10426.0,1,0.39,0,0,Store,Tier 1,1
C00586,54,37.0,15,1268.0,17713.0,5,0.45,0,1,Store,,0
C00587,46,85.0,9,722.0,7272.0,1,0.51,0,1,Online,Tier 1,0
C00588,16,82.0,13,931.0,11704.0,7,0.48,0,1,Both,Tier 2,0
C00589,18,44.0,15,150.0,1930.0,5,0.33,0,0,Store,Tier 2,1
C00590,26,6.0,15,973.0,14468.0,6,0.57,0,1,Both,Tier 1,0
C00591,45,6.0,11,889.0,10493.0,4,0.61,1,1,Store,Tier 1,0
C00592,47,95.0,8,395.0,2744.0,5,0.16,0,1,Store,Tier 2,0
C00593,33,20.0,11,970.0,10164.0,1,0.31,0,0,Both,Tier 2,1
C00594,11,135.0,11,972.0,12471.0,5,0.59,0,0,Store,Tier 2,1
C00595,21,16.0,10,952.0,10154.0,7,0.21,1,0,Both,Tier 1,0
C00596,33,56.0,15,947.0,15556.0,3,0.56,0,1,Store,Tier 2,1
C00597,9,30.0,12,840.0,8320.0,4,0.08,1,0,Store,Tier 2,0
C00598,46,16.0,11,1089.0,11716.0,5,0.19,1,0,Both,Tier 3,0
C00599,14,66.0,9,939.0,8448.0,2,0.21,0,0,Online,Tier 1,0
C00600,39,78.0,5,,5601.0,4,0.18,1,1,Both,Tier 1,0
C00601,15,14.0,8,504.0,4675.0,3,0.71,0,1,Store,Tier 3,0
C00602,42,80.0,7,1078.0,7977.0,4,0.65,0,1,Store,Tier 3,0
C00603,12,52.0,11,1983.0,18280.0,2,0.03,0,1,Both,Tier 1,0
C00604,50,103.0,13,875.0,9359.0,4,0.16,0,1,Both,Tier 3,1
C00605,45,231.0,7,1091.0,8257.0,3,0.51,2,1,Both,Tier 2,1
C00606,44,33.0,20,866.0,16547.0,6,0.56,0,0,Store,Tier 1,0
C00607,40,20.0,27,987.0,26260.0,8,0.71,0,0,Both,Tier 2,0
C00608,41,28.0,10,954.0,9638.0,4,0.53,1,0,Store,Tier 1,1
C00609,6,120.0,13,879.0,10867.0,1,0.64,2,0,Both,Tier 2,1
C00610,30,22.0,9,794.0,7429.0,7,0.24,0,1,Store,Tier 1,0
C00611,14,75.0,7,1206.0,7242.0,3,0.32,0,0,Store,Tier 1,1
C00612,12,4.0,12,688.0,8645.0,4,0.6,0,0,Both,Tier 2,1
C00613,37,12.0,11,429.0,5017.0,3,0.06,0,1,Store,Tier 2,0
C00614,32,75.0,12,501.0,6270.0,5,0.72,0,1,Store,Tier 2,1
C00615,34,43.0,14,674.0,10122.0,3,0.43,0,1,Both,Tier 1,0
C00616,56,19.0,12,726.0,7712.0,2,0.4,0,0,Store,Tier 2,0
C00617,14,7.0,17,877.0,13436.0,5,0.6,1,0,Both,Tier 2,0
C00618,37,72.0,7,646.0,4457.0,6,0.1,1,1,Store,Tier 1,0
C00619,34,59.0,13,1149.0,12654.0,8,0.25,0,1,Online,Tier 2,0
C00620,5,29.0,18,790.0,15058.0,4,0.46,1,1,Online,Tier 3,0
C00621,57,28.0,12,1012.0,11885.0,4,0.55,0,1,Online,Tier 1,1
C00622,20,165.0,8,992.0,8997.0,1,0.31,0,0,Both,Tier 2,1
C00623,6,39.0,12,1330.0,18628.0,1,0.31,1,0,Store,Tier 1,1
C00624,4,58.0,14,1580.0,25817.0,5,0.29,0,1,Store,Tier 1,0
C00625,14,57.0,11,829.0,7485.0,3,0.19,1,0,Both,Tier 1,0
C00626,58,267.0,3,1032.0,2886.0,6,0.13,1,0,Store,Tier 2,1
C00627,34,61.0,11,1229.0,13393.0,4,0.58,1,0,Store,,0
C00628,55,118.0,6,855.0,4840.0,5,0.56,0,0,Store,Tier 2,0
C00629,8,11.0,17,750.0,15064.0,3,0.34,0,1,Store,Tier 2,0
C00630,21,32.0,12,1113.0,12049.0,5,0.19,0,0,Store,Tier 1,0
C00631,26,19.0,14,1078.0,14265.0,6,0.53,0,0,Online,Tier 2,0
C00632,38,104.0,11,722.0,8523.0,8,0.82,0,1,Both,Tier 2,0
C00633,32,56.0,17,645.0,11602.0,5,0.32,0,1,Both,Tier 2,0
C00634,9,107.0,10,1149.0,11572.0,5,0.37,0,0,Online,Tier 2,0
C00635,57,93.0,11,665.0,7446.0,4,0.35,2,0,Store,Tier 1,0
C00636,46,30.0,15,522.0,8148.0,3,0.29,0,1,Both,Tier 1,0
C00637,1,19.0,11,275.0,2879.0,5,0.74,0,0,Store,Tier 2,0
C00638,58,67.0,9,787.0,7351.0,3,0.82,0,1,Store,Tier 2,1
C00639,28,114.0,16,250.0,4394.0,4,0.12,1,1,Store,Tier 2,0
C00640,41,73.0,11,1150.0,12200.0,7,0.37,0,1,Both,Tier 2,0
C00641,10,31.0,9,218.0,1940.0,4,0.26,0,1,Store,Tier 2,0
C00642,55,70.0,8,1128.0,10124.0,4,0.76,0,0,Online,Tier 1,0
C00643,11,82.0,7,1646.0,12542.0,3,0.32,0,0,Store,Tier 2,1
C00644,17,59.0,14,236.0,3636.0,2,0.41,0,0,Online,Tier 2,0
C00645,45,83.0,7,1374.0,10510.0,3,0.68,0,1,Store,Tier 1,0
C00646,14,24.0,19,779.0,14807.0,3,0.58,1,0,Online,Tier 2,0
C00647,9,60.0,12,1119.0,15262.0,3,0.55,1,0,Online,Tier 2,0
C00648,24,38.0,11,1201.0,12927.0,2,0.14,0,0,Store,Tier 1,1
C00649,47,31.0,14,1632.0,21920.0,4,0.28,3,0,Store,Tier 2,1
C00650,52,62.0,11,710.0,6347.0,6,0.47,0,0,Online,Tier 2,0
C00651,28,27.0,12,770.0,10141.0,6,0.39,0,1,Store,Tier 2,0
C00652,34,48.0,16,523.0,8343.0,4,0.54,0,1,Both,Tier 1,0
C00653,41,46.0,10,506.0,5309.0,6,0.28,0,1,Online,Tier 1,0
C00654,11,58.0,13,1400.0,19721.0,2,0.66,0,0,Store,Tier 2,0
C00655,51,36.0,9,787.0,7207.0,5,0.41,1,0,Store,Tier 1,0
C00656,11,12.0,18,971.0,20364.0,3,0.63,0,1,Both,Tier 1,0
C00657,8,73.0,13,953.0,9985.0,5,0.84,1,0,Store,Tier 1,0
C00658,16,81.0,15,1248.0,21291.0,4,0.26,2,0,Store,Tier 3,1
C00659,32,120.0,12,793.0,8256.0,4,0.44,0,0,Store,Tier 1,1
C00660,4,44.0,4,380.0,1740.0,3,0.54,0,0,Store,Tier 1,0
C00661,10,21.0,18,159.0,2439.0,4,0.4,0,0,Online,Tier 1,0
C00662,10,21.0,7,1403.0,8344.0,6,0.47,0,0,Store,Tier 2,0
C00663,36,5.0,13,1000.0,11973.0,5,0.49,0,0,Store,Tier 2,0
C00664,47,39.0,9,464.0,3390.0,1,0.44,1,0,Store,Tier 2,0
C00665,33,70.0,11,532.0,5040.0,5,0.5,2,0,Both,Tier 3,1
C00666,23,37.0,12,598.0,7456.0,3,0.24,0,0,Store,Tier 3,0
C00667,20,33.0,7,1419.0,7998.0,1,0.37,0,1,Store,Tier 2,0
C00668,58,131.0,12,941.0,11256.0,4,0.18,0,1,Both,Tier 3,0
C00669,24,110.0,5,339.0,1406.0,4,0.41,0,0,Both,Tier 2,1
C00670,6,59.0,14,695.0,8535.0,3,0.42,0,0,Store,Tier 1,0
C00671,10,60.0,12,1273.0,17154.0,5,0.18,1,1,Store,Tier 1,1
C00672,3,50.0,11,898.0,8900.0,1,0.15,1,0,Store,Tier 1,1
C00673,39,147.0,11,551.0,6374.0,1,0.31,0,0,Store,Tier 3,1
C00674,18,113.0,9,1311.0,13515.0,3,0.16,2,1,Both,Tier 2,0
C00675,1,55.0,9,879.0,6394.0,5,0.56,0,1,Both,Tier 2,0
C00676,1,59.0,12,1143.0,14126.0,3,0.31,1,0,Store,Tier 1,1
C00677,60,75.0,7,866.0,6563.0,5,0.36,0,1,Store,Tier 1,1
C00678,43,73.0,7,1503.0,12335.0,2,0.52,0,0,Store,Tier 1,0
C00679,22,2.0,6,849.0,4585.0,6,0.36,0,1,Store,Tier 2,0
C00680,36,30.0,15,,17822.0,4,0.36,0,0,Online,Tier 2,0
C00681,29,101.0,5,875.0,4485.0,3,0.26,0,0,Online,Tier 1,0
C00682,42,36.0,9,1120.0,9956.0,4,0.41,1,1,Online,Tier 2,0
C00683,1,68.0,10,150.0,1628.0,7,0.2,0,0,Both,Tier 3,1
C00684,12,144.0,9,1198.0,12132.0,4,0.18,0,0,Online,Tier 2,1
C00685,51,33.0,12,932.0,11947.0,3,0.8,0,1,Store,Tier 1,0
C00686,3,55.0,13,1490.0,16429.0,4,0.32,0,1,Store,Tier 1,0
C00687,35,52.0,8,498.0,3336.0,2,0.65,0,1,Store,Tier 1,0
C00688,57,115.0,5,862.0,3862.0,2,0.45,1,1,Both,Tier 2,0
C00689,41,53.0,11,757.0,8978.0,8,0.15,1,0,Both,Tier 1,1
C00690,60,72.0,6,939.0,6518.0,3,0.53,0,1,Online,Tier 1,0
C00691,6,66.0,13,794.0,10506.0,8,0.18,0,0,Online,Tier 1,0
C00692,20,91.0,5,784.0,3310.0,4,0.25,0,0,Store,Tier 3,0
C00693,36,69.0,8,945.0,8875.0,5,0.37,0,1,Both,Tier 2,0
C00694,23,60.0,17,1232.0,22725.0,4,0.48,2,1,Online,Tier 2,0
C00695,24,17.0,11,451.0,4165.0,8,0.32,0,1,Online,Tier 3,0
C00696,8,17.0,14,298.0,4696.0,7,0.25,1,0,Both,Tier 2,0
C00697,19,18.0,17,1161.0,21707.0,4,0.44,0,1,Online,Tier 1,0
C00698,25,33.0,13,1079.0,14605.0,4,0.4,1,1,Store,Tier 2,0
C00699,41,20.0,14,598.0,9587.0,3,0.63,0,1,Store,Tier 2,0
C00700,16,68.0,10,1248.0,14596.0,5,0.14,0,0,Both,Tier 1,0
C00701,1,113.0,13,920.0,11193.0,3,0.44,1,0,Store,Tier 2,0
C00702,24,39.0,9,1036.0,9428.0,1,0.22,0,1,Both,Tier 1,0
C00703,59,13.0,16,1028.0,16126.0,8,0.58,0,1,Store,Tier 1,0
C00704,27,60.0,14,912.0,10947.0,2,0.29,1,1,Store,Tier 1,1
C00705,34,28.0,13,,4648.0,3,0.36,0,1,Store,Tier 1,0
C00706,23,86.0,12,847.0,10137.0,3,0.63,0,1,Store,Tier 3,0
C00707,19,7.0,13,713.0,7929.0,2,0.18,0,0,Store,Tier 2,0
C00708,57,20.0,18,671.0,9753.0,4,0.65,2,1,Store,Tier 1,1
C00709,1,84.0,14,734.0,10395.0,8,0.43,0,0,Store,Tier 2,0
C00710,27,24.0,22,415.0,7931.0,2,0.15,2,0,Store,Tier 1,0
C00711,16,39.0,13,1168.0,15459.0,5,0.44,2,0,Store,Tier 1,1
C00712,8,73.0,9,392.0,3765.0,6,0.52,0,0,Store,Tier 2,0
C00713,7,30.0,8,973.0,6848.0,1,0.32,1,0,Both,Tier 1,0
C00714,5,21.0,8,,5085.0,6,0.88,0,0,Store,Tier 1,0
C00715,47,52.0,5,1011.0,5490.0,4,0.24,0,1,Store,Tier 1,0
C00716,41,61.0,13,1696.0,24926.0,4,0.31,1,1,Online,Tier 2,0
C00717,6,88.0,11,684.0,7470.0,2,0.37,0,0,Online,Tier 2,1
C00718,35,70.0,11,999.0,10328.0,1,0.66,0,0,Store,Tier 1,0
C00719,39,140.0,11,1342.0,13977.0,4,0.6,1,0,Store,Tier 2,1
C00720,13,33.0,14,1075.0,16612.0,6,0.2,0,0,Both,Tier 1,0
C00721,26,91.0,7,916.0,5161.0,4,0.34,0,1,Both,Tier 2,0
C00722,13,24.0,17,1293.0,19277.0,4,0.58,0,0,Both,Tier 2,0
C00723,57,96.0,8,929.0,5953.0,4,0.33,0,1,Online,Tier 3,0
C00724,28,141.0,7,1047.0,7255.0,3,0.48,0,0,Online,Tier 2,0
C00725,23,21.0,9,1171.0,8754.0,4,0.82,1,0,Online,Tier 2,0
C00726,33,72.0,13,1336.0,18040.0,3,0.06,0,1,Store,Tier 1,0
C00727,12,49.0,11,816.0,9770.0,3,0.38,0,0,Store,Tier 1,0
C00728,3,111.0,5,546.0,3084.0,5,0.31,0,0,Store,Tier 2,1
C00729,23,63.0,9,876.0,7364.0,7,0.1,0,0,Store,Tier 1,0
C00730,35,11.0,17,886.0,12511.0,3,0.05,0,1,Online,Tier 2,0
C00731,12,78.0,6,1067.0,7359.0,7,0.34,0,1,Both,Tier 1,0
C00732,33,45.0,20,1177.0,28017.0,1,0.22,1,1,Online,Tier 3,0
C00733,7,146.0,11,1010.0,11487.0,5,0.55,0,1,Store,Tier 1,1
C00734,17,48.0,12,1089.0,11317.0,3,0.27,0,0,Store,Tier 1,1
C00735,4,31.0,16,675.0,9724.0,6,0.15,0,0,Store,Tier 2,1
C00736,46,185.0,6,766.0,5039.0,2,0.54,2,1,Both,Tier 2,1
C00737,20,19.0,11,1496.0,18866.0,6,0.3,0,0,Store,Tier 3,0
C00738,40,12.0,7,638.0,4036.0,3,0.27,0,0,Store,Tier 3,0
C00739,14,36.0,16,1008.0,14939.0,1,0.69,0,0,Store,Tier 2,0
C00740,47,55.0,8,1206.0,10418.0,8,0.49,2,0,Both,Tier 3,0
C00741,2,42.0,18,1157.0,17005.0,1,0.11,0,0,Both,Tier 1,0
C00742,59,177.0,13,872.0,11803.0,3,0.47,0,1,Store,Tier 1,0
C00743,37,23.0,16,787.0,11314.0,4,0.05,0,0,Store,Tier 2,0
C00744,51,39.0,17,1444.0,26747.0,5,0.3,0,1,Store,Tier 2,0
C00745,9,108.0,7,940.0,7607.0,5,0.3,0,0,Both,Tier 3,0
C00746,35,5.0,11,181.0,2179.0,1,0.36,1,1,Both,Tier 2,0
C00747,36,244.0,2,995.0,2262.0,5,0.57,1,1,Online,Tier 1,1
C00748,26,43.0,8,468.0,3127.0,4,0.07,0,1,Both,Tier 3,0
C00749,27,22.0,10,1223.0,12087.0,6,0.18,1,0,Both,Tier 3,0
C00750,23,50.0,13,506.0,5783.0,5,0.4,0,1,Both,Tier 3,0
C00751,4,98.0,10,1005.0,11045.0,5,0.22,0,0,Store,Tier 2,1
C00752,43,241.0,4,494.0,2111.0,5,0.28,0,1,Online,Tier 2,1
C00753,48,167.0,7,761.0,5538.0,3,0.58,0,1,Both,Tier 3,1
C00754,53,122.0,5,1146.0,5217.0,3,0.14,2,0,Both,Tier 2,0
C00755,53,80.0,10,1353.0,14274.0,3,0.25,0,1,Online,Tier 1,0
C00756,11,98.0,8,780.0,7328.0,2,0.69,0,1,Both,Tier 1,0
C00757,57,7.0,15,972.0,14119.0,3,0.47,0,1,Online,Tier 1,0
C00758,12,95.0,6,863.0,5965.0,2,0.73,1,0,Both,Tier 1,0
C00759,31,8.0,10,1403.0,11449.0,6,0.82,1,0,Store,Tier 3,0
C00760,48,110.0,9,1597.0,17125.0,4,0.55,1,0,Store,Tier 1,1
C00761,13,15.0,10,520.0,4635.0,6,0.29,0,0,Store,Tier 1,0
C00762,39,13.0,13,1219.0,14252.0,3,0.48,1,0,Online,Tier 2,1
C00763,48,14.0,14,551.0,7003.0,2,0.21,0,0,Store,Tier 1,0
C00764,17,17.0,14,758.0,12263.0,1,0.77,0,0,Both,Tier 2,1
C00765,32,122.0,4,1065.0,4212.0,4,0.5,0,0,Online,Tier 2,0
C00766,57,9.0,9,845.0,8895.0,3,0.1,1,1,Both,Tier 2,0
C00767,22,35.0,20,1093.0,20437.0,5,0.32,0,0,Online,Tier 1,0
C00768,52,82.0,13,989.0,15384.0,3,0.4,0,0,Store,Tier 2,0
C00769,49,48.0,12,976.0,12625.0,7,0.17,1,0,Online,Tier 1,0
C00770,46,84.0,10,1115.0,10905.0,3,0.33,0,0,Online,Tier 1,0
C00771,33,19.0,10,1098.0,10199.0,7,0.16,0,0,Online,Tier 3,0
C00772,14,96.0,9,930.0,7481.0,4,0.27,0,0,Store,Tier 1,0
C00773,37,23.0,10,785.0,7133.0,2,0.25,0,0,Store,Tier 2,1
C00774,39,30.0,9,1081.0,8503.0,3,0.34,0,0,Store,Tier 2,0
C00775,40,20.0,21,884.0,18997.0,5,0.22,2,1,Store,Tier 2,0
C00776,35,25.0,17,896.0,14148.0,4,0.73,0,0,Store,Tier 1,0
C00777,36,178.0,6,1127.0,7693.0,2,0.12,0,1,Store,Tier 1,0
C00778,51,35.0,14,866.0,11815.0,1,0.15,0,1,Store,Tier 1,0
C00779,38,28.0,7,774.0,5886.0,5,0.7,0,0,Both,Tier 2,0
C00780,24,59.0,9,1068.0,9562.0,6,0.5,0,0,Online,Tier 2,1
C00781,37,170.0,7,855.0,6577.0,3,0.25,0,1,Online,Tier 2,0
C00782,16,61.0,10,1010.0,8725.0,5,0.22,0,0,Store,Tier 1,0
C00783,50,31.0,11,880.0,9649.0,4,0.29,0,0,Store,Tier 1,0
C00784,56,70.0,9,1236.0,9600.0,2,0.14,0,1,Online,Tier 1,0
C00785,6,65.0,12,534.0,5546.0,5,0.4,0,0,Both,Tier 1,0
C00786,16,24.0,9,1015.0,9136.0,3,0.63,0,1,Online,Tier 1,0
C00787,24,16.0,13,637.0,9349.0,5,0.66,1,0,Online,Tier 1,1
C00788,5,14.0,16,715.0,11170.0,3,0.2,0,0,Both,Tier 3,0
C00789,50,40.0,10,1046.0,11162.0,2,0.22,1,0,Online,Tier 2,0
C00790,15,128.0,13,1160.0,14061.0,4,0.6,1,1,Store,Tier 1,0
C00791,47,120.0,14,1191.0,19059.0,4,0.25,1,1,Store,Tier 1,0
C00792,12,36.0,16,982.0,17594.0,5,0.63,0,0,Both,Tier 2,0
C00793,20,19.0,15,514.0,8619.0,5,0.45,0,1,Store,Tier 2,0
C00794,29,101.0,9,754.0,5714.0,2,0.34,0,0,Store,Tier 3,0
C00795,6,52.0,13,1585.0,24364.0,5,0.22,0,0,Store,Tier 1,0
C00796,6,43.0,12,721.0,7658.0,4,0.49,0,0,Both,Tier 1,1
C00797,13,66.0,20,883.0,14784.0,3,0.9,1,0,Store,Tier 2,0
C00798,35,141.0,9,848.0,6163.0,3,0.24,0,1,Store,Tier 3,1
C00799,58,63.0,6,476.0,2952.0,5,0.22,0,1,Store,Tier 2,0
C00800,26,105.0,9,570.0,5188.0,1,0.21,0,0,Both,Tier 1,1
C00801,42,16.0,11,613.0,5966.0,6,0.06,0,0,Store,Tier 1,1
C00802,32,17.0,12,1073.0,11552.0,1,0.44,1,0,Store,Tier 1,0
C00803,34,19.0,17,1325.0,25078.0,4,0.23,1,1,Store,Tier 1,0
C00804,44,84.0,8,870.0,6813.0,5,0.39,0,1,Store,Tier 2,0
C00805,16,169.0,13,869.0,12979.0,4,0.33,1,1,Store,Tier 1,1
C00806,31,14.0,18,237.0,3935.0,5,0.43,0,0,Store,Tier 1,0
C00807,48,125.0,7,375.0,2229.0,2,0.74,1,1,Store,,0
C00808,8,43.0,15,409.0,5169.0,5,0.35,0,0,Online,Tier 1,0
C00809,49,39.0,10,924.0,8468.0,2,0.34,1,1,Both,Tier 1,0
C00810,27,102.0,11,545.0,6623.0,3,0.43,0,0,Online,Tier 2,0
C00811,44,40.0,5,844.0,4852.0,2,0.29,0,1,Store,Tier 2,0
C00812,20,25.0,11,677.0,6870.0,4,0.63,0,0,Store,Tier 2,0
C00813,32,85.0,4,722.0,3423.0,2,0.09,0,0,Store,Tier 2,1
C00814,23,34.0,17,514.0,7129.0,6,0.17,1,0,Store,Tier 3,0
C00815,56,52.0,11,580.0,5755.0,4,0.22,1,1,Online,Tier 2,0
C00816,50,17.0,17,594.0,9814.0,4,0.39,0,1,Both,Tier 1,0
C00817,26,108.0,9,1098.0,11775.0,6,0.53,1,1,Both,Tier 1,0
C00818,1,90.0,11,1264.0,14166.0,5,0.21,2,0,Online,Tier 3,1
C00819,29,14.0,15,903.0,13519.0,2,0.49,0,1,Store,Tier 2,0
C00820,54,32.0,12,387.0,4234.0,3,0.22,3,1,Store,Tier 1,0
C00821,30,104.0,8,650.0,5072.0,4,0.3,0,0,Store,Tier 2,1
C00822,11,6.0,12,1035.0,14287.0,4,0.11,0,0,Store,Tier 1,0
C00823,1,56.0,17,1130.0,18816.0,5,0.22,0,1,Store,Tier 1,0
C00824,35,32.0,14,1104.0,16007.0,2,0.51,1,1,Store,Tier 1,0
C00825,16,23.0,10,360.0,2958.0,2,0.26,0,1,Store,Tier 1,0
C00826,3,63.0,11,778.0,9584.0,2,0.14,0,1,Store,Tier 2,0
C00827,21,1.0,19,795.0,17454.0,5,0.59,0,1,Online,Tier 2,0
C00828,52,84.0,7,1276.0,8731.0,3,0.55,1,0,Store,Tier 2,1
C00829,24,89.0,10,1109.0,11250.0,4,0.58,0,0,Store,Tier 3,1
C00830,19,20.0,16,966.0,13829.0,3,0.6,0,1,Store,Tier 1,0
C00831,53,117.0,14,264.0,3929.0,4,0.24,1,1,Both,Tier 1,0
C00832,17,21.0,7,1293.0,7980.0,6,0.71,0,1,Online,Tier 2,0
C00833,10,48.0,6,413.0,2304.0,6,0.42,1,0,Both,Tier 2,0
C00834,24,101.0,12,932.0,13350.0,5,0.5,0,1,Store,Tier 2,0
C00835,32,20.0,17,953.0,13634.0,2,0.11,0,1,Store,Tier 1,0
C00836,49,41.0,14,471.0,6069.0,2,0.72,0,1,Store,Tier 2,0
C00837,28,64.0,14,918.0,12417.0,7,0.49,2,0,Store,Tier 2,0
C00838,48,98.0,4,916.0,3460.0,7,0.84,0,1,Store,Tier 1,0
C00839,38,31.0,10,1426.0,16437.0,5,0.51,0,0,Both,Tier 1,1
C00840,10,8.0,5,696.0,3033.0,4,0.52,0,0,Store,Tier 2,0
C00841,57,48.0,8,838.0,7039.0,2,0.17,0,1,Both,Tier 1,0
C00842,43,26.0,15,1470.0,18503.0,5,0.65,0,0,Store,Tier 3,0
C00843,6,6.0,12,809.0,10125.0,2,0.39,0,0,Store,Tier 1,0
C00844,44,145.0,15,215.0,3859.0,3,0.17,0,1,Store,Tier 3,0
C00845,54,61.0,14,918.0,13107.0,6,0.19,0,1,Store,Tier 1,0
C00846,49,95.0,12,1003.0,13944.0,6,0.43,1,0,Both,Tier 2,0
C00847,5,64.0,14,282.0,3724.0,2,0.62,1,0,Store,Tier 3,0
C00848,49,41.0,10,739.0,8792.0,2,0.2,0,1,Both,Tier 1,0
C00849,39,56.0,8,782.0,7308.0,4,0.41,0,0,Both,Tier 2,0
C00850,26,88.0,11,1284.0,13574.0,5,0.43,0,0,Store,Tier 3,0
C00851,27,85.0,17,599.0,8630.0,3,0.27,0,0,Store,Tier 3,0
C00852,9,1.0,12,150.0,1460.0,5,0.12,0,0,Store,Tier 3,0
C00853,22,51.0,15,958.0,17243.0,7,0.11,2,0,Both,,1
C00854,18,45.0,12,1034.0,14307.0,4,0.26,1,0,Both,Tier 3,0
C00855,2,65.0,8,220.0,1923.0,2,0.38,0,1,Store,Tier 1,1
C00856,34,77.0,8,784.0,5579.0,5,0.12,1,1,Store,Tier 2,0
C00857,33,42.0,17,793.0,13262.0,2,0.73,1,0,Both,Tier 1,0
C00858,43,55.0,11,995.0,11973.0,2,0.1,1,0,Both,Tier 2,1
C00859,10,131.0,7,910.0,6766.0,4,0.44,1,0,Store,Tier 3,1
C00860,17,51.0,16,693.0,10864.0,3,0.34,0,1,Store,Tier 1,0
C00861,46,45.0,8,590.0,4475.0,4,0.7,1,1,Both,Tier 1,0
C00862,22,51.0,13,846.0,10984.0,3,0.2,1,1,Store,Tier 3,0
C00863,33,112.0,8,681.0,4517.0,4,0.34,0,1,Both,Tier 2,1
C00864,18,79.0,8,150.0,1100.0,5,0.18,0,0,Online,Tier 3,0
C00865,35,36.0,12,1227.0,12911.0,4,0.16,1,0,Store,Tier 2,0
C00866,35,118.0,10,1435.0,14822.0,3,0.57,1,0,Both,Tier 1,1
C00867,5,56.0,11,797.0,9494.0,6,0.38,1,0,Store,Tier 3,0
C00868,1,40.0,12,405.0,4694.0,2,0.11,1,1,Both,Tier 2,0
C00869,43,48.0,13,1071.0,16087.0,2,0.42,1,1,Store,Tier 3,0
C00870,19,19.0,11,882.0,9328.0,7,0.07,0,1,Online,Tier 1,0
C00871,14,39.0,16,1006.0,14656.0,4,0.26,0,0,Both,Tier 2,0
C00872,55,19.0,9,335.0,3356.0,4,0.24,0,1,Store,Tier 3,0
C00873,13,71.0,9,1003.0,8706.0,3,0.13,0,1,Both,Tier 2,0
C00874,10,26.0,21,989.0,23508.0,5,0.28,2,0,Store,Tier 3,1
C00875,17,86.0,8,150.0,998.0,2,0.14,0,0,Store,Tier 1,0
C00876,52,34.0,15,1451.0,25808.0,3,0.08,1,0,Store,Tier 1,0
C00877,36,91.0,9,664.0,6089.0,2,0.41,1,0,Both,Tier 1,1
C00878,42,108.0,9,959.0,8308.0,1,0.4,1,1,Both,Tier 1,1
C00879,34,43.0,8,1188.0,10794.0,6,0.29,0,0,Both,Tier 2,0
C00880,38,48.0,8,1438.0,12621.0,4,0.11,0,1,Both,Tier 1,0
C00881,14,47.0,13,1447.0,16770.0,5,0.72,0,0,Store,Tier 1,0
C00882,41,62.0,12,1119.0,16096.0,4,0.25,0,1,Both,Tier 1,0
C00883,52,39.0,17,1082.0,22073.0,3,0.11,0,1,Store,Tier 2,0
C00884,19,94.0,8,343.0,2724.0,3,0.51,0,1,Both,Tier 1,0
C00885,18,15.0,11,648.0,5874.0,4,0.66,0,0,Store,Tier 2,0
C00886,45,42.0,9,1092.0,8413.0,2,0.2,1,1,Both,Tier 1,0
C00887,39,20.0,18,573.0,9409.0,3,0.28,0,1,Both,Tier 2,0
C00888,58,30.0,11,1203.0,15277.0,5,0.45,0,1,Both,Tier 3,0
C00889,30,29.0,19,1142.0,24422.0,2,0.5,0,0,Both,Tier 3,0
C00890,9,85.0,14,541.0,9010.0,6,0.63,0,0,Both,Tier 3,0
C00891,54,111.0,7,636.0,4520.0,2,0.55,0,1,Store,Tier 2,0
C00892,40,68.0,9,1232.0,9968.0,7,0.56,1,0,Store,Tier 2,0
C00893,38,148.0,4,150.0,615.0,5,0.28,0,1,Both,Tier 2,1
C00894,42,6.0,14,944.0,11514.0,3,0.5,1,0,Store,Tier 2,0
C00895,45,48.0,12,,11576.0,6,0.24,0,1,Store,Tier 1,1
C00896,38,179.0,15,823.0,12621.0,5,0.46,0,0,Store,Tier 1,1
C00897,48,64.0,9,1451.0,15614.0,4,0.52,0,1,Both,Tier 2,0
C00898,52,75.0,8,379.0,3200.0,5,0.43,1,0,Store,Tier 1,0
C00899,8,104.0,10,791.0,9377.0,2,0.55,1,0,Both,Tier 2,0
C00900,37,198.0,3,1368.0,4431.0,6,0.25,0,0,Store,Tier 2,1
C00901,27,224.0,3,1152.0,4042.0,3,0.44,2,0,Store,Tier 3,0
C00902,51,18.0,7,967.0,8060.0,5,0.18,3,0,Store,Tier 1,0
C00903,17,90.0,4,1095.0,4403.0,2,0.44,0,0,Online,Tier 3,0
C00904,43,50.0,10,841.0,7776.0,6,0.7,1,1,Store,Tier 3,0
C00905,6,77.0,15,1101.0,14667.0,2,0.78,2,0,Store,Tier 2,1
C00906,18,64.0,13,1147.0,14372.0,2,0.05,1,0,Both,Tier 3,0
C00907,39,43.0,18,1076.0,23075.0,1,0.53,0,0,Store,Tier 2,1
C00908,16,89.0,8,916.0,6403.0,7,0.41,0,0,Online,Tier 2,0
C00909,17,42.0,14,775.0,9182.0,7,0.57,0,1,Store,Tier 2,0
C00910,56,94.0,6,349.0,2461.0,3,0.41,0,1,Store,Tier 2,0
C00911,27,9.0,8,723.0,5239.0,2,0.65,0,1,Online,Tier 1,0
C00912,37,80.0,15,1140.0,17853.0,4,0.92,0,1,Online,Tier 2,0
C00913,16,12.0,11,1316.0,11691.0,4,0.08,0,0,Store,Tier 1,1
C00914,36,78.0,8,522.0,4055.0,5,0.32,0,0,Store,Tier 2,1
C00915,34,78.0,6,771.0,4658.0,2,0.54,1,0,Both,Tier 3,1
C00916,1,154.0,3,820.0,2779.0,4,0.56,1,0,Both,Tier 2,1
C00917,56,23.0,21,294.0,7215.0,4,0.64,0,1,Online,Tier 2,0
C00918,14,102.0,15,1268.0,18824.0,1,0.28,0,0,Store,Tier 2,0
C00919,14,42.0,21,619.0,11165.0,2,0.32,1,0,Both,Tier 2,1
C00920,46,61.0,10,1183.0,12504.0,2,0.26,0,1,Store,Tier 2,0
C00921,18,83.0,11,615.0,6231.0,4,0.24,0,0,Both,Tier 2,1
C00922,39,15.0,14,664.0,7748.0,4,0.75,0,1,Online,Tier 1,0
C00923,59,37.0,6,1010.0,5345.0,3,0.46,0,1,Online,Tier 2,0
C00924,55,18.0,20,953.0,18756.0,2,0.24,0,1,Store,Tier 2,0
C00925,39,29.0,8,1540.0,11305.0,3,0.77,0,1,Both,Tier 2,0
C00926,57,73.0,13,732.0,10086.0,4,0.09,1,1,Online,Tier 1,0
C00927,57,63.0,16,668.0,12635.0,5,0.5,1,1,Store,Tier 2,0
C00928,15,27.0,13,867.0,11809.0,6,0.06,0,1,Store,Tier 2,0
C00929,55,20.0,13,604.0,7507.0,5,0.46,0,1,Store,Tier 1,0
C00930,39,40.0,18,733.0,11876.0,8,0.67,0,1,Online,Tier 1,0
C00931,35,69.0,16,518.0,9372.0,5,0.2,0,0,Store,Tier 1,0
C00932,6,49.0,13,350.0,4560.0,6,0.31,1,1,Online,Tier 2,0
C00933,37,61.0,11,436.0,5108.0,5,0.32,0,1,Store,Tier 3,0
C00934,7,14.0,12,745.0,8748.0,4,0.42,0,1,Store,Tier 3,0
C00935,38,86.0,10,939.0,10831.0,5,0.35,0,1,Store,Tier 2,0
C00936,57,84.0,13,1290.0,15271.0,3,0.52,0,1,Both,Tier 3,0
C00937,6,127.0,4,621.0,2654.0,5,0.23,0,0,Both,Tier 2,1
C00938,46,19.0,6,854.0,5997.0,4,0.15,0,1,Store,Tier 2,0
C00939,6,30.0,14,707.0,9495.0,4,0.27,1,0,Online,Tier 1,1
C00940,41,67.0,9,792.0,8485.0,4,0.65,0,1,Both,Tier 3,0
C00941,9,26.0,15,828.0,11411.0,6,0.2,0,1,Store,Tier 1,0
C00942,32,30.0,10,877.0,8156.0,3,0.44,2,0,Online,Tier 2,1
C00943,41,134.0,6,1123.0,5522.0,6,0.12,0,0,Store,Tier 3,0
C00944,33,50.0,8,695.0,6332.0,6,0.05,1,1,Both,Tier 1,0
C00945,34,79.0,9,710.0,6046.0,4,0.3,0,1,Online,Tier 1,0
C00946,54,7.0,16,1524.0,24663.0,4,0.4,0,1,Store,Tier 3,0
C00947,54,114.0,10,750.0,7737.0,5,0.61,0,1,Store,Tier 2,0
C00948,15,170.0,7,1172.0,8097.0,2,0.44,0,1,Store,Tier 2,1
C00949,21,37.0,8,405.0,3783.0,5,0.06,1,0,Both,Tier 3,1
C00950,13,23.0,23,577.0,13564.0,2,0.56,1,1,Store,Tier 1,0
C00951,46,68.0,11,1274.0,13853.0,2,0.62,1,0,Both,Tier 2,1
C00952,56,110.0,7,1236.0,7008.0,2,0.27,0,1,Online,Tier 2,1
C00953,5,73.0,9,677.0,6112.0,4,0.14,0,0,Store,Tier 2,0
C00954,15,37.0,10,735.0,6203.0,1,0.65,0,0,Store,Tier 1,0
C00955,5,126.0,8,534.0,4610.0,5,0.44,0,0,Online,Tier 2,1
C00956,44,64.0,8,1176.0,10014.0,3,0.53,0,1,Both,Tier 2,0
C00957,31,64.0,12,1234.0,11927.0,3,0.39,0,0,Store,Tier 1,1
C00958,37,37.0,12,597.0,8127.0,1,0.46,0,1,Both,Tier 2,0
C00959,16,52.0,6,754.0,3975.0,7,0.55,0,1,Store,Tier 1,1
C00960,9,63.0,14,848.0,12968.0,2,0.13,1,1,Online,Tier 1,0
C00961,43,47.0,12,507.0,4941.0,3,0.78,0,0,Store,Tier 3,0
C00962,5,42.0,16,646.0,9209.0,5,0.52,0,1,Store,Tier 2,0
C00963,8,9.0,13,762.0,10723.0,2,0.56,0,0,Online,Tier 1,0
C00964,53,36.0,16,671.0,11783.0,3,0.4,1,0,Store,Tier 2,0
C00965,46,29.0,22,800.0,16300.0,2,0.23,0,1,Online,Tier 1,0
C00966,2,45.0,7,1122.0,7210.0,6,0.3,0,0,Both,Tier 1,0
C00967,40,2.0,16,1716.0,23916.0,1,0.62,0,1,Online,Tier 1,0
C00968,25,88.0,14,752.0,10080.0,5,0.19,1,0,Both,Tier 3,1
C00969,36,50.0,8,766.0,5400.0,3,0.49,0,0,Both,Tier 2,0
C00970,7,83.0,15,475.0,7222.0,5,0.43,1,0,Store,Tier 2,0
C00971,46,144.0,6,541.0,3653.0,6,0.28,0,0,Store,Tier 2,1
C00972,1,64.0,20,760.0,13254.0,5,0.57,0,0,Store,Tier 1,0
C00973,55,95.0,12,1372.0,15227.0,3,0.77,0,0,Online,Tier 3,0
C00974,5,43.0,6,1000.0,5752.0,5,0.33,0,0,Store,Tier 2,0
C00975,53,16.0,13,934.0,13507.0,5,0.14,0,0,Store,Tier 3,0
C00976,22,8.0,15,912.0,15226.0,2,0.39,0,0,Store,Tier 3,0
C00977,54,183.0,5,771.0,3425.0,3,0.16,1,1,Store,Tier 3,1
C00978,42,94.0,12,547.0,7779.0,4,0.49,1,1,Store,Tier 1,1
C00979,60,23.0,8,1488.0,10933.0,6,0.1,0,1,Online,Tier 3,0
C00980,54,47.0,7,925.0,7527.0,4,0.11,0,0,Online,Tier 1,0
C00981,45,25.0,10,1049.0,10340.0,4,0.48,1,1,Store,Tier 2,0
C00982,15,37.0,12,334.0,3546.0,2,0.22,0,0,Store,Tier 1,0
C00983,22,2.0,10,551.0,6582.0,3,0.44,1,0,Both,Tier 1,0
C00984,34,7.0,12,1148.0,14881.0,4,0.24,0,0,Online,Tier 1,0
C00985,27,2.0,13,878.0,9294.0,2,0.3,0,0,Both,Tier 1,0
C00986,22,113.0,5,731.0,2988.0,5,0.17,0,0,Online,Tier 1,0
C00987,48,26.0,17,1277.0,20539.0,6,0.4,0,1,Both,Tier 2,0
C00988,25,36.0,12,419.0,4390.0,4,0.42,1,1,Both,Tier 1,0
C00989,55,73.0,9,360.0,2780.0,3,0.63,0,1,Both,Tier 3,0
C00990,10,148.0,13,1592.0,17988.0,2,0.33,1,1,Both,Tier 2,0
C00991,4,150.0,10,1158.0,11517.0,5,0.67,0,1,Both,Tier 1,0
C00992,45,22.0,11,1080.0,11549.0,2,0.43,0,1,Store,Tier 1,0
C00993,1,18.0,15,703.0,11534.0,2,0.36,0,0,Online,Tier 2,0
C00994,31,40.0,8,1445.0,9814.0,6,0.39,0,1,Both,Tier 2,0
C00995,11,91.0,8,970.0,8014.0,7,0.5,0,0,Store,Tier 1,0
C00996,55,199.0,3,689.0,1771.0,8,0.66,0,0,Store,Tier 1,1
C00997,53,23.0,22,294.0,6397.0,2,0.64,2,0,Store,Tier 2,0
C00998,39,50.0,13,556.0,8084.0,2,0.36,1,1,Store,Tier 1,1
C00999,53,91.0,12,444.0,5152.0,3,0.49,0,1,Store,Tier 2,0
C01000,43,45.0,9,573.0,5474.0,3,0.24,1,1,Store,Tier 3,0
C01001,24,3.0,16,883.0,12539.0,2,0.51,0,0,Online,Tier 2,0
C01002,18,50.0,13,618.0,7600.0,4,0.56,1,1,Both,Tier 2,0
C01003,37,41.0,10,661.0,6973.0,4,0.47,0,0,Online,Tier 1,0
C01004,11,140.0,11,1209.0,13559.0,3,0.21,0,1,Online,Tier 3,0
C01005,12,47.0,7,1079.0,6292.0,4,0.25,1,0,Store,Tier 3,0
C01006,41,142.0,3,276.0,779.0,4,0.46,0,1,Both,Tier 1,1
C01007,4,32.0,12,1223.0,12174.0,3,0.16,0,1,Store,Tier 1,0
C01008,34,53.0,14,364.0,4948.0,6,0.31,0,1,Online,Tier 2,1
C01009,43,75.0,11,426.0,4008.0,5,0.37,0,1,Store,Tier 2,0
C01010,11,26.0,11,205.0,2135.0,4,0.29,0,1,Both,Tier 2,0
C01011,30,17.0,17,947.0,13572.0,5,0.68,0,0,Store,Tier 3,0
C01012,28,3.0,15,1111.0,14967.0,3,0.13,1,1,Store,Tier 3,0
C01013,9,121.0,8,771.0,7041.0,7,0.81,0,1,Both,Tier 2,0
C01014,60,48.0,15,1114.0,16187.0,3,0.25,0,1,Store,Tier 1,0
C01015,58,25.0,8,716.0,6767.0,6,0.26,0,0,Online,Tier 1,0
C01016,17,63.0,16,1012.0,16762.0,5,0.66,0,0,Store,Tier 1,1
C01017,57,138.0,5,742.0,3277.0,1,0.27,0,1,Store,Tier 1,1
C01018,54,14.0,12,777.0,11140.0,3,0.45,0,0,Both,Tier 3,0
C01019,10,107.0,10,755.0,7625.0,4,0.22,0,0,Both,Tier 2,0
C01020,30,149.0,10,1432.0,15602.0,3,0.58,0,1,Store,Tier 2,1
C01021,55,1.0,17,643.0,8934.0,3,0.68,2,1,Store,Tier 1,0
C01022,56,59.0,12,1457.0,17606.0,3,0.6,0,1,Both,Tier 1,1
C01023,34,59.0,15,1275.0,18331.0,4,0.46,0,1,Store,Tier 2,0
C01024,6,88.0,10,808.0,7550.0,5,0.25,0,0,Store,Tier 1,0
C01025,47,6.0,11,194.0,2460.0,2,0.59,0,1,Store,Tier 1,0
C01026,43,45.0,19,1108.0,21063.0,3,0.57,0,0,Store,Tier 1,0
C01027,34,151.0,8,1285.0,9659.0,4,0.33,0,0,Both,Tier 3,1
C01028,55,27.0,8,334.0,2369.0,6,0.17,0,0,Both,Tier 1,0
C01029,33,168.0,9,730.0,6222.0,3,0.3,1,1,Both,Tier 1,0
C01030,49,109.0,16,,7392.0,6,0.02,0,1,Online,Tier 1,0
C01031,22,48.0,14,414.0,5954.0,1,0.58,0,1,Store,Tier 1,0
C01032,22,36.0,14,1148.0,16030.0,3,0.32,0,0,Online,Tier 2,0
C01033,29,44.0,20,704.0,16492.0,1,0.85,1,0,Store,Tier 3,0
C01034,42,52.0,10,1442.0,13471.0,2,0.22,0,1,Store,Tier 1,0
C01035,2,74.0,11,1141.0,12316.0,5,0.28,1,0,Both,Tier 1,0
C01036,14,19.0,15,632.0,9021.0,4,0.4,0,1,Store,Tier 2,0
C01037,8,3.0,16,680.0,12888.0,6,0.11,0,0,Online,Tier 1,0
C01038,5,53.0,11,150.0,1826.0,5,0.27,0,0,Store,Tier 2,0
C01039,43,129.0,8,,9150.0,3,0.42,1,1,Both,Tier 2,1
C01040,22,80.0,11,1052.0,11591.0,5,0.56,1,1,Online,Tier 3,0
C01041,27,18.0,15,585.0,7258.0,3,0.35,0,0,Both,Tier 2,0
C01042,11,28.0,8,929.0,7112.0,3,0.46,1,0,Both,Tier 2,1
C01043,33,17.0,10,538.0,4753.0,4,0.74,0,0,Store,Tier 1,0
C01044,47,18.0,19,721.0,13245.0,3,0.23,0,0,Online,Tier 2,0
C01045,28,36.0,10,802.0,8295.0,2,0.49,1,0,Both,Tier 2,1
C01046,24,106.0,7,1121.0,8132.0,2,0.31,2,1,Store,Tier 2,1
C01047,20,40.0,21,1015.0,24725.0,2,0.63,1,1,Store,Tier 2,0
C01048,38,51.0,24,816.0,23487.0,5,0.51,0,1,Both,Tier 2,0
C01049,2,22.0,11,949.0,9454.0,2,0.23,0,0,Store,Tier 1,0
C01050,12,4.0,18,634.0,12120.0,6,0.49,0,1,Store,Tier 1,0
C01051,22,137.0,9,746.0,7214.0,5,0.17,2,0,Store,Tier 2,1
C01052,4,29.0,9,568.0,6002.0,3,0.09,0,0,Both,Tier 1,0
C01053,17,207.0,8,711.0,5004.0,6,0.43,0,0,Store,Tier 2,1
C01054,9,30.0,11,1133.0,11753.0,3,0.1,0,1,Store,Tier 2,0
C01055,14,45.0,11,1063.0,11194.0,2,0.47,1,1,Both,Tier 3,1
C01056,20,75.0,8,671.0,4741.0,7,0.22,1,0,Both,Tier 1,0
C01057,51,80.0,9,669.0,6208.0,4,0.7,0,1,Online,Tier 3,0
C01058,6,14.0,11,1160.0,14250.0,4,0.44,0,1,Store,Tier 3,0
C01059,27,29.0,11,899.0,8010.0,6,0.57,0,0,Both,Tier 3,0
C01060,20,21.0,9,990.0,7781.0,4,0.33,0,1,Both,Tier 2,0
C01061,2,146.0,5,985.0,5314.0,4,0.48,3,0,Store,Tier 3,1
C01062,14,67.0,11,642.0,5821.0,5,0.35,0,1,Online,Tier 3,0
C01063,22,28.0,10,953.0,8579.0,3,0.72,0,0,Store,Tier 2,0
C01064,22,15.0,12,784.0,8036.0,5,0.19,0,0,Both,Tier 2,0
C01065,18,6.0,15,1031.0,13603.0,8,0.06,0,1,Store,,0
C01066,13,70.0,9,1211.0,10485.0,3,0.34,0,0,Both,Tier 3,1
C01067,1,2.0,15,795.0,11198.0,3,0.32,0,0,Both,Tier 2,0
C01068,16,112.0,10,1236.0,14387.0,5,0.01,0,0,Store,Tier 3,0
C01069,53,70.0,9,974.0,7503.0,4,0.07,0,1,Both,Tier 3,0
C01070,33,26.0,10,825.0,8687.0,3,0.29,0,1,Store,Tier 1,0
C01071,37,44.0,10,771.0,8938.0,6,0.17,0,1,Store,Tier 1,0
C01072,55,63.0,10,967.0,8560.0,2,0.38,1,1,Store,Tier 1,0
C01073,28,7.0,17,842.0,14915.0,3,0.27,0,1,Store,Tier 2,0
C01074,25,120.0,12,369.0,4255.0,4,0.12,1,1,Store,Tier 3,0
C01075,18,238.0,4,697.0,2787.0,5,0.35,0,1,Store,Tier 1,0
C01076,57,30.0,12,796.0,10009.0,6,0.76,2,1,Store,Tier 1,0
C01077,53,29.0,11,971.0,10867.0,4,0.08,1,0,Both,Tier 2,0
C01078,13,47.0,14,1075.0,13141.0,7,0.5,0,0,Store,Tier 3,0
C01079,2,14.0,15,1094.0,14264.0,4,0.38,2,1,Both,Tier 3,1
C01080,60,102.0,10,1251.0,12349.0,5,0.63,0,1,Store,Tier 1,1
C01081,36,31.0,13,752.0,10016.0,3,0.33,0,1,Store,Tier 1,1
C01082,22,27.0,16,1035.0,13644.0,4,0.3,1,0,Online,Tier 1,0
C01083,39,1.0,14,366.0,4392.0,4,0.8,1,1,Online,Tier 1,0
C01084,12,52.0,10,633.0,7090.0,1,0.35,1,0,Online,Tier 3,1
C01085,50,11.0,10,1193.0,12589.0,3,0.32,0,1,Store,Tier 1,0
C01086,40,121.0,5,1062.0,4673.0,2,0.64,0,0,Online,Tier 2,0
C01087,34,73.0,9,339.0,3502.0,4,0.48,0,1,Both,Tier 2,0
C01088,7,160.0,7,1107.0,6436.0,2,0.17,0,1,Both,Tier 1,0
C01089,53,17.0,19,1789.0,37850.0,6,0.21,0,0,Online,Tier 1,0
C01090,47,38.0,6,991.0,4791.0,1,0.26,0,1,Store,Tier 1,0
C01091,45,10.0,14,462.0,5529.0,6,0.21,0,1,Both,Tier 2,0
C01092,29,53.0,18,851.0,16402.0,3,0.23,0,0,Store,Tier 1,0
C01093,49,33.0,18,686.0,12827.0,2,0.05,0,1,Both,Tier 1,0
C01094,47,23.0,21,1519.0,33803.0,6,0.63,0,0,Store,Tier 2,0
C01095,25,36.0,13,1061.0,11486.0,3,0.24,0,0,Both,Tier 2,0
C01096,34,57.0,10,1449.0,11922.0,2,0.8,2,1,Both,Tier 1,0
C01097,12,8.0,16,851.0,13645.0,2,0.28,0,0,Store,Tier 1,0
C01098,25,37.0,12,1469.0,17419.0,6,0.5,0,0,Store,Tier 3,0
C01099,34,16.0,8,496.0,4754.0,5,0.27,0,1,Online,Tier 3,0
C01100,24,30.0,11,770.0,8903.0,5,0.21,0,0,Online,Tier 2,0
C01101,39,133.0,6,422.0,2663.0,5,0.11,1,1,Store,Tier 1,0
C01102,5,5.0,15,683.0,10334.0,3,0.3,0,1,Online,Tier 2,0
C01103,22,65.0,6,1546.0,8145.0,2,0.79,1,1,Store,Tier 2,0
C01104,57,110.0,8,1199.0,10027.0,7,0.36,0,1,Online,Tier 1,0
C01105,19,3.0,9,1487.0,12259.0,1,0.24,1,0,Both,Tier 2,0
C01106,52,30.0,7,1343.0,8939.0,4,0.22,1,1,Store,Tier 3,0
C01107,45,88.0,15,1346.0,20548.0,2,0.74,0,1,Both,Tier 2,0
C01108,23,41.0,20,1053.0,20333.0,7,0.21,1,0,Store,Tier 2,0
C01109,14,57.0,16,1283.0,18482.0,2,0.18,0,0,Store,Tier 2,0
C01110,18,45.0,7,1001.0,7385.0,3,0.27,1,0,Store,Tier 3,0
C01111,19,74.0,8,1249.0,10661.0,5,0.15,0,0,Online,,0
C01112,36,1.0,19,842.0,14378.0,4,0.4,0,1,Online,Tier 1,0
C01113,13,48.0,14,1091.0,14929.0,1,0.3,1,1,Both,Tier 3,0
C01114,21,11.0,13,546.0,6451.0,7,0.28,0,0,Online,Tier 3,0
C01115,9,19.0,15,952.0,16688.0,1,0.61,2,0,Online,Tier 1,1
C01116,60,12.0,13,919.0,12212.0,2,0.47,0,0,Store,Tier 1,0
C01117,18,55.0,11,1143.0,12481.0,4,0.76,0,1,Both,Tier 2,0
C01118,28,24.0,18,916.0,13606.0,2,0.6,1,0,Online,Tier 1,0
C01119,55,41.0,11,736.0,8603.0,5,0.56,1,1,Store,Tier 3,0
C01120,40,100.0,14,1046.0,14520.0,4,0.25,0,1,Both,Tier 2,1
C01121,12,13.0,16,1314.0,23543.0,6,0.38,0,1,Both,Tier 1,0
C01122,8,119.0,9,834.0,6186.0,1,0.33,1,1,Store,Tier 1,1
C01123,26,68.0,10,813.0,6550.0,4,0.56,0,0,Both,Tier 2,0
C01124,6,94.0,7,810.0,5645.0,4,0.26,0,1,Both,Tier 1,1
C01125,6,33.0,13,838.0,11819.0,4,0.68,2,0,Store,Tier 3,1
C01126,60,183.0,8,592.0,4217.0,1,0.65,0,1,Store,Tier 1,1
C01127,48,45.0,14,1003.0,15392.0,7,0.14,0,1,Store,Tier 2,0
C01128,48,166.0,8,1440.0,9480.0,3,0.48,1,0,Both,Tier 2,1
C01129,47,64.0,15,1040.0,18546.0,4,0.21,0,0,Store,Tier 2,0
C01130,47,78.0,7,1289.0,7909.0,5,0.4,1,1,Store,Tier 3,1
C01131,34,77.0,11,929.0,11350.0,3,0.27,3,1,Both,Tier 2,0
C01132,58,5.0,14,697.0,7868.0,2,0.1,1,1,Both,Tier 1,0
C01133,49,59.0,9,793.0,7887.0,4,0.06,0,1,Store,Tier 3,0
C01134,28,80.0,7,407.0,2747.0,5,0.61,0,1,Both,Tier 2,0
C01135,56,100.0,2,924.0,1660.0,4,0.55,0,1,Both,Tier 2,0
C01136,1,110.0,8,961.0,7401.0,4,0.56,0,1,Both,Tier 1,1
C01137,56,116.0,10,1210.0,13034.0,8,0.41,0,0,Both,Tier 2,0
C01138,47,37.0,18,1255.0,25202.0,2,0.41,0,1,Both,Tier 1,0
C01139,40,52.0,14,773.0,10121.0,3,0.75,0,0,Both,Tier 1,1
C01140,20,18.0,14,967.0,15486.0,6,0.58,0,1,Both,,1
C01141,12,110.0,8,1135.0,9501.0,3,0.81,0,1,Both,Tier 2,1
C01142,16,33.0,11,1267.0,11842.0,4,0.37,1,0,Store,Tier 1,0
C01143,55,46.0,7,1118.0,8323.0,3,0.09,0,1,Both,Tier 3,0
C01144,57,40.0,10,664.0,6331.0,1,0.18,0,0,Online,Tier 3,0
C01145,25,98.0,6,499.0,2410.0,6,0.04,1,1,Online,Tier 2,0
C01146,19,84.0,9,961.0,7935.0,4,0.7,0,1,Store,Tier 1,1
C01147,16,24.0,20,758.0,16151.0,2,0.35,0,0,Store,Tier 1,0
C01148,19,21.0,16,743.0,11695.0,7,0.5,0,0,Store,Tier 2,0
C01149,13,44.0,17,850.0,16105.0,4,0.25,0,0,Store,Tier 1,0
C01150,39,86.0,8,1023.0,7998.0,8,0.51,1,1,Online,Tier 2,0
C01151,18,43.0,12,541.0,7486.0,6,0.48,0,1,Store,Tier 2,0
C01152,33,70.0,13,995.0,14479.0,4,0.16,0,1,Both,Tier 1,0
C01153,49,55.0,14,1352.0,20110.0,3,0.47,0,0,Store,Tier 1,0
C01154,7,48.0,8,1139.0,8991.0,2,0.73,0,1,Online,Tier 2,1
C01155,55,21.0,12,1114.0,13759.0,4,0.12,0,0,Store,Tier 1,0
C01156,43,22.0,13,796.0,11867.0,6,0.43,1,1,Both,Tier 1,0
C01157,30,88.0,14,1055.0,12576.0,4,0.12,0,1,Store,Tier 2,0
C01158,41,92.0,9,1151.0,10663.0,3,0.47,0,0,Both,Tier 3,0
C01159,2,152.0,7,1625.0,13460.0,1,0.66,2,0,Both,Tier 2,1
C01160,46,15.0,15,753.0,12223.0,3,0.41,0,1,Both,Tier 2,0
C01161,12,142.0,9,1047.0,9931.0,5,0.35,0,0,Online,Tier 1,1
C01162,28,19.0,11,1228.0,14081.0,5,0.44,0,0,Store,Tier 1,0
C01163,8,71.0,11,415.0,4906.0,2,0.18,0,0,Online,Tier 1,1
C01164,11,31.0,20,1398.0,26353.0,4,0.58,0,0,Online,Tier 1,0
C01165,5,95.0,10,366.0,3633.0,3,0.74,0,0,Store,Tier 2,1
C01166,57,61.0,9,589.0,5745.0,3,0.5,0,1,Store,Tier 1,0
C01167,56,72.0,3,887.0,2839.0,4,0.66,0,1,Store,Tier 2,0
C01168,47,72.0,10,795.0,7353.0,5,0.44,0,1,Online,Tier 3,0
C01169,54,139.0,9,1673.0,14022.0,3,0.29,0,1,Online,Tier 1,0
C01170,30,30.0,16,344.0,6568.0,2,0.18,0,0,Both,Tier 3,0
C01171,55,98.0,11,1538.0,19434.0,5,0.73,0,1,Both,Tier 1,1
C01172,33,81.0,13,1115.0,15834.0,3,0.53,0,0,Store,Tier 2,1
C01173,34,78.0,17,1168.0,21268.0,5,0.49,0,1,Both,Tier 2,0
C01174,18,2.0,12,1464.0,20503.0,4,0.45,1,1,Both,Tier 2,0
C01175,30,30.0,17,368.0,5170.0,8,0.41,0,1,Both,Tier 2,0
C01176,51,60.0,11,1134.0,14098.0,3,0.72,1,1,Online,Tier 2,0
C01177,26,130.0,11,1137.0,14812.0,3,0.4,0,0,Online,Tier 2,1
C01178,11,36.0,14,1072.0,16226.0,3,0.37,0,1,Store,Tier 2,0
C01179,48,9.0,9,1557.0,16211.0,3,0.43,0,1,Store,Tier 1,0
C01180,32,24.0,13,854.0,9020.0,6,0.5,0,1,Both,Tier 1,0
C01181,57,29.0,16,872.0,15939.0,6,0.09,1,0,Online,Tier 2,0
C01182,37,75.0,15,1056.0,17531.0,4,0.5,1,1,Online,Tier 2,0
C01183,26,68.0,10,1416.0,11945.0,6,0.62,1,0,Online,Tier 2,0
C01184,55,30.0,12,668.0,7027.0,2,0.35,0,0,Both,Tier 1,0
C01185,46,3.0,10,550.0,6090.0,7,0.28,0,1,Store,Tier 1,0
C01186,4,19.0,13,407.0,4290.0,1,0.31,0,0,Store,Tier 1,0
C01187,6,93.0,14,934.0,12622.0,2,0.47,0,1,Store,Tier 1,0
C01188,27,60.0,10,854.0,9070.0,4,0.45,0,1,Store,Tier 3,0
C01189,11,49.0,11,1395.0,14982.0,8,0.5,0,0,Store,Tier 1,0
C01190,35,62.0,9,932.0,7296.0,1,0.22,0,0,Online,Tier 1,1
C01191,12,60.0,5,955.0,4764.0,8,0.36,1,0,Store,Tier 2,0
C01192,23,81.0,8,1135.0,9284.0,4,0.27,3,0,Both,Tier 2,0
C01193,59,7.0,9,878.0,8137.0,2,0.23,0,0,Online,Tier 2,0
C01194,46,34.0,11,805.0,10058.0,1,0.21,1,1,Store,Tier 1,0
C01195,9,228.0,9,1026.0,10364.0,2,0.11,1,0,Store,Tier 2,1
C01196,10,11.0,7,1477.0,9045.0,4,0.1,0,1,Online,Tier 2,0
C01197,9,15.0,13,150.0,1866.0,5,0.4,0,1,Online,Tier 2,0
C01198,3,104.0,9,1515.0,14016.0,3,0.22,0,0,Store,Tier 2,1
C01199,47,77.0,14,931.0,14295.0,3,0.03,1,1,Online,Tier 2,0
C01200,2,58.0,15,853.0,15086.0,5,0.3,0,0,Both,Tier 2,0
C01201,17,29.0,13,480.0,5894.0,4,0.44,1,0,Both,Tier 3,0
C01202,23,126.0,11,798.0,7934.0,4,0.17,1,1,Both,Tier 1,1
C01203,57,17.0,13,795.0,9513.0,6,0.56,0,1,Store,Tier 1,0
C01204,13,142.0,9,217.0,2109.0,3,0.46,1,0,Both,Tier 3,0
C01205,19,171.0,7,869.0,6098.0,4,0.35,0,0,Both,Tier 1,0
C01206,27,84.0,21,905.0,17523.0,4,0.16,1,1,Both,Tier 2,1
C01207,58,112.0,6,1383.0,9452.0,4,0.04,1,1,Store,Tier 2,0
C01208,47,16.0,18,701.0,11663.0,4,0.63,0,1,Store,Tier 2,0
C01209,50,34.0,13,1145.0,15855.0,3,0.94,0,1,Store,Tier 1,0
C01210,34,29.0,9,986.0,7286.0,3,0.43,0,0,Online,Tier 2,0
C01211,15,63.0,13,666.0,9878.0,5,0.69,0,1,Online,Tier 1,0
C01212,9,67.0,16,951.0,15796.0,5,0.25,1,0,Both,Tier 1,0
C01213,31,67.0,15,1094.0,16299.0,2,0.51,0,0,Store,Tier 3,0
C01214,26,32.0,8,706.0,4871.0,6,0.26,2,1,Both,Tier 3,0
C01215,18,31.0,13,826.0,12196.0,2,0.56,2,1,Online,Tier 2,0
C01216,33,138.0,9,854.0,7711.0,4,0.2,0,1,Store,Tier 1,1
C01217,4,300.0,0,1337.0,0.0,1,0.06,0,1,Store,Tier 1,1
C01218,57,37.0,17,1344.0,21451.0,5,0.19,1,0,Store,,0
C01219,59,20.0,18,912.0,19325.0,4,0.38,0,0,Store,Tier 1,0
C01220,9,30.0,10,789.0,8539.0,6,0.25,0,0,Both,Tier 1,0
C01221,23,34.0,16,826.0,11526.0,6,0.16,0,1,Store,Tier 2,0
C01222,11,60.0,11,1204.0,11324.0,4,0.37,1,0,Store,Tier 3,1
C01223,3,96.0,14,1197.0,15586.0,4,0.63,0,0,Both,Tier 3,0
C01224,27,73.0,17,995.0,16535.0,4,0.4,0,0,Both,Tier 1,0
C01225,52,83.0,6,,2683.0,1,0.78,0,0,Online,Tier 1,0
C01226,50,25.0,15,1116.0,17446.0,1,0.22,0,1,Online,Tier 1,0
C01227,53,76.0,12,1535.0,17468.0,4,0.43,0,0,Both,Tier 1,0
C01228,54,128.0,8,934.0,8318.0,3,0.55,1,0,Online,Tier 2,1
C01229,39,224.0,4,832.0,3898.0,3,0.28,0,1,Online,Tier 1,1
C01230,30,52.0,7,403.0,2929.0,6,0.07,0,1,Online,Tier 2,0
C01231,26,25.0,12,499.0,6292.0,8,0.52,0,1,Store,Tier 2,0
C01232,5,60.0,10,942.0,7953.0,1,0.25,0,1,Online,Tier 2,0
C01233,31,54.0,18,1204.0,18230.0,3,0.29,0,1,Store,Tier 2,0
C01234,7,98.0,15,969.0,15924.0,3,0.39,0,1,Both,Tier 2,0
C01235,2,36.0,12,1144.0,11012.0,1,0.42,0,0,Both,Tier 3,0
C01236,6,16.0,19,797.0,17284.0,2,0.44,0,0,Both,Tier 2,0
C01237,15,15.0,15,555.0,8870.0,5,0.29,0,0,Store,Tier 2,0
C01238,11,12.0,14,814.0,12886.0,4,0.26,0,1,Both,Tier 1,0
C01239,2,43.0,12,383.0,5257.0,5,0.37,1,0,Online,Tier 1,0
C01240,9,81.0,14,1067.0,14113.0,2,0.44,1,1,Both,Tier 1,0
C01241,13,50.0,10,469.0,4855.0,5,0.07,1,0,Online,Tier 3,0
C01242,45,70.0,16,611.0,11420.0,5,0.26,0,0,Online,Tier 3,0
C01243,10,81.0,9,1051.0,8347.0,6,0.48,0,1,Both,Tier 1,0
C01244,55,31.0,15,651.0,10772.0,2,0.49,0,1,Online,Tier 2,0
C01245,26,76.0,10,701.0,7961.0,7,0.96,0,0,Store,Tier 2,0
C01246,21,62.0,12,523.0,6897.0,5,0.17,0,1,Both,Tier 1,0
C01247,1,5.0,15,1229.0,18474.0,2,0.24,0,1,Store,Tier 2,0
C01248,30,28.0,14,819.0,12918.0,6,0.52,1,0,Store,Tier 2,0
C01249,4,50.0,14,682.0,7727.0,4,0.4,0,0,Store,Tier 2,0
C01250,51,22.0,15,1089.0,13895.0,3,0.28,1,0,Both,Tier 1,0
C01251,25,179.0,10,798.0,8162.0,3,0.5,0,1,Store,Tier 1,1
C01252,21,36.0,10,1573.0,14886.0,5,0.68,0,0,Online,Tier 2,0
C01253,20,42.0,16,1004.0,17506.0,4,0.63,0,0,Both,Tier 2,0
C01254,15,24.0,13,1358.0,19892.0,4,0.36,0,0,Store,Tier 2,1
C01255,9,76.0,13,1070.0,11362.0,2,0.21,0,0,Online,Tier 1,0
C01256,52,140.0,5,1361.0,5751.0,5,0.34,0,1,Online,Tier 2,1
C01257,22,6.0,12,880.0,9011.0,4,0.18,0,0,Store,Tier 2,0
C01258,56,84.0,10,601.0,7195.0,4,0.64,1,1,Online,Tier 2,0
C01259,56,18.0,15,1658.0,27242.0,3,0.31,2,1,Store,Tier 2,0
C01260,27,143.0,7,691.0,5624.0,3,0.22,0,1,Both,Tier 3,0
C01261,25,7.0,17,523.0,9719.0,3,0.4,0,1,Both,Tier 1,0
C01262,5,178.0,8,852.0,7874.0,3,0.4,0,1,Store,Tier 1,0
C01263,13,64.0,11,1006.0,12690.0,3,0.5,2,0,Store,Tier 1,1
C01264,58,30.0,10,1117.0,9599.0,4,0.14,1,1,Both,Tier 1,0
C01265,38,13.0,13,1049.0,13549.0,2,0.04,0,1,Both,Tier 1,0
C01266,25,33.0,17,888.0,16965.0,4,0.14,0,1,Both,,1
C01267,25,89.0,17,945.0,16654.0,2,0.53,2,1,Both,Tier 1,0
C01268,21,8.0,7,585.0,3568.0,8,0.11,1,1,Both,Tier 2,0
C01269,24,27.0,11,1164.0,13792.0,5,0.32,0,0,Online,Tier 2,1
C01270,18,19.0,15,679.0,10841.0,3,0.43,0,0,Online,Tier 1,0
C01271,34,2.0,15,1780.0,23128.0,5,0.5,0,0,Store,Tier 2,0
C01272,25,36.0,20,471.0,9947.0,5,0.3,0,1,Store,Tier 1,0
C01273,11,25.0,17,669.0,10967.0,7,0.35,0,0,Both,Tier 1,0
C01274,16,69.0,9,895.0,7714.0,3,0.36,0,0,Online,Tier 2,0
C01275,54,84.0,7,635.0,5015.0,2,0.2,0,1,Store,Tier 1,0
C01276,45,89.0,15,1000.0,16676.0,6,0.77,0,1,Store,Tier 1,0
C01277,48,20.0,13,1059.0,11089.0,2,0.46,0,1,Store,Tier 3,0
C01278,31,54.0,11,937.0,11965.0,4,0.49,2,0,Store,Tier 3,0
C01279,15,52.0,13,1513.0,21717.0,8,0.32,0,0,Store,Tier 2,1
C01280,12,21.0,13,1068.0,14870.0,8,0.1,1,0,Store,Tier 2,0
C01281,32,24.0,9,927.0,9631.0,5,0.28,0,1,Store,Tier 1,0
C01282,33,11.0,20,646.0,13774.0,3,0.43,0,1,Both,Tier 3,0
C01283,43,62.0,6,428.0,2613.0,1,0.14,0,1,Store,Tier 2,1
C01284,45,44.0,12,979.0,12152.0,4,0.18,0,1,Store,Tier 2,0
C01285,31,77.0,10,1039.0,10114.0,4,0.25,0,1,Both,Tier 1,0
C01286,45,10.0,17,480.0,8355.0,3,0.49,1,0,Store,Tier 2,0
C01287,59,40.0,13,756.0,8621.0,3,0.24,0,1,Online,Tier 3,0
C01288,23,94.0,9,,5315.0,2,0.75,2,0,Store,Tier 1,1
C01289,32,42.0,14,1373.0,20265.0,4,0.77,0,0,Both,Tier 1,0
C01290,37,198.0,6,1073.0,5460.0,3,0.23,1,1,Both,Tier 3,0
C01291,1,68.0,9,711.0,6670.0,4,0.31,0,0,Store,Tier 1,0
C01292,26,46.0,14,1256.0,18197.0,3,0.31,0,0,Store,Tier 2,0
C01293,29,81.0,12,378.0,3687.0,2,0.18,0,1,Store,Tier 1,0
C01294,58,97.0,10,771.0,8479.0,3,0.08,0,0,Both,Tier 2,0
C01295,43,16.0,17,837.0,16068.0,4,0.36,0,1,Store,Tier 2,0
C01296,12,18.0,11,769.0,7269.0,3,0.17,0,0,Both,Tier 1,0
C01297,19,29.0,10,1110.0,11904.0,4,0.12,0,0,Store,Tier 2,0
C01298,49,63.0,11,638.0,8215.0,5,0.14,0,1,Store,Tier 1,0
C01299,25,187.0,14,589.0,6972.0,6,0.36,0,1,Store,Tier 1,0
C01300,42,102.0,6,713.0,4707.0,2,0.38,0,1,Online,Tier 2,0
C01301,23,144.0,14,1415.0,23682.0,1,0.34,0,1,Both,Tier 2,0
C01302,48,10.0,20,1097.0,19415.0,7,0.09,1,1,Store,Tier 3,0
C01303,41,70.0,11,448.0,5912.0,1,0.3,0,0,Store,Tier 2,0
C01304,57,28.0,13,1010.0,11375.0,5,0.28,0,1,Store,Tier 1,0
C01305,54,29.0,8,1514.0,11629.0,2,0.15,0,0,Store,Tier 2,0
C01306,30,61.0,18,1623.0,33806.0,1,0.83,0,0,Store,Tier 2,0
C01307,29,25.0,16,1486.0,26353.0,5,0.43,0,0,Store,Tier 1,1
C01308,49,109.0,9,811.0,8634.0,5,0.58,2,0,Both,Tier 1,1
C01309,7,25.0,10,835.0,7219.0,5,0.14,0,0,Both,Tier 3,0
C01310,59,9.0,9,618.0,5249.0,2,0.59,0,1,Online,Tier 3,0
C01311,38,51.0,9,1201.0,12027.0,3,0.43,0,0,Both,Tier 3,0
C01312,10,79.0,8,570.0,5223.0,3,0.43,0,0,Online,Tier 1,0
C01313,47,126.0,4,219.0,882.0,8,0.37,0,1,Store,Tier 2,0
C01314,3,109.0,15,814.0,12695.0,4,0.29,0,0,Both,Tier 3,0
C01315,34,91.0,8,1064.0,6823.0,3,0.65,0,1,Both,Tier 3,0
C01316,4,6.0,10,1094.0,9386.0,3,0.32,1,0,Both,Tier 1,0
C01317,21,40.0,13,1880.0,24684.0,4,0.28,0,1,Online,Tier 2,0
C01318,42,4.0,14,,12294.0,2,0.3,1,0,Both,Tier 1,0
C01319,54,80.0,14,1041.0,14981.0,4,0.76,0,0,Store,Tier 2,0
C01320,2,27.0,18,559.0,11047.0,3,0.85,1,0,Store,Tier 1,0
C01321,10,29.0,16,866.0,14229.0,4,0.33,0,0,Both,Tier 2,0
C01322,30,61.0,17,540.0,9379.0,4,0.49,2,0,Online,Tier 2,0
C01323,16,29.0,15,1676.0,22090.0,3,0.18,1,0,Store,Tier 1,0
C01324,43,75.0,14,936.0,14244.0,5,0.31,1,0,Both,Tier 3,0
C01325,14,86.0,8,1031.0,8896.0,4,0.42,1,0,Both,Tier 1,0
C01326,28,11.0,19,514.0,11085.0,6,0.4,0,0,Store,Tier 2,0
C01327,7,22.0,13,793.0,8679.0,5,0.57,0,0,Both,Tier 3,1
C01328,12,295.0,2,902.0,1646.0,6,0.22,0,0,Both,Tier 2,1
C01329,50,23.0,12,1126.0,10888.0,4,0.51,1,0,Both,Tier 2,0
C01330,23,65.0,9,940.0,8147.0,3,0.45,1,1,Store,Tier 3,1
C01331,16,42.0,13,1067.0,14775.0,2,0.31,2,1,Both,Tier 1,0
C01332,20,25.0,7,1502.0,11609.0,3,0.49,0,1,Store,Tier 1,0
C01333,10,20.0,13,992.0,11812.0,2,0.17,0,0,Store,Tier 3,0
C01334,28,123.0,9,733.0,7161.0,5,0.69,0,0,Store,Tier 3,1
C01335,35,35.0,11,1141.0,13402.0,7,0.3,0,1,Online,Tier 1,0
C01336,31,30.0,13,1422.0,19137.0,1,0.43,0,0,Online,Tier 2,0
C01337,21,39.0,16,870.0,16478.0,4,0.8,0,0,Both,Tier 1,0
C01338,38,53.0,15,955.0,16488.0,4,0.47,1,1,Store,Tier 1,0
C01339,51,111.0,10,652.0,6356.0,4,0.63,0,1,Online,Tier 1,0
C01340,41,16.0,13,175.0,1968.0,5,0.26,0,1,Online,Tier 1,0
C01341,13,20.0,5,735.0,3261.0,4,0.76,0,1,Store,Tier 1,0
C01342,29,30.0,12,1170.0,16058.0,6,0.43,1,0,Store,Tier 1,0
C01343,9,1.0,16,984.0,16077.0,3,0.39,0,1,Both,Tier 2,0
C01344,7,51.0,10,646.0,7748.0,3,0.38,1,1,Both,Tier 1,0
C01345,53,7.0,9,1285.0,13193.0,4,0.47,0,1,Both,Tier 3,0
C01346,23,29.0,17,749.0,12255.0,3,0.84,0,1,Online,Tier 2,0
C01347,15,147.0,4,811.0,3714.0,6,0.15,0,0,Store,Tier 1,0
C01348,48,100.0,7,1294.0,8762.0,1,0.1,1,1,Both,Tier 1,0
C01349,33,44.0,11,953.0,11821.0,2,0.44,0,1,Store,Tier 1,0
C01350,33,51.0,13,1436.0,22189.0,6,0.57,0,1,Store,Tier 1,0
C01351,48,40.0,13,774.0,10633.0,7,0.84,0,1,Store,Tier 2,0
C01352,59,22.0,14,431.0,6912.0,4,0.11,0,0,Store,Tier 2,1
C01353,54,12.0,10,1014.0,11764.0,8,0.73,0,1,Store,Tier 1,0
C01354,12,79.0,9,1074.0,9400.0,3,0.45,0,0,Store,Tier 3,0
C01355,31,84.0,13,817.0,11112.0,3,0.29,0,1,Store,Tier 2,1
C01356,52,169.0,8,694.0,6140.0,5,0.44,0,0,Both,Tier 2,1
C01357,9,56.0,8,953.0,8469.0,4,0.82,1,1,Online,Tier 1,0
C01358,18,54.0,11,906.0,8301.0,3,0.22,0,0,Online,Tier 3,0
C01359,59,40.0,9,1092.0,9125.0,1,0.28,0,0,Store,Tier 2,1
C01360,6,61.0,11,728.0,9525.0,6,0.16,0,0,Store,Tier 2,0
C01361,47,44.0,15,945.0,12065.0,3,0.15,1,0,Both,Tier 1,0
C01362,28,9.0,15,1023.0,15013.0,3,0.11,0,1,Online,Tier 2,0
C01363,3,110.0,11,686.0,6580.0,4,0.53,0,0,Both,Tier 1,1
C01364,28,111.0,8,977.0,9292.0,3,0.67,1,0,Store,Tier 1,1
C01365,8,43.0,14,599.0,9892.0,7,0.3,1,1,Both,Tier 2,0
C01366,57,102.0,10,702.0,6262.0,2,0.42,0,1,Both,Tier 2,0
C01367,59,80.0,16,,15687.0,7,0.57,0,1,Both,Tier 3,0
C01368,50,95.0,13,1344.0,20212.0,6,0.31,0,1,Store,Tier 1,0
C01369,14,92.0,7,658.0,4089.0,3,0.27,0,1,Online,Tier 1,0
C01370,59,77.0,9,1157.0,9047.0,4,0.17,0,0,Store,Tier 3,1
C01371,34,96.0,15,757.0,11346.0,6,0.14,0,1,Store,Tier 3,0
C01372,15,46.0,13,507.0,6513.0,3,0.34,0,0,Store,Tier 2,0
C01373,39,21.0,11,807.0,9745.0,7,0.25,0,1,Both,Tier 2,0
C01374,39,24.0,16,683.0,12096.0,6,0.25,0,0,Store,Tier 2,0
C01375,25,31.0,9,744.0,6945.0,4,0.14,0,1,Online,Tier 2,0
C01376,54,271.0,2,815.0,1369.0,2,0.38,1,1,Store,Tier 1,1
C01377,17,96.0,9,822.0,8675.0,5,0.2,0,0,Store,Tier 2,0
C01378,31,13.0,12,1317.0,18623.0,5,0.72,0,0,Online,Tier 1,0
C01379,53,37.0,14,1414.0,18155.0,1,0.4,0,1,Both,Tier 1,0
C01380,58,43.0,13,766.0,8108.0,4,0.27,0,1,Online,Tier 2,0
C01381,30,97.0,7,781.0,6295.0,2,0.36,0,0,Online,Tier 3,0
C01382,33,28.0,15,1029.0,16389.0,3,0.75,0,1,Online,Tier 2,0
C01383,60,26.0,16,304.0,4893.0,4,0.11,0,1,Both,Tier 1,0
C01384,42,44.0,9,1331.0,10732.0,3,0.05,0,1,Both,Tier 3,1
C01385,60,82.0,7,340.0,1963.0,2,0.18,0,1,Both,Tier 1,0
C01386,26,45.0,8,1102.0,7498.0,2,0.52,0,1,Both,Tier 2,0
C01387,11,2.0,20,829.0,16719.0,2,0.51,0,0,Store,Tier 1,0
C01388,25,56.0,10,696.0,5795.0,6,0.3,0,1,Online,Tier 2,0
C01389,18,1.0,16,1210.0,16831.0,5,0.1,0,1,Both,Tier 1,0
C01390,58,59.0,12,1336.0,14160.0,4,0.47,1,0,Both,Tier 1,0
C01391,6,36.0,6,820.0,4189.0,2,0.66,0,0,Store,Tier 1,0
C01392,27,25.0,8,885.0,6932.0,2,0.05,0,0,Store,Tier 1,0
C01393,55,130.0,13,1404.0,14737.0,4,0.34,0,1,Store,Tier 2,0
C01394,12,10.0,13,958.0,11756.0,5,0.37,1,0,Store,Tier 2,0
C01395,18,20.0,8,1033.0,8317.0,2,0.21,0,1,Store,Tier 2,0
C01396,23,37.0,12,354.0,3699.0,2,0.41,0,1,Both,Tier 2,0
C01397,26,79.0,8,662.0,4237.0,5,0.83,0,0,Both,Tier 2,0
C01398,59,25.0,14,896.0,11811.0,3,0.35,1,0,Both,Tier 1,0
C01399,33,31.0,13,819.0,10723.0,3,0.13,0,0,Store,Tier 2,0
C01400,47,87.0,8,963.0,6571.0,5,0.57,0,0,Both,Tier 3,0
C01401,19,144.0,8,967.0,8618.0,6,0.35,0,0,Online,Tier 3,1
C01402,57,8.0,22,972.0,18073.0,5,0.54,0,1,Both,Tier 2,0
C01403,24,45.0,12,1292.0,13580.0,2,0.21,1,1,Both,Tier 2,1
C01404,6,98.0,11,1030.0,12583.0,7,0.33,0,0,Online,Tier 2,0
C01405,3,113.0,13,797.0,11784.0,3,0.41,0,1,Store,Tier 2,0
C01406,43,67.0,10,1132.0,11026.0,4,0.41,0,0,Store,Tier 2,0
C01407,48,51.0,13,1005.0,12154.0,3,0.41,0,1,Both,Tier 1,0
C01408,24,59.0,14,1131.0,13880.0,4,0.42,0,0,Both,Tier 1,0
C01409,56,173.0,9,559.0,5569.0,6,0.35,0,1,Online,Tier 1,1
C01410,29,134.0,13,1280.0,13461.0,7,0.44,0,0,Both,Tier 2,0
C01411,42,51.0,16,579.0,11069.0,1,0.23,1,0,Both,Tier 1,0
C01412,2,139.0,6,1353.0,8201.0,4,0.09,0,0,Store,Tier 1,0
C01413,11,96.0,7,1183.0,7251.0,4,0.44,0,1,Store,Tier 2,1
C01414,20,75.0,10,600.0,6843.0,2,0.75,1,0,Both,Tier 1,0
C01415,13,3.0,24,928.0,25371.0,6,0.58,0,0,Store,Tier 2,0
C01416,48,103.0,12,813.0,8164.0,5,0.35,1,1,Store,Tier 1,0
C01417,38,94.0,12,712.0,6935.0,3,0.35,0,1,Online,Tier 3,0
C01418,17,66.0,5,1153.0,5878.0,3,0.25,0,1,Both,Tier 1,0
C01419,39,21.0,11,982.0,10393.0,5,0.38,2,0,Store,Tier 2,1
C01420,18,57.0,18,439.0,7648.0,2,0.36,0,0,Store,Tier 2,0
C01421,25,13.0,12,798.0,8516.0,4,0.13,0,0,Both,Tier 2,1
C01422,26,133.0,7,745.0,4880.0,3,0.29,0,0,Both,Tier 2,1
C01423,51,56.0,17,289.0,4534.0,3,0.81,0,1,Both,Tier 2,0
C01424,52,1.0,15,712.0,10280.0,4,0.38,0,0,Store,Tier 3,0
C01425,55,15.0,13,1059.0,12626.0,6,0.62,1,1,Online,Tier 3,0
C01426,26,161.0,2,1074.0,2264.0,4,0.72,1,0,Store,Tier 1,0
C01427,47,49.0,7,541.0,3085.0,7,0.1,1,1,Store,Tier 3,0
C01428,45,46.0,9,1512.0,14092.0,4,0.61,1,1,Online,Tier 1,0
C01429,48,13.0,10,798.0,6681.0,2,0.31,0,1,Online,Tier 2,0
C01430,57,29.0,13,1080.0,13684.0,4,0.51,0,1,Online,Tier 1,0
C01431,48,20.0,15,770.0,10763.0,5,0.53,0,1,Online,Tier 2,0
C01432,10,64.0,9,241.0,2060.0,4,0.1,0,1,Both,Tier 2,0
C01433,45,43.0,5,1241.0,5856.0,6,0.01,0,0,Both,Tier 3,0
C01434,41,11.0,15,870.0,11920.0,4,0.6,0,1,Online,Tier 3,0
C01435,27,5.0,10,844.0,9448.0,5,0.4,1,1,Both,Tier 1,0
C01436,11,121.0,7,723.0,4417.0,4,0.65,0,0,Store,Tier 1,0
C01437,23,64.0,9,503.0,3736.0,3,0.35,0,0,Both,Tier 2,0
C01438,7,63.0,13,1442.0,19127.0,6,0.38,1,0,Online,Tier 1,0
C01439,18,25.0,16,732.0,11666.0,6,0.24,1,0,Store,Tier 2,0
C01440,47,77.0,13,654.0,6842.0,5,0.4,1,1,Store,Tier 1,0
C01441,1,43.0,17,747.0,12352.0,5,0.38,1,1,Both,Tier 1,0
C01442,18,38.0,16,685.0,12735.0,4,0.44,0,1,Online,Tier 1,0
C01443,3,8.0,8,823.0,7684.0,6,0.18,0,0,Store,Tier 2,0
C01444,11,16.0,15,705.0,11492.0,4,0.59,0,0,Store,Tier 3,0
C01445,59,100.0,6,1153.0,8143.0,4,0.52,0,1,Online,Tier 1,0
C01446,48,44.0,10,655.0,7753.0,3,0.67,0,1,Store,Tier 3,0
C01447,60,9.0,14,708.0,10328.0,4,0.17,0,1,Store,Tier 2,0
C01448,14,48.0,10,789.0,6325.0,5,0.52,0,0,Store,Tier 2,0
C01449,54,40.0,15,948.0,15094.0,5,0.48,0,1,Both,Tier 1,1
C01450,25,137.0,8,1538.0,12508.0,3,0.77,0,0,Both,Tier 3,1
C01451,5,70.0,14,825.0,13084.0,6,0.09,0,0,Online,Tier 3,0
C01452,2,22.0,10,1031.0,11447.0,1,0.32,1,0,Store,Tier 2,0
C01453,46,60.0,12,668.0,9203.0,7,0.35,0,0,Both,Tier 3,0
C01454,22,13.0,14,1331.0,19354.0,3,0.66,0,0,Store,Tier 2,0
C01455,58,56.0,13,802.0,9595.0,1,0.37,2,1,Store,Tier 1,0
C01456,14,11.0,13,559.0,5859.0,3,0.27,0,0,Both,Tier 1,0
C01457,48,37.0,17,468.0,6811.0,3,0.48,0,0,Both,Tier 2,0
C01458,10,105.0,18,957.0,19397.0,4,0.18,1,0,Both,Tier 3,1
C01459,36,46.0,15,263.0,3879.0,4,0.25,0,0,Store,Tier 3,0
C01460,41,12.0,13,1026.0,12304.0,4,0.54,1,1,Store,Tier 2,0
C01461,51,21.0,14,663.0,8469.0,3,0.26,0,1,Online,Tier 1,0
C01462,54,142.0,4,916.0,4260.0,2,0.31,0,1,Store,Tier 1,0
C01463,12,64.0,14,837.0,12717.0,1,0.4,0,0,Store,Tier 2,0
C01464,22,48.0,12,912.0,12643.0,3,0.1,1,1,Store,Tier 1,0
C01465,21,75.0,17,406.0,8255.0,4,0.08,1,1,Store,Tier 3,0
C01466,1,50.0,17,540.0,9448.0,4,0.3,0,1,Store,Tier 1,0
C01467,31,10.0,15,1182.0,16569.0,5,0.2,0,0,Both,Tier 2,1
C01468,37,114.0,9,602.0,5469.0,3,0.89,1,0,Store,Tier 1,0
C01469,26,157.0,12,1121.0,12933.0,3,0.62,0,1,Store,Tier 1,1
C01470,19,49.0,13,864.0,11561.0,1,0.66,0,1,Both,Tier 1,0
C01471,60,95.0,9,1197.0,11806.0,2,0.78,0,0,Store,Tier 2,0
C01472,59,95.0,16,1159.0,15425.0,4,0.28,0,1,Both,Tier 1,0
C01473,43,38.0,11,923.0,11476.0,4,0.53,0,1,Both,Tier 3,1
C01474,25,39.0,8,312.0,2119.0,7,0.3,0,1,Online,Tier 1,0
C01475,7,73.0,13,721.0,9124.0,5,0.8,1,0,Store,Tier 3,0
C01476,2,109.0,10,1676.0,14478.0,4,0.48,2,0,Store,Tier 1,1
C01477,33,62.0,12,740.0,8888.0,3,0.74,1,1,Both,Tier 3,0
C01478,23,42.0,19,947.0,17604.0,4,0.29,0,1,Store,Tier 2,0
C01479,40,37.0,19,1133.0,23663.0,5,0.54,0,0,Store,Tier 1,0
C01480,36,21.0,13,783.0,8309.0,3,0.46,0,0,Both,Tier 2,1
C01481,4,66.0,12,348.0,4445.0,5,0.45,0,1,Store,Tier 2,0
C01482,33,92.0,12,673.0,8087.0,7,0.39,0,1,Both,Tier 1,0
C01483,7,128.0,8,1420.0,9285.0,3,0.4,2,1,Store,Tier 2,0
C01484,54,75.0,14,747.0,9942.0,4,0.27,0,1,Store,Tier 1,0
C01485,25,31.0,11,1193.0,14758.0,3,0.83,1,1,Online,Tier 1,0
C01486,36,30.0,15,629.0,8569.0,3,0.42,0,0,Both,Tier 2,1
C01487,49,44.0,15,681.0,11566.0,3,0.48,0,1,Online,Tier 1,0
C01488,44,45.0,14,1092.0,15711.0,1,0.16,0,1,Online,Tier 2,1
C01489,35,102.0,15,1135.0,16744.0,8,0.32,1,0,Online,Tier 2,0
C01490,39,365.0,2,1169.0,2079.0,4,0.66,0,1,Online,Tier 2,0
C01491,60,17.0,10,1222.0,13341.0,5,0.46,0,1,Store,Tier 1,0
C01492,51,45.0,7,793.0,4679.0,3,0.36,0,1,Online,Tier 1,0
C01493,47,68.0,13,847.0,10785.0,3,0.69,0,1,Both,Tier 1,0
C01494,2,143.0,13,809.0,10496.0,5,0.43,1,0,Store,Tier 2,0
C01495,6,68.0,9,867.0,8410.0,5,0.29,0,1,Online,Tier 3,0
C01496,46,52.0,15,1389.0,18888.0,5,0.47,0,1,Online,Tier 1,0
C01497,40,8.0,21,749.0,16667.0,3,0.2,1,0,Both,Tier 3,0
C01498,18,72.0,12,1062.0,14477.0,2,0.37,0,0,Both,Tier 2,0
C01499,59,23.0,18,1017.0,17196.0,4,0.4,0,0,Store,Tier 2,1
C01500,59,33.0,15,797.0,10538.0,3,0.61,0,1,Online,Tier 1,0
C01501,6,146.0,12,909.0,11548.0,3,0.4,1,0,Both,Tier 2,1
C01502,37,19.0,9,150.0,1610.0,3,0.64,1,1,Both,Tier 1,1
C01503,14,84.0,14,628.0,7187.0,3,0.5,0,0,Online,Tier 1,0
C01504,60,38.0,13,918.0,12231.0,4,0.56,0,1,Store,Tier 2,1
C01505,8,28.0,11,318.0,3414.0,4,0.56,0,0,Store,Tier 2,0
C01506,24,5.0,15,899.0,12070.0,2,0.23,0,1,Store,Tier 1,0
C01507,36,20.0,12,819.0,11031.0,2,0.22,0,1,Store,,0
C01508,49,10.0,8,1258.0,9470.0,5,0.6,0,1,Both,Tier 1,0
C01509,24,18.0,8,527.0,4793.0,5,0.53,2,0,Store,Tier 1,1
C01510,27,62.0,8,940.0,8983.0,2,0.22,0,1,Both,Tier 1,0
C01511,14,161.0,8,1127.0,9941.0,5,0.13,1,0,Store,Tier 1,0
C01512,26,58.0,18,767.0,15729.0,3,0.17,0,0,Both,Tier 1,0
C01513,2,291.0,4,364.0,1520.0,2,0.18,0,0,Online,Tier 2,1
C01514,26,13.0,20,758.0,14518.0,4,0.53,0,0,Store,Tier 1,0
C01515,24,8.0,18,683.0,9913.0,4,0.32,0,0,Online,Tier 1,0
C01516,17,18.0,13,994.0,14054.0,5,0.15,0,0,Online,Tier 3,0
C01517,22,28.0,13,880.0,12957.0,4,0.14,0,1,Store,Tier 3,0
C01518,13,91.0,13,1132.0,13165.0,3,0.87,0,0,Both,Tier 3,0
C01519,48,61.0,11,994.0,12984.0,3,0.09,0,0,Both,Tier 1,0
C01520,4,31.0,13,1157.0,16777.0,4,0.29,0,1,Online,Tier 2,0
C01521,23,90.0,12,598.0,8257.0,1,0.49,0,1,Both,Tier 2,1
C01522,26,30.0,9,618.0,5419.0,1,0.22,0,0,Both,Tier 1,0
C01523,56,11.0,13,1112.0,14100.0,7,0.5,2,0,Store,Tier 2,0
C01524,43,35.0,6,881.0,4807.0,3,0.07,0,1,Store,Tier 2,0
C01525,14,44.0,14,1620.0,26646.0,6,0.47,0,1,Online,Tier 3,0
C01526,52,40.0,13,948.0,12215.0,3,0.34,0,1,Store,Tier 2,0
C01527,27,93.0,9,1002.0,9871.0,1,0.2,0,0,Store,Tier 1,0
C01528,27,49.0,15,636.0,8857.0,5,0.54,0,1,Online,Tier 1,0
C01529,47,45.0,18,608.0,9056.0,4,0.32,0,0,Store,Tier 2,0
C01530,15,21.0,7,795.0,5428.0,4,0.46,2,0,Store,Tier 2,0
C01531,47,22.0,18,346.0,5818.0,4,0.74,0,1,Online,Tier 1,0
C01532,31,86.0,9,814.0,8312.0,4,0.54,0,0,Store,Tier 2,0
C01533,51,52.0,13,156.0,1962.0,1,0.3,0,1,Store,Tier 3,1
C01534,23,91.0,9,840.0,6514.0,4,0.67,0,0,Online,Tier 2,1
C01535,15,34.0,20,418.0,7113.0,2,0.75,1,1,Store,Tier 3,0
C01536,4,82.0,7,838.0,6649.0,2,0.12,0,0,Store,Tier 2,0
C01537,60,41.0,10,965.0,8081.0,6,0.21,2,1,Store,Tier 1,0
C01538,28,8.0,18,718.0,13855.0,1,0.58,0,0,Store,Tier 2,0
C01539,28,136.0,6,896.0,5489.0,3,0.31,0,0,Online,Tier 1,1
C01540,49,52.0,12,1017.0,13791.0,7,0.48,2,1,Both,Tier 2,0
C01541,55,8.0,9,1587.0,13634.0,4,0.55,0,1,Store,Tier 3,0
C01542,55,73.0,9,730.0,5882.0,7,0.18,3,1,Both,Tier 2,0
C01543,32,31.0,15,439.0,7362.0,4,0.45,1,1,Online,Tier 2,0
C01544,46,65.0,18,685.0,10533.0,3,0.45,0,0,Online,Tier 2,0
C01545,29,84.0,9,828.0,7360.0,4,0.48,1,1,Both,Tier 3,0
C01546,50,35.0,12,853.0,8530.0,7,0.57,0,1,Online,Tier 3,1
C01547,27,12.0,14,1166.0,16762.0,4,0.88,0,1,Store,Tier 2,0
C01548,50,49.0,12,586.0,7943.0,5,0.33,0,0,Store,Tier 2,0
C01549,12,25.0,15,853.0,13946.0,3,0.5,0,0,Store,Tier 1,0
C01550,45,185.0,6,904.0,5290.0,5,0.45,0,1,Store,Tier 2,0
C01551,22,92.0,8,1456.0,13325.0,2,0.52,0,1,Store,Tier 2,0
C01552,37,77.0,12,413.0,4682.0,3,0.34,0,0,Store,Tier 2,0
C01553,7,105.0,20,716.0,15471.0,3,0.52,0,0,Store,Tier 2,0
C01554,6,77.0,19,1085.0,21549.0,3,0.33,0,0,Store,Tier 1,0
C01555,57,47.0,17,791.0,13748.0,3,0.35,1,1,Store,Tier 1,0
C01556,2,20.0,14,219.0,3057.0,6,0.2,1,0,Both,Tier 1,0
C01557,15,26.0,21,,7843.0,1,0.18,0,0,Both,Tier 2,0
C01558,7,18.0,14,1435.0,20482.0,6,0.48,0,1,Online,Tier 3,0
C01559,12,32.0,10,633.0,7421.0,3,0.68,0,1,Store,Tier 2,0
C01560,11,73.0,9,1126.0,9774.0,4,0.64,0,0,Store,Tier 3,1
C01561,43,311.0,0,924.0,0.0,4,0.44,1,0,Online,Tier 2,1
C01562,4,22.0,8,675.0,4672.0,4,0.31,0,1,Online,Tier 2,0
C01563,50,80.0,9,1480.0,13514.0,1,0.53,2,1,Store,Tier 1,1
C01564,41,76.0,9,,5938.0,7,0.1,0,1,Both,Tier 1,0
C01565,8,127.0,12,715.0,8389.0,2,0.45,0,1,Store,Tier 1,0
C01566,28,24.0,9,565.0,4578.0,5,0.17,0,1,Both,Tier 1,1
C01567,26,60.0,6,523.0,3136.0,5,0.25,1,0,Online,Tier 3,1
C01568,26,2.0,14,674.0,9269.0,8,0.75,0,1,Store,Tier 3,0
C01569,16,36.0,10,1074.0,11631.0,4,0.3,2,0,Both,Tier 1,0
C01570,16,4.0,11,1016.0,12323.0,3,0.46,1,0,Store,Tier 1,0
C01571,6,34.0,12,936.0,9233.0,2,0.39,0,0,Online,Tier 2,0
C01572,47,76.0,10,595.0,6928.0,4,0.45,0,1,Both,Tier 1,0
C01573,47,12.0,16,687.0,10147.0,8,0.7,1,1,Online,Tier 2,0
C01574,24,10.0,11,768.0,10035.0,2,0.25,1,1,Online,Tier 1,1
C01575,51,85.0,12,1199.0,14907.0,7,0.37,0,1,Both,Tier 3,0
C01576,4,49.0,9,824.0,6822.0,5,0.41,2,0,Store,Tier 2,0
C01577,19,6.0,16,757.0,10813.0,1,0.65,0,1,Store,Tier 1,0
C01578,3,34.0,10,1119.0,11965.0,3,0.35,2,0,Store,Tier 3,0
C01579,53,37.0,6,191.0,999.0,7,0.72,2,1,Both,Tier 1,1
C01580,17,81.0,14,517.0,6480.0,4,0.15,0,1,Both,Tier 1,0
C01581,26,68.0,12,866.0,11528.0,6,0.32,0,1,Both,Tier 2,0
C01582,6,95.0,10,960.0,10938.0,3,0.44,0,0,Store,Tier 2,1
C01583,29,15.0,14,1229.0,15515.0,6,0.52,0,1,Both,Tier 3,0
C01584,1,176.0,6,641.0,3083.0,5,0.19,0,0,Both,Tier 3,0
C01585,9,50.0,13,795.0,9743.0,4,0.32,0,1,Store,Tier 2,0
C01586,3,19.0,13,1139.0,15033.0,8,0.49,1,1,Online,Tier 3,0
C01587,46,46.0,11,1304.0,13272.0,6,0.05,1,1,Store,Tier 2,0
C01588,42,49.0,12,552.0,7407.0,4,0.69,0,0,Online,Tier 2,0
C01589,4,29.0,11,590.0,7157.0,3,0.51,0,0,Online,Tier 1,0
C01590,4,110.0,11,1134.0,10750.0,4,0.19,1,1,Online,Tier 2,0
C01591,16,160.0,5,1029.0,4161.0,4,0.34,0,1,Store,Tier 2,0
C01592,27,35.0,14,1123.0,16598.0,2,0.48,0,0,Store,Tier 2,0
C01593,17,26.0,13,1564.0,23256.0,5,0.45,0,0,Store,Tier 1,1
C01594,26,8.0,13,989.0,14008.0,7,0.18,0,0,Both,Tier 2,0
C01595,35,100.0,7,1022.0,8147.0,2,0.41,1,1,Both,Tier 2,0
C01596,12,66.0,7,1255.0,7903.0,4,0.44,0,0,Store,Tier 2,1
C01597,2,207.0,8,1575.0,14983.0,7,0.54,0,1,Store,Tier 1,1
C01598,58,78.0,8,1008.0,6990.0,4,0.56,0,0,Online,Tier 2,0
C01599,35,90.0,11,735.0,6741.0,6,0.13,0,0,Store,Tier 1,0
C01600,48,64.0,11,1087.0,9956.0,3,0.51,1,0,Both,Tier 1,1
C01601,28,37.0,17,1064.0,18945.0,2,0.83,0,0,Store,Tier 1,0
C01602,44,32.0,14,496.0,5702.0,2,0.21,0,1,Both,Tier 2,0
C01603,40,103.0,18,855.0,15166.0,5,0.48,1,1,Both,Tier 1,0
C01604,8,75.0,6,1126.0,6322.0,6,0.65,1,0,Both,Tier 3,1
C01605,35,55.0,13,1336.0,13987.0,5,0.51,0,1,Store,Tier 2,0
C01606,11,1.0,11,781.0,9971.0,1,0.36,1,0,Store,Tier 2,1
C01607,15,7.0,18,769.0,14095.0,4,0.77,1,1,Both,Tier 1,0
C01608,20,108.0,7,859.0,4916.0,1,0.45,0,0,Store,Tier 2,1
C01609,25,32.0,14,1363.0,17543.0,5,0.24,0,1,Both,Tier 3,0
C01610,26,95.0,10,441.0,3563.0,3,0.43,0,0,Both,Tier 1,0
C01611,16,54.0,16,513.0,7175.0,3,0.57,1,1,Online,Tier 1,0
C01612,10,8.0,13,985.0,13321.0,5,0.43,0,1,Both,Tier 1,0
C01613,13,21.0,8,1052.0,6973.0,5,0.32,0,1,Online,Tier 2,0
C01614,13,73.0,12,931.0,10480.0,3,0.09,0,1,Both,Tier 2,0
C01615,6,32.0,11,150.0,1471.0,7,0.03,2,0,Store,Tier 2,0
C01616,4,73.0,9,1322.0,11162.0,3,0.51,1,1,Store,Tier 2,0
C01617,27,53.0,10,1502.0,14062.0,4,0.07,0,1,Online,Tier 1,0
C01618,28,241.0,4,1168.0,4793.0,2,0.63,0,1,Store,Tier 2,0
C01619,53,68.0,8,826.0,5323.0,3,0.28,0,1,Store,Tier 1,0
C01620,39,44.0,6,759.0,4959.0,4,0.57,1,0,Online,Tier 2,0
C01621,25,40.0,10,956.0,8023.0,2,0.06,0,1,Store,Tier 1,0
C01622,46,20.0,11,1077.0,13762.0,3,0.26,0,1,Store,Tier 2,0
C01623,54,58.0,11,869.0,10329.0,3,0.7,0,1,Store,Tier 3,0
C01624,46,19.0,13,,14200.0,5,0.53,0,1,Both,Tier 2,0
C01625,19,26.0,10,404.0,4303.0,6,0.59,0,0,Both,Tier 3,1
C01626,58,89.0,8,1210.0,10567.0,4,0.13,0,0,Both,Tier 2,0
C01627,54,1.0,14,581.0,9291.0,2,0.38,0,1,Both,Tier 2,0
C01628,28,81.0,12,1286.0,13152.0,3,0.64,0,0,Online,Tier 1,0
C01629,4,183.0,8,1350.0,9852.0,5,0.06,0,0,Both,Tier 1,0
C01630,36,61.0,10,636.0,7082.0,3,0.15,0,1,Both,Tier 1,1
C01631,1,110.0,16,761.0,13834.0,2,0.43,0,0,Store,Tier 2,0
C01632,16,66.0,11,1212.0,11099.0,4,0.32,0,0,Both,Tier 3,0
C01633,8,91.0,13,893.0,11124.0,3,0.35,1,0,Both,Tier 1,0
C01634,25,155.0,2,865.0,2028.0,5,0.22,0,1,Both,Tier 1,1
C01635,30,7.0,14,809.0,13566.0,5,0.23,1,0,Store,Tier 1,0
C01636,21,62.0,7,1522.0,12553.0,3,0.31,0,0,Both,Tier 1,0
C01637,50,85.0,10,331.0,2908.0,4,0.43,0,1,Store,Tier 1,1
C01638,59,5.0,12,1068.0,14262.0,3,0.37,2,0,Online,Tier 3,0
C01639,2,76.0,14,509.0,7066.0,2,0.16,2,1,Store,Tier 2,0
C01640,29,17.0,19,429.0,8836.0,1,0.68,0,1,Store,Tier 1,0
C01641,14,17.0,9,803.0,6029.0,4,0.48,0,1,Online,Tier 2,1
C01642,42,31.0,12,1023.0,14445.0,4,0.73,0,1,Both,Tier 2,0
C01643,56,15.0,12,716.0,9692.0,5,0.35,0,1,Store,Tier 3,0
C01644,58,49.0,14,599.0,7520.0,2,0.09,0,0,Store,Tier 1,0
C01645,43,79.0,7,745.0,4404.0,3,0.75,0,1,Store,Tier 2,1
C01646,40,74.0,10,761.0,7881.0,7,0.32,0,0,Store,Tier 3,0
C01647,60,59.0,18,753.0,14970.0,2,0.4,0,1,Both,Tier 2,1
C01648,42,156.0,6,1493.0,10551.0,2,0.3,0,0,Online,Tier 1,0
C01649,27,134.0,9,1393.0,10161.0,5,0.86,0,1,Store,Tier 3,0
C01650,14,80.0,12,506.0,4919.0,6,0.33,2,0,Store,Tier 2,0
C01651,39,29.0,20,1743.0,36475.0,6,0.4,0,1,Store,Tier 1,0
C01652,4,20.0,18,831.0,15282.0,3,0.45,0,0,Store,Tier 2,0
C01653,36,93.0,8,1092.0,10222.0,4,0.11,0,0,Both,Tier 2,1
C01654,55,43.0,18,593.0,10597.0,4,0.27,0,1,Both,Tier 1,0
C01655,5,34.0,10,448.0,4740.0,3,0.6,0,1,Store,Tier 2,0
C01656,26,74.0,5,1118.0,6279.0,5,0.1,0,1,Both,Tier 2,0
C01657,56,65.0,10,537.0,5670.0,3,0.32,0,1,Store,Tier 1,1
C01658,18,104.0,10,1135.0,9491.0,4,0.46,0,1,Store,Tier 2,0
C01659,43,16.0,11,922.0,10164.0,3,0.24,0,0,Both,Tier 2,0
C01660,32,8.0,8,1369.0,12233.0,3,0.35,0,1,Both,Tier 1,0
C01661,47,27.0,18,1171.0,21230.0,2,0.72,1,1,Store,Tier 3,0
C01662,3,7.0,12,520.0,5143.0,3,0.39,0,0,Store,Tier 1,0
C01663,7,23.0,13,1436.0,19047.0,7,0.65,1,1,Store,Tier 3,0
C01664,32,53.0,13,734.0,10394.0,5,0.44,0,1,Online,Tier 1,0
C01665,60,4.0,12,650.0,6425.0,4,0.39,0,0,Both,Tier 1,0
C01666,17,81.0,8,310.0,2725.0,5,0.1,0,0,Both,Tier 2,1
C01667,20,57.0,7,813.0,4709.0,8,0.33,0,1,Online,Tier 1,0
C01668,6,126.0,13,1161.0,13265.0,4,0.32,0,0,Store,Tier 1,1
C01669,31,41.0,11,1174.0,11483.0,6,0.28,1,0,Store,Tier 1,0
C01670,50,82.0,7,898.0,7085.0,3,0.66,1,0,Online,Tier 1,0
C01671,10,54.0,10,1278.0,15136.0,4,0.2,0,1,Store,Tier 3,0
C01672,1,12.0,15,806.0,13662.0,4,0.24,0,1,Store,Tier 2,0
C01673,14,23.0,10,811.0,6939.0,4,0.51,1,0,Store,Tier 3,1
C01674,16,48.0,8,580.0,4316.0,4,0.72,0,1,Store,Tier 1,0
C01675,15,50.0,15,688.0,8311.0,2,0.68,0,0,Both,Tier 2,1
C01676,5,102.0,5,721.0,3617.0,3,0.52,0,0,Online,Tier 3,1
C01677,28,83.0,5,868.0,4343.0,6,0.33,0,0,Store,Tier 2,0
C01678,40,65.0,12,1436.0,14591.0,6,0.51,0,0,Both,Tier 3,0
C01679,27,43.0,16,1040.0,15877.0,1,0.35,1,0,Online,Tier 2,1
C01680,44,9.0,18,1243.0,26765.0,3,0.27,0,0,Store,Tier 3,0
C01681,58,39.0,20,1579.0,27459.0,4,0.3,0,0,Both,Tier 3,0
C01682,45,170.0,4,872.0,3873.0,4,0.28,0,1,Store,Tier 3,0
C01683,55,222.0,8,1356.0,9709.0,4,0.38,0,1,Both,Tier 2,0
C01684,16,30.0,10,995.0,9627.0,5,0.23,0,1,Both,Tier 1,0
C01685,21,52.0,13,1245.0,17651.0,6,0.63,0,0,Both,Tier 2,0
C01686,14,92.0,19,378.0,6992.0,4,0.47,0,1,Online,Tier 1,0
C01687,30,1.0,11,1593.0,14521.0,2,0.38,0,1,Both,Tier 1,0
C01688,47,170.0,12,1016.0,11225.0,2,0.1,0,0,Both,Tier 1,0
C01689,57,19.0,17,811.0,12745.0,4,0.23,0,1,Online,Tier 1,1
C01690,37,137.0,7,496.0,3691.0,6,0.42,1,0,Both,Tier 1,1
C01691,36,12.0,15,1169.0,17466.0,3,0.22,0,1,Store,Tier 1,0
C01692,39,58.0,12,987.0,12201.0,4,0.33,0,1,Both,Tier 1,0
C01693,5,2.0,14,808.0,13366.0,3,0.28,0,1,Online,Tier 1,0
C01694,2,86.0,15,929.0,15501.0,4,0.51,1,0,Store,Tier 2,0
C01695,14,37.0,6,513.0,2964.0,4,0.35,0,1,Both,Tier 2,0
C01696,46,95.0,12,556.0,6815.0,3,0.17,0,0,Store,Tier 2,0
C01697,11,75.0,13,996.0,11357.0,4,0.19,0,1,Store,Tier 1,0
C01698,35,57.0,8,1204.0,11382.0,2,0.65,0,1,Store,,0
C01699,22,77.0,9,1047.0,7994.0,3,0.26,0,0,Online,Tier 1,0
C01700,25,11.0,10,969.0,10485.0,3,0.43,0,0,Store,Tier 3,0
C01701,42,13.0,12,659.0,9020.0,2,0.56,0,1,Store,Tier 1,0
C01702,2,21.0,15,1541.0,18618.0,4,0.86,1,0,Store,,1
C01703,32,71.0,16,1076.0,16455.0,7,0.32,0,0,Store,,0
C01704,3,21.0,12,296.0,3512.0,2,0.34,0,1,Store,Tier 1,0
C01705,13,36.0,19,777.0,15850.0,2,0.14,1,1,Store,Tier 1,0
C01706,37,34.0,14,771.0,10224.0,4,0.86,0,1,Store,,0
C01707,43,156.0,9,518.0,5505.0,4,0.38,0,1,Online,Tier 2,0
C01708,25,34.0,10,709.0,8474.0,7,0.63,1,1,Store,Tier 1,0
C01709,29,47.0,12,1095.0,15450.0,1,0.44,0,0,Online,Tier 2,1
C01710,51,95.0,11,849.0,9131.0,3,0.06,1,1,Store,Tier 2,0
C01711,18,93.0,10,740.0,8422.0,2,0.36,0,1,Online,Tier 1,1
C01712,24,142.0,8,918.0,8698.0,5,0.44,0,0,Both,Tier 1,0
C01713,21,117.0,5,847.0,4782.0,7,0.06,0,1,Store,Tier 3,1
C01714,31,73.0,14,947.0,10951.0,3,0.4,0,1,Both,Tier 2,1
C01715,43,60.0,15,945.0,15160.0,2,0.14,0,0,Store,Tier 3,0
C01716,26,34.0,12,903.0,11056.0,4,0.71,0,0,Store,Tier 2,0
C01717,15,263.0,2,1091.0,2393.0,3,0.15,0,0,Store,Tier 3,1
C01718,26,60.0,7,584.0,3283.0,4,0.54,1,1,Store,Tier 2,0
C01719,16,11.0,14,1677.0,23237.0,4,0.11,0,0,Both,Tier 1,0
C01720,60,34.0,8,1156.0,8664.0,5,0.57,0,1,Both,Tier 2,0
C01721,57,28.0,13,854.0,13312.0,2,0.54,1,1,Store,Tier 1,0
C01722,5,74.0,9,595.0,4735.0,5,0.66,0,1,Online,Tier 2,1
C01723,22,141.0,6,631.0,4325.0,3,0.31,0,0,Store,Tier 1,1
C01724,48,47.0,13,717.0,8361.0,1,0.62,0,1,Store,Tier 1,0
C01725,26,146.0,5,847.0,4941.0,5,0.09,0,1,Store,Tier 2,0
C01726,32,70.0,12,1300.0,13304.0,2,0.38,0,1,Online,Tier 1,0
C01727,58,193.0,8,1440.0,13246.0,5,0.45,0,1,Store,Tier 2,1
C01728,60,71.0,14,860.0,13196.0,5,0.56,0,1,Online,Tier 3,0
C01729,31,117.0,10,933.0,8544.0,4,0.26,0,0,Both,Tier 3,0
C01730,60,59.0,9,1221.0,11363.0,4,0.39,0,1,Both,Tier 3,0
C01731,56,115.0,8,1003.0,8702.0,5,0.2,0,1,Store,Tier 3,1
C01732,38,10.0,12,1533.0,15667.0,1,0.34,0,0,Online,Tier 2,0
C01733,18,39.0,5,916.0,3817.0,4,0.82,0,0,Store,Tier 1,0
C01734,3,35.0,6,1178.0,8091.0,4,0.35,1,1,Store,Tier 3,0
C01735,36,132.0,13,1198.0,14863.0,5,0.6,0,0,Both,Tier 3,1
C01736,27,3.0,14,1044.0,16534.0,5,0.36,0,0,Store,Tier 2,0
C01737,3,6.0,7,1050.0,8184.0,4,0.45,0,0,Both,Tier 2,1
C01738,5,114.0,10,1535.0,12959.0,3,0.19,0,0,Online,Tier 3,0
C01739,11,37.0,15,675.0,11130.0,2,0.45,0,0,Store,Tier 1,0
C01740,45,63.0,9,859.0,7940.0,1,0.47,0,1,Store,Tier 2,1
C01741,41,161.0,6,588.0,4214.0,6,0.73,0,1,Store,Tier 1,0
C01742,28,11.0,17,1284.0,21328.0,5,0.81,0,0,Both,Tier 2,0
C01743,7,69.0,11,844.0,8590.0,4,0.46,0,0,Store,Tier 2,1
C01744,22,33.0,17,842.0,17012.0,2,0.24,0,1,Online,Tier 1,0
C01745,28,79.0,8,984.0,6536.0,3,0.11,2,1,Both,Tier 1,1
C01746,8,27.0,16,1385.0,23579.0,8,0.36,1,1,Store,Tier 2,0
C01747,60,16.0,14,1275.0,16851.0,3,0.33,1,1,Both,Tier 1,1
C01748,23,74.0,9,1384.0,13001.0,5,0.46,2,1,Online,Tier 2,0
C01749,16,70.0,14,938.0,11689.0,6,0.29,1,1,Store,Tier 2,0
C01750,3,92.0,8,950.0,8061.0,5,0.38,1,0,Both,Tier 2,0
C01751,42,64.0,17,588.0,9335.0,5,0.22,0,1,Online,Tier 2,0
C01752,56,62.0,9,1147.0,8957.0,2,0.83,0,1,Both,Tier 2,0
C01753,20,45.0,16,1098.0,16660.0,5,0.17,0,1,Store,Tier 2,0
C01754,52,83.0,10,1466.0,14735.0,6,0.31,1,1,Online,Tier 2,0
C01755,50,98.0,9,1409.0,14745.0,2,0.24,0,1,Both,Tier 1,0
C01756,59,37.0,12,814.0,9639.0,5,0.38,0,1,Store,Tier 2,1
C01757,57,19.0,18,482.0,10145.0,3,0.35,1,1,Store,Tier 1,0
C01758,4,31.0,7,,9323.0,2,0.12,0,0,Online,Tier 1,0
C01759,6,68.0,12,1268.0,14050.0,4,0.46,0,1,Both,Tier 2,0
C01760,34,9.0,15,767.0,11658.0,3,0.25,0,0,Both,Tier 2,0
C01761,53,25.0,10,764.0,8773.0,3,0.36,0,0,Both,Tier 2,0
C01762,56,79.0,12,1093.0,13350.0,3,0.43,2,1,Both,Tier 1,0
C01763,17,106.0,11,189.0,1950.0,3,0.2,0,1,Online,Tier 2,0
C01764,56,99.0,13,1044.0,15284.0,4,0.45,0,1,Both,Tier 3,0
C01765,52,10.0,12,1009.0,10545.0,3,0.35,1,1,Online,Tier 2,0
C01766,42,1.0,11,1172.0,14571.0,6,0.12,0,1,Both,Tier 2,0
C01767,15,33.0,11,700.0,6711.0,5,0.21,1,0,Online,Tier 1,1
C01768,20,18.0,14,434.0,7169.0,4,0.09,1,0,Store,Tier 2,1
C01769,55,96.0,11,625.0,8128.0,3,0.78,0,1,Both,Tier 1,0
C01770,23,174.0,7,816.0,4801.0,6,0.6,0,1,Online,Tier 3,1
C01771,25,14.0,11,829.0,10036.0,4,0.74,0,0,Both,Tier 2,0
C01772,3,15.0,16,964.0,13188.0,1,0.41,2,1,Online,Tier 2,0
C01773,28,126.0,6,835.0,5583.0,3,0.2,1,1,Online,Tier 1,0
C01774,41,5.0,13,765.0,8537.0,4,0.69,0,1,Store,Tier 1,1
C01775,15,23.0,13,655.0,9317.0,3,0.26,0,0,Both,Tier 2,1
C01776,26,10.0,18,668.0,10317.0,3,0.08,0,0,Online,Tier 2,0
C01777,9,16.0,19,668.0,14785.0,3,0.51,0,1,Both,Tier 3,0
C01778,58,123.0,12,595.0,5812.0,3,0.74,0,0,Online,Tier 3,0
C01779,3,122.0,5,472.0,2128.0,4,0.46,0,0,Both,Tier 3,1
C01780,18,90.0,5,899.0,3895.0,6,0.46,1,1,Store,Tier 2,0
C01781,9,159.0,3,1001.0,2811.0,3,0.23,1,0,Online,Tier 3,1
C01782,1,97.0,11,402.0,4128.0,3,0.7,0,0,Both,Tier 1,1
C01783,50,56.0,17,1214.0,18984.0,4,0.09,0,1,Both,Tier 2,0
C01784,28,207.0,8,699.0,5183.0,3,0.5,0,1,Both,Tier 1,1
C01785,3,61.0,14,961.0,10983.0,2,0.65,0,0,Online,Tier 2,0
C01786,56,33.0,10,733.0,8224.0,3,0.39,0,1,Both,Tier 2,0
C01787,19,40.0,10,1012.0,8913.0,7,0.13,0,0,Store,Tier 3,0
C01788,44,51.0,11,948.0,9043.0,5,0.08,0,1,Store,Tier 2,0
C01789,10,76.0,12,1147.0,16225.0,6,0.37,0,0,Store,Tier 2,0
C01790,11,72.0,14,1175.0,14834.0,1,0.61,0,0,Both,Tier 3,0
C01791,45,68.0,10,932.0,7944.0,5,0.06,0,1,Both,Tier 1,0
C01792,18,30.0,12,1034.0,10562.0,3,0.82,0,0,Both,Tier 2,0
C01793,54,115.0,10,1259.0,11967.0,3,0.54,0,1,Both,Tier 1,0
C01794,53,46.0,9,1178.0,8779.0,4,0.13,0,0,Both,Tier 2,1
C01795,25,28.0,15,910.0,11979.0,2,0.31,0,0,Both,Tier 3,0
C01796,40,48.0,14,522.0,6533.0,4,0.36,0,0,Online,Tier 1,0
C01797,18,96.0,9,719.0,5793.0,2,0.2,0,0,Store,Tier 2,0
C01798,10,81.0,7,829.0,6075.0,6,0.78,1,1,Store,Tier 1,0
C01799,48,39.0,11,884.0,9078.0,2,0.18,0,1,Both,Tier 1,0
C01800,4,161.0,4,644.0,2223.0,2,0.57,0,0,Store,Tier 2,0
C01801,25,8.0,12,724.0,8959.0,6,0.36,2,0,Online,Tier 2,1
C01802,39,62.0,9,1401.0,13337.0,2,0.36,0,0,Both,Tier 1,1
C01803,48,67.0,6,794.0,4250.0,2,0.16,0,1,Both,Tier 1,0
C01804,58,87.0,16,1176.0,17754.0,2,0.59,0,0,Store,Tier 2,0
C01805,53,54.0,7,1346.0,7712.0,4,0.75,1,1,Store,Tier 2,0
C01806,50,16.0,12,768.0,8968.0,3,0.73,0,1,Store,Tier 1,0
C01807,12,49.0,12,599.0,7898.0,6,0.45,0,1,Both,Tier 1,0
C01808,59,118.0,11,1129.0,12055.0,4,0.4,0,0,Both,Tier 2,1
C01809,52,66.0,5,1156.0,4744.0,4,0.01,0,1,Online,Tier 2,0
C01810,49,138.0,8,1384.0,10148.0,7,0.55,1,1,Store,Tier 3,0
C01811,25,9.0,9,781.0,7317.0,2,0.62,0,0,Both,Tier 1,0
C01812,4,67.0,15,1265.0,22524.0,4,0.1,0,0,Store,Tier 1,0
C01813,36,82.0,8,870.0,7945.0,3,0.19,0,1,Store,Tier 2,0
C01814,33,19.0,10,1022.0,9459.0,4,0.54,0,1,Online,Tier 2,1
C01815,25,33.0,15,676.0,8129.0,5,0.69,0,0,Online,Tier 2,0
C01816,17,33.0,13,563.0,6470.0,2,0.23,0,1,Both,Tier 2,0
C01817,7,65.0,18,895.0,17882.0,3,0.25,0,0,Store,Tier 1,0
C01818,10,63.0,9,767.0,5988.0,6,0.02,0,0,Store,Tier 1,1
C01819,43,80.0,7,,5184.0,4,0.25,1,1,Online,Tier 2,1
C01820,28,36.0,8,1374.0,9878.0,8,0.34,0,1,Store,Tier 2,0
C01821,22,55.0,12,1067.0,14569.0,5,0.24,0,0,Online,Tier 1,0
C01822,32,70.0,14,753.0,10902.0,2,0.13,0,1,Store,Tier 2,0
C01823,23,15.0,17,1084.0,17631.0,5,0.57,0,1,Both,Tier 1,0
C01824,18,120.0,9,1668.0,16483.0,2,0.35,1,1,Store,Tier 2,1
C01825,25,50.0,17,882.0,13271.0,8,0.68,0,1,Store,Tier 3,0
C01826,44,71.0,11,789.0,9134.0,3,0.32,0,1,Online,Tier 1,0
C01827,26,55.0,10,437.0,4595.0,3,0.24,0,1,Both,Tier 3,0
C01828,33,129.0,9,1319.0,10298.0,4,0.42,0,1,Store,Tier 2,1
C01829,25,36.0,9,,8205.0,8,0.44,1,0,Both,Tier 2,0
C01830,45,23.0,10,712.0,7606.0,6,0.35,0,0,Both,Tier 1,0
C01831,14,34.0,12,739.0,10095.0,3,0.35,0,1,Store,Tier 2,0
C01832,56,46.0,8,664.0,4782.0,4,0.07,0,1,Online,Tier 2,0
C01833,47,25.0,10,1704.0,13945.0,4,0.74,1,1,Store,Tier 3,0
C01834,35,36.0,12,,16355.0,8,0.5,1,1,Online,Tier 2,0
C01835,19,102.0,4,1249.0,4098.0,2,0.52,1,1,Store,Tier 2,1
C01836,37,74.0,12,1003.0,10728.0,4,0.63,1,0,Store,Tier 2,1
C01837,39,55.0,8,1166.0,7816.0,3,0.25,1,0,Store,Tier 2,0
C01838,24,117.0,15,682.0,8781.0,6,0.39,0,0,Store,Tier 2,0
C01839,44,20.0,8,1015.0,7658.0,2,0.44,0,0,Both,Tier 3,0
C01840,51,87.0,7,761.0,4691.0,4,0.42,1,0,Online,Tier 2,0
C01841,49,242.0,4,797.0,2578.0,2,0.26,0,1,Store,Tier 1,1
C01842,4,10.0,20,1298.0,22113.0,4,0.62,0,0,Store,,0
C01843,47,95.0,7,874.0,5228.0,3,0.23,0,1,Both,Tier 2,0
C01844,36,12.0,19,1046.0,18675.0,2,0.77,3,0,Both,Tier 1,1
C01845,28,24.0,8,936.0,8338.0,6,0.66,0,0,Online,Tier 2,0
C01846,52,32.0,17,795.0,14923.0,5,0.81,3,1,Store,Tier 1,0
C01847,28,101.0,6,650.0,3422.0,4,0.07,0,0,Store,Tier 2,0
C01848,29,166.0,5,1034.0,4378.0,2,0.78,0,1,Store,Tier 2,1
C01849,15,3.0,17,1216.0,23122.0,2,0.1,0,0,Store,Tier 2,0
C01850,17,13.0,21,750.0,18342.0,4,0.09,0,0,Store,Tier 3,0
C01851,53,65.0,14,647.0,9382.0,6,0.3,1,1,Both,Tier 1,0
C01852,55,110.0,8,1086.0,10313.0,4,0.37,0,0,Store,Tier 1,0
C01853,10,12.0,20,401.0,7225.0,4,0.28,0,1,Store,Tier 3,0
C01854,47,27.0,21,1002.0,17348.0,3,0.6,0,0,Both,Tier 1,0
C01855,38,23.0,14,1547.0,22860.0,2,0.29,0,0,Store,Tier 1,0
C01856,51,2.0,20,193.0,3989.0,1,0.25,1,1,Store,Tier 3,0
C01857,40,157.0,10,559.0,6432.0,4,0.55,0,1,Store,,1
C01858,45,54.0,8,861.0,7709.0,4,0.36,0,1,Online,Tier 2,0
C01859,16,4.0,9,1110.0,11185.0,4,0.57,0,0,Store,Tier 1,0
C01860,4,21.0,15,1071.0,15787.0,2,0.27,1,0,Both,Tier 1,1
C01861,36,200.0,5,614.0,3426.0,3,0.19,0,1,Online,Tier 3,0
C01862,21,92.0,5,1182.0,6984.0,5,0.12,0,1,Store,Tier 1,1
C01863,57,44.0,13,618.0,6579.0,2,0.21,0,1,Store,Tier 2,0
C01864,22,20.0,14,912.0,11386.0,3,0.22,0,1,Store,Tier 2,0
C01865,55,84.0,11,753.0,8608.0,3,0.52,0,0,Both,Tier 2,0
C01866,42,200.0,6,801.0,4513.0,6,0.08,0,0,Both,Tier 1,1
C01867,41,16.0,15,1080.0,14592.0,5,0.59,1,1,Store,Tier 1,0
C01868,12,2.0,19,710.0,13781.0,8,0.4,0,0,Store,Tier 2,0
C01869,49,80.0,6,1130.0,6210.0,3,0.57,0,1,Both,Tier 2,1
C01870,46,75.0,7,1056.0,6198.0,1,0.21,0,1,Store,Tier 1,0
C01871,17,82.0,14,911.0,14562.0,3,0.67,0,0,Store,Tier 1,0
C01872,27,34.0,12,678.0,8910.0,2,0.31,0,1,Store,Tier 1,0
C01873,24,31.0,14,1244.0,14693.0,5,0.12,0,1,Online,Tier 1,0
C01874,53,73.0,8,1116.0,10097.0,6,0.39,0,1,Store,Tier 3,0
C01875,32,17.0,15,1161.0,15394.0,6,0.2,0,0,Both,Tier 2,0
C01876,4,87.0,9,406.0,2945.0,3,0.42,0,0,Online,Tier 2,0
C01877,50,46.0,11,1100.0,11695.0,3,0.48,0,0,Store,Tier 2,0
C01878,59,119.0,8,1415.0,11746.0,6,0.39,0,1,Both,Tier 1,0
C01879,49,72.0,16,961.0,16978.0,5,0.34,1,1,Both,Tier 3,0
C01880,9,59.0,13,1497.0,17093.0,5,0.42,1,1,Store,Tier 1,0
C01881,7,16.0,8,666.0,4818.0,3,0.66,0,1,Store,Tier 1,0
C01882,33,42.0,14,637.0,9060.0,3,0.79,0,1,Store,Tier 3,0
C01883,60,25.0,11,781.0,10171.0,8,0.62,0,1,Store,Tier 1,0
C01884,20,24.0,12,709.0,7979.0,4,0.47,0,1,Store,Tier 2,0
C01885,8,77.0,7,873.0,6800.0,5,0.25,0,0,Both,Tier 2,0
C01886,39,45.0,10,722.0,7710.0,8,0.5,2,0,Store,Tier 1,0
C01887,56,174.0,5,1470.0,8293.0,4,0.28,0,0,Both,Tier 2,0
C01888,11,79.0,16,775.0,11550.0,6,0.25,1,0,Both,Tier 2,0
C01889,48,38.0,9,655.0,6682.0,4,0.54,0,0,Online,Tier 1,0
C01890,58,137.0,9,858.0,7159.0,7,0.79,0,1,Online,Tier 2,0
C01891,1,15.0,14,364.0,4376.0,3,0.21,2,0,Store,Tier 3,0
C01892,30,212.0,6,631.0,3583.0,2,0.46,1,1,Store,,1
C01893,48,11.0,12,625.0,7246.0,1,0.48,1,1,Online,Tier 1,0
C01894,12,35.0,9,1296.0,10023.0,3,0.42,0,0,Both,Tier 1,0
C01895,2,52.0,9,800.0,6797.0,2,0.2,0,1,Both,Tier 1,0
C01896,54,40.0,12,1173.0,14517.0,6,0.4,0,1,Store,Tier 2,0
C01897,37,23.0,15,,16522.0,8,0.12,1,1,Store,Tier 2,0
C01898,26,26.0,11,1217.0,12221.0,6,0.9,0,0,Store,Tier 2,0
C01899,13,79.0,12,605.0,5868.0,1,0.32,0,1,Store,Tier 1,0
C01900,14,21.0,9,1184.0,11532.0,3,0.21,0,1,Store,Tier 1,0
C01901,30,65.0,8,1145.0,9991.0,2,0.2,0,1,Online,Tier 3,0
C01902,43,41.0,14,1048.0,17454.0,3,0.76,0,1,Store,Tier 2,0
C01903,50,13.0,19,1152.0,25627.0,4,0.21,1,0,Both,Tier 1,0
C01904,43,248.0,4,1049.0,5001.0,5,0.48,0,1,Store,Tier 1,1
C01905,33,55.0,5,1246.0,7113.0,6,0.46,0,0,Both,Tier 1,0
C01906,16,5.0,8,972.0,6806.0,5,0.51,0,0,Store,Tier 3,0
C01907,43,1.0,16,1523.0,20272.0,3,0.46,1,1,Online,Tier 1,0
C01908,56,26.0,14,961.0,15800.0,5,0.32,0,1,Store,Tier 2,0
C01909,11,101.0,10,861.0,7759.0,7,0.48,0,1,Store,Tier 1,0
C01910,40,44.0,7,952.0,7894.0,2,0.34,0,1,Store,Tier 1,0
C01911,32,20.0,8,1554.0,10139.0,8,0.34,1,0,Both,Tier 1,1
C01912,34,115.0,8,1160.0,8312.0,3,0.48,0,1,Store,Tier 3,1
C01913,18,79.0,10,371.0,3591.0,3,0.34,0,0,Store,,1
C01914,8,55.0,11,930.0,8520.0,3,0.16,0,0,Both,Tier 1,0
C01915,58,143.0,8,730.0,5042.0,1,0.74,1,1,Store,Tier 2,0
C01916,53,13.0,8,,9854.0,6,0.28,0,1,Online,Tier 1,0
C01917,9,57.0,16,842.0,12340.0,5,0.55,0,0,Online,Tier 1,0
C01918,54,48.0,13,1010.0,10847.0,5,0.46,1,1,Store,Tier 1,0
C01919,46,143.0,8,1089.0,8009.0,3,0.7,0,1,Store,Tier 3,0
C01920,3,30.0,4,1140.0,4111.0,2,0.34,1,1,Online,Tier 2,0
C01921,40,61.0,10,1163.0,10580.0,5,0.58,1,0,Store,Tier 1,0
C01922,13,103.0,11,924.0,8314.0,3,0.58,0,0,Online,Tier 1,1
C01923,33,20.0,13,1072.0,16540.0,3,0.1,0,1,Online,Tier 3,0
C01924,31,11.0,18,796.0,12408.0,7,0.29,1,0,Store,Tier 2,0
C01925,8,28.0,20,760.0,18077.0,4,0.36,0,0,Store,Tier 1,0
C01926,24,29.0,11,624.0,7701.0,4,0.52,0,1,Store,Tier 3,0
C01927,55,105.0,12,900.0,9062.0,2,0.11,0,1,Online,Tier 2,0
C01928,37,40.0,12,968.0,13416.0,3,0.06,0,0,Store,Tier 1,0
C01929,27,71.0,15,1142.0,18835.0,3,0.39,0,1,Both,Tier 2,0
C01930,45,22.0,11,1301.0,16251.0,5,0.4,0,1,Both,Tier 1,0
C01931,36,14.0,18,930.0,14524.0,1,0.33,0,1,Store,Tier 2,0
C01932,23,2.0,20,754.0,14122.0,6,0.33,0,0,Both,Tier 2,0
C01933,16,51.0,18,963.0,16156.0,3,0.48,0,0,Online,Tier 1,0
C01934,30,18.0,10,1060.0,10611.0,4,0.54,0,0,Store,Tier 2,0
C01935,55,76.0,8,752.0,4932.0,3,0.47,0,1,Both,Tier 3,0
C01936,38,64.0,12,729.0,8464.0,2,0.62,0,0,Online,Tier 2,1
C01937,7,59.0,16,150.0,2265.0,2,0.45,0,0,Store,Tier 1,1
C01938,40,56.0,11,1109.0,12115.0,3,0.22,0,0,Store,Tier 3,0
C01939,59,71.0,10,678.0,7755.0,4,0.62,0,1,Store,Tier 1,0
C01940,4,146.0,4,361.0,1476.0,4,0.25,0,0,Online,Tier 1,1
C01941,35,177.0,8,940.0,8638.0,4,0.36,0,0,Both,Tier 2,0
C01942,8,17.0,18,150.0,2211.0,4,0.72,0,0,Store,Tier 2,0
C01943,12,35.0,7,402.0,2450.0,3,0.08,0,0,Both,Tier 1,0
C01944,48,62.0,14,,10953.0,3,0.14,0,0,Store,,0
C01945,49,54.0,9,,5407.0,5,0.33,0,1,Online,Tier 1,0
C01946,44,26.0,12,1247.0,12626.0,5,0.13,0,0,Both,Tier 1,0
C01947,4,104.0,10,,8140.0,6,0.3,0,0,Online,Tier 2,0
C01948,28,69.0,12,1072.0,12770.0,3,0.42,0,0,Store,Tier 2,1
C01949,54,38.0,7,1242.0,9770.0,2,0.32,0,1,Store,Tier 1,0
C01950,15,4.0,18,784.0,11452.0,4,0.36,0,0,Store,,0
C01951,54,43.0,7,151.0,953.0,4,0.55,1,1,Online,Tier 1,0
C01952,42,65.0,9,1744.0,15323.0,5,0.62,1,1,Online,Tier 1,0
C01953,8,52.0,9,966.0,9126.0,2,0.35,1,0,Store,Tier 2,0
C01954,12,31.0,12,,13401.0,3,0.59,0,1,Store,Tier 1,0
C01955,42,7.0,13,541.0,5865.0,4,0.68,0,1,Store,Tier 1,0
C01956,44,38.0,12,702.0,8182.0,5,0.69,1,1,Both,Tier 2,0
C01957,19,22.0,11,1259.0,16121.0,4,0.69,2,0,Store,Tier 3,0
C01958,14,48.0,19,1120.0,18626.0,7,0.16,0,0,Online,Tier 3,0
C01959,56,68.0,8,746.0,6200.0,3,0.16,1,1,Both,Tier 2,0
C01960,15,80.0,11,1420.0,18437.0,3,0.17,0,1,Online,Tier 1,0
C01961,47,33.0,14,795.0,12923.0,8,0.08,0,0,Online,Tier 1,0
C01962,24,126.0,13,1390.0,17205.0,3,0.44,0,0,Both,Tier 2,1
C01963,23,128.0,9,1022.0,8117.0,3,0.38,0,0,Store,Tier 2,1
C01964,46,39.0,16,1393.0,24710.0,8,0.18,0,1,Store,Tier 2,0
C01965,58,25.0,11,1171.0,10550.0,3,0.64,0,1,Store,Tier 1,0
C01966,33,36.0,14,1198.0,19473.0,2,0.57,0,0,Store,Tier 3,0
C01967,22,109.0,6,720.0,3666.0,5,0.66,0,1,Online,Tier 1,0
C01968,17,18.0,10,1219.0,12480.0,5,0.54,0,0,Both,Tier 1,0
C01969,54,85.0,9,825.0,7049.0,5,0.38,1,0,Store,Tier 2,0
C01970,34,31.0,12,410.0,3958.0,4,0.02,0,0,Online,Tier 1,0
C01971,3,13.0,13,404.0,4484.0,3,0.23,0,0,Store,Tier 1,0
C01972,31,97.0,15,1181.0,18415.0,3,0.09,0,1,Store,Tier 2,0
C01973,31,92.0,9,566.0,4370.0,8,0.5,0,0,Store,Tier 1,0
C01974,50,144.0,7,,7064.0,4,0.56,1,0,Both,Tier 3,1
C01975,36,35.0,14,1314.0,21455.0,5,0.72,1,0,Store,Tier 2,0
C01976,6,15.0,17,1414.0,25455.0,6,0.28,0,1,Both,Tier 2,0
C01977,56,27.0,11,266.0,3097.0,3,0.23,2,0,Online,Tier 1,0
C01978,36,41.0,11,578.0,5876.0,5,0.7,0,0,Both,Tier 2,0
C01979,60,78.0,13,1329.0,14356.0,5,0.28,0,0,Store,Tier 2,1
C01980,25,95.0,9,380.0,2983.0,4,0.14,0,0,Online,Tier 2,1
C01981,51,64.0,11,1007.0,12860.0,4,0.13,1,0,Store,Tier 1,0
C01982,32,67.0,9,881.0,8443.0,5,0.11,0,1,Store,Tier 3,1
C01983,8,16.0,11,976.0,9457.0,3,0.31,0,0,Store,Tier 2,0
C01984,34,45.0,11,688.0,6624.0,3,0.67,0,0,Both,Tier 3,0
C01985,56,73.0,10,1165.0,11486.0,4,0.36,0,1,Store,Tier 2,0
C01986,43,79.0,5,1175.0,5654.0,2,0.42,0,1,Store,Tier 2,1
C01987,60,41.0,13,784.0,10302.0,5,0.42,2,1,Both,Tier 1,0
C01988,47,1.0,8,752.0,6263.0,3,0.62,0,0,Both,Tier 1,0
C01989,50,35.0,14,1005.0,16008.0,6,0.42,1,1,Store,Tier 2,0
C01990,25,76.0,12,997.0,11930.0,4,0.2,0,1,Store,Tier 2,0
C01991,56,22.0,21,1036.0,23742.0,5,0.84,0,1,Store,Tier 2,0
C01992,58,147.0,5,677.0,3515.0,3,0.3,1,1,Both,Tier 2,1
C01993,4,16.0,14,1296.0,18582.0,5,0.68,0,1,Store,Tier 3,0
C01994,20,23.0,15,998.0,14525.0,3,0.03,0,1,Store,Tier 1,0
C01995,31,102.0,13,1178.0,17297.0,3,0.28,2,0,Both,Tier 1,1
C01996,32,62.0,5,415.0,2460.0,4,0.3,0,0,Both,Tier 1,1
C01997,21,26.0,11,705.0,7770.0,2,0.15,2,1,Store,Tier 3,0
C01998,30,59.0,10,544.0,6161.0,6,0.49,1,1,Both,Tier 3,0
C01999,24,51.0,12,914.0,9849.0,4,0.23,0,0,Online,Tier 2,0
C02000,3,68.0,9,757.0,7818.0,3,0.13,0,1,Both,Tier 1,0
C02001,28,59.0,9,828.0,7721.0,2,0.07,1,0,Store,Tier 1,1
C02002,44,91.0,11,277.0,2897.0,4,0.19,1,0,Store,Tier 2,1
C02003,57,111.0,11,974.0,8956.0,4,0.56,0,1,Store,Tier 2,0
C02004,56,1.0,12,,6486.0,4,0.07,0,1,Store,Tier 3,0
C02005,51,45.0,18,952.0,18003.0,4,0.49,1,0,Store,Tier 1,1
C02006,38,153.0,5,382.0,2235.0,3,0.42,1,0,Store,Tier 1,0
C02007,43,106.0,9,628.0,5481.0,2,0.3,0,1,Store,Tier 2,0
C02008,14,17.0,14,886.0,13626.0,3,0.44,0,0,Both,Tier 2,0
C02009,13,89.0,10,780.0,8230.0,7,0.37,2,1,Store,Tier 2,1
C02010,18,22.0,8,1279.0,9428.0,3,0.47,0,0,Store,Tier 2,0
C02011,51,17.0,11,1239.0,16106.0,3,0.39,1,1,Both,Tier 1,0
C02012,34,37.0,6,1040.0,5780.0,7,0.21,0,0,Both,Tier 3,0
C02013,46,7.0,15,1111.0,15390.0,2,0.62,0,1,Online,Tier 1,0
C02014,43,33.0,15,1144.0,15510.0,5,0.25,0,1,Store,Tier 1,0
C02015,5,45.0,13,761.0,9604.0,8,0.42,0,0,Store,Tier 2,0
C02016,36,39.0,15,1504.0,19907.0,4,0.47,0,0,Both,Tier 3,1
C02017,49,21.0,19,718.0,11425.0,5,0.37,1,1,Store,Tier 1,0
C02018,55,12.0,19,861.0,14782.0,5,0.27,0,1,Online,Tier 1,0
C02019,58,14.0,12,1020.0,11796.0,3,0.28,0,1,Online,Tier 2,0
C02020,2,30.0,10,1164.0,12083.0,3,0.88,0,0,Online,Tier 3,0
C02021,42,51.0,16,825.0,14827.0,4,0.8,3,1,Store,Tier 2,1
C02022,21,12.0,15,977.0,16288.0,3,0.43,0,0,Store,Tier 3,0
C02023,4,71.0,20,1119.0,26558.0,4,0.48,0,0,Online,Tier 1,0
C02024,60,44.0,10,1085.0,12977.0,4,0.28,0,0,Online,Tier 2,0
C02025,51,3.0,13,,18250.0,2,0.39,0,0,Both,Tier 2,0
C02026,23,55.0,6,476.0,2409.0,3,0.58,0,1,Store,Tier 3,1
C02027,40,82.0,12,1376.0,13672.0,4,0.44,0,1,Store,Tier 3,0
C02028,11,40.0,12,1475.0,19623.0,3,0.37,1,0,Both,Tier 2,0
C02029,48,125.0,7,1211.0,10047.0,7,0.42,0,1,Store,Tier 1,0
C02030,12,14.0,19,1091.0,24021.0,2,0.64,3,0,Store,Tier 3,0
C02031,47,66.0,11,487.0,4746.0,4,0.07,1,1,Online,Tier 3,0
C02032,11,86.0,15,709.0,11572.0,7,0.7,0,0,Store,Tier 3,1
C02033,10,51.0,19,637.0,10983.0,2,0.68,0,1,Both,Tier 1,0
C02034,5,11.0,14,588.0,7176.0,2,0.17,0,0,Store,Tier 1,0
C02035,58,115.0,12,502.0,5802.0,2,0.72,0,0,Store,Tier 2,0
C02036,13,102.0,10,600.0,4999.0,3,0.6,1,1,Store,Tier 3,0
C02037,10,89.0,8,850.0,6606.0,6,0.14,0,0,Store,Tier 1,1
C02038,17,27.0,8,,8062.0,4,0.76,1,1,Both,Tier 1,0
C02039,16,158.0,8,235.0,1638.0,5,0.24,0,0,Online,Tier 1,1
C02040,38,35.0,14,759.0,12648.0,8,0.66,1,1,Online,Tier 1,0
C02041,17,114.0,11,624.0,8104.0,5,0.34,0,0,Store,Tier 1,0
C02042,10,60.0,9,1158.0,9792.0,6,0.64,0,1,Both,Tier 1,0
C02043,46,68.0,9,1133.0,11653.0,4,0.03,0,0,Both,Tier 1,0
C02044,36,12.0,15,663.0,10156.0,3,0.49,0,0,Store,Tier 3,0
C02045,45,20.0,15,193.0,3138.0,3,0.42,2,1,Store,Tier 3,0
C02046,20,56.0,11,979.0,11187.0,3,0.27,0,0,Store,Tier 1,0
C02047,47,125.0,12,860.0,12205.0,4,0.22,1,1,Online,Tier 1,0
C02048,23,55.0,14,1411.0,16340.0,4,0.64,0,0,Store,Tier 3,0
C02049,49,13.0,16,969.0,14389.0,2,0.24,0,1,Store,Tier 3,0
C02050,24,72.0,14,1407.0,20777.0,5,0.2,0,0,Online,Tier 2,0
C02051,34,130.0,12,808.0,11176.0,3,0.34,0,0,Online,Tier 1,1
C02052,34,76.0,7,629.0,5268.0,4,0.44,0,0,Store,Tier 2,0
C02053,2,114.0,7,1214.0,9618.0,3,0.69,0,0,Both,Tier 1,0
C02054,28,9.0,13,560.0,6464.0,5,0.49,1,1,Store,Tier 2,0
C02055,51,69.0,11,1022.0,9805.0,4,0.24,0,1,Store,Tier 2,0
C02056,47,87.0,13,765.0,8852.0,6,0.29,3,0,Store,Tier 2,0
C02057,21,55.0,10,1107.0,11205.0,2,0.55,0,0,Online,Tier 1,0
C02058,32,96.0,11,940.0,10961.0,2,0.84,0,0,Online,Tier 3,0
C02059,53,106.0,4,1034.0,4759.0,5,0.07,0,1,Online,Tier 1,0
C02060,10,8.0,12,902.0,10069.0,8,0.69,0,0,Both,Tier 1,0
C02061,5,19.0,11,1054.0,12570.0,2,0.3,0,0,Store,Tier 2,0
C02062,17,23.0,12,738.0,9270.0,6,0.61,0,0,Both,Tier 1,1
C02063,13,64.0,14,1498.0,17957.0,4,0.04,0,1,Store,Tier 1,0
C02064,26,16.0,10,1057.0,12107.0,5,0.17,2,0,Store,Tier 2,0
C02065,34,49.0,14,558.0,8852.0,4,0.47,1,0,Store,Tier 1,1
C02066,2,48.0,16,831.0,15619.0,7,0.11,0,1,Both,Tier 2,0
C02067,59,13.0,21,544.0,9574.0,4,0.41,1,1,Both,Tier 3,0
C02068,36,26.0,18,729.0,12582.0,4,0.37,0,0,Both,Tier 1,0
C02069,46,10.0,13,1201.0,14548.0,4,0.14,1,1,Store,Tier 3,0
C02070,33,180.0,6,751.0,5210.0,4,0.19,1,0,Store,Tier 2,1
C02071,7,97.0,12,792.0,10537.0,4,0.04,0,1,Store,Tier 3,1
C02072,21,35.0,12,924.0,10053.0,5,0.4,0,1,Both,Tier 3,0
C02073,8,90.0,9,1028.0,7460.0,3,0.13,0,0,Store,Tier 2,1
C02074,37,31.0,11,869.0,11250.0,4,0.21,0,1,Store,Tier 1,0
C02075,35,77.0,9,761.0,6705.0,2,0.17,1,0,Store,Tier 2,0
C02076,25,8.0,21,1708.0,31239.0,2,0.18,0,1,Store,Tier 2,0
C02077,22,12.0,19,1108.0,24426.0,3,0.96,0,0,Store,Tier 2,0
C02078,41,3.0,12,1439.0,16035.0,3,0.29,0,1,Online,Tier 1,0
C02079,53,131.0,8,751.0,5741.0,5,0.62,0,0,Store,Tier 2,0
C02080,18,66.0,10,658.0,7143.0,1,0.31,0,1,Online,Tier 1,0
C02081,35,28.0,16,1026.0,16244.0,3,0.35,0,0,Store,Tier 3,1
C02082,49,224.0,5,697.0,3909.0,5,0.13,0,1,Online,Tier 1,1
C02083,36,138.0,10,1296.0,13342.0,4,0.46,0,0,Online,Tier 1,0
C02084,35,35.0,14,350.0,4886.0,4,0.2,1,1,Online,Tier 2,1
C02085,25,97.0,11,565.0,4988.0,8,0.36,0,0,Store,Tier 1,0
C02086,35,21.0,13,150.0,1731.0,3,0.33,2,1,Online,Tier 1,0
C02087,22,165.0,6,1060.0,5979.0,4,0.54,1,0,Online,Tier 3,0
C02088,18,22.0,14,1250.0,16810.0,3,0.12,0,0,Store,Tier 2,0
C02089,33,98.0,10,909.0,10019.0,3,0.42,0,0,Store,Tier 3,0
C02090,12,17.0,11,1055.0,12086.0,2,0.25,0,0,Both,Tier 3,0
C02091,39,33.0,13,1535.0,17350.0,4,0.45,1,0,Store,Tier 2,0
C02092,9,19.0,12,1304.0,14057.0,6,0.34,0,0,Both,Tier 3,0
C02093,2,41.0,16,1004.0,15637.0,4,0.51,1,1,Store,Tier 2,0
C02094,37,15.0,10,910.0,7602.0,1,0.5,0,0,Store,Tier 2,0
C02095,39,42.0,13,,4875.0,1,0.58,0,0,Both,Tier 2,0
C02096,22,108.0,12,459.0,5133.0,6,0.65,1,1,Online,Tier 2,0
C02097,8,303.0,1,873.0,942.0,4,0.12,1,0,Both,,1
C02098,41,80.0,15,849.0,10901.0,2,0.51,0,1,Both,Tier 1,0
C02099,60,25.0,13,840.0,11772.0,4,0.38,2,1,Online,Tier 2,0
C02100,19,30.0,9,1157.0,9998.0,8,0.17,2,0,Both,Tier 1,0
C02101,44,80.0,15,724.0,8871.0,5,0.33,1,0,Store,Tier 2,0
C02102,60,8.0,16,951.0,16311.0,4,0.53,1,1,Both,Tier 3,1
C02103,28,5.0,15,846.0,11822.0,3,0.87,1,0,Both,Tier 2,0
C02104,4,126.0,6,528.0,3210.0,4,0.56,0,1,Both,Tier 1,0
C02105,44,89.0,10,802.0,8003.0,6,0.67,0,1,Online,Tier 3,0
C02106,41,102.0,9,902.0,6762.0,2,0.27,0,0,Store,Tier 1,0
C02107,9,149.0,2,719.0,1636.0,2,0.32,1,0,Both,Tier 1,1
C02108,26,141.0,12,180.0,1739.0,4,0.19,1,1,Store,Tier 3,0
C02109,49,85.0,7,976.0,6472.0,5,0.28,0,1,Store,Tier 2,0
C02110,46,52.0,18,1179.0,17752.0,6,0.34,0,1,Store,Tier 1,0
C02111,30,163.0,6,1044.0,6263.0,1,0.4,0,0,Both,Tier 2,1
C02112,26,48.0,11,1248.0,11797.0,3,0.46,0,0,Store,Tier 3,0
C02113,1,3.0,8,725.0,5962.0,6,0.63,0,0,Both,Tier 2,0
C02114,15,5.0,21,698.0,13049.0,3,0.24,0,0,Store,Tier 2,0
C02115,4,35.0,11,648.0,6674.0,4,0.25,1,1,Store,Tier 2,0
C02116,48,16.0,19,658.0,14914.0,3,0.5,0,0,Store,Tier 1,0
C02117,58,149.0,3,1109.0,3048.0,4,0.62,0,0,Online,Tier 1,1
C02118,46,7.0,9,333.0,3376.0,6,0.57,0,0,Online,Tier 2,0
C02119,21,21.0,13,1621.0,19372.0,5,0.32,0,0,Both,Tier 1,0
C02120,20,21.0,17,714.0,11385.0,4,0.33,0,0,Store,Tier 3,1
C02121,46,59.0,21,1079.0,23055.0,6,0.61,1,1,Store,Tier 3,0
C02122,24,109.0,8,814.0,6358.0,5,0.74,0,0,Both,Tier 2,1
C02123,45,23.0,9,184.0,1509.0,3,0.51,1,0,Online,Tier 1,1
C02124,34,73.0,10,978.0,10692.0,5,0.36,0,0,Store,Tier 2,0
C02125,42,18.0,15,1034.0,12941.0,6,0.59,0,0,Both,Tier 2,0
C02126,50,49.0,17,1359.0,27526.0,5,0.68,1,1,Store,Tier 1,0
C02127,60,112.0,15,1607.0,27979.0,2,0.52,0,1,Both,Tier 1,0
C02128,28,113.0,13,605.0,7608.0,5,0.46,1,0,Store,Tier 2,0
C02129,16,51.0,13,1173.0,18191.0,3,0.53,0,0,Store,Tier 1,1
C02130,45,58.0,8,1136.0,10198.0,4,0.49,1,1,Store,Tier 3,0
C02131,4,214.0,5,724.0,4105.0,2,0.45,1,0,Both,Tier 2,1
C02132,8,22.0,12,643.0,6559.0,4,0.24,0,0,Both,Tier 2,1
C02133,5,19.0,9,1551.0,11287.0,7,0.65,0,1,Both,Tier 1,0
C02134,13,137.0,5,902.0,5348.0,4,0.69,0,1,Online,Tier 2,1
C02135,17,181.0,8,226.0,1585.0,3,0.48,1,0,Both,Tier 3,1
C02136,48,20.0,17,800.0,11639.0,3,0.72,0,1,Both,Tier 1,0
C02137,6,68.0,10,1459.0,11907.0,4,0.48,0,0,Both,Tier 2,1
C02138,21,44.0,18,1020.0,20054.0,1,0.46,0,1,Both,Tier 1,1
C02139,45,46.0,14,871.0,10521.0,7,0.48,0,1,Store,Tier 2,0
C02140,4,26.0,18,863.0,17362.0,4,0.26,1,1,Store,Tier 3,0
C02141,43,46.0,16,1142.0,20595.0,5,0.25,0,1,Store,Tier 2,0
C02142,37,110.0,14,1146.0,17786.0,5,0.75,0,0,Store,Tier 1,0
C02143,38,140.0,8,889.0,6629.0,5,0.2,0,0,Store,Tier 1,1
C02144,2,146.0,7,570.0,3664.0,3,0.07,0,0,Online,Tier 3,0
C02145,3,28.0,13,1280.0,16054.0,3,0.04,1,0,Store,Tier 1,0
C02146,38,52.0,9,513.0,4912.0,2,0.38,0,0,Store,Tier 3,0
C02147,18,45.0,12,615.0,8078.0,1,0.55,0,0,Store,Tier 2,0
C02148,3,178.0,7,767.0,4767.0,6,0.43,0,0,Store,Tier 2,1
C02149,25,53.0,17,951.0,19142.0,6,0.21,0,0,Both,Tier 3,0
C02150,53,64.0,14,625.0,8497.0,7,0.2,0,0,Online,Tier 2,1
C02151,6,119.0,8,418.0,3028.0,5,0.26,0,1,Both,Tier 3,0
C02152,58,8.0,13,573.0,8200.0,4,0.53,1,1,Store,Tier 1,0
C02153,2,76.0,12,1144.0,12461.0,3,0.53,0,0,Online,Tier 3,1
C02154,28,33.0,7,1023.0,6460.0,3,0.64,1,1,Online,Tier 1,1
C02155,12,94.0,10,1255.0,14392.0,2,0.16,0,0,Store,Tier 2,0
C02156,45,45.0,14,913.0,12779.0,3,0.11,0,1,Both,Tier 2,0
C02157,38,159.0,9,295.0,3128.0,3,0.52,0,0,Store,Tier 1,0
C02158,14,81.0,14,825.0,9727.0,4,0.48,0,0,Store,Tier 2,0
C02159,3,91.0,14,756.0,11143.0,3,0.29,2,0,Both,Tier 2,0
C02160,15,39.0,12,1194.0,15151.0,3,0.22,0,1,Online,Tier 2,0
C02161,38,72.0,8,1090.0,9599.0,4,0.55,0,1,Both,Tier 1,0
C02162,14,48.0,11,1262.0,11403.0,4,0.41,0,1,Both,Tier 2,1
C02163,60,122.0,10,837.0,6937.0,2,0.41,1,1,Store,Tier 2,1
C02164,57,30.0,8,485.0,4589.0,6,0.75,0,1,Both,Tier 2,0
C02165,32,31.0,17,1003.0,18074.0,3,0.1,0,1,Both,Tier 2,0
C02166,57,28.0,8,745.0,5209.0,4,0.11,0,0,Both,Tier 1,0
C02167,8,167.0,5,1152.0,6760.0,1,0.44,0,1,Store,Tier 2,1
C02168,30,137.0,7,986.0,7576.0,5,0.7,0,1,Both,Tier 2,0
C02169,48,25.0,10,810.0,9699.0,2,0.46,0,1,Store,Tier 1,0
C02170,40,39.0,12,1108.0,11412.0,2,0.51,0,0,Online,Tier 1,0
C02171,4,108.0,7,1020.0,6587.0,3,0.16,1,0,Store,Tier 1,1
C02172,26,77.0,13,810.0,9944.0,4,0.27,0,0,Both,Tier 2,0
C02173,39,29.0,8,1195.0,10753.0,3,0.39,1,0,Store,Tier 3,0
C02174,45,125.0,7,572.0,3767.0,4,0.78,1,0,Online,Tier 2,1
C02175,50,33.0,14,1185.0,15200.0,3,0.2,0,1,Store,Tier 2,0
C02176,8,35.0,14,1511.0,24458.0,4,0.33,0,1,Both,Tier 2,0
C02177,6,33.0,12,560.0,7143.0,2,0.42,1,1,Store,Tier 2,0
C02178,52,111.0,10,829.0,8109.0,3,0.34,1,1,Both,Tier 1,1
C02179,54,34.0,10,895.0,10735.0,6,0.76,0,1,Online,Tier 2,0
C02180,30,96.0,11,1327.0,16825.0,3,0.87,1,0,Both,Tier 1,0
C02181,51,61.0,18,1168.0,23330.0,6,0.3,1,1,Both,Tier 3,0
C02182,8,129.0,13,1160.0,15318.0,6,0.28,1,1,Store,Tier 2,0
C02183,58,15.0,13,1019.0,14271.0,2,0.27,0,1,Online,Tier 1,0
C02184,25,81.0,9,1470.0,12270.0,4,0.19,0,1,Both,Tier 2,0
C02185,36,47.0,18,734.0,12484.0,2,0.02,0,0,Store,Tier 1,0
C02186,6,13.0,11,808.0,9220.0,2,0.37,0,0,Online,Tier 3,0
C02187,27,95.0,13,959.0,12280.0,2,0.31,0,0,Both,Tier 2,0
C02188,19,30.0,10,591.0,4971.0,4,0.3,0,1,Online,Tier 2,0
C02189,51,86.0,13,1066.0,11498.0,6,0.2,1,1,Store,Tier 1,0
C02190,37,68.0,14,959.0,11669.0,3,0.35,0,0,Store,Tier 2,1
C02191,13,81.0,14,1456.0,19018.0,2,0.34,1,0,Store,Tier 1,1
C02192,20,80.0,13,1040.0,14962.0,5,0.71,2,1,Online,Tier 3,0
C02193,6,77.0,14,1194.0,17390.0,4,0.47,1,0,Both,Tier 2,1
C02194,40,27.0,9,612.0,6337.0,4,0.15,2,1,Both,Tier 2,0
C02195,45,23.0,17,686.0,10598.0,5,0.13,1,1,Online,Tier 2,0
C02196,29,109.0,10,926.0,8264.0,2,0.01,0,0,Online,Tier 1,0
C02197,22,99.0,13,736.0,11312.0,4,0.51,1,0,Online,Tier 2,1
C02198,17,4.0,11,861.0,8929.0,3,0.43,0,0,Online,Tier 3,0
C02199,6,18.0,15,211.0,2951.0,4,0.47,0,0,Store,Tier 1,0
C02200,4,95.0,8,953.0,9044.0,2,0.51,0,0,Store,Tier 2,1
C02201,14,168.0,6,1336.0,7199.0,5,0.65,0,0,Online,Tier 2,1
C02202,48,17.0,17,1127.0,21881.0,7,0.22,0,1,Store,Tier 3,0
C02203,56,37.0,11,1085.0,9833.0,4,0.37,0,0,Store,Tier 2,0
C02204,14,137.0,10,1094.0,9238.0,4,0.45,1,0,Store,Tier 2,1
C02205,32,62.0,9,590.0,4405.0,2,0.47,0,0,Online,Tier 3,0
C02206,2,107.0,7,655.0,4586.0,3,0.64,0,1,Online,Tier 1,0
C02207,9,93.0,7,536.0,3650.0,2,0.33,1,1,Both,Tier 1,1
C02208,43,101.0,15,957.0,13870.0,5,0.16,0,1,Store,Tier 3,0
C02209,57,53.0,12,1382.0,14090.0,2,0.33,0,0,Store,Tier 1,0
C02210,41,104.0,10,805.0,8504.0,3,0.47,0,0,Store,Tier 2,1
C02211,5,14.0,16,878.0,15602.0,5,0.43,0,1,Store,Tier 2,0
C02212,54,57.0,7,724.0,4759.0,3,0.16,0,1,Store,Tier 1,1
C02213,13,30.0,6,1182.0,6479.0,5,0.38,0,1,Store,Tier 1,0
C02214,7,46.0,8,405.0,3870.0,4,0.83,0,1,Store,Tier 1,0
C02215,41,69.0,13,843.0,9251.0,4,0.07,0,0,Online,Tier 1,0
C02216,1,89.0,9,1170.0,9328.0,1,0.4,2,0,Both,Tier 3,1
C02217,38,82.0,10,507.0,5293.0,3,0.07,0,1,Store,Tier 1,0
C02218,43,20.0,10,625.0,6715.0,2,0.14,1,1,Both,Tier 3,0
C02219,6,114.0,10,842.0,8061.0,3,0.14,1,0,Store,Tier 1,1
C02220,48,57.0,11,496.0,4703.0,4,0.39,2,0,Both,Tier 2,1
C02221,52,55.0,12,1040.0,13886.0,6,0.54,0,1,Store,Tier 2,0
C02222,32,69.0,5,528.0,2334.0,2,0.21,0,1,Store,Tier 1,0
C02223,2,27.0,9,775.0,6212.0,3,0.14,1,0,Store,Tier 1,1
C02224,47,94.0,12,552.0,7233.0,6,0.15,0,0,Store,Tier 1,1
C02225,55,100.0,7,839.0,5313.0,5,0.69,0,1,Store,Tier 1,0
C02226,20,64.0,13,1056.0,14840.0,5,0.29,0,0,Online,Tier 2,0
C02227,18,29.0,8,1023.0,6644.0,5,0.38,1,0,Store,Tier 1,0
C02228,26,70.0,12,555.0,7446.0,2,0.13,0,0,Store,Tier 1,0
C02229,14,32.0,13,676.0,7977.0,8,0.44,0,0,Store,Tier 1,0
C02230,41,153.0,7,613.0,3800.0,3,0.74,1,1,Both,Tier 2,1
C02231,57,91.0,10,818.0,7968.0,4,0.43,0,0,Store,Tier 2,1
C02232,49,24.0,9,1129.0,10951.0,5,0.13,1,0,Store,Tier 2,0
C02233,22,120.0,11,996.0,10872.0,3,0.1,0,0,Store,Tier 3,0
C02234,49,106.0,12,1158.0,14260.0,3,0.54,0,0,Store,,0
C02235,13,36.0,12,626.0,6426.0,3,0.13,1,1,Online,Tier 1,0
C02236,4,26.0,18,806.0,12797.0,2,0.36,0,0,Store,Tier 2,0
C02237,14,47.0,14,1604.0,18115.0,5,0.53,1,0,Store,Tier 2,0
C02238,56,41.0,11,1304.0,13573.0,2,0.07,1,1,Both,Tier 2,0
C02239,12,36.0,16,802.0,12600.0,4,0.5,0,0,Online,Tier 3,0
C02240,39,63.0,6,582.0,4077.0,6,0.33,0,0,Store,Tier 1,1
C02241,16,1.0,8,736.0,5843.0,4,0.48,0,0,Both,Tier 2,0
C02242,26,30.0,16,1001.0,17548.0,7,0.11,2,1,Store,Tier 3,0
C02243,31,11.0,16,828.0,12923.0,6,0.53,1,0,Both,Tier 3,1
C02244,30,209.0,3,573.0,1724.0,6,0.16,1,0,Both,Tier 2,0
C02245,20,68.0,9,783.0,8225.0,6,0.21,0,0,Store,Tier 2,0
C02246,27,102.0,10,1051.0,10713.0,3,0.7,0,1,Both,Tier 1,0
C02247,2,10.0,11,775.0,8178.0,2,0.07,0,0,Online,Tier 2,0
C02248,30,68.0,4,473.0,1787.0,4,0.08,1,0,Both,Tier 3,0
C02249,20,106.0,9,685.0,7041.0,7,0.47,0,1,Store,Tier 3,0
C02250,59,67.0,6,794.0,4359.0,7,0.29,0,1,Online,Tier 3,0
C02251,7,25.0,20,1050.0,24135.0,4,0.69,0,0,Store,Tier 3,0
C02252,22,1.0,12,1391.0,18670.0,3,0.63,1,0,Online,Tier 1,0
C02253,14,6.0,12,1033.0,10564.0,5,0.68,1,1,Online,Tier 1,0
C02254,16,97.0,10,1082.0,9412.0,2,0.33,0,0,Store,Tier 3,0
C02255,42,81.0,12,1392.0,17447.0,4,0.24,0,1,Store,Tier 2,0
C02256,8,20.0,16,1555.0,20411.0,6,0.31,0,0,Store,Tier 3,0
C02257,54,99.0,7,559.0,4574.0,2,0.52,0,1,Both,Tier 3,0
C02258,33,23.0,14,1080.0,13115.0,6,0.74,0,0,Online,Tier 1,1
C02259,49,101.0,11,910.0,9920.0,4,0.58,2,1,Store,Tier 2,1
C02260,54,91.0,10,1104.0,10618.0,2,0.45,1,0,Store,Tier 3,1
C02261,56,80.0,11,1607.0,21185.0,3,0.31,0,1,Both,Tier 2,0
C02262,29,32.0,10,809.0,7975.0,5,0.37,0,1,Store,Tier 3,0
C02263,35,115.0,11,797.0,7585.0,1,0.7,0,0,Online,Tier 2,1
C02264,26,51.0,14,682.0,8541.0,3,0.27,0,0,Store,Tier 1,0
C02265,1,28.0,18,795.0,14053.0,7,0.45,0,0,Both,Tier 3,0
C02266,52,70.0,6,165.0,853.0,1,0.52,0,0,Store,Tier 1,0
C02267,13,37.0,13,872.0,10013.0,4,0.15,0,0,Online,Tier 3,0
C02268,13,1.0,16,796.0,14856.0,4,0.16,0,0,Online,Tier 1,0
C02269,32,55.0,14,1020.0,13215.0,5,0.39,0,1,Store,Tier 1,0
C02270,34,47.0,7,851.0,5865.0,2,0.45,0,1,Store,Tier 3,0
C02271,42,29.0,10,630.0,6202.0,8,0.52,1,1,Store,Tier 3,0
C02272,44,83.0,7,733.0,4313.0,4,0.42,1,0,Store,Tier 3,0
C02273,25,21.0,13,1161.0,12427.0,6,0.53,0,0,Both,Tier 3,1
C02274,19,16.0,15,1715.0,21989.0,4,0.34,1,0,Store,Tier 1,0
C02275,43,5.0,18,842.0,17145.0,4,0.49,2,1,Online,Tier 1,0
C02276,19,152.0,13,986.0,15147.0,3,0.27,1,1,Store,Tier 1,1
C02277,41,68.0,14,439.0,6353.0,5,0.31,0,1,Both,Tier 2,0
C02278,34,34.0,16,576.0,10762.0,2,0.53,0,0,Online,Tier 1,0
C02279,9,18.0,15,1057.0,17069.0,5,0.42,0,0,Online,Tier 3,0
C02280,35,47.0,15,962.0,17134.0,5,0.4,0,1,Store,Tier 1,0
C02281,31,95.0,9,445.0,3658.0,1,0.36,1,0,Both,Tier 2,0
C02282,58,2.0,16,691.0,10694.0,5,0.25,0,1,Store,Tier 1,0
C02283,27,183.0,9,763.0,6922.0,6,0.15,0,0,Store,Tier 1,1
C02284,43,33.0,15,593.0,7397.0,1,0.45,0,1,Online,Tier 2,0
C02285,56,55.0,10,639.0,5282.0,6,0.54,0,1,Online,Tier 1,0
C02286,42,70.0,9,1389.0,11717.0,4,0.49,0,0,Store,Tier 3,0
C02287,24,77.0,9,945.0,6979.0,6,0.69,0,1,Both,Tier 3,1
C02288,30,119.0,6,893.0,6033.0,4,0.09,0,1,Online,Tier 1,0
C02289,38,75.0,11,1328.0,16401.0,3,0.43,1,0,Store,Tier 2,0
C02290,22,142.0,8,,7114.0,5,0.68,0,1,Store,Tier 2,0
C02291,17,19.0,6,456.0,2835.0,5,0.49,0,0,Store,Tier 1,0
C02292,50,9.0,15,871.0,11060.0,3,0.35,0,1,Online,Tier 2,0
C02293,29,117.0,8,714.0,5584.0,2,0.55,1,1,Online,Tier 3,1
C02294,35,38.0,11,957.0,12570.0,4,0.76,0,0,Store,Tier 1,0
C02295,41,103.0,10,793.0,6761.0,3,0.09,2,1,Store,Tier 1,1
C02296,36,46.0,14,666.0,10360.0,8,0.84,0,1,Store,Tier 1,0
C02297,29,15.0,10,1330.0,11894.0,3,0.13,2,0,Store,Tier 1,1
C02298,35,35.0,10,654.0,5545.0,8,0.06,0,1,Store,Tier 3,0
C02299,1,114.0,13,919.0,10683.0,7,0.25,1,0,Online,Tier 3,1
C02300,58,59.0,14,474.0,6515.0,2,0.59,0,0,Store,Tier 2,0
C02301,45,112.0,7,603.0,3458.0,7,0.15,1,1,Store,Tier 2,1
C02302,30,39.0,12,840.0,11790.0,4,0.56,0,0,Online,Tier 2,0
C02303,55,29.0,14,1150.0,14521.0,3,0.16,1,1,Both,Tier 2,0
C02304,29,3.0,10,397.0,3746.0,3,0.27,1,1,Both,Tier 2,0
C02305,34,39.0,14,359.0,5541.0,8,0.51,0,1,Both,Tier 1,0
C02306,42,78.0,15,1014.0,12324.0,3,0.14,0,0,Online,Tier 2,0
C02307,53,54.0,11,672.0,7582.0,7,0.64,0,0,Online,Tier 3,0
C02308,30,106.0,6,537.0,2765.0,4,0.62,0,0,Both,Tier 2,0
C02309,47,16.0,9,463.0,4251.0,3,0.51,0,1,Store,Tier 3,0
C02310,32,162.0,8,377.0,2850.0,3,0.16,0,0,Store,Tier 2,0
C02311,6,59.0,6,395.0,2100.0,8,0.19,0,0,Store,Tier 2,0
C02312,32,40.0,18,826.0,13133.0,5,0.5,0,1,Store,Tier 2,0
C02313,23,7.0,18,1579.0,28682.0,6,0.61,0,0,Store,Tier 2,0
C02314,5,63.0,13,1214.0,15158.0,4,0.47,2,1,Store,Tier 1,1
C02315,13,96.0,13,532.0,5560.0,8,0.56,0,0,Online,Tier 1,1
C02316,25,54.0,13,1011.0,14609.0,3,0.51,0,1,Store,Tier 2,0
C02317,30,53.0,11,734.0,7958.0,2,0.71,0,0,Store,Tier 1,0
C02318,39,39.0,15,753.0,12283.0,5,0.55,0,0,Store,Tier 1,0
C02319,26,113.0,7,431.0,3153.0,5,0.48,0,1,Store,Tier 2,0
C02320,9,55.0,12,1260.0,14664.0,3,0.17,1,0,Store,Tier 3,0
C02321,11,28.0,16,754.0,12285.0,6,0.08,0,0,Store,Tier 2,0
C02322,33,130.0,8,594.0,4236.0,3,0.26,0,0,Both,Tier 1,1
C02323,46,70.0,7,150.0,1109.0,1,0.39,1,1,Store,Tier 1,1
C02324,18,74.0,13,706.0,7712.0,6,0.36,1,1,Store,Tier 1,1
C02325,37,28.0,13,,11306.0,8,0.49,0,0,Both,Tier 2,0
C02326,48,64.0,14,616.0,9384.0,4,0.2,0,1,Store,Tier 1,0
C02327,17,22.0,12,1119.0,11559.0,3,0.46,2,1,Store,Tier 1,0
C02328,49,197.0,11,908.0,9194.0,5,0.61,0,1,Online,Tier 2,0
C02329,13,35.0,16,1779.0,29493.0,1,0.32,0,1,Both,Tier 1,0
C02330,56,27.0,7,1322.0,7824.0,4,0.49,0,1,Online,Tier 3,1
C02331,2,114.0,9,743.0,6733.0,4,0.54,0,0,Store,Tier 1,1
C02332,60,33.0,14,1234.0,18932.0,2,0.34,0,1,Online,Tier 2,0
C02333,9,42.0,12,150.0,1802.0,2,0.47,0,0,Store,Tier 1,0
C02334,45,38.0,13,150.0,1849.0,4,0.43,0,0,Online,Tier 2,0
C02335,37,62.0,13,1194.0,12683.0,2,0.26,0,0,Store,Tier 2,0
C02336,52,9.0,11,919.0,11420.0,4,0.36,0,0,Store,Tier 3,0
C02337,22,14.0,13,734.0,9273.0,3,0.15,0,0,Both,Tier 2,0
C02338,25,36.0,10,1104.0,8851.0,8,0.52,0,1,Store,Tier 2,0
C02339,9,99.0,11,746.0,6757.0,4,0.48,1,0,Online,Tier 1,0
C02340,20,8.0,17,547.0,8470.0,7,0.03,0,1,Both,Tier 1,0
C02341,17,5.0,14,909.0,12824.0,2,0.48,0,0,Store,Tier 1,0
C02342,14,79.0,6,1442.0,9941.0,3,0.77,1,1,Store,Tier 2,0
C02343,22,40.0,14,752.0,12056.0,2,0.16,0,0,Store,Tier 1,0
C02344,41,13.0,10,150.0,1489.0,5,0.05,0,1,Store,Tier 2,0
C02345,24,123.0,6,1137.0,6970.0,4,0.03,0,0,Store,Tier 2,1
C02346,26,139.0,6,1044.0,6916.0,4,0.75,1,0,Store,Tier 2,1
C02347,56,60.0,15,1008.0,15124.0,3,0.58,0,1,Store,Tier 1,0
C02348,25,43.0,10,924.0,9530.0,5,0.27,0,0,Store,Tier 2,0
C02349,27,35.0,13,870.0,10312.0,3,0.47,2,0,Online,Tier 1,0
C02350,7,24.0,13,1213.0,15796.0,5,0.47,1,1,Store,Tier 3,0
C02351,57,23.0,7,1217.0,7407.0,3,0.59,1,1,Store,Tier 1,0
C02352,43,80.0,12,1357.0,19424.0,6,0.56,0,0,Store,Tier 1,1
C02353,30,62.0,17,1497.0,24696.0,4,0.07,0,1,Both,Tier 1,0
C02354,3,29.0,15,1339.0,22081.0,5,0.07,0,1,Store,Tier 2,0
C02355,22,19.0,17,785.0,14563.0,6,0.72,0,1,Store,Tier 1,0
C02356,53,108.0,9,158.0,1431.0,5,0.56,0,0,Store,Tier 2,0
C02357,53,77.0,18,678.0,12465.0,2,0.82,0,0,Both,Tier 1,0
C02358,7,64.0,8,709.0,5901.0,5,0.15,1,0,Store,Tier 3,0
C02359,30,102.0,14,1124.0,15451.0,5,0.46,1,1,Online,Tier 2,0
C02360,21,40.0,12,812.0,9759.0,5,0.5,0,0,Store,Tier 2,0
C02361,26,81.0,11,1118.0,12713.0,6,0.23,0,0,Store,Tier 3,0
C02362,20,34.0,15,1118.0,17735.0,6,0.52,1,0,Store,Tier 2,0
C02363,2,94.0,10,844.0,9396.0,3,0.61,1,0,Both,Tier 2,0
C02364,45,32.0,14,994.0,11359.0,1,0.22,0,0,Both,Tier 1,0
C02365,30,93.0,19,485.0,10515.0,5,0.44,0,1,Online,Tier 3,0
C02366,41,128.0,8,522.0,4777.0,4,0.04,0,1,Store,Tier 3,0
C02367,3,87.0,6,585.0,3830.0,6,0.68,0,0,Store,Tier 2,1
C02368,46,8.0,13,1106.0,11585.0,2,0.28,0,0,Store,Tier 1,0
C02369,4,81.0,11,361.0,4539.0,8,0.1,0,0,Store,Tier 2,0
C02370,3,36.0,10,820.0,6586.0,7,0.66,0,0,Store,Tier 3,0
C02371,53,55.0,12,625.0,6836.0,4,0.88,0,1,Both,Tier 2,0
C02372,44,35.0,11,526.0,4731.0,2,0.28,1,0,Store,Tier 2,0
C02373,56,27.0,9,1019.0,10433.0,3,0.34,0,1,Store,Tier 2,0
C02374,5,79.0,5,1000.0,5512.0,3,0.39,1,0,Store,Tier 2,1
C02375,21,35.0,17,704.0,13515.0,4,0.4,0,1,Store,Tier 3,0
C02376,57,74.0,10,636.0,6046.0,3,0.43,0,1,Online,Tier 1,0
C02377,34,62.0,12,992.0,14001.0,5,0.29,0,0,Store,Tier 1,0
C02378,28,31.0,12,535.0,5758.0,2,0.13,0,1,Store,Tier 3,1
C02379,53,35.0,9,865.0,8949.0,5,0.09,0,1,Both,Tier 2,0
C02380,13,129.0,11,805.0,8065.0,5,0.38,0,0,Online,Tier 3,0
C02381,13,138.0,6,662.0,3274.0,1,0.4,0,0,Store,Tier 2,1
C02382,48,32.0,9,1009.0,10356.0,2,0.76,0,0,Both,Tier 2,0
C02383,41,35.0,13,803.0,9671.0,3,0.06,0,0,Both,Tier 2,1
C02384,37,34.0,6,651.0,3149.0,3,0.29,1,1,Both,Tier 2,0
C02385,53,224.0,7,877.0,5633.0,4,0.46,0,0,Store,Tier 1,1
C02386,19,20.0,13,693.0,7834.0,4,0.33,0,1,Store,Tier 1,0
C02387,49,36.0,5,823.0,4376.0,4,0.76,1,1,Store,Tier 3,1
C02388,31,97.0,8,671.0,5469.0,2,0.27,0,1,Store,Tier 3,1
C02389,14,86.0,11,929.0,9978.0,4,0.71,0,0,Both,Tier 2,0
C02390,16,21.0,13,512.0,5402.0,3,0.1,1,0,Store,Tier 2,0
C02391,53,22.0,12,438.0,4718.0,3,0.67,0,1,Both,Tier 1,0
C02392,16,118.0,13,483.0,6533.0,2,0.65,0,0,Both,Tier 1,1
C02393,58,47.0,16,897.0,11890.0,3,0.51,0,1,Store,Tier 2,0
C02394,21,19.0,12,983.0,11861.0,3,0.53,0,0,Store,Tier 1,0
C02395,37,27.0,12,,5996.0,3,0.38,0,0,Store,Tier 1,0
C02396,19,45.0,15,822.0,14043.0,4,0.54,0,0,Store,Tier 1,0
C02397,13,25.0,14,1471.0,20052.0,3,0.08,0,0,Online,Tier 2,0
C02398,52,24.0,14,704.0,10570.0,5,0.11,0,1,Store,Tier 3,0
C02399,57,29.0,11,1407.0,12970.0,3,0.31,0,1,Store,Tier 1,0
C02400,34,31.0,15,1330.0,20667.0,3,0.43,0,1,Online,Tier 2,0
C02401,30,43.0,13,681.0,8034.0,3,0.59,0,1,Store,Tier 2,0
C02402,21,86.0,11,150.0,1736.0,2,0.44,0,0,Store,Tier 3,0
C02403,19,52.0,11,681.0,7560.0,5,0.23,0,1,Store,Tier 3,0
C02404,45,175.0,4,1112.0,4737.0,1,0.09,0,1,Online,Tier 2,0
C02405,49,11.0,13,,1732.0,5,0.44,0,0,Both,Tier 2,0
C02406,14,33.0,17,1255.0,19481.0,3,0.33,0,0,Online,Tier 1,0
C02407,26,72.0,10,1047.0,12163.0,6,0.38,0,1,Both,Tier 2,0
C02408,9,13.0,11,1096.0,10950.0,1,0.73,1,1,Both,Tier 1,0
C02409,53,38.0,14,940.0,15413.0,5,0.06,0,1,Both,Tier 2,0
C02410,14,76.0,11,700.0,6960.0,5,0.51,0,0,Store,Tier 1,0
C02411,47,24.0,6,443.0,2734.0,5,0.37,0,0,Both,Tier 2,1
C02412,19,13.0,15,938.0,11812.0,4,0.47,1,1,Store,Tier 1,0
C02413,6,43.0,7,1090.0,8318.0,4,0.1,0,1,Online,Tier 2,0
C02414,60,25.0,15,822.0,13015.0,3,0.68,1,1,Store,Tier 1,0
C02415,42,112.0,13,1141.0,14818.0,8,0.34,0,1,Both,Tier 3,0
C02416,33,28.0,13,844.0,12106.0,6,0.25,0,1,Store,Tier 2,0
C02417,47,103.0,6,802.0,3965.0,3,0.69,0,1,Store,Tier 3,0
C02418,41,15.0,10,880.0,8225.0,3,0.4,1,0,Online,Tier 2,0
C02419,32,45.0,11,699.0,8234.0,2,0.44,1,0,Store,Tier 2,0
C02420,15,103.0,9,1024.0,8382.0,3,0.34,1,1,Store,Tier 2,0
C02421,37,23.0,12,1130.0,15434.0,2,0.55,2,0,Store,Tier 2,0
C02422,21,308.0,2,1077.0,2121.0,2,0.51,0,0,Store,Tier 2,1
C02423,49,135.0,11,1476.0,13360.0,5,0.22,0,0,Store,Tier 2,0
C02424,39,178.0,9,682.0,4919.0,4,0.47,1,1,Both,Tier 1,0
C02425,41,48.0,9,1151.0,9464.0,4,0.57,0,1,Both,Tier 2,0
C02426,30,90.0,15,991.0,12311.0,2,0.26,0,0,Store,Tier 2,0
C02427,44,27.0,11,646.0,5807.0,6,0.25,1,1,Store,Tier 1,0
C02428,46,104.0,2,939.0,2185.0,4,0.31,1,1,Online,Tier 3,1
C02429,22,39.0,14,873.0,12199.0,4,0.28,0,1,Store,Tier 2,0
C02430,7,31.0,14,829.0,9665.0,2,0.38,1,0,Both,Tier 2,0
C02431,24,60.0,8,1105.0,7970.0,4,0.49,0,1,Store,Tier 1,0
C02432,19,29.0,11,1403.0,13962.0,5,0.41,0,0,Both,Tier 2,0
C02433,11,64.0,15,724.0,9807.0,1,0.63,0,0,Store,Tier 2,0
C02434,23,96.0,5,223.0,1169.0,3,0.19,1,1,Both,Tier 2,0
C02435,41,75.0,12,1062.0,15081.0,5,0.17,1,0,Both,Tier 1,0
C02436,14,30.0,12,1192.0,15150.0,3,0.14,0,0,Store,Tier 1,1
C02437,49,60.0,18,797.0,14498.0,8,0.36,0,0,Both,Tier 1,0
C02438,39,68.0,8,1272.0,10221.0,3,0.47,0,1,Store,Tier 1,1
C02439,20,78.0,14,150.0,1945.0,5,0.46,0,0,Both,Tier 2,0
C02440,26,68.0,12,637.0,8386.0,5,0.2,0,1,Online,Tier 1,0
C02441,56,36.0,16,1598.0,26000.0,3,0.2,0,1,Store,Tier 2,0
C02442,34,149.0,6,692.0,4765.0,7,0.75,1,0,Store,Tier 1,0
C02443,42,17.0,8,1348.0,8631.0,5,0.3,0,1,Store,Tier 3,0
C02444,2,8.0,10,835.0,9849.0,4,0.28,1,0,Store,,0
C02445,46,14.0,8,759.0,6656.0,8,0.32,1,1,Online,Tier 3,0
C02446,37,16.0,16,1090.0,14148.0,3,0.74,0,1,Both,Tier 3,0
C02447,23,69.0,12,1188.0,15483.0,6,0.24,0,0,Online,Tier 1,0
C02448,26,23.0,14,1093.0,13268.0,3,0.82,0,1,Both,Tier 3,0
C02449,40,25.0,8,465.0,3201.0,2,0.8,0,1,Both,Tier 1,1
C02450,58,113.0,4,897.0,3085.0,4,0.48,1,1,Online,Tier 1,1
C02451,52,198.0,6,952.0,5695.0,2,0.27,0,1,Both,Tier 3,0
C02452,5,38.0,17,277.0,4162.0,1,0.37,0,1,Store,Tier 1,0
C02453,12,226.0,3,1424.0,3612.0,3,0.66,1,0,Store,Tier 3,1
C02454,52,66.0,4,921.0,3231.0,5,0.25,0,1,Both,Tier 1,0
C02455,37,23.0,12,1341.0,16384.0,8,0.62,0,0,Store,Tier 1,0
C02456,43,25.0,8,508.0,3505.0,3,0.39,0,1,Online,Tier 1,0
C02457,37,99.0,9,769.0,7524.0,4,0.22,0,0,Store,Tier 1,0
C02458,44,8.0,16,510.0,9392.0,3,0.28,0,1,Both,Tier 2,0
C02459,41,53.0,9,1617.0,13744.0,4,0.41,0,1,Both,Tier 1,0
C02460,45,3.0,9,300.0,3123.0,5,0.34,1,1,Store,Tier 2,0
C02461,48,90.0,9,956.0,7928.0,3,0.15,1,0,Store,Tier 2,1
C02462,46,83.0,11,1204.0,15756.0,2,0.02,0,1,Store,Tier 2,0
C02463,39,62.0,12,1074.0,13515.0,7,0.42,0,0,Store,Tier 2,0
C02464,10,15.0,17,539.0,7360.0,1,0.16,0,0,Store,Tier 1,0
C02465,34,14.0,16,905.0,17132.0,3,0.54,0,1,Store,Tier 2,0
C02466,2,127.0,7,1270.0,10444.0,5,0.31,0,0,Both,Tier 3,1
C02467,20,30.0,15,877.0,14661.0,3,0.38,0,0,Store,Tier 1,0
C02468,29,9.0,11,909.0,9421.0,3,0.49,0,1,Store,Tier 1,0
C02469,5,163.0,4,899.0,3962.0,5,0.51,1,0,Store,Tier 2,0
C02470,15,306.0,1,1295.0,1116.0,4,0.17,0,0,Online,Tier 1,1
C02471,35,33.0,12,1328.0,13482.0,4,0.27,0,0,Online,Tier 2,0
C02472,6,100.0,15,,7850.0,4,0.55,0,0,Online,Tier 1,0
C02473,39,93.0,6,607.0,3831.0,3,0.32,1,1,Online,Tier 1,0
C02474,56,64.0,13,587.0,6336.0,2,0.16,1,1,Online,Tier 2,1
C02475,14,49.0,9,739.0,5953.0,3,0.52,1,1,Both,Tier 1,0
C02476,5,61.0,12,619.0,6128.0,4,0.52,0,0,Store,Tier 2,0
C02477,40,149.0,8,360.0,3341.0,7,0.07,1,1,Store,Tier 1,0
C02478,19,50.0,17,1533.0,24867.0,1,0.43,3,1,Both,Tier 1,0
C02479,55,35.0,19,794.0,12677.0,2,0.19,1,0,Both,Tier 3,0
C02480,47,65.0,9,781.0,5907.0,3,0.34,0,1,Store,Tier 1,0
C02481,9,51.0,9,,11747.0,5,0.46,0,0,Both,Tier 2,1
C02482,8,75.0,5,1382.0,6538.0,6,0.44,0,0,Store,Tier 1,0
C02483,37,40.0,10,576.0,5305.0,4,0.4,0,0,Online,Tier 3,1
C02484,24,49.0,6,754.0,4041.0,4,0.03,0,1,Both,Tier 2,0
C02485,22,11.0,12,806.0,10688.0,3,0.1,0,0,Store,Tier 2,0
C02486,29,138.0,7,885.0,6361.0,8,0.3,0,0,Store,Tier 2,1
C02487,18,5.0,16,1187.0,22476.0,3,0.43,1,0,Store,Tier 3,0
C02488,36,40.0,12,1236.0,15885.0,2,0.46,0,0,Store,Tier 2,0
C02489,46,14.0,9,1130.0,8456.0,1,0.41,0,1,Store,Tier 2,0
C02490,4,9.0,12,659.0,8570.0,3,0.38,1,1,Both,Tier 1,0
C02491,21,25.0,14,1363.0,19009.0,5,0.4,1,1,Store,Tier 1,0
C02492,8,33.0,15,859.0,13938.0,8,0.63,1,0,Both,Tier 2,0
C02493,35,65.0,11,247.0,2625.0,4,0.17,1,1,Store,Tier 1,0
C02494,29,39.0,14,573.0,7355.0,5,0.37,1,0,Both,Tier 1,0
C02495,16,46.0,12,982.0,10759.0,1,0.18,0,0,Store,Tier 1,0
C02496,45,74.0,11,945.0,11661.0,6,0.04,1,1,Both,Tier 1,0
C02497,18,69.0,14,1241.0,20044.0,4,0.49,0,1,Online,Tier 2,0
C02498,28,81.0,10,727.0,8459.0,4,0.25,0,0,Store,Tier 1,0
C02499,27,78.0,9,1501.0,12069.0,4,0.56,1,1,Both,Tier 2,1
C02500,9,55.0,7,1288.0,10592.0,4,0.67,0,0,Store,Tier 1,1
C02501,28,144.0,7,937.0,6133.0,6,0.31,0,0,Store,Tier 2,0
C02502,10,30.0,11,273.0,2583.0,1,0.23,1,0,Both,Tier 1,0
C02503,26,64.0,9,608.0,4685.0,3,0.61,0,0,Store,Tier 2,0
C02504,42,37.0,8,736.0,6301.0,6,0.15,1,0,Store,Tier 2,0
C02505,3,74.0,9,860.0,8355.0,4,0.17,1,0,Store,Tier 3,0
C02506,32,11.0,12,987.0,13491.0,2,0.03,1,0,Store,Tier 1,1
C02507,14,128.0,9,150.0,1414.0,4,0.61,0,1,Store,Tier 1,1
C02508,31,25.0,16,1144.0,15889.0,2,0.73,1,0,Store,Tier 3,1
C02509,38,56.0,12,598.0,7191.0,3,0.59,1,1,Online,Tier 1,0
C02510,52,93.0,10,1206.0,11908.0,6,0.51,0,1,Both,Tier 2,0
C02511,7,35.0,5,1208.0,5864.0,8,0.63,0,0,Store,Tier 2,0
C02512,52,10.0,13,375.0,4638.0,6,0.47,0,1,Store,Tier 2,0
C02513,17,36.0,10,993.0,11692.0,6,0.2,0,1,Store,Tier 3,0
C02514,39,141.0,8,1073.0,7659.0,3,0.38,0,1,Store,Tier 1,0
C02515,33,51.0,10,1207.0,11075.0,6,0.71,0,0,Online,Tier 1,0
C02516,20,40.0,15,1128.0,14113.0,3,0.4,0,1,Store,Tier 2,0
C02517,26,81.0,13,614.0,7576.0,8,0.22,0,0,Both,Tier 2,1
C02518,44,37.0,17,948.0,17165.0,1,0.48,0,1,Both,Tier 3,0
C02519,38,36.0,9,977.0,8610.0,2,0.24,0,0,Online,Tier 1,0
C02520,49,71.0,10,944.0,9600.0,3,0.39,0,0,Store,Tier 2,0
C02521,37,22.0,12,488.0,6192.0,5,0.81,0,0,Store,Tier 1,0
C02522,55,31.0,15,1467.0,22313.0,2,0.63,0,1,Both,Tier 3,0
C02523,60,167.0,5,912.0,4109.0,4,0.32,0,1,Online,Tier 2,1
C02524,52,7.0,13,777.0,11563.0,3,0.3,0,1,Store,Tier 2,0
C02525,58,101.0,13,638.0,8488.0,3,0.47,0,1,Store,Tier 2,0
C02526,58,14.0,20,,7951.0,4,0.44,1,0,Store,Tier 3,0
C02527,38,154.0,3,625.0,1804.0,4,0.15,0,0,Online,Tier 2,1
C02528,27,43.0,15,,13017.0,4,0.18,1,1,Both,Tier 3,0
C02529,20,30.0,13,1105.0,11632.0,5,0.45,0,0,Store,Tier 2,0
C02530,6,66.0,14,1176.0,13399.0,3,0.42,0,0,Store,Tier 1,0
C02531,51,7.0,11,648.0,6239.0,3,0.34,0,1,Store,Tier 1,0
C02532,10,16.0,6,771.0,4235.0,1,0.53,0,0,Online,Tier 2,0
C02533,9,90.0,8,944.0,6549.0,5,0.25,0,0,Store,Tier 1,1
C02534,22,21.0,17,608.0,11264.0,5,0.4,0,0,Store,Tier 2,0
C02535,40,32.0,17,555.0,10491.0,5,0.41,0,1,Store,Tier 2,0
C02536,51,3.0,13,786.0,11311.0,8,0.55,0,1,Store,Tier 2,0
C02537,60,46.0,18,885.0,14669.0,3,0.36,1,1,Store,Tier 2,1
C02538,3,118.0,9,698.0,6737.0,2,0.42,0,1,Store,Tier 2,0
C02539,2,45.0,14,798.0,12029.0,5,0.58,1,0,Both,Tier 1,1
C02540,9,23.0,13,583.0,6866.0,5,0.49,0,1,Online,Tier 2,0
C02541,54,55.0,11,1240.0,13360.0,4,0.45,0,1,Both,Tier 1,0
C02542,55,52.0,15,799.0,12015.0,3,0.53,0,0,Both,Tier 3,0
C02543,37,36.0,9,1094.0,11398.0,3,0.05,0,0,Store,Tier 1,1
C02544,27,24.0,11,926.0,11301.0,5,0.14,0,1,Store,Tier 2,0
C02545,28,46.0,13,1065.0,16297.0,3,0.43,0,1,Both,Tier 1,0
C02546,13,56.0,9,994.0,10453.0,3,0.35,0,0,Store,Tier 2,0
C02547,15,10.0,18,599.0,11954.0,2,0.32,1,0,Store,Tier 1,0
C02548,52,73.0,7,1352.0,8922.0,4,0.31,0,1,Store,Tier 2,1
C02549,19,69.0,17,556.0,8689.0,2,0.26,0,0,Online,Tier 1,0
C02550,39,42.0,12,1101.0,15343.0,2,0.77,0,1,Both,Tier 3,0
C02551,30,46.0,14,776.0,12357.0,3,0.24,0,1,Online,Tier 2,0
C02552,60,136.0,11,694.0,8080.0,3,0.63,1,1,Store,Tier 1,0
C02553,53,28.0,14,758.0,9211.0,6,0.55,1,0,Both,Tier 1,0
C02554,36,38.0,9,1075.0,11447.0,4,0.46,1,1,Store,Tier 2,0
C02555,53,52.0,13,956.0,11917.0,5,0.13,1,0,Both,Tier 1,0
C02556,11,10.0,7,203.0,1317.0,1,0.23,0,1,Both,Tier 1,0
C02557,39,10.0,17,707.0,11706.0,4,0.36,0,1,Store,Tier 2,0
C02558,50,88.0,11,,7631.0,6,0.6,0,1,Both,Tier 2,0
C02559,19,97.0,16,745.0,12207.0,2,0.58,1,1,Store,Tier 1,0
C02560,25,49.0,10,703.0,7400.0,2,0.51,0,0,Both,Tier 1,0
C02561,35,38.0,18,829.0,14357.0,4,0.5,1,1,Store,Tier 2,0
C02562,1,41.0,13,832.0,8870.0,3,0.48,0,0,Store,Tier 2,1
C02563,31,69.0,13,1266.0,16106.0,3,0.2,1,1,Store,Tier 3,0
C02564,33,117.0,18,1678.0,33032.0,2,0.4,0,0,Store,Tier 2,0
C02565,16,114.0,16,905.0,14971.0,2,0.35,0,0,Both,Tier 3,1
C02566,22,33.0,7,1807.0,12515.0,5,0.32,0,0,Store,Tier 1,1
C02567,31,9.0,12,828.0,10804.0,3,0.32,2,1,Store,Tier 3,0
C02568,54,10.0,19,849.0,18632.0,7,0.36,0,0,Both,Tier 2,0
C02569,30,105.0,11,578.0,6482.0,6,0.31,0,0,Both,Tier 1,0
C02570,49,151.0,4,922.0,3553.0,4,0.31,0,0,Store,Tier 2,0
C02571,45,131.0,13,1170.0,15367.0,3,0.16,1,1,Both,Tier 2,0
C02572,37,41.0,21,766.0,14616.0,3,0.37,0,1,Online,Tier 1,0
C02573,59,45.0,7,600.0,3510.0,4,0.26,0,0,Store,Tier 2,0
C02574,17,27.0,11,751.0,9116.0,4,0.3,1,0,Both,Tier 2,0
C02575,57,56.0,11,484.0,6096.0,5,0.33,1,1,Store,Tier 3,0
C02576,55,141.0,12,947.0,10876.0,2,0.22,2,1,Store,Tier 1,0
C02577,9,106.0,12,826.0,9732.0,4,0.21,1,0,Store,Tier 2,1
C02578,22,84.0,8,267.0,2449.0,3,0.5,0,0,Both,Tier 2,0
C02579,25,58.0,7,1142.0,7934.0,3,0.8,0,0,Store,Tier 2,0
C02580,4,11.0,7,683.0,4216.0,5,0.74,0,1,Both,Tier 1,0
C02581,56,52.0,16,1126.0,18180.0,4,0.68,0,1,Store,Tier 3,0
C02582,40,79.0,15,1663.0,23014.0,3,0.33,0,0,Both,Tier 2,0
C02583,34,48.0,11,464.0,4723.0,4,0.43,0,0,Both,Tier 2,1
C02584,42,183.0,7,,5144.0,6,0.57,0,1,Online,Tier 1,0
C02585,35,18.0,21,1124.0,19663.0,4,0.63,0,1,Store,Tier 2,0
C02586,25,105.0,12,1236.0,15691.0,6,0.68,1,0,Both,Tier 2,0
C02587,6,88.0,14,443.0,5256.0,3,0.49,1,1,Store,Tier 1,0
C02588,40,38.0,6,1039.0,7398.0,4,0.77,0,1,Online,Tier 1,0
C02589,45,108.0,13,1483.0,16018.0,4,0.54,0,1,Both,Tier 3,0
C02590,59,12.0,14,1065.0,13634.0,2,0.12,0,0,Store,Tier 1,0
C02591,35,86.0,10,993.0,11617.0,6,0.46,0,0,Store,Tier 2,1
C02592,21,10.0,9,1124.0,9181.0,7,0.59,0,0,Store,Tier 1,1
C02593,37,50.0,13,712.0,7861.0,2,0.28,0,1,Store,Tier 1,0
C02594,20,114.0,10,317.0,3250.0,4,0.59,0,1,Store,Tier 2,0
C02595,38,43.0,8,1100.0,8206.0,3,0.68,1,1,Both,Tier 3,0
C02596,59,245.0,8,280.0,2130.0,4,0.38,1,0,Store,Tier 1,1
C02597,13,28.0,20,931.0,20320.0,4,0.47,2,1,Store,Tier 3,0
C02598,43,9.0,17,1271.0,20915.0,3,0.6,0,1,Online,Tier 2,0
C02599,37,98.0,9,307.0,2985.0,6,0.47,0,0,Store,Tier 1,0
C02600,8,55.0,8,944.0,7194.0,3,0.24,0,0,Store,Tier 1,1
C02601,36,85.0,7,991.0,5641.0,3,0.25,1,0,Store,Tier 1,1
C02602,53,7.0,11,770.0,9670.0,3,0.9,1,0,Store,Tier 2,0
C02603,41,36.0,11,885.0,7823.0,2,0.32,1,1,Store,Tier 1,0
C02604,34,144.0,9,889.0,9564.0,5,0.14,0,0,Store,Tier 3,1
C02605,12,4.0,12,1049.0,14559.0,8,0.36,0,1,Both,Tier 1,0
C02606,2,19.0,16,597.0,10784.0,4,0.55,2,1,Store,Tier 2,0
C02607,20,73.0,8,917.0,6777.0,3,0.68,0,0,Store,Tier 1,0
C02608,34,41.0,10,863.0,9343.0,6,0.83,2,1,Store,Tier 1,0
C02609,23,50.0,16,722.0,11673.0,4,0.56,0,0,Store,Tier 1,0
C02610,53,41.0,9,1002.0,7764.0,3,0.1,0,1,Store,Tier 2,0
C02611,8,71.0,12,971.0,12327.0,4,0.17,1,0,Online,Tier 1,1
C02612,17,105.0,9,,5799.0,4,0.29,0,0,Online,Tier 2,0
C02613,7,2.0,14,,12763.0,4,0.5,0,0,Store,Tier 2,0
C02614,14,87.0,13,841.0,9804.0,2,0.5,1,0,Both,Tier 3,0
C02615,40,23.0,14,1050.0,15019.0,4,0.11,0,0,Store,Tier 2,0
C02616,30,11.0,9,1358.0,14325.0,3,0.32,0,0,Store,Tier 2,1
C02617,49,73.0,13,923.0,11174.0,1,0.22,1,1,Store,Tier 2,1
C02618,15,58.0,11,680.0,8873.0,4,0.35,0,1,Online,Tier 1,0
C02619,2,26.0,7,1282.0,8527.0,2,0.34,1,1,Both,Tier 1,0
C02620,56,9.0,12,1359.0,14437.0,3,0.34,0,1,Both,Tier 1,0
C02621,33,10.0,11,599.0,7342.0,1,0.89,1,0,Store,Tier 1,0
C02622,52,83.0,13,293.0,3420.0,4,0.24,0,0,Online,Tier 1,0
C02623,20,40.0,10,986.0,9601.0,4,0.23,0,1,Online,Tier 2,0
C02624,7,78.0,10,584.0,6721.0,6,0.41,0,1,Store,Tier 2,0
C02625,32,18.0,20,949.0,16485.0,3,0.55,1,0,Store,Tier 3,1
C02626,56,18.0,13,1684.0,18024.0,5,0.39,0,1,Both,Tier 1,0
C02627,49,111.0,12,646.0,6410.0,4,0.31,0,1,Both,Tier 2,0
C02628,42,173.0,6,1003.0,6458.0,4,0.43,1,1,Online,Tier 2,1
C02629,25,133.0,5,875.0,3879.0,5,0.5,0,1,Online,Tier 1,0
C02630,37,35.0,14,771.0,11299.0,4,0.18,2,1,Store,Tier 2,0
C02631,12,133.0,8,1460.0,12910.0,4,0.18,0,1,Both,Tier 2,0
C02632,2,45.0,10,818.0,8111.0,3,0.49,0,0,Store,Tier 2,1
C02633,39,9.0,13,693.0,8274.0,3,0.58,0,0,Both,Tier 2,0
C02634,30,43.0,13,150.0,1781.0,1,0.83,0,1,Both,Tier 3,0
C02635,34,102.0,12,610.0,6656.0,5,0.41,1,1,Online,Tier 2,0
C02636,54,150.0,12,1334.0,14090.0,4,0.1,0,1,Online,Tier 2,1
C02637,35,36.0,10,419.0,4101.0,4,0.59,1,1,Store,Tier 2,0
C02638,26,48.0,10,1404.0,16242.0,5,0.79,0,1,Store,Tier 2,0
C02639,6,132.0,5,960.0,5537.0,6,0.52,0,0,Both,Tier 1,1
C02640,57,29.0,16,744.0,10803.0,8,0.09,1,1,Both,Tier 2,0
C02641,32,66.0,9,993.0,7452.0,3,0.35,0,0,Store,Tier 2,0
C02642,24,68.0,9,857.0,8333.0,1,0.44,0,1,Online,Tier 1,0
C02643,52,74.0,11,150.0,1597.0,5,0.39,1,1,Both,Tier 1,0
C02644,13,25.0,21,,17217.0,4,0.44,1,1,Online,Tier 3,0
C02645,2,164.0,10,1093.0,10469.0,2,0.54,3,0,Store,Tier 1,1
C02646,22,121.0,2,760.0,1536.0,5,0.48,1,1,Store,Tier 1,1
C02647,47,22.0,7,197.0,1607.0,4,0.16,0,0,Store,Tier 3,0
C02648,20,29.0,21,998.0,18998.0,5,0.73,0,1,Store,Tier 1,0
C02649,16,16.0,18,608.0,12926.0,3,0.45,1,0,Both,Tier 2,0
C02650,37,30.0,13,777.0,11493.0,5,0.58,2,1,Store,Tier 2,0
C02651,16,4.0,21,610.0,10840.0,3,0.31,1,0,Store,Tier 2,0
C02652,37,15.0,12,409.0,5812.0,7,0.64,1,1,Store,Tier 2,1
C02653,54,53.0,8,1218.0,8047.0,3,0.73,0,1,Online,Tier 3,0
C02654,6,54.0,14,1219.0,19482.0,6,0.41,0,0,Both,Tier 1,0
C02655,53,67.0,8,487.0,3726.0,7,0.24,0,0,Store,Tier 2,0
C02656,41,31.0,19,1598.0,24437.0,7,0.16,0,0,Store,Tier 1,0
C02657,32,34.0,6,1062.0,5151.0,4,0.43,0,1,Store,Tier 3,0
C02658,12,107.0,9,497.0,5102.0,2,0.53,1,0,Online,Tier 1,0
C02659,50,32.0,11,740.0,8003.0,2,0.2,1,1,Store,Tier 1,1
C02660,10,47.0,10,1012.0,10757.0,3,0.59,0,0,Online,Tier 1,0
C02661,49,11.0,21,,23635.0,5,0.63,1,0,Both,Tier 1,0
C02662,56,26.0,12,1050.0,13548.0,4,0.33,0,1,Online,Tier 1,0
C02663,6,19.0,16,1406.0,26811.0,2,0.24,0,0,Store,Tier 1,0
C02664,46,34.0,15,1329.0,18984.0,5,0.48,0,0,Store,Tier 1,0
C02665,58,58.0,12,472.0,6210.0,3,0.17,0,1,Online,Tier 2,0
C02666,4,14.0,13,1041.0,12403.0,6,0.67,0,1,Online,Tier 1,0
C02667,56,41.0,12,1192.0,15303.0,7,0.6,0,1,Store,Tier 3,0
C02668,4,11.0,10,953.0,10779.0,3,0.59,0,0,Store,Tier 3,0
C02669,15,24.0,11,1130.0,11208.0,2,0.56,0,0,Both,Tier 1,0
C02670,47,64.0,11,1028.0,10265.0,2,0.1,0,1,Both,Tier 2,0
C02671,21,62.0,12,786.0,8904.0,4,0.78,0,0,Store,Tier 3,1
C02672,7,28.0,17,904.0,15183.0,8,0.12,0,1,Store,Tier 3,0
C02673,29,78.0,17,493.0,7108.0,7,0.1,0,1,Store,Tier 1,0
C02674,4,69.0,19,1046.0,18979.0,3,0.78,0,1,Online,Tier 2,0
C02675,23,89.0,13,1585.0,18026.0,2,0.44,0,1,Store,Tier 2,0
C02676,55,20.0,17,961.0,14507.0,4,0.28,0,1,Both,Tier 2,0
C02677,21,20.0,14,1278.0,16493.0,4,0.27,0,0,Online,Tier 1,0
C02678,20,44.0,13,1508.0,20149.0,6,0.85,0,1,Online,Tier 1,0
C02679,58,58.0,14,986.0,11801.0,3,0.18,0,0,Store,Tier 2,0
C02680,9,47.0,10,1327.0,12194.0,5,0.43,0,0,Online,Tier 3,0
C02681,13,65.0,11,463.0,4804.0,4,0.56,0,0,Both,Tier 1,0
C02682,12,48.0,16,792.0,12085.0,2,0.24,1,1,Store,Tier 2,0
C02683,13,42.0,8,652.0,5546.0,4,0.57,0,0,Both,Tier 3,0
C02684,28,45.0,12,884.0,9912.0,1,0.8,0,0,Store,Tier 1,1
C02685,58,60.0,8,873.0,6696.0,8,0.75,1,1,Store,Tier 2,0
C02686,15,69.0,16,1141.0,15834.0,2,0.25,0,1,Store,Tier 1,0
C02687,31,66.0,14,958.0,11281.0,4,0.28,1,0,Store,Tier 2,0
C02688,53,41.0,11,599.0,7182.0,2,0.46,1,1,Both,Tier 1,0
C02689,33,77.0,9,649.0,6073.0,3,0.21,0,0,Both,Tier 2,1
C02690,15,117.0,11,603.0,7220.0,2,0.14,0,1,Both,Tier 2,0
C02691,45,168.0,8,1053.0,9963.0,5,0.16,0,1,Store,Tier 2,1
C02692,31,20.0,9,1231.0,9654.0,4,0.98,0,1,Online,Tier 1,0
C02693,18,80.0,14,898.0,10935.0,2,0.58,0,0,Both,Tier 1,0
C02694,31,24.0,19,1224.0,20791.0,5,0.17,0,0,Online,Tier 3,1
C02695,34,125.0,5,1180.0,6566.0,4,0.57,0,0,Both,Tier 1,0
C02696,31,91.0,9,373.0,2855.0,3,0.28,0,1,Both,Tier 1,0
C02697,46,30.0,10,771.0,8382.0,6,0.29,0,1,Both,Tier 1,0
C02698,8,97.0,6,674.0,4303.0,3,0.5,0,1,Both,Tier 2,1
C02699,51,86.0,11,904.0,10419.0,4,0.57,1,1,Store,Tier 2,0
C02700,49,199.0,5,709.0,3887.0,5,0.15,1,0,Both,Tier 2,1
C02701,3,146.0,4,655.0,2331.0,2,0.17,0,0,Both,Tier 2,1
C02702,53,262.0,3,799.0,2441.0,6,0.26,1,0,Both,Tier 2,1
C02703,16,18.0,9,1443.0,14073.0,4,0.76,0,0,Store,Tier 1,0
C02704,27,36.0,13,497.0,6815.0,3,0.5,1,1,Both,Tier 3,0
C02705,26,30.0,15,520.0,8342.0,2,0.03,1,1,Store,Tier 2,0
C02706,18,20.0,9,1211.0,11486.0,4,0.31,2,0,Store,Tier 3,1
C02707,58,21.0,19,989.0,19746.0,7,0.31,0,0,Store,Tier 1,0
C02708,52,38.0,11,881.0,11475.0,3,0.73,0,1,Both,Tier 1,0
C02709,33,35.0,15,1033.0,15794.0,6,0.29,0,1,Both,Tier 3,0
C02710,41,51.0,19,903.0,19711.0,3,0.13,0,1,Store,Tier 3,0
C02711,19,23.0,11,713.0,8067.0,4,0.14,0,1,Store,Tier 1,0
C02712,3,8.0,10,358.0,2920.0,4,0.42,0,0,Both,Tier 1,0
C02713,35,55.0,14,906.0,14435.0,3,0.27,0,1,Store,Tier 2,0
C02714,50,165.0,12,1482.0,17901.0,2,0.59,0,1,Store,,1
C02715,55,28.0,10,841.0,8561.0,4,0.57,0,1,Store,Tier 2,0
C02716,50,26.0,8,,10913.0,1,0.8,1,1,Store,Tier 1,1
C02717,25,22.0,16,1194.0,16113.0,3,0.13,0,1,Store,Tier 1,0
C02718,44,146.0,8,1385.0,10943.0,3,0.1,2,0,Both,Tier 2,1
C02719,41,53.0,10,1113.0,9342.0,5,0.2,0,1,Both,Tier 3,0
C02720,30,59.0,7,1221.0,10183.0,4,0.37,0,0,Store,Tier 2,0
C02721,31,65.0,13,1037.0,15304.0,5,0.54,1,0,Store,Tier 1,0
C02722,57,102.0,11,474.0,6187.0,2,0.06,0,1,Store,Tier 1,0
C02723,37,21.0,9,1148.0,10010.0,4,0.42,0,1,Store,Tier 1,0
C02724,49,49.0,15,1153.0,16437.0,4,0.74,0,1,Online,Tier 3,0
C02725,44,166.0,8,826.0,7193.0,4,0.17,2,1,Online,Tier 1,0
C02726,40,46.0,13,872.0,13353.0,4,0.38,0,1,Both,Tier 3,0
C02727,47,87.0,12,1083.0,11426.0,2,0.57,1,0,Store,Tier 2,1
C02728,14,12.0,15,921.0,14907.0,8,0.09,0,0,Store,Tier 3,0
C02729,8,64.0,13,896.0,10258.0,4,0.69,1,1,Both,Tier 1,1
C02730,33,61.0,14,1222.0,14838.0,3,0.75,1,1,Both,Tier 1,1
C02731,7,12.0,17,805.0,15366.0,2,0.5,0,0,Online,Tier 1,0
C02732,60,4.0,17,968.0,14826.0,3,0.76,0,1,Online,Tier 3,0
C02733,7,15.0,13,832.0,9453.0,4,0.19,0,1,Both,Tier 2,0
C02734,47,16.0,10,574.0,5162.0,7,0.29,2,0,Store,Tier 2,0
C02735,16,135.0,8,932.0,7451.0,4,0.69,0,0,Store,Tier 1,1
C02736,44,39.0,11,546.0,4835.0,5,0.65,1,1,Online,Tier 1,0
C02737,6,28.0,19,710.0,15483.0,2,0.19,0,0,Store,Tier 1,0
C02738,8,91.0,12,1640.0,20419.0,3,0.12,0,1,Store,Tier 2,0
C02739,50,25.0,16,896.0,14863.0,3,0.21,0,0,Both,Tier 1,0
C02740,25,104.0,10,702.0,8095.0,5,0.29,3,1,Both,Tier 1,0
C02741,5,49.0,12,437.0,4858.0,4,0.27,2,0,Store,Tier 2,0
C02742,3,65.0,8,1117.0,10490.0,3,0.24,0,0,Store,Tier 2,1
C02743,27,129.0,10,927.0,10374.0,6,0.52,0,0,Online,Tier 3,1
C02744,7,109.0,14,268.0,3116.0,2,0.44,0,0,Both,Tier 2,0
C02745,58,69.0,15,705.0,11750.0,4,0.68,0,1,Both,Tier 3,0
C02746,42,6.0,16,661.0,10064.0,2,0.13,0,0,Store,Tier 2,1
C02747,41,35.0,16,1279.0,20620.0,6,0.56,0,1,Online,Tier 3,1
C02748,1,5.0,17,779.0,12758.0,4,0.49,1,1,Online,Tier 1,0
C02749,3,72.0,8,1495.0,14224.0,2,0.39,0,1,Both,Tier 3,1
C02750,14,59.0,9,833.0,8420.0,2,0.02,0,0,Store,Tier 2,0
C02751,32,31.0,19,1182.0,24794.0,5,0.42,1,0,Both,Tier 1,0
C02752,2,15.0,12,926.0,12722.0,5,0.38,0,0,Online,Tier 1,0
C02753,11,103.0,11,866.0,8810.0,5,0.52,0,0,Online,Tier 1,0
C02754,15,21.0,13,1163.0,12120.0,3,0.65,0,0,Store,Tier 1,1
C02755,8,15.0,22,919.0,19237.0,4,0.47,0,0,Both,Tier 3,0
C02756,4,68.0,13,1251.0,17863.0,4,0.47,0,1,Both,Tier 1,0
C02757,20,63.0,6,636.0,4401.0,4,0.59,0,1,Store,Tier 1,0
C02758,2,43.0,10,671.0,6860.0,3,0.56,1,0,Online,Tier 1,0
C02759,58,111.0,4,1177.0,4389.0,6,0.17,0,0,Store,Tier 1,0
C02760,56,100.0,14,699.0,11194.0,6,0.65,1,1,Online,Tier 3,0
C02761,21,62.0,16,655.0,11370.0,5,0.07,0,1,Store,Tier 3,0
C02762,60,259.0,4,965.0,3963.0,6,0.4,1,0,Store,Tier 2,1
C02763,28,38.0,14,543.0,7773.0,4,0.75,2,1,Store,Tier 2,0
C02764,35,121.0,13,620.0,9068.0,6,0.23,0,1,Store,Tier 2,0
C02765,27,39.0,10,1285.0,10638.0,5,0.21,0,1,Store,Tier 2,0
C02766,18,33.0,18,950.0,19891.0,6,0.55,0,0,Store,Tier 3,0
C02767,47,6.0,9,487.0,3626.0,3,0.54,0,1,Store,Tier 2,1
C02768,24,111.0,5,1200.0,5579.0,8,0.37,0,1,Both,Tier 1,0
C02769,48,108.0,13,1086.0,12856.0,8,0.42,0,0,Store,Tier 2,0
C02770,29,41.0,11,603.0,7955.0,1,0.72,0,1,Store,Tier 2,0
C02771,58,97.0,4,150.0,715.0,6,0.3,0,1,Online,Tier 3,1
C02772,15,61.0,11,1002.0,12503.0,2,0.47,0,0,Online,Tier 2,0
C02773,11,177.0,10,810.0,8031.0,5,0.38,0,0,Store,Tier 1,1
C02774,28,48.0,17,679.0,10975.0,3,0.34,0,1,Store,Tier 1,0
C02775,59,9.0,14,958.0,13678.0,3,0.49,0,1,Store,Tier 2,0
C02776,26,124.0,10,879.0,8773.0,3,0.17,0,1,Store,Tier 2,0
C02777,49,17.0,13,258.0,3985.0,4,0.75,1,1,Both,Tier 2,0
C02778,44,15.0,7,906.0,5893.0,5,0.29,2,0,Both,Tier 1,0
C02779,10,177.0,7,629.0,4201.0,1,0.63,0,0,Store,Tier 2,1
C02780,26,100.0,14,,11280.0,3,0.15,0,0,Store,Tier 1,0
C02781,30,12.0,12,1380.0,14101.0,4,0.22,1,0,Online,Tier 2,0
C02782,10,104.0,8,917.0,6187.0,4,0.49,2,1,Store,Tier 3,0
C02783,11,67.0,11,821.0,9562.0,5,0.61,0,0,Both,Tier 2,1
C02784,14,28.0,13,628.0,7838.0,5,0.15,0,0,Online,Tier 1,0
C02785,2,125.0,11,992.0,9992.0,7,0.31,0,1,Store,Tier 1,0
C02786,54,76.0,11,577.0,6933.0,4,0.69,0,1,Store,Tier 2,0
C02787,40,19.0,13,569.0,6757.0,1,0.58,1,1,Online,Tier 2,0
C02788,15,37.0,10,848.0,9638.0,2,0.44,0,0,Both,Tier 1,0
C02789,12,20.0,12,850.0,10897.0,4,0.37,0,1,Both,Tier 3,0
C02790,7,69.0,8,179.0,1400.0,5,0.41,1,1,Store,Tier 2,1
C02791,25,52.0,16,717.0,12056.0,3,0.36,0,0,Store,Tier 1,0
C02792,12,145.0,5,463.0,2077.0,6,0.77,1,0,Store,Tier 3,0
C02793,2,7.0,12,1505.0,21337.0,2,0.6,0,0,Both,Tier 2,0
C02794,45,102.0,14,537.0,6016.0,5,0.6,0,0,Store,Tier 2,1
C02795,33,13.0,13,1130.0,17517.0,5,0.15,0,0,Both,Tier 3,0
C02796,12,16.0,16,721.0,11818.0,3,0.19,0,0,Store,Tier 2,1
C02797,7,22.0,11,793.0,7146.0,3,0.27,0,0,Both,Tier 2,0
C02798,25,96.0,7,781.0,6326.0,5,0.11,1,1,Store,Tier 3,1
C02799,21,55.0,12,1593.0,22824.0,4,0.31,3,0,Both,Tier 2,0
C02800,6,10.0,9,617.0,5998.0,4,0.58,0,0,Both,Tier 3,0
C02801,40,84.0,14,700.0,8318.0,4,0.34,0,1,Store,Tier 3,0
C02802,46,15.0,13,1285.0,16861.0,4,0.62,2,0,Online,Tier 1,0
C02803,24,125.0,11,1165.0,13281.0,6,0.11,0,1,Online,Tier 2,1
C02804,11,46.0,10,623.0,5111.0,1,0.85,0,1,Online,Tier 1,0
C02805,24,22.0,14,342.0,5259.0,4,0.37,0,1,Store,Tier 2,0
C02806,15,90.0,4,1113.0,3582.0,4,0.5,0,1,Online,Tier 3,1
C02807,50,67.0,9,1467.0,12581.0,5,0.18,0,0,Online,Tier 3,0
C02808,7,50.0,17,983.0,19285.0,3,0.16,0,0,Both,Tier 1,0
C02809,7,223.0,0,596.0,0.0,5,0.41,0,0,Online,Tier 1,1
C02810,7,73.0,13,702.0,7548.0,4,0.3,0,0,Both,Tier 3,0
C02811,13,109.0,12,978.0,13202.0,4,0.25,1,1,Store,Tier 2,1
C02812,21,24.0,14,,15490.0,6,0.44,1,0,Both,Tier 1,0
C02813,10,37.0,18,893.0,12958.0,3,0.54,0,0,Both,Tier 1,0
C02814,4,52.0,6,1036.0,5555.0,4,0.42,0,1,Both,Tier 2,0
C02815,20,80.0,11,861.0,8586.0,5,0.28,0,1,Both,Tier 3,0
C02816,17,67.0,11,291.0,2917.0,5,0.44,1,0,Store,Tier 3,0
C02817,10,10.0,11,776.0,9261.0,5,0.13,0,0,Both,Tier 1,0
C02818,25,36.0,9,523.0,3963.0,4,0.55,1,0,Both,Tier 1,1
C02819,49,59.0,15,926.0,13242.0,3,0.35,0,1,Store,Tier 2,0
C02820,2,12.0,13,497.0,7233.0,6,0.35,0,0,Store,Tier 1,1
C02821,2,46.0,6,443.0,2864.0,5,0.51,0,0,Store,Tier 2,0
C02822,45,32.0,13,1404.0,21728.0,4,0.18,0,1,Store,Tier 2,0
C02823,18,9.0,12,1651.0,22352.0,2,0.42,0,0,Both,Tier 1,0
C02824,21,26.0,13,846.0,9050.0,4,0.56,0,1,Store,Tier 3,0
C02825,21,2.0,17,1289.0,21687.0,1,0.27,0,0,Both,Tier 2,0
C02826,53,21.0,9,759.0,5845.0,5,0.62,1,1,Store,Tier 2,0
C02827,5,37.0,10,1091.0,10860.0,7,0.67,0,0,Store,Tier 1,0
C02828,2,76.0,11,,8058.0,4,0.29,0,0,Store,Tier 2,0
C02829,22,69.0,11,964.0,9578.0,5,0.5,0,0,Both,Tier 2,0
C02830,48,72.0,7,693.0,4350.0,4,0.29,0,1,Online,Tier 2,1
C02831,48,28.0,12,856.0,11935.0,4,0.17,1,0,Store,Tier 1,0
C02832,23,1.0,16,852.0,16218.0,4,0.13,0,0,Both,Tier 2,0
C02833,56,75.0,11,,11110.0,3,0.29,0,1,Online,Tier 2,1
C02834,8,94.0,11,748.0,7551.0,2,0.28,0,0,Both,Tier 1,0
C02835,24,42.0,17,1154.0,23159.0,2,0.04,0,1,Store,Tier 3,1
C02836,33,81.0,8,646.0,4596.0,5,0.34,1,1,Online,Tier 1,0
C02837,39,152.0,4,636.0,2993.0,2,0.45,0,0,Store,Tier 2,1
C02838,32,51.0,11,838.0,9205.0,4,0.15,0,1,Store,Tier 2,0
C02839,32,84.0,7,580.0,3896.0,8,0.42,0,1,Store,Tier 2,0
C02840,7,53.0,9,503.0,5219.0,3,0.14,0,0,Both,Tier 2,1
C02841,38,50.0,14,1138.0,16200.0,5,0.04,0,1,Online,Tier 3,0
C02842,5,10.0,18,993.0,19799.0,6,0.4,0,0,Store,Tier 1,0
C02843,22,38.0,12,1068.0,13149.0,3,0.6,0,0,Store,Tier 2,1
C02844,54,217.0,11,841.0,11075.0,4,0.43,0,1,Store,Tier 3,1
C02845,10,20.0,22,1068.0,19900.0,1,0.73,0,0,Both,Tier 3,0
C02846,58,128.0,4,933.0,4078.0,4,0.65,1,1,Store,Tier 2,1
C02847,13,36.0,19,587.0,11129.0,5,0.79,2,1,Store,Tier 1,0
C02848,59,26.0,18,1174.0,20792.0,2,0.35,0,0,Store,Tier 2,0
C02849,40,144.0,5,598.0,2468.0,4,0.43,1,1,Store,Tier 3,0
C02850,3,146.0,8,1239.0,8379.0,6,0.36,0,0,Both,Tier 3,1
C02851,53,113.0,13,782.0,8844.0,4,0.68,1,1,Both,Tier 3,0
C02852,1,8.0,10,1017.0,9189.0,6,0.27,0,0,Store,Tier 1,0
C02853,18,36.0,13,714.0,7984.0,6,0.25,1,0,Store,Tier 2,1
C02854,13,99.0,10,1160.0,13784.0,5,0.62,0,0,Both,Tier 2,0
C02855,50,17.0,11,192.0,2458.0,5,0.41,1,1,Online,Tier 2,0
C02856,20,30.0,16,850.0,11779.0,3,0.37,0,0,Store,Tier 2,0
C02857,18,95.0,12,645.0,6505.0,7,0.27,1,0,Both,Tier 1,1
C02858,45,42.0,12,500.0,4868.0,2,0.66,1,0,Store,Tier 2,1
C02859,32,43.0,10,785.0,8992.0,3,0.21,0,0,Online,Tier 2,0
C02860,20,36.0,13,1351.0,16406.0,3,0.83,0,0,Store,Tier 2,0
C02861,43,108.0,10,957.0,9264.0,2,0.37,0,1,Online,Tier 1,0
C02862,48,18.0,14,,9019.0,7,0.49,1,0,Store,Tier 3,0
C02863,29,71.0,10,500.0,4933.0,3,0.81,0,1,Online,Tier 2,0
C02864,41,51.0,11,,14420.0,3,0.18,0,1,Online,Tier 3,0
C02865,24,98.0,8,763.0,7103.0,1,0.51,0,1,Both,Tier 1,1
C02866,4,178.0,6,880.0,4336.0,3,0.5,0,1,Both,Tier 2,0
C02867,20,94.0,10,975.0,9881.0,5,0.15,0,1,Store,Tier 1,0
C02868,31,24.0,15,695.0,9582.0,4,0.42,0,0,Store,Tier 1,0
C02869,11,84.0,10,1030.0,9311.0,6,0.23,0,1,Both,Tier 2,0
C02870,22,165.0,10,528.0,4722.0,3,0.53,0,1,Store,Tier 2,0
C02871,52,4.0,13,506.0,7561.0,5,0.27,1,1,Both,Tier 1,0
C02872,21,128.0,10,754.0,6070.0,7,0.14,0,0,Online,Tier 1,0
C02873,43,54.0,16,896.0,12854.0,5,0.72,1,1,Both,Tier 1,0
C02874,5,70.0,7,638.0,5072.0,3,0.71,1,0,Store,Tier 2,0
C02875,35,94.0,12,677.0,8633.0,5,0.39,0,0,Both,Tier 2,1
C02876,42,16.0,9,1321.0,12149.0,4,0.33,1,1,Online,Tier 1,0
C02877,59,102.0,7,714.0,5152.0,3,0.69,1,1,Both,Tier 3,1
C02878,42,96.0,11,1148.0,14822.0,4,0.6,2,1,Store,Tier 2,1
C02879,29,45.0,10,1138.0,10459.0,4,0.37,0,1,Store,Tier 1,0
C02880,6,20.0,17,828.0,13732.0,8,0.44,0,1,Both,Tier 3,1
C02881,52,30.0,15,611.0,9166.0,5,0.47,1,1,Store,Tier 3,0
C02882,18,125.0,12,1119.0,13390.0,5,0.35,1,0,Both,Tier 2,1
C02883,15,252.0,6,370.0,2603.0,4,0.49,0,0,Store,Tier 1,1
C02884,21,34.0,13,1005.0,12320.0,8,0.47,1,1,Store,Tier 1,0
C02885,3,13.0,18,1585.0,33419.0,2,0.25,1,1,Store,Tier 3,0
C02886,20,49.0,13,752.0,11597.0,2,0.46,0,1,Store,Tier 1,0
C02887,24,54.0,13,1091.0,11870.0,3,0.29,0,1,Store,Tier 2,0
C02888,44,30.0,17,402.0,6558.0,2,0.49,0,0,Both,Tier 2,0
C02889,3,27.0,11,1125.0,12136.0,4,0.17,1,0,Both,Tier 1,0
C02890,54,40.0,10,875.0,8847.0,3,0.46,0,1,Store,Tier 2,0
C02891,56,2.0,5,921.0,5184.0,3,0.4,0,1,Online,Tier 2,0
C02892,55,61.0,11,1005.0,12275.0,6,0.44,1,0,Store,Tier 2,0
C02893,16,8.0,7,574.0,3737.0,5,0.21,1,1,Online,Tier 1,0
C02894,29,81.0,11,1414.0,18158.0,6,0.39,0,0,Both,Tier 1,0
C02895,17,79.0,8,1449.0,10892.0,3,0.41,0,0,Store,Tier 2,1
C02896,44,88.0,9,802.0,7555.0,2,0.71,0,1,Store,Tier 2,0
C02897,52,131.0,9,943.0,7494.0,6,0.19,0,1,Online,Tier 1,0
C02898,45,48.0,14,1211.0,17381.0,4,0.25,0,0,Store,Tier 1,0
C02899,4,43.0,13,447.0,4996.0,8,0.25,1,1,Both,Tier 2,0
C02900,46,18.0,12,656.0,9308.0,5,0.23,1,1,Store,Tier 3,0
C02901,2,132.0,9,1191.0,10548.0,5,0.71,1,1,Store,Tier 2,0
C02902,34,5.0,10,1023.0,10423.0,3,0.24,0,1,Both,Tier 1,0
C02903,30,123.0,15,1586.0,19494.0,7,0.65,1,0,Store,Tier 2,0
C02904,16,74.0,11,645.0,5875.0,4,0.25,0,0,Both,Tier 1,0
C02905,59,99.0,6,808.0,4862.0,3,0.27,0,1,Online,Tier 2,0
C02906,45,167.0,6,1301.0,9234.0,2,0.22,0,1,Both,Tier 3,1
C02907,11,31.0,11,681.0,6119.0,4,0.13,0,0,Store,Tier 2,0
C02908,24,102.0,9,474.0,3506.0,3,0.24,1,0,Both,Tier 1,0
C02909,55,57.0,13,862.0,12987.0,7,0.43,0,0,Both,Tier 2,0
C02910,5,181.0,8,1094.0,7162.0,6,0.38,0,0,Store,Tier 2,1
C02911,46,61.0,8,1128.0,10502.0,4,0.42,0,1,Online,Tier 3,0
C02912,6,43.0,15,732.0,12044.0,7,0.53,0,0,Both,Tier 2,0
C02913,33,117.0,5,885.0,3647.0,3,0.37,0,0,Store,Tier 1,0
C02914,43,41.0,9,1377.0,10315.0,2,0.6,0,1,Store,Tier 2,0
C02915,53,27.0,14,1057.0,11878.0,6,0.35,0,1,Store,Tier 2,0
C02916,2,20.0,16,805.0,11106.0,5,0.45,2,0,Store,Tier 1,0
C02917,35,160.0,7,1273.0,7955.0,6,0.4,0,1,Both,Tier 1,0
C02918,20,68.0,5,696.0,3889.0,1,0.2,0,0,Online,Tier 1,0
C02919,16,76.0,12,1032.0,10519.0,3,0.38,0,1,Store,Tier 2,0
C02920,19,36.0,9,870.0,8951.0,5,0.7,0,1,Store,Tier 2,0
C02921,32,46.0,16,804.0,12112.0,4,0.33,0,0,Store,Tier 1,0
C02922,15,52.0,14,1150.0,16726.0,5,0.15,0,0,Store,Tier 1,0
C02923,16,22.0,14,1336.0,18360.0,3,0.63,1,0,Online,Tier 3,0
C02924,20,47.0,8,1054.0,7112.0,3,0.1,2,1,Both,Tier 1,1
C02925,54,88.0,11,1152.0,13683.0,3,0.42,0,1,Store,Tier 1,0
C02926,34,17.0,13,1074.0,14832.0,3,0.39,4,0,Both,Tier 2,0
C02927,12,76.0,13,408.0,5023.0,5,0.29,1,1,Store,Tier 1,0
C02928,54,79.0,17,1402.0,20523.0,3,0.48,1,1,Both,Tier 3,1
C02929,29,14.0,6,1065.0,5367.0,5,0.28,1,1,Online,Tier 2,0
C02930,21,18.0,16,1258.0,19719.0,3,0.13,0,0,Store,Tier 1,0
C02931,54,86.0,8,150.0,1121.0,2,0.03,0,1,Both,Tier 3,0
C02932,12,66.0,17,1312.0,19458.0,5,0.51,0,0,Both,Tier 1,0
C02933,31,76.0,11,904.0,10996.0,2,0.3,1,1,Store,Tier 2,0
C02934,10,43.0,9,1023.0,8850.0,1,0.17,0,0,Store,Tier 1,0
C02935,57,79.0,8,1500.0,10233.0,2,0.46,0,1,Online,Tier 2,0
C02936,45,45.0,8,1276.0,8555.0,3,0.21,0,1,Store,Tier 1,0
C02937,55,69.0,11,559.0,6072.0,4,0.44,0,1,Store,Tier 1,0
C02938,40,144.0,11,1258.0,15563.0,5,0.15,0,0,Both,Tier 1,0
C02939,39,62.0,10,861.0,6986.0,5,0.34,0,0,Store,Tier 2,0
C02940,49,34.0,17,1164.0,18090.0,5,0.58,1,0,Online,Tier 3,0
C02941,36,90.0,16,591.0,10535.0,6,0.63,1,1,Online,Tier 3,0
C02942,26,26.0,9,1329.0,13174.0,5,0.33,0,0,Store,Tier 2,0
C02943,39,37.0,14,1004.0,12488.0,2,0.38,0,1,Online,Tier 2,0
C02944,26,62.0,14,790.0,9533.0,4,0.38,0,0,Store,Tier 1,0
C02945,34,80.0,10,994.0,10895.0,4,0.37,2,1,Both,Tier 2,0
C02946,19,73.0,14,949.0,13042.0,8,0.71,0,1,Store,Tier 2,0
C02947,43,143.0,10,688.0,7490.0,3,0.46,0,1,Store,Tier 1,1
C02948,25,47.0,14,1101.0,15212.0,5,0.16,0,0,Both,Tier 1,0
C02949,40,13.0,9,,8149.0,3,0.41,0,1,Store,Tier 1,0
C02950,60,62.0,13,926.0,12294.0,5,0.59,1,1,Store,Tier 1,0
C02951,2,14.0,13,539.0,6590.0,6,0.28,0,1,Store,Tier 2,0
C02952,59,139.0,10,645.0,6663.0,4,0.38,0,1,Store,Tier 3,0
C02953,58,19.0,16,1267.0,24177.0,4,0.19,1,1,Both,Tier 1,0
C02954,22,161.0,8,790.0,6753.0,6,0.19,1,1,Store,Tier 1,1
C02955,59,54.0,8,897.0,6437.0,4,0.41,0,1,Store,Tier 3,0
C02956,57,68.0,10,1300.0,11476.0,7,0.22,1,1,Store,Tier 2,0
C02957,45,29.0,14,1098.0,13635.0,4,0.34,0,1,Both,,0
C02958,60,120.0,9,885.0,7353.0,6,0.8,0,0,Store,Tier 3,0
C02959,39,1.0,10,635.0,7092.0,3,0.39,0,1,Store,Tier 2,0
C02960,50,84.0,10,1524.0,17056.0,5,0.54,1,1,Online,Tier 1,0
C02961,31,146.0,7,1107.0,8777.0,2,0.4,0,1,Online,Tier 2,0
C02962,25,35.0,14,1428.0,19654.0,5,0.36,0,1,Both,Tier 2,0
C02963,6,47.0,12,586.0,6463.0,3,0.48,0,0,Both,Tier 1,0
C02964,47,49.0,9,1302.0,11581.0,3,0.04,0,1,Online,Tier 1,0
C02965,19,59.0,15,1426.0,17954.0,4,0.53,1,0,Online,Tier 1,0
C02966,43,18.0,11,1124.0,12395.0,3,0.61,0,0,Store,Tier 3,1
C02967,54,39.0,8,860.0,6958.0,7,0.03,0,1,Store,Tier 2,0
C02968,25,46.0,10,1199.0,11271.0,4,0.77,0,1,Both,Tier 3,0
C02969,30,29.0,15,1259.0,18727.0,5,0.18,2,0,Online,Tier 2,0
C02970,18,66.0,11,423.0,3811.0,2,0.46,1,1,Both,Tier 2,0
C02971,45,44.0,8,588.0,5127.0,5,0.21,0,0,Online,Tier 3,0
C02972,18,67.0,12,1015.0,14450.0,4,0.64,1,0,Online,Tier 2,0
C02973,9,148.0,9,1048.0,10350.0,2,0.04,0,0,Store,Tier 1,0
C02974,49,53.0,15,735.0,12013.0,6,0.68,0,0,Online,Tier 2,0
C02975,54,74.0,13,644.0,6981.0,6,0.75,0,0,Both,Tier 2,0
C02976,51,180.0,8,1337.0,11810.0,3,0.09,1,1,Both,Tier 3,1
C02977,13,42.0,13,1048.0,13148.0,4,0.55,0,0,Both,Tier 2,0
C02978,43,20.0,7,1296.0,9165.0,3,0.39,0,0,Both,Tier 2,0
C02979,28,18.0,13,699.0,9236.0,8,0.28,0,0,Store,Tier 2,0
C02980,43,172.0,6,546.0,3447.0,2,0.7,0,1,Online,Tier 2,1
C02981,39,45.0,15,1260.0,18211.0,3,0.39,1,1,Both,Tier 3,0
C02982,5,25.0,12,670.0,7231.0,5,0.17,1,0,Store,Tier 2,0
C02983,21,39.0,16,575.0,9579.0,1,0.46,0,1,Both,Tier 3,0
C02984,41,18.0,15,1197.0,20933.0,8,0.52,0,1,Store,Tier 1,0
C02985,15,23.0,11,762.0,8988.0,4,0.14,0,1,Online,Tier 2,0
C02986,46,101.0,17,561.0,9736.0,3,0.79,0,0,Store,Tier 3,1
C02987,53,71.0,12,705.0,6979.0,8,0.67,0,0,Store,Tier 2,0
C02988,2,35.0,9,1069.0,9910.0,3,0.3,0,0,Store,Tier 1,1
C02989,23,153.0,6,1247.0,8382.0,1,0.12,0,1,Store,Tier 1,1
C02990,59,88.0,13,1320.0,18174.0,5,0.06,0,0,Store,Tier 3,0
C02991,2,24.0,16,1043.0,16144.0,4,0.35,0,0,Online,Tier 2,0
C02992,36,41.0,11,979.0,8724.0,5,0.32,1,1,Both,Tier 2,0
C02993,36,53.0,12,1529.0,19825.0,3,0.72,0,0,Both,Tier 2,0
C02994,33,22.0,13,1155.0,13939.0,5,0.51,0,0,Store,Tier 2,0
C02995,16,136.0,7,1273.0,8436.0,7,0.39,1,0,Store,Tier 1,1
C02996,3,20.0,14,1248.0,20954.0,3,0.21,0,0,Both,Tier 3,0
C02997,37,41.0,22,780.0,18119.0,4,0.16,0,0,Both,Tier 1,0
C02998,3,68.0,7,484.0,3808.0,3,0.27,1,0,Store,Tier 2,1
C02999,28,66.0,12,940.0,10425.0,5,0.26,0,0,Store,Tier 2,1
C03000,38,4.0,15,640.0,10632.0,2,0.08,0,1,Store,Tier 1,0
C03001,22,64.0,21,689.0,15126.0,4,0.3,0,1,Both,Tier 2,0
C03002,42,91.0,7,1152.0,9054.0,7,0.26,1,0,Online,Tier 3,0
C03003,46,73.0,8,1082.0,9869.0,8,0.34,0,1,Both,Tier 1,0
C03004,54,93.0,8,1061.0,7438.0,5,0.58,2,1,Online,Tier 1,0
C03005,47,19.0,8,150.0,1373.0,5,0.12,0,1,Both,Tier 1,0
C03006,16,1.0,10,568.0,6117.0,5,0.15,1,0,Store,Tier 1,0
C03007,20,110.0,5,663.0,3288.0,3,0.8,0,1,Both,Tier 3,0
C03008,21,68.0,14,1275.0,14542.0,2,0.34,0,0,Both,Tier 2,0
C03009,14,65.0,23,560.0,14498.0,4,0.67,1,0,Online,Tier 2,0
C03010,3,83.0,13,885.0,12301.0,2,0.28,0,1,Both,Tier 1,1
C03011,60,45.0,11,1566.0,18659.0,4,0.46,0,1,Both,Tier 1,0
C03012,40,78.0,10,542.0,6455.0,7,0.18,0,0,Store,Tier 1,0
C03013,56,52.0,14,768.0,9691.0,3,0.31,0,1,Store,Tier 1,0
C03014,55,39.0,10,607.0,4983.0,1,0.64,1,1,Store,Tier 3,0
C03015,48,69.0,17,1220.0,23064.0,4,0.42,1,0,Store,Tier 3,1
C03016,52,52.0,17,977.0,14919.0,5,0.43,0,1,Store,Tier 2,0
C03017,60,22.0,6,510.0,2583.0,4,0.26,0,1,Both,Tier 3,0
C03018,47,71.0,5,804.0,4496.0,5,0.35,0,1,Store,Tier 2,0
C03019,15,130.0,7,1464.0,9790.0,1,0.31,0,0,Online,Tier 1,0
C03020,2,3.0,11,191.0,2269.0,5,0.71,0,0,Both,Tier 1,0
C03021,19,51.0,13,715.0,10413.0,4,0.4,1,0,Both,Tier 2,0
C03022,34,224.0,6,1241.0,7833.0,5,0.31,1,1,Store,Tier 3,0
C03023,11,28.0,11,1297.0,16007.0,3,0.28,0,0,Online,Tier 1,0
C03024,35,16.0,16,1093.0,19464.0,4,0.29,0,0,Both,Tier 2,0
C03025,15,21.0,6,1173.0,8042.0,8,0.35,0,0,Store,Tier 1,1
C03026,26,97.0,11,1163.0,11102.0,6,0.28,0,0,Both,Tier 3,0
C03027,5,115.0,6,561.0,3229.0,1,0.31,0,0,Store,Tier 1,0
C03028,38,55.0,17,491.0,6822.0,5,0.57,3,0,Store,Tier 2,0
C03029,33,146.0,10,549.0,6023.0,3,0.55,0,1,Store,Tier 2,0
C03030,14,27.0,13,843.0,11986.0,7,0.11,0,0,Online,Tier 2,0
C03031,32,55.0,8,406.0,3474.0,5,0.19,0,1,Store,Tier 2,0
C03032,48,8.0,15,983.0,14711.0,5,0.36,0,1,Online,Tier 1,0
C03033,60,37.0,12,867.0,12101.0,8,0.27,0,1,Both,Tier 3,0
C03034,26,12.0,10,1142.0,10933.0,7,0.16,0,1,Online,Tier 3,0
C03035,34,73.0,10,1459.0,15959.0,6,0.38,1,1,Store,Tier 1,0
C03036,51,67.0,15,322.0,4551.0,6,0.2,0,1,Store,Tier 2,0
C03037,59,120.0,14,1231.0,16034.0,4,0.8,1,1,Store,Tier 1,0
C03038,13,120.0,7,552.0,3243.0,4,0.63,1,1,Store,Tier 2,1
C03039,11,161.0,5,973.0,5265.0,8,0.5,0,1,Both,Tier 2,0
C03040,53,79.0,16,826.0,14678.0,4,0.38,1,1,Online,Tier 1,1
C03041,56,40.0,11,241.0,2974.0,2,0.72,0,0,Both,Tier 2,0
C03042,19,93.0,12,856.0,11756.0,6,0.07,1,0,Both,Tier 3,1
C03043,43,23.0,17,781.0,10770.0,2,0.47,0,1,Online,Tier 1,0
C03044,46,44.0,12,508.0,6100.0,7,0.32,0,1,Online,Tier 2,0
C03045,13,151.0,9,981.0,8177.0,3,0.54,0,1,Store,Tier 1,0
C03046,23,15.0,16,709.0,13319.0,3,0.39,0,1,Online,Tier 1,0
C03047,20,65.0,17,857.0,13974.0,8,0.79,0,0,Online,Tier 1,0
C03048,36,1.0,11,1101.0,11049.0,3,0.91,0,1,Store,Tier 2,0
C03049,1,6.0,16,748.0,13297.0,4,0.72,0,0,Store,Tier 3,0
C03050,23,52.0,8,754.0,5123.0,3,0.59,2,0,Store,Tier 2,1
C03051,49,99.0,9,983.0,9923.0,2,0.28,0,1,Online,Tier 1,0
C03052,19,9.0,13,1177.0,16325.0,5,0.1,0,0,Store,Tier 2,0
C03053,60,50.0,7,770.0,4451.0,8,0.57,0,1,Both,Tier 2,0
C03054,20,17.0,9,891.0,8469.0,4,0.51,0,0,Store,Tier 3,0
C03055,34,63.0,16,1011.0,13127.0,5,0.6,0,0,Store,Tier 2,0
C03056,50,32.0,8,1146.0,7575.0,6,0.17,0,0,Both,Tier 1,0
C03057,10,60.0,17,1226.0,18808.0,5,0.27,0,0,Both,Tier 1,0
C03058,56,96.0,13,705.0,9104.0,1,0.2,1,1,Both,Tier 1,0
C03059,15,152.0,8,246.0,2213.0,8,0.53,0,0,Store,Tier 1,0
C03060,22,6.0,11,1196.0,14618.0,4,0.43,0,0,Store,Tier 1,1
C03061,23,26.0,7,1223.0,7493.0,3,0.08,0,1,Store,Tier 2,0
C03062,25,74.0,10,1083.0,10621.0,5,0.39,0,1,Store,Tier 2,0
C03063,27,92.0,8,835.0,5382.0,5,0.08,0,0,Store,Tier 3,0
C03064,39,40.0,7,672.0,5037.0,3,0.13,0,0,Store,Tier 2,0
C03065,43,2.0,16,792.0,10211.0,4,0.33,1,1,Online,Tier 2,0
C03066,48,174.0,12,835.0,10094.0,3,0.42,0,0,Online,Tier 2,0
C03067,25,20.0,9,1104.0,11115.0,7,0.27,0,0,Online,Tier 2,0
C03068,31,17.0,17,479.0,8170.0,3,0.15,1,1,Store,Tier 2,0
C03069,51,59.0,10,607.0,6294.0,4,0.45,0,1,Store,Tier 3,1
C03070,12,35.0,12,879.0,11529.0,1,0.49,1,0,Store,Tier 1,1
C03071,3,67.0,16,616.0,10846.0,4,0.16,0,0,Store,Tier 2,0
C03072,8,43.0,16,744.0,13540.0,2,0.4,0,0,Both,Tier 3,1
C03073,43,68.0,15,1335.0,19064.0,4,0.51,2,0,Both,Tier 3,0
C03074,56,6.0,14,774.0,12242.0,4,0.37,1,0,Store,Tier 2,0
C03075,11,45.0,13,667.0,9307.0,3,0.17,1,0,Online,Tier 1,0
C03076,25,19.0,9,345.0,2676.0,6,0.37,0,1,Store,Tier 2,0
C03077,12,52.0,12,879.0,9871.0,2,0.47,0,1,Store,Tier 1,0
C03078,3,35.0,18,666.0,9727.0,3,0.22,0,0,Both,Tier 2,0
C03079,30,50.0,9,596.0,4892.0,4,0.77,1,1,Store,Tier 2,1
C03080,16,144.0,8,578.0,4823.0,1,0.25,0,1,Both,Tier 1,1
C03081,44,40.0,14,1218.0,14750.0,5,0.18,1,1,Both,Tier 2,0
C03082,58,3.0,16,993.0,14902.0,4,0.36,0,1,Both,Tier 1,0
C03083,33,53.0,11,1196.0,13917.0,8,0.57,0,0,Store,Tier 2,0
C03084,17,194.0,8,1096.0,7484.0,5,0.06,0,0,Store,Tier 2,0
C03085,1,46.0,10,837.0,7887.0,3,0.66,0,0,Both,Tier 1,0
C03086,59,16.0,7,420.0,2890.0,2,0.81,0,1,Both,Tier 1,0
C03087,23,59.0,7,1210.0,8421.0,3,0.44,0,1,Both,Tier 3,0
C03088,7,182.0,5,1036.0,5702.0,2,0.68,0,0,Online,Tier 1,1
C03089,28,24.0,13,775.0,11777.0,7,0.51,0,0,Store,Tier 3,0
C03090,8,60.0,8,830.0,5526.0,2,0.51,0,0,Online,Tier 2,1
C03091,7,154.0,4,1243.0,4081.0,3,0.21,0,1,Store,Tier 2,1
C03092,57,55.0,20,712.0,14365.0,4,0.33,0,0,Online,Tier 2,0
C03093,39,23.0,11,768.0,8977.0,3,0.51,0,0,Store,Tier 2,0
C03094,47,257.0,5,689.0,2827.0,6,0.15,1,0,Both,Tier 2,1
C03095,43,130.0,8,1428.0,13006.0,3,0.31,0,0,Both,Tier 1,1
C03096,18,26.0,13,1204.0,16151.0,8,0.72,1,0,Store,Tier 1,0
C03097,14,16.0,15,1104.0,17734.0,5,0.77,0,1,Both,Tier 2,0
C03098,22,31.0,12,475.0,6723.0,4,0.41,0,1,Store,Tier 2,0
C03099,19,70.0,10,650.0,7523.0,4,0.42,0,0,Store,Tier 2,0
C03100,23,59.0,13,1083.0,15544.0,4,0.27,0,1,Store,Tier 3,0
C03101,44,81.0,12,1143.0,15987.0,5,0.24,1,1,Online,Tier 2,0
C03102,58,147.0,10,,1952.0,5,0.62,0,1,Both,Tier 1,0
C03103,29,37.0,17,302.0,5773.0,4,0.04,0,0,Online,Tier 1,0
C03104,52,201.0,7,1378.0,9516.0,4,0.4,0,1,Store,Tier 2,0
C03105,33,135.0,9,1340.0,13513.0,3,0.62,0,0,Store,Tier 2,0
C03106,21,35.0,14,685.0,8678.0,5,0.86,0,0,Both,Tier 2,0
C03107,4,46.0,10,746.0,6492.0,3,0.26,0,0,Online,Tier 2,0
C03108,18,93.0,9,1032.0,9776.0,3,0.32,0,0,Online,Tier 1,1
C03109,10,32.0,12,1101.0,12167.0,4,0.28,0,0,Store,Tier 1,0
C03110,17,113.0,14,599.0,7129.0,2,0.74,0,0,Online,Tier 1,0
C03111,26,91.0,9,1502.0,14834.0,3,0.26,1,1,Online,Tier 2,0
C03112,36,15.0,13,1107.0,13003.0,4,0.38,0,1,Store,Tier 2,0
C03113,33,55.0,9,645.0,5455.0,5,0.34,1,1,Both,Tier 2,0
C03114,6,62.0,15,949.0,11794.0,2,0.49,0,0,Store,Tier 2,0
C03115,38,69.0,11,681.0,8362.0,2,0.53,0,0,Both,Tier 1,1
C03116,50,120.0,10,992.0,9758.0,4,0.6,1,0,Online,Tier 1,1
C03117,6,40.0,13,865.0,9005.0,7,0.55,0,0,Store,Tier 2,0
C03118,17,46.0,11,250.0,2503.0,3,0.19,1,0,Store,Tier 2,1
C03119,30,87.0,15,850.0,12862.0,1,0.55,0,1,Store,Tier 2,0
C03120,24,22.0,6,1136.0,6772.0,7,0.76,0,1,Store,Tier 2,0
C03121,20,71.0,11,620.0,7103.0,1,0.69,0,1,Both,Tier 1,1
C03122,16,20.0,11,484.0,5555.0,4,0.32,1,1,Store,Tier 1,0
C03123,2,22.0,15,150.0,2003.0,8,0.18,0,0,Both,Tier 2,0
C03124,49,12.0,11,943.0,9041.0,8,0.25,0,1,Both,Tier 2,0
C03125,16,48.0,13,1193.0,16407.0,4,0.21,0,0,Store,Tier 2,0
C03126,24,7.0,7,751.0,5283.0,5,0.53,0,1,Both,Tier 3,0
C03127,11,43.0,13,887.0,12618.0,6,0.34,0,0,Store,Tier 1,0
C03128,51,57.0,13,448.0,6504.0,3,0.65,0,0,Both,Tier 1,0
C03129,54,65.0,13,1139.0,12350.0,6,0.58,0,0,Store,Tier 3,1
C03130,60,36.0,10,407.0,4455.0,4,0.6,0,1,Store,Tier 1,0
C03131,55,240.0,4,1089.0,4752.0,2,0.31,0,1,Store,Tier 1,1
C03132,8,44.0,11,719.0,6452.0,3,0.34,0,0,Store,Tier 3,0
C03133,26,16.0,12,472.0,4905.0,3,0.41,0,0,Store,Tier 1,0
C03134,31,44.0,12,713.0,9958.0,3,0.72,0,1,Both,Tier 2,0
C03135,3,15.0,17,885.0,17781.0,2,0.65,0,0,Online,Tier 3,0
C03136,60,46.0,9,958.0,8766.0,5,0.16,0,1,Store,Tier 3,0
C03137,1,65.0,7,1101.0,9118.0,4,0.63,0,0,Online,Tier 2,1
C03138,2,18.0,12,890.0,12151.0,3,0.3,2,0,Both,Tier 3,0
C03139,43,82.0,9,800.0,7847.0,2,0.51,0,1,Both,Tier 1,0
C03140,42,4.0,9,418.0,4168.0,4,0.83,0,1,Online,Tier 3,0
C03141,9,35.0,12,812.0,9274.0,4,0.89,0,0,Both,Tier 2,0
C03142,27,55.0,17,1165.0,18403.0,3,0.66,0,1,Store,Tier 2,0
C03143,43,126.0,10,1188.0,10664.0,7,0.56,0,1,Store,Tier 1,0
C03144,21,115.0,13,1355.0,19502.0,4,0.41,0,1,Both,Tier 2,1
C03145,54,82.0,12,1122.0,14846.0,3,0.09,0,1,Both,Tier 1,0
C03146,31,56.0,13,979.0,13970.0,1,0.36,0,1,Both,Tier 2,0
C03147,10,69.0,15,540.0,8311.0,3,0.12,0,0,Both,Tier 3,1
C03148,48,46.0,10,1412.0,16753.0,2,0.62,0,1,Store,Tier 2,0
C03149,60,2.0,11,793.0,7476.0,4,0.36,0,1,Both,Tier 2,0
C03150,52,45.0,16,904.0,17119.0,6,0.5,0,1,Online,Tier 1,0
C03151,35,59.0,14,909.0,14273.0,6,0.28,1,0,Store,Tier 1,1
C03152,42,42.0,12,695.0,6953.0,6,0.59,0,0,Store,Tier 1,0
C03153,32,33.0,12,1191.0,12668.0,5,0.25,0,1,Store,Tier 3,0
C03154,32,55.0,16,839.0,12987.0,4,0.67,0,1,Both,Tier 2,0
C03155,59,58.0,8,1155.0,9944.0,2,0.65,1,0,Store,Tier 1,1
C03156,13,127.0,10,861.0,7723.0,4,0.68,0,0,Store,Tier 1,1
C03157,46,38.0,15,1525.0,21486.0,3,0.45,1,1,Online,Tier 2,0
C03158,2,17.0,17,826.0,14745.0,6,0.35,0,0,Both,Tier 2,0
C03159,46,50.0,17,1241.0,21081.0,4,0.11,0,1,Both,Tier 2,0
C03160,28,4.0,10,1336.0,13281.0,2,0.4,0,0,Both,Tier 1,0
C03161,17,9.0,18,705.0,12733.0,2,0.49,0,0,Both,Tier 2,0
C03162,33,132.0,7,823.0,6149.0,4,0.41,0,1,Online,Tier 1,1
C03163,26,4.0,16,674.0,10891.0,4,0.33,0,1,Both,Tier 1,0
C03164,44,34.0,9,931.0,6861.0,4,0.21,0,1,Both,Tier 2,0
C03165,9,37.0,13,915.0,9550.0,2,0.29,0,0,Store,Tier 2,0
C03166,52,58.0,12,1224.0,15670.0,6,0.73,1,0,Store,Tier 1,0
C03167,57,92.0,10,150.0,1588.0,3,0.67,1,1,Store,Tier 1,0
C03168,10,83.0,11,782.0,7252.0,4,0.39,0,1,Store,Tier 1,0
C03169,44,1.0,14,772.0,10183.0,4,0.12,0,1,Both,Tier 1,0
C03170,9,56.0,9,1733.0,12773.0,7,0.68,0,1,Store,Tier 1,0
C03171,36,95.0,11,841.0,8172.0,6,0.78,0,1,Store,Tier 3,0
C03172,54,32.0,14,1123.0,18368.0,3,0.49,1,1,Store,Tier 3,0
C03173,20,52.0,13,674.0,7656.0,3,0.76,0,0,Store,,1
C03174,17,87.0,13,501.0,5994.0,5,0.18,0,0,Both,Tier 2,0
C03175,2,12.0,16,606.0,11287.0,6,0.48,0,1,Both,Tier 3,0
C03176,10,103.0,9,989.0,9832.0,3,0.25,0,0,Online,Tier 1,1
C03177,7,110.0,7,1002.0,8189.0,5,0.46,2,0,Online,Tier 1,1
C03178,28,11.0,20,863.0,14928.0,3,0.19,0,1,Online,Tier 2,0
C03179,8,76.0,11,829.0,10291.0,3,0.69,1,1,Store,Tier 2,0
C03180,19,8.0,9,1805.0,13067.0,5,0.42,0,1,Online,Tier 1,0
C03181,23,43.0,16,1208.0,18718.0,4,0.32,0,0,Store,Tier 3,0
C03182,34,67.0,13,1077.0,16041.0,4,0.46,1,1,Store,Tier 1,1
C03183,21,51.0,14,1008.0,13102.0,4,0.36,0,0,Both,Tier 1,0
C03184,22,126.0,11,914.0,10623.0,2,0.27,0,1,Both,Tier 2,0
C03185,17,95.0,12,429.0,4123.0,3,0.19,0,1,Both,Tier 2,1
C03186,58,105.0,10,157.0,1370.0,4,0.35,0,0,Online,Tier 1,0
C03187,19,17.0,12,1147.0,12583.0,2,0.45,0,0,Store,Tier 3,0
C03188,29,60.0,13,560.0,8321.0,5,0.6,0,1,Online,Tier 1,0
C03189,57,11.0,12,1184.0,16105.0,4,0.68,0,1,Online,Tier 3,0
C03190,9,27.0,10,1229.0,14060.0,2,0.56,1,1,Store,Tier 1,0
C03191,19,60.0,9,927.0,8154.0,3,0.14,1,1,Online,Tier 1,0
C03192,57,55.0,8,1375.0,11723.0,5,0.2,0,1,Store,Tier 2,0
C03193,19,28.0,13,1092.0,12162.0,4,0.49,0,0,Store,Tier 2,0
C03194,20,89.0,10,1111.0,9827.0,5,0.61,0,0,Store,Tier 3,1
C03195,45,35.0,18,,10695.0,4,0.27,1,1,Online,Tier 2,0
C03196,53,82.0,8,565.0,4201.0,4,0.49,1,1,Both,Tier 1,0
C03197,54,47.0,12,405.0,5521.0,6,0.38,1,1,Store,Tier 2,0
C03198,4,87.0,8,1551.0,13279.0,4,0.3,0,0,Store,Tier 1,0
C03199,7,91.0,16,906.0,15011.0,3,0.16,0,0,Store,Tier 1,0
C03200,18,42.0,12,595.0,5765.0,3,0.07,1,0,Store,Tier 2,1
C03201,32,109.0,12,1140.0,13861.0,5,0.69,1,1,Store,Tier 3,0
C03202,35,94.0,7,669.0,4456.0,3,0.45,0,0,Both,Tier 3,0
C03203,55,6.0,15,814.0,11727.0,8,0.53,0,1,Both,Tier 2,0
C03204,24,12.0,20,683.0,15069.0,7,0.25,2,1,Store,Tier 2,0
C03205,4,30.0,7,1043.0,6162.0,3,0.08,0,1,Store,Tier 1,0
C03206,38,129.0,8,721.0,6104.0,2,0.25,1,0,Store,Tier 1,1
C03207,33,46.0,8,522.0,4105.0,4,0.26,0,0,Both,Tier 1,0
C03208,21,98.0,13,694.0,8057.0,2,0.39,0,1,Store,Tier 1,0
C03209,42,38.0,14,1193.0,13586.0,2,0.4,0,0,Both,Tier 1,1
C03210,49,117.0,10,628.0,7055.0,5,0.23,0,1,Both,Tier 1,0
C03211,55,54.0,8,659.0,5902.0,2,0.45,1,1,Store,Tier 3,1
C03212,43,17.0,15,800.0,10893.0,3,0.3,1,0,Store,Tier 2,0
C03213,2,137.0,7,664.0,3758.0,6,0.56,0,1,Both,Tier 3,0
C03214,6,87.0,13,897.0,9826.0,3,0.21,0,0,Online,Tier 1,0
C03215,26,204.0,7,1315.0,8591.0,5,0.43,2,0,Both,Tier 2,1
C03216,40,293.0,1,,1041.0,6,0.42,0,1,Both,Tier 1,1
C03217,22,58.0,10,301.0,3533.0,3,0.49,0,0,Both,Tier 1,0
C03218,40,9.0,9,1288.0,9673.0,4,0.34,0,1,Store,Tier 3,0
C03219,58,30.0,12,566.0,5661.0,7,0.51,1,0,Store,Tier 1,0
C03220,5,48.0,10,,9221.0,5,0.64,0,0,Store,Tier 1,0
C03221,53,38.0,9,1143.0,10794.0,5,0.03,1,0,Online,Tier 1,0
C03222,46,19.0,13,1175.0,14187.0,6,0.52,0,0,Store,Tier 3,0
C03223,49,93.0,13,374.0,5743.0,5,0.46,1,1,Store,Tier 2,0
C03224,5,63.0,7,783.0,5748.0,4,0.76,0,0,Store,Tier 2,1
C03225,23,98.0,13,320.0,4046.0,6,0.09,1,1,Both,Tier 2,0
C03226,24,39.0,8,1063.0,9795.0,3,0.86,0,0,Store,Tier 2,0
C03227,46,81.0,8,855.0,6935.0,6,0.11,1,1,Store,Tier 2,0
C03228,60,31.0,16,779.0,11529.0,3,0.29,0,0,Both,Tier 2,0
C03229,42,12.0,15,829.0,12779.0,2,0.52,1,0,Both,Tier 2,0
C03230,3,11.0,11,956.0,11496.0,2,0.89,0,1,Online,Tier 2,0
C03231,6,88.0,6,1125.0,6803.0,5,0.26,1,1,Both,Tier 1,1
C03232,34,205.0,0,481.0,0.0,3,0.12,0,1,Both,Tier 2,0
C03233,2,71.0,8,679.0,4612.0,6,0.28,2,0,Store,Tier 2,0
C03234,18,9.0,14,1073.0,17208.0,4,0.5,1,0,Online,Tier 3,0
C03235,42,4.0,12,993.0,11166.0,5,0.27,0,1,Online,Tier 2,0
C03236,35,38.0,13,1024.0,10654.0,3,0.68,0,1,Online,Tier 1,0
C03237,16,66.0,10,1767.0,19725.0,6,0.29,0,1,Both,Tier 2,1
C03238,3,25.0,8,1115.0,7698.0,5,0.08,0,0,Both,Tier 3,0
C03239,39,106.0,10,1200.0,13924.0,3,0.24,0,0,Online,Tier 2,0
C03240,31,89.0,9,1296.0,10497.0,4,0.47,0,0,Store,Tier 1,0
C03241,54,22.0,14,950.0,12438.0,4,0.61,1,0,Online,Tier 2,0
C03242,52,74.0,19,446.0,9937.0,2,0.3,0,1,Store,Tier 1,0
C03243,36,170.0,8,1173.0,10089.0,4,0.35,0,1,Both,Tier 1,1
C03244,24,56.0,13,150.0,2151.0,3,0.32,0,1,Online,Tier 3,0
C03245,56,37.0,13,150.0,2045.0,4,0.22,0,1,Online,Tier 1,0
C03246,58,4.0,17,150.0,2648.0,7,0.57,0,1,Store,Tier 3,0
C03247,28,13.0,15,984.0,14861.0,4,0.32,0,1,Store,Tier 2,0
C03248,29,30.0,15,775.0,13905.0,4,0.28,0,1,Both,Tier 2,0
C03249,15,117.0,12,1172.0,14825.0,5,0.2,0,1,Store,Tier 1,0
C03250,19,21.0,12,188.0,2454.0,1,0.38,1,0,Store,Tier 3,0
C03251,55,40.0,6,868.0,6081.0,2,0.46,0,1,Both,Tier 1,0
C03252,38,45.0,9,1241.0,11316.0,8,0.25,0,0,Store,Tier 3,0
C03253,7,78.0,6,319.0,1858.0,6,0.3,0,1,Online,Tier 1,0
C03254,20,138.0,5,744.0,3800.0,3,0.37,0,1,Store,Tier 3,1
C03255,40,13.0,13,818.0,9194.0,3,0.32,0,0,Store,Tier 2,0
C03256,7,51.0,8,762.0,7139.0,1,0.5,0,1,Store,Tier 3,0
C03257,6,72.0,6,852.0,5276.0,5,0.22,0,0,Both,Tier 1,0
C03258,6,20.0,4,1090.0,3751.0,1,0.46,1,0,Both,Tier 1,1
C03259,4,20.0,9,1147.0,12173.0,4,0.17,0,1,Store,Tier 1,0
C03260,34,79.0,10,1236.0,10315.0,7,0.15,1,0,Online,Tier 1,0
C03261,32,164.0,5,643.0,3116.0,6,0.57,1,0,Store,Tier 1,1
C03262,43,64.0,11,734.0,8359.0,2,0.54,1,1,Both,Tier 3,1
C03263,50,74.0,12,1051.0,13665.0,6,0.34,2,0,Online,Tier 1,0
C03264,4,76.0,12,1376.0,19565.0,4,0.23,0,0,Store,Tier 1,0
C03265,3,140.0,7,297.0,2109.0,7,0.25,0,0,Store,Tier 1,0
C03266,19,126.0,13,794.0,9994.0,4,0.74,1,0,Both,Tier 3,1
C03267,13,66.0,9,946.0,9389.0,4,0.27,0,0,Both,Tier 3,1
C03268,11,52.0,14,1120.0,14441.0,5,0.8,1,0,Store,Tier 2,1
C03269,31,30.0,10,1067.0,11475.0,4,0.39,1,1,Store,Tier 2,0
C03270,41,84.0,18,974.0,18725.0,4,0.25,0,1,Store,Tier 1,0
C03271,3,30.0,11,911.0,8759.0,4,0.58,0,0,Online,Tier 1,1
C03272,10,56.0,16,937.0,17362.0,8,0.18,1,0,Online,Tier 1,0
C03273,56,73.0,9,1524.0,13991.0,4,0.33,0,1,Both,Tier 1,0
C03274,35,130.0,8,704.0,6402.0,5,0.72,0,1,Store,Tier 2,1
C03275,21,18.0,9,842.0,7653.0,3,0.36,1,0,Online,Tier 2,0
C03276,59,20.0,15,1648.0,23770.0,3,0.57,0,1,Both,Tier 2,0
C03277,26,27.0,9,1211.0,12245.0,7,0.13,0,0,Store,Tier 2,0
C03278,43,26.0,9,771.0,7915.0,5,0.53,0,1,Store,Tier 1,1
C03279,42,64.0,14,1043.0,16546.0,3,0.17,1,0,Online,Tier 1,0
C03280,20,213.0,7,1000.0,7869.0,5,0.36,0,0,Both,Tier 3,0
C03281,49,8.0,16,588.0,9661.0,2,0.07,1,0,Both,Tier 2,0
C03282,6,14.0,14,150.0,1969.0,5,0.21,0,1,Both,Tier 1,0
C03283,51,124.0,11,1165.0,10490.0,2,0.41,0,1,Online,Tier 2,0
C03284,6,9.0,7,959.0,7862.0,2,0.67,0,0,Store,Tier 2,1
C03285,23,19.0,15,855.0,14661.0,7,0.32,0,1,Store,Tier 2,0
C03286,50,35.0,13,849.0,10339.0,4,0.01,1,1,Online,Tier 2,0
C03287,57,13.0,12,1127.0,13673.0,3,0.67,0,1,Online,Tier 1,0
C03288,34,126.0,5,840.0,4546.0,8,0.42,1,1,Store,Tier 1,0
C03289,3,13.0,13,1138.0,14407.0,5,0.48,0,0,Online,Tier 1,0
C03290,59,107.0,8,,5009.0,3,0.19,0,0,Online,Tier 2,0
C03291,44,206.0,9,1654.0,12923.0,5,0.25,0,1,Store,Tier 2,1
C03292,11,13.0,10,,5905.0,1,0.31,0,0,Both,Tier 1,0
C03293,5,81.0,14,1329.0,17023.0,3,0.34,0,0,Store,Tier 2,0
C03294,4,45.0,13,323.0,3573.0,4,0.36,0,0,Both,Tier 1,0
C03295,48,17.0,12,991.0,9927.0,5,0.13,1,1,Online,Tier 1,0
C03296,49,155.0,7,958.0,7242.0,6,0.62,0,0,Both,Tier 2,1
C03297,30,40.0,11,1104.0,11327.0,4,0.27,0,1,Store,Tier 3,0
C03298,30,42.0,12,650.0,7190.0,4,0.46,1,0,Store,Tier 3,0
C03299,52,109.0,8,923.0,6467.0,3,0.13,0,1,Both,Tier 1,1
C03300,13,16.0,11,929.0,10635.0,2,0.3,0,0,Store,Tier 2,0
C03301,28,5.0,16,860.0,11462.0,3,0.62,0,0,Store,Tier 2,0
C03302,7,37.0,14,1151.0,13076.0,4,0.39,0,1,Both,Tier 3,1
C03303,50,172.0,7,540.0,3776.0,4,0.3,1,0,Online,Tier 1,1
C03304,33,88.0,9,784.0,7810.0,4,0.34,0,0,Store,Tier 2,0
C03305,28,138.0,4,547.0,1963.0,6,0.1,0,0,Store,Tier 1,1
C03306,2,10.0,14,444.0,5654.0,3,0.21,1,0,Both,Tier 2,0
C03307,22,137.0,6,827.0,5501.0,8,0.71,2,0,Store,Tier 2,1
C03308,6,127.0,9,1012.0,10031.0,6,0.81,0,1,Store,,1
C03309,53,90.0,6,918.0,5558.0,4,0.06,0,1,Online,Tier 2,0
C03310,1,6.0,15,365.0,5136.0,4,0.09,0,0,Both,Tier 2,0
C03311,27,51.0,17,1643.0,32130.0,7,0.18,2,0,Store,Tier 1,0
C03312,21,64.0,9,1054.0,9832.0,2,0.42,1,0,Online,Tier 1,0
C03313,17,41.0,6,214.0,1171.0,4,0.74,0,1,Both,Tier 3,0
C03314,48,53.0,11,756.0,6897.0,2,0.18,0,0,Store,Tier 1,0
C03315,50,187.0,11,758.0,6819.0,4,0.27,1,0,Store,Tier 1,0
C03316,10,96.0,10,899.0,9961.0,2,0.36,0,0,Both,Tier 2,0
C03317,19,24.0,8,440.0,3915.0,7,0.82,0,1,Store,Tier 2,0
C03318,36,42.0,9,1345.0,11673.0,4,0.31,0,1,Both,Tier 2,0
C03319,43,136.0,12,1309.0,13569.0,4,0.42,2,1,Online,Tier 3,1
C03320,11,76.0,14,580.0,6762.0,4,0.89,0,0,Both,Tier 2,0
C03321,46,37.0,14,966.0,12351.0,3,0.29,0,1,Store,Tier 3,0
C03322,17,63.0,15,879.0,13195.0,3,0.73,0,1,Online,Tier 2,0
C03323,11,19.0,16,1638.0,29135.0,6,0.1,0,0,Store,Tier 2,0
C03324,59,123.0,11,1196.0,10909.0,4,0.81,0,1,Store,Tier 1,0
C03325,49,5.0,14,944.0,11160.0,3,0.91,0,1,Online,Tier 1,0
C03326,55,23.0,12,1027.0,14666.0,4,0.31,0,1,Store,Tier 2,0
C03327,23,47.0,10,815.0,7788.0,6,0.52,0,0,Store,Tier 1,0
C03328,16,26.0,10,714.0,8533.0,8,0.68,0,0,Online,,1
C03329,1,67.0,10,405.0,3904.0,3,0.29,0,1,Store,Tier 3,0
C03330,39,90.0,7,1318.0,10989.0,2,0.3,0,1,Store,Tier 2,1
C03331,56,37.0,17,1164.0,16829.0,3,0.18,0,1,Online,Tier 2,0
C03332,18,53.0,8,894.0,6050.0,4,0.24,1,1,Online,Tier 2,0
C03333,5,37.0,15,877.0,15739.0,4,0.79,0,0,Online,Tier 2,0
C03334,38,270.0,4,863.0,3213.0,4,0.65,0,1,Online,Tier 1,1
C03335,43,4.0,18,858.0,17266.0,5,0.33,1,1,Store,Tier 2,0
C03336,28,50.0,12,213.0,2759.0,5,0.6,1,1,Both,Tier 2,1
C03337,32,208.0,8,1007.0,8618.0,5,0.87,0,1,Online,Tier 3,0
C03338,20,68.0,5,1291.0,5530.0,3,0.32,0,0,Both,Tier 3,1
C03339,47,36.0,12,1202.0,14485.0,8,0.47,0,0,Store,Tier 1,0
C03340,42,228.0,4,805.0,3653.0,3,0.3,0,1,Store,Tier 3,0
C03341,34,44.0,11,625.0,6307.0,4,0.22,0,0,Both,Tier 1,0
C03342,5,94.0,9,943.0,9958.0,4,0.29,0,0,Store,Tier 2,0
C03343,18,193.0,6,1355.0,6674.0,2,0.38,0,1,Online,Tier 2,1
C03344,40,48.0,15,1095.0,19581.0,2,0.15,0,1,Store,Tier 3,0
C03345,16,31.0,10,980.0,9329.0,5,0.17,1,1,Online,Tier 2,0
C03346,48,22.0,16,624.0,9177.0,3,0.25,0,1,Store,Tier 1,0
C03347,30,9.0,18,822.0,14200.0,4,0.59,0,0,Both,Tier 2,0
C03348,50,43.0,13,1168.0,16780.0,2,0.09,0,1,Both,Tier 1,0
C03349,42,71.0,17,943.0,18073.0,6,0.71,0,1,Store,Tier 2,0
C03350,45,38.0,17,317.0,4466.0,2,0.64,0,1,Both,Tier 2,0
C03351,53,10.0,10,321.0,2691.0,2,0.31,0,0,Online,Tier 2,0
C03352,37,50.0,12,506.0,6597.0,2,0.65,0,1,Store,Tier 3,0
C03353,28,27.0,14,398.0,6594.0,3,0.47,1,1,Store,Tier 2,0
C03354,9,98.0,15,776.0,12736.0,7,0.36,0,0,Both,Tier 1,1
C03355,30,33.0,11,1039.0,10213.0,5,0.26,2,0,Both,Tier 1,0
C03356,40,12.0,12,887.0,10077.0,6,0.31,1,0,Store,Tier 1,0
C03357,56,80.0,16,943.0,14843.0,3,0.27,1,1,Store,Tier 3,0
C03358,38,70.0,13,955.0,10084.0,6,0.6,0,1,Online,Tier 1,0
C03359,30,24.0,15,1079.0,18990.0,3,0.12,1,1,Store,Tier 1,0
C03360,4,81.0,14,848.0,13075.0,4,0.51,2,0,Online,Tier 1,1
C03361,12,59.0,12,819.0,8401.0,5,0.3,1,0,Store,Tier 1,0
C03362,50,47.0,11,748.0,6789.0,2,0.08,1,1,Both,Tier 1,1
C03363,35,111.0,13,865.0,12169.0,4,0.19,0,0,Online,Tier 2,0
C03364,35,52.0,13,987.0,10600.0,4,0.29,0,0,Store,Tier 3,0
C03365,10,42.0,10,933.0,10429.0,7,0.41,2,0,Both,Tier 3,0
C03366,9,82.0,5,993.0,4502.0,2,0.1,0,0,Both,Tier 2,1
C03367,54,107.0,11,1012.0,9001.0,5,0.34,0,0,Store,Tier 1,0
C03368,42,27.0,11,790.0,7280.0,3,0.14,1,0,Store,Tier 2,0
C03369,57,6.0,12,1190.0,15391.0,3,0.29,1,1,Store,Tier 3,0
C03370,23,78.0,7,382.0,2434.0,2,0.39,0,0,Store,Tier 2,0
C03371,8,9.0,12,,7018.0,1,0.26,0,1,Both,Tier 1,0
C03372,34,14.0,14,854.0,9855.0,4,0.08,0,0,Online,Tier 1,1
C03373,29,23.0,16,768.0,12707.0,1,0.71,2,1,Store,Tier 1,1
C03374,52,61.0,10,1364.0,12090.0,5,0.41,0,0,Store,Tier 2,1
C03375,31,55.0,15,1201.0,18042.0,4,0.5,0,1,Store,Tier 3,0
C03376,25,27.0,10,1050.0,8952.0,4,0.83,0,0,Online,Tier 1,0
C03377,3,49.0,9,1172.0,12637.0,4,0.29,0,0,Both,Tier 3,0
C03378,25,48.0,10,880.0,9543.0,4,0.36,2,1,Store,Tier 2,0
C03379,33,67.0,11,743.0,8911.0,2,0.46,0,0,Store,Tier 1,1
C03380,27,111.0,12,471.0,6243.0,5,0.27,0,0,Store,Tier 3,0
C03381,33,8.0,10,851.0,8083.0,2,0.46,2,0,Online,Tier 2,1
C03382,19,6.0,11,1230.0,12385.0,1,0.66,0,0,Both,Tier 1,0
C03383,23,2.0,16,827.0,15852.0,4,0.45,0,0,Online,Tier 1,0
C03384,41,60.0,11,728.0,8936.0,3,0.59,0,1,Store,Tier 1,0
C03385,24,243.0,1,1550.0,1327.0,5,0.17,0,1,Both,Tier 2,1
C03386,53,77.0,10,1117.0,13008.0,4,0.46,0,1,Store,Tier 1,0
C03387,59,173.0,3,717.0,2075.0,2,0.37,0,1,Both,Tier 1,0
C03388,2,112.0,10,316.0,3455.0,2,0.19,0,1,Store,Tier 1,0
C03389,40,277.0,1,966.0,877.0,3,0.29,3,1,Online,Tier 2,1
C03390,14,57.0,13,1119.0,15574.0,4,0.14,0,0,Online,Tier 2,0
C03391,26,20.0,12,920.0,10671.0,7,0.23,0,1,Both,Tier 2,0
C03392,21,98.0,11,1084.0,12254.0,4,0.47,1,1,Both,Tier 1,0
C03393,16,40.0,11,1418.0,15079.0,2,0.36,1,0,Both,Tier 1,0
C03394,17,52.0,14,1062.0,14589.0,6,0.44,1,1,Store,Tier 2,0
C03395,17,27.0,18,1111.0,23936.0,3,0.35,0,1,Store,Tier 2,0
C03396,9,34.0,9,1161.0,9788.0,4,0.55,1,0,Both,Tier 3,0
C03397,13,35.0,15,1400.0,21567.0,5,0.19,0,1,Both,Tier 1,0
C03398,21,49.0,13,405.0,5109.0,7,0.54,2,0,Store,Tier 3,1
C03399,46,74.0,14,1488.0,23404.0,4,0.42,0,1,Store,Tier 1,0
C03400,3,49.0,19,372.0,5932.0,4,0.12,0,0,Online,Tier 2,0
C03401,27,29.0,10,1343.0,12231.0,7,0.94,0,1,Both,Tier 3,0
C03402,48,113.0,10,921.0,8683.0,2,0.41,0,0,Both,Tier 3,0
C03403,58,193.0,7,1156.0,8163.0,3,0.28,1,0,Both,Tier 3,1
C03404,22,38.0,12,1148.0,14811.0,4,0.71,1,0,Store,Tier 3,0
C03405,21,45.0,13,781.0,11334.0,2,0.22,1,0,Store,Tier 1,0
C03406,42,200.0,6,824.0,4306.0,4,0.19,0,1,Store,Tier 1,0
C03407,1,83.0,13,1243.0,14985.0,1,0.45,0,1,Online,Tier 2,1
C03408,51,35.0,12,824.0,10134.0,3,0.08,0,0,Online,Tier 1,0
C03409,12,138.0,8,238.0,2213.0,4,0.23,1,0,Store,Tier 2,0
C03410,8,59.0,10,1002.0,11820.0,4,0.56,0,0,Both,Tier 2,1
C03411,41,33.0,13,1229.0,13801.0,1,0.34,1,1,Both,Tier 2,0
C03412,25,24.0,13,587.0,6597.0,5,0.31,0,1,Online,Tier 1,0
C03413,27,98.0,7,975.0,6692.0,2,0.31,0,1,Online,Tier 1,1
C03414,34,48.0,11,1175.0,12903.0,5,0.07,0,1,Both,Tier 2,0
C03415,41,53.0,13,368.0,5531.0,3,0.24,0,1,Both,Tier 1,0
C03416,60,16.0,17,1432.0,22764.0,4,0.41,1,1,Store,Tier 2,0
C03417,55,28.0,16,1183.0,16246.0,5,0.46,0,1,Store,Tier 3,0
C03418,5,103.0,8,1114.0,7522.0,5,0.76,0,1,Both,Tier 1,0
C03419,47,30.0,21,924.0,18155.0,4,0.11,0,1,Store,Tier 2,0
C03420,45,135.0,8,1140.0,10687.0,6,0.16,0,0,Both,Tier 2,0
C03421,29,58.0,12,649.0,7554.0,3,0.65,0,1,Online,Tier 2,0
C03422,9,65.0,17,1108.0,16647.0,7,0.19,1,1,Store,Tier 1,0
C03423,58,1.0,17,1268.0,19836.0,5,0.28,0,1,Store,Tier 2,0
C03424,48,50.0,9,733.0,6651.0,5,0.78,0,1,Store,Tier 3,0
C03425,11,5.0,16,220.0,3714.0,7,0.52,1,1,Online,Tier 3,0
C03426,9,66.0,14,893.0,11382.0,5,0.74,0,0,Store,Tier 2,0
C03427,52,38.0,13,664.0,9678.0,2,0.67,1,1,Online,Tier 1,1
C03428,18,15.0,15,1107.0,19863.0,4,0.26,0,1,Store,Tier 3,0
C03429,30,56.0,8,594.0,3846.0,5,0.23,0,1,Store,Tier 2,1
C03430,42,83.0,7,1295.0,10839.0,1,0.38,0,1,Online,Tier 2,0
C03431,38,73.0,9,667.0,6429.0,3,0.33,1,0,Store,Tier 1,1
C03432,57,22.0,15,635.0,9395.0,4,0.5,0,1,Store,Tier 2,1
C03433,22,64.0,9,917.0,9117.0,4,0.72,0,0,Store,Tier 3,1
C03434,50,21.0,12,1077.0,13120.0,2,0.38,0,1,Store,Tier 2,0
C03435,58,76.0,13,1573.0,22251.0,7,0.76,0,1,Both,Tier 3,1
C03436,36,77.0,12,883.0,10798.0,5,0.22,1,0,Store,Tier 1,0
C03437,57,17.0,12,810.0,8745.0,5,0.45,0,1,Store,Tier 2,0
C03438,60,17.0,11,1183.0,13902.0,4,0.32,0,1,Both,Tier 2,1
C03439,57,29.0,11,722.0,7959.0,5,0.54,1,0,Both,Tier 1,0
C03440,48,61.0,13,,11775.0,2,0.43,2,1,Store,Tier 2,0
C03441,55,45.0,13,802.0,10395.0,4,0.41,0,1,Both,Tier 2,0
C03442,7,122.0,9,471.0,3487.0,5,0.7,0,0,Store,Tier 1,0
C03443,8,84.0,10,725.0,8556.0,3,0.64,0,0,Both,Tier 1,0
C03444,51,21.0,9,1042.0,10458.0,3,0.83,2,1,Store,Tier 2,1
C03445,49,110.0,9,740.0,5435.0,3,0.39,1,1,Online,Tier 2,1
C03446,47,80.0,8,896.0,7891.0,4,0.77,0,1,Store,Tier 2,0
C03447,43,8.0,14,863.0,13188.0,2,0.42,0,1,Store,Tier 2,0
C03448,28,104.0,4,579.0,2322.0,3,0.48,0,0,Both,Tier 2,0
C03449,58,70.0,7,916.0,6057.0,4,0.63,0,0,Both,Tier 1,1
C03450,21,39.0,11,658.0,7101.0,2,0.2,0,0,Both,Tier 1,0
C03451,36,74.0,10,784.0,7622.0,5,0.7,1,1,Online,Tier 2,1
C03452,44,178.0,6,887.0,4965.0,2,0.68,0,0,Online,Tier 1,0
C03453,59,23.0,17,430.0,7972.0,4,0.51,0,1,Store,Tier 3,0
C03454,42,15.0,15,759.0,10141.0,4,0.27,1,1,Store,Tier 1,0
C03455,6,25.0,13,693.0,9298.0,6,0.57,0,0,Both,Tier 2,0
C03456,32,57.0,12,876.0,12607.0,2,0.23,0,1,Store,Tier 2,1
C03457,59,62.0,12,1277.0,15111.0,5,0.68,1,1,Online,Tier 3,0
C03458,57,115.0,8,474.0,4104.0,3,0.76,0,1,Store,Tier 1,0
C03459,1,92.0,9,934.0,7720.0,5,0.63,1,0,Both,Tier 2,0
C03460,59,56.0,17,907.0,18095.0,6,0.45,0,1,Online,Tier 2,0
C03461,23,30.0,8,589.0,4720.0,4,0.35,1,0,Store,Tier 1,0
C03462,20,47.0,14,643.0,10089.0,6,0.67,1,1,Both,Tier 1,0
C03463,21,23.0,13,1106.0,15328.0,1,0.43,0,1,Both,Tier 2,0
C03464,56,130.0,8,823.0,7756.0,3,0.29,1,0,Online,Tier 2,1
C03465,16,46.0,14,,11689.0,1,0.32,0,1,Both,Tier 1,0
C03466,47,10.0,8,1201.0,9685.0,2,0.37,1,1,Online,Tier 3,0
C03467,28,105.0,12,1273.0,13207.0,3,0.18,0,1,Store,Tier 1,1
C03468,39,38.0,15,1017.0,13383.0,4,0.33,0,0,Online,Tier 2,0
C03469,38,140.0,10,729.0,6503.0,4,0.05,0,0,Store,Tier 3,0
C03470,55,120.0,13,608.0,8193.0,7,0.21,0,1,Online,Tier 1,0
C03471,49,8.0,13,1177.0,16867.0,5,0.62,0,1,Both,Tier 1,0
C03472,41,34.0,15,1289.0,19984.0,4,0.54,0,1,Store,Tier 1,0
C03473,30,57.0,9,883.0,8621.0,3,0.49,0,0,Both,Tier 1,1
C03474,37,228.0,2,1007.0,2312.0,2,0.12,0,0,Store,Tier 2,1
C03475,41,16.0,11,467.0,5991.0,5,0.72,0,0,Both,Tier 2,0
C03476,45,46.0,9,395.0,3948.0,8,0.17,2,1,Both,Tier 1,0
C03477,39,141.0,5,1059.0,4746.0,1,0.61,0,0,Store,Tier 2,1
C03478,23,154.0,9,984.0,7688.0,7,0.41,0,0,Online,Tier 2,0
C03479,13,4.0,12,810.0,8476.0,6,0.14,1,1,Online,Tier 3,0
C03480,2,7.0,12,691.0,7016.0,4,0.33,0,0,Store,Tier 1,1
C03481,11,37.0,11,1098.0,11421.0,4,0.17,1,1,Store,Tier 1,0
C03482,49,105.0,8,838.0,5603.0,4,0.24,0,0,Both,Tier 1,1
C03483,8,12.0,11,673.0,8037.0,3,0.57,1,1,Store,Tier 1,0
C03484,56,17.0,16,519.0,8012.0,5,0.33,1,0,Store,Tier 1,0
C03485,35,164.0,9,1087.0,9578.0,4,0.88,0,1,Both,Tier 2,0
C03486,14,103.0,10,,5540.0,7,0.24,0,1,Online,Tier 1,0
C03487,45,46.0,16,981.0,16950.0,7,0.51,0,0,Both,Tier 2,0
C03488,34,74.0,14,549.0,7830.0,1,0.4,0,1,Both,Tier 1,0
C03489,21,18.0,10,1164.0,12929.0,4,0.09,0,0,Both,Tier 2,0
C03490,17,31.0,14,1253.0,16456.0,3,0.5,0,0,Store,Tier 1,0
C03491,29,33.0,14,1070.0,13915.0,6,0.46,0,1,Both,Tier 1,0
C03492,31,51.0,6,767.0,4746.0,4,0.33,0,0,Both,Tier 3,0
C03493,52,61.0,16,824.0,12493.0,6,0.58,0,1,Store,Tier 3,1
C03494,34,45.0,20,414.0,6767.0,3,0.52,0,0,Store,Tier 2,0
C03495,39,26.0,9,995.0,8514.0,6,0.48,0,1,Store,Tier 2,0
C03496,44,102.0,6,568.0,3208.0,8,0.89,0,1,Both,Tier 2,0
C03497,33,85.0,9,907.0,6606.0,4,0.5,1,1,Both,Tier 2,0
C03498,6,28.0,14,430.0,5469.0,3,0.25,1,1,Store,Tier 2,0
C03499,53,45.0,14,947.0,13597.0,6,0.62,0,1,Online,Tier 1,0
C03500,52,38.0,16,786.0,10584.0,3,0.23,0,0,Both,Tier 2,1
C03501,40,72.0,11,671.0,7291.0,4,0.09,0,1,Store,Tier 1,0
C03502,16,20.0,11,826.0,9139.0,8,0.59,0,0,Online,Tier 2,0
C03503,19,17.0,13,871.0,10685.0,3,0.37,2,1,Online,Tier 1,0
C03504,1,18.0,15,895.0,15864.0,6,0.43,0,0,Store,Tier 2,0
C03505,35,14.0,11,483.0,5116.0,6,0.61,1,1,Both,Tier 1,0
C03506,19,77.0,13,1452.0,17370.0,3,0.22,1,0,Online,Tier 1,1
C03507,56,40.0,17,676.0,9652.0,5,0.2,0,1,Store,Tier 1,0
C03508,59,11.0,16,1602.0,22880.0,2,0.25,0,1,Online,Tier 1,0
C03509,40,13.0,9,314.0,2419.0,5,0.44,0,1,Store,Tier 2,0
C03510,24,26.0,20,413.0,7705.0,7,0.33,0,0,Store,Tier 1,0
C03511,17,16.0,14,767.0,11950.0,8,0.22,0,1,Online,Tier 2,0
C03512,42,27.0,12,729.0,10126.0,1,0.58,0,1,Online,Tier 2,0
C03513,13,69.0,10,338.0,3063.0,8,0.77,0,1,Store,Tier 1,0
C03514,27,136.0,7,1213.0,6918.0,1,0.6,0,0,Store,Tier 3,0
C03515,13,154.0,7,798.0,5263.0,5,0.31,0,1,Both,Tier 2,0
C03516,26,67.0,10,797.0,7958.0,3,0.33,0,1,Store,Tier 1,0
C03517,55,11.0,13,832.0,9697.0,5,0.2,0,1,Store,Tier 2,0
C03518,59,11.0,19,1214.0,25482.0,5,0.49,0,0,Online,Tier 1,0
C03519,51,4.0,7,992.0,8139.0,5,0.15,0,0,Store,Tier 1,0
C03520,21,95.0,11,929.0,8388.0,3,0.18,1,0,Online,Tier 1,1
C03521,18,95.0,9,1214.0,10229.0,2,0.5,0,0,Both,Tier 3,1
C03522,24,33.0,12,1121.0,13199.0,5,0.54,1,1,Both,Tier 1,0
C03523,8,70.0,12,330.0,4544.0,1,0.41,0,1,Online,Tier 2,0
C03524,44,51.0,12,1312.0,13165.0,6,0.33,0,0,Both,Tier 2,0
C03525,60,48.0,9,955.0,6878.0,1,0.43,1,1,Store,Tier 1,0
C03526,23,45.0,15,987.0,15286.0,4,0.51,0,0,Store,Tier 2,0
C03527,32,74.0,10,852.0,8408.0,4,0.23,1,0,Store,Tier 2,1
C03528,54,58.0,7,1137.0,7962.0,5,0.12,0,1,Store,Tier 1,0
C03529,9,19.0,10,,3887.0,6,0.14,1,0,Store,Tier 2,1
C03530,52,54.0,14,1195.0,16177.0,2,0.22,0,1,Store,Tier 1,0
C03531,41,35.0,7,1054.0,6248.0,2,0.48,1,1,Online,Tier 2,0
C03532,54,85.0,8,985.0,7459.0,3,0.35,2,0,Both,Tier 1,0
C03533,27,142.0,6,1096.0,6545.0,2,0.22,1,1,Store,Tier 1,0
C03534,11,112.0,8,1380.0,12456.0,4,0.69,0,0,Both,Tier 3,1
C03535,3,39.0,10,742.0,8164.0,4,0.4,0,0,Online,Tier 2,1
C03536,12,15.0,10,1421.0,12755.0,4,0.39,0,0,Both,Tier 2,0
C03537,45,63.0,13,751.0,7830.0,4,0.48,0,0,Both,Tier 1,0
C03538,21,31.0,7,957.0,5552.0,4,0.25,0,0,Both,Tier 1,0
C03539,37,74.0,8,781.0,7231.0,5,0.48,0,0,Store,Tier 2,1
C03540,7,36.0,9,434.0,3750.0,3,0.31,0,0,Store,Tier 2,0
C03541,17,37.0,13,799.0,11781.0,5,0.53,1,1,Both,Tier 2,0
C03542,35,75.0,5,1001.0,4162.0,3,0.55,0,0,Online,Tier 2,0
C03543,24,254.0,2,220.0,359.0,5,0.28,0,0,Store,Tier 2,1
C03544,29,68.0,12,347.0,3755.0,4,0.17,1,0,Online,Tier 1,0
C03545,38,121.0,14,562.0,7403.0,3,0.37,2,1,Store,Tier 2,0
C03546,57,124.0,9,1324.0,13626.0,4,0.37,0,0,Store,Tier 2,0
C03547,3,159.0,12,913.0,9725.0,3,0.31,1,1,Store,Tier 2,1
C03548,33,104.0,12,864.0,10796.0,4,0.4,1,1,Both,Tier 2,0
C03549,7,46.0,15,885.0,11610.0,3,0.34,0,1,Store,Tier 1,0
C03550,9,124.0,12,455.0,6543.0,2,0.34,0,0,Store,Tier 1,1
C03551,59,38.0,16,1056.0,18043.0,3,0.18,0,0,Both,Tier 1,0
C03552,46,5.0,15,916.0,13128.0,5,0.24,0,1,Store,Tier 1,0
C03553,21,108.0,5,451.0,2007.0,5,0.62,1,1,Online,Tier 3,1
C03554,11,32.0,13,934.0,13220.0,6,0.41,2,1,Store,Tier 1,0
C03555,53,63.0,15,690.0,8690.0,3,0.18,0,1,Online,Tier 2,0
C03556,24,85.0,11,990.0,10064.0,7,0.62,1,0,Store,Tier 1,1
C03557,42,53.0,10,964.0,10272.0,4,0.27,0,0,Both,Tier 1,0
C03558,54,104.0,15,1177.0,14153.0,5,0.47,0,1,Store,Tier 3,0
C03559,30,69.0,9,830.0,6773.0,8,0.19,1,1,Store,Tier 1,0
C03560,24,90.0,13,500.0,5940.0,1,0.5,0,0,Online,Tier 2,0
C03561,26,113.0,12,1043.0,11088.0,4,0.29,2,1,Store,Tier 2,0
C03562,56,32.0,15,1556.0,26885.0,4,0.79,0,1,Online,Tier 2,0
C03563,45,16.0,13,1067.0,14349.0,1,0.14,0,1,Store,Tier 1,0
C03564,57,44.0,9,969.0,8879.0,5,0.55,0,1,Store,Tier 1,1
C03565,37,17.0,9,150.0,1148.0,3,0.26,0,1,Both,Tier 2,0
C03566,2,102.0,10,709.0,8306.0,6,0.21,1,0,Online,Tier 2,0
C03567,47,52.0,8,985.0,7068.0,4,0.74,0,1,Online,Tier 3,0
C03568,24,9.0,11,,14150.0,4,0.5,0,0,Store,Tier 3,0
C03569,52,39.0,15,876.0,12666.0,3,0.68,0,1,Store,Tier 2,0
C03570,42,65.0,13,1133.0,12905.0,4,0.42,1,1,Online,Tier 2,0
C03571,48,56.0,7,637.0,4510.0,4,0.36,0,1,Store,Tier 2,0
C03572,49,81.0,16,453.0,6229.0,4,0.44,1,0,Both,Tier 1,1
C03573,38,47.0,19,958.0,16213.0,6,0.49,0,1,Store,Tier 3,0
C03574,52,49.0,11,423.0,4849.0,3,0.48,0,0,Store,Tier 2,0
C03575,36,124.0,6,815.0,4498.0,7,0.58,1,0,Store,Tier 2,0
C03576,12,29.0,14,582.0,8563.0,5,0.5,0,1,Store,Tier 1,0
C03577,46,10.0,17,857.0,17139.0,3,0.25,0,1,Both,Tier 1,0
C03578,37,21.0,14,510.0,6986.0,6,0.5,1,0,Both,Tier 1,0
C03579,38,166.0,5,1028.0,4850.0,4,0.5,0,0,Both,Tier 1,0
C03580,31,27.0,8,651.0,5447.0,4,0.27,0,1,Store,Tier 2,0
C03581,27,81.0,10,524.0,6108.0,3,0.53,0,0,Both,Tier 1,0
C03582,57,71.0,16,732.0,9969.0,3,0.37,0,1,Store,Tier 1,0
C03583,51,89.0,12,391.0,4999.0,6,0.37,1,0,Store,Tier 2,0
C03584,28,92.0,11,853.0,10966.0,2,0.51,2,1,Store,Tier 2,1
C03585,15,198.0,1,1003.0,861.0,4,0.32,0,0,Store,Tier 1,0
C03586,58,51.0,18,768.0,11657.0,2,0.21,3,1,Online,Tier 2,1
C03587,19,64.0,10,1025.0,10097.0,4,0.19,0,0,Both,Tier 2,0
C03588,33,58.0,6,600.0,3960.0,4,0.13,1,0,Store,Tier 2,0
C03589,13,10.0,14,378.0,4469.0,3,0.39,0,0,Store,Tier 3,1
C03590,47,51.0,14,1201.0,18086.0,6,0.47,0,1,Store,Tier 2,0
C03591,2,23.0,15,522.0,7908.0,3,0.91,0,0,Store,Tier 1,1
C03592,18,49.0,18,317.0,5691.0,5,0.62,0,0,Online,Tier 1,0
C03593,20,22.0,22,1217.0,31743.0,5,0.64,3,1,Store,Tier 1,0
C03594,36,15.0,12,1335.0,15255.0,4,0.23,0,0,Store,Tier 1,0
C03595,40,7.0,14,585.0,7572.0,4,0.31,0,0,Store,Tier 1,0
C03596,11,60.0,13,1093.0,14223.0,8,0.58,0,1,Store,Tier 1,0
C03597,60,120.0,7,612.0,4724.0,3,0.72,0,1,Store,Tier 2,1
C03598,12,28.0,11,656.0,8164.0,4,0.28,0,1,Store,Tier 1,0
C03599,13,30.0,14,1187.0,15183.0,2,0.17,0,1,Store,Tier 3,0
C03600,4,72.0,13,1036.0,14939.0,3,0.42,0,0,Both,Tier 2,1
C03601,35,39.0,13,1311.0,14414.0,4,0.24,1,1,Store,Tier 1,0
C03602,30,46.0,14,541.0,8334.0,2,0.29,0,1,Store,Tier 2,0
C03603,41,69.0,12,334.0,4557.0,3,0.15,0,1,Store,Tier 1,0
C03604,14,78.0,7,919.0,7181.0,4,0.21,0,1,Online,Tier 1,0
C03605,43,65.0,13,997.0,13393.0,1,0.2,0,0,Online,Tier 1,1
C03606,4,44.0,12,,11680.0,4,0.4,0,0,Online,Tier 2,1
C03607,39,73.0,11,190.0,2007.0,7,0.46,0,1,Store,Tier 3,0
C03608,59,10.0,13,635.0,9450.0,1,0.41,1,1,Both,Tier 2,0
C03609,27,76.0,19,396.0,7126.0,6,0.51,0,1,Both,Tier 2,0
C03610,5,145.0,5,987.0,5086.0,5,0.11,1,0,Store,Tier 1,1
C03611,20,52.0,14,621.0,8121.0,3,0.06,0,0,Store,Tier 2,0
C03612,44,172.0,8,378.0,2645.0,2,0.81,2,1,Both,Tier 2,1
C03613,55,53.0,21,979.0,23040.0,6,0.64,0,1,Online,Tier 2,0
C03614,44,131.0,6,711.0,4373.0,5,0.71,0,1,Both,Tier 1,1
C03615,20,70.0,10,1248.0,14584.0,2,0.08,0,0,Online,Tier 2,1
C03616,15,72.0,12,1022.0,11530.0,1,0.38,0,0,Store,Tier 2,0
C03617,42,33.0,17,879.0,15891.0,5,0.09,0,1,Store,Tier 2,0
C03618,47,9.0,16,712.0,9216.0,3,0.11,0,1,Store,Tier 2,0
C03619,10,61.0,9,903.0,7774.0,2,0.56,0,0,Store,Tier 3,0
C03620,52,16.0,9,317.0,3137.0,5,0.3,1,1,Online,Tier 2,0
C03621,8,105.0,5,725.0,3143.0,8,0.22,1,1,Store,Tier 3,1
C03622,21,27.0,7,983.0,8168.0,6,0.13,0,0,Online,Tier 2,0
C03623,49,56.0,12,767.0,7744.0,5,0.36,0,1,Store,Tier 1,0
C03624,24,35.0,13,700.0,10462.0,6,0.51,0,0,Store,Tier 3,0
C03625,59,60.0,7,743.0,4353.0,5,0.64,0,1,Online,Tier 2,0
C03626,28,27.0,12,230.0,3291.0,5,0.25,0,0,Online,Tier 1,0
C03627,39,48.0,7,542.0,4312.0,1,0.35,0,1,Both,Tier 2,0
C03628,24,36.0,15,808.0,12720.0,2,0.53,0,0,Online,Tier 1,0
C03629,36,117.0,9,865.0,7459.0,5,0.56,1,1,Both,Tier 1,1
C03630,17,22.0,12,1014.0,11067.0,5,0.36,1,1,Store,Tier 2,0
C03631,26,169.0,4,689.0,2272.0,5,0.39,0,0,Store,Tier 3,1
C03632,26,68.0,16,1109.0,16865.0,4,0.09,0,0,Both,Tier 1,0
C03633,5,47.0,11,1007.0,13083.0,6,0.31,2,0,Online,Tier 1,0
C03634,45,17.0,11,824.0,8168.0,4,0.42,0,0,Both,Tier 2,0
C03635,13,76.0,17,1193.0,22125.0,5,0.59,0,0,Store,Tier 1,0
C03636,41,44.0,9,1008.0,9866.0,5,0.25,0,1,Store,Tier 3,0
C03637,9,91.0,7,1001.0,6559.0,5,0.84,1,1,Store,Tier 2,0
C03638,34,12.0,10,1121.0,11436.0,5,0.42,1,0,Store,Tier 1,0
C03639,26,62.0,11,697.0,6981.0,4,0.33,1,0,Store,Tier 2,0
C03640,34,63.0,11,630.0,5747.0,5,0.06,1,0,Both,Tier 2,1
C03641,52,117.0,13,1046.0,12209.0,6,0.6,0,0,Both,Tier 2,1
C03642,35,45.0,12,831.0,9382.0,7,0.12,0,0,Store,Tier 2,0
C03643,6,36.0,13,966.0,13367.0,2,0.1,0,0,Store,Tier 2,0
C03644,13,172.0,12,1127.0,11886.0,3,0.42,0,1,Both,Tier 2,0
C03645,48,110.0,11,1311.0,17293.0,2,0.5,0,1,Store,Tier 1,1
C03646,9,73.0,12,966.0,9458.0,4,0.32,0,1,Store,Tier 1,1
C03647,46,160.0,4,1108.0,3685.0,5,0.37,1,0,Store,Tier 3,1
C03648,29,49.0,12,836.0,8146.0,6,0.21,0,0,Store,Tier 1,0
C03649,11,131.0,10,1006.0,9692.0,3,0.36,0,0,Store,Tier 1,0
C03650,5,99.0,17,694.0,9937.0,8,0.28,0,1,Both,Tier 2,0
C03651,59,6.0,18,1233.0,19274.0,5,0.2,0,1,Online,Tier 1,0
C03652,12,109.0,13,1123.0,16751.0,4,0.73,0,0,Store,Tier 2,0
C03653,38,28.0,11,889.0,10976.0,3,0.57,1,1,Store,Tier 2,1
C03654,20,92.0,16,1542.0,25357.0,5,0.7,0,1,Store,Tier 2,0
C03655,39,133.0,5,976.0,4938.0,2,0.38,0,1,Store,Tier 2,0
C03656,12,36.0,13,947.0,11111.0,2,0.68,0,0,Store,Tier 2,0
C03657,31,15.0,14,540.0,7522.0,3,0.5,0,1,Store,Tier 1,0
C03658,13,25.0,13,843.0,9813.0,3,0.15,0,0,Online,Tier 1,1
C03659,53,19.0,9,583.0,5633.0,3,0.29,0,1,Store,Tier 3,0
C03660,46,71.0,14,1128.0,14948.0,2,0.15,0,1,Both,Tier 2,0
C03661,33,104.0,6,1219.0,7869.0,5,0.1,0,1,Store,Tier 2,0
C03662,2,60.0,14,677.0,9557.0,5,0.37,0,1,Both,Tier 2,0
C03663,31,10.0,11,788.0,8075.0,6,0.15,0,0,Both,Tier 3,0
C03664,54,62.0,15,908.0,15155.0,5,0.67,1,1,Store,Tier 2,0
C03665,12,66.0,13,663.0,9240.0,5,0.39,0,0,Online,Tier 2,0
C03666,17,37.0,11,1422.0,13871.0,2,0.5,0,0,Store,Tier 1,0
C03667,25,195.0,1,1160.0,1096.0,4,0.38,1,0,Both,Tier 3,1
C03668,28,90.0,10,848.0,9293.0,7,0.59,0,1,Online,Tier 2,0
C03669,16,24.0,13,1103.0,17087.0,3,0.43,1,0,Store,Tier 1,0
C03670,33,59.0,9,955.0,8123.0,2,0.64,0,1,Store,Tier 3,0
C03671,26,23.0,8,935.0,6999.0,5,0.59,0,1,Both,Tier 1,0
C03672,60,37.0,22,837.0,19516.0,2,0.5,0,1,Both,Tier 2,1
C03673,36,68.0,10,563.0,6284.0,1,0.22,0,0,Both,Tier 3,0
C03674,11,56.0,13,729.0,8706.0,2,0.82,0,0,Store,Tier 2,1
C03675,53,16.0,15,1387.0,19488.0,2,0.25,0,1,Both,Tier 2,0
C03676,59,98.0,7,543.0,3570.0,3,0.43,0,0,Store,Tier 1,1
C03677,58,24.0,12,603.0,8395.0,7,0.4,1,1,Store,Tier 1,0
C03678,6,38.0,12,839.0,10400.0,3,0.57,0,0,Online,Tier 1,1
C03679,26,27.0,14,705.0,10561.0,2,0.43,0,1,Store,Tier 2,0
C03680,49,19.0,11,805.0,9978.0,6,0.43,0,1,Store,,0
C03681,19,54.0,8,767.0,7181.0,5,0.33,0,0,Both,Tier 1,0
C03682,37,60.0,15,796.0,13286.0,8,0.4,0,0,Store,Tier 2,0
C03683,36,73.0,17,482.0,7487.0,4,0.32,2,0,Store,Tier 3,1
C03684,22,24.0,11,1318.0,11780.0,4,0.1,0,0,Online,Tier 1,0
C03685,44,98.0,12,1075.0,12122.0,3,0.16,0,1,Both,Tier 1,0
C03686,18,97.0,6,1134.0,6479.0,6,0.59,0,1,Both,Tier 2,0
C03687,52,41.0,13,1028.0,14792.0,5,0.21,2,1,Store,Tier 1,1
C03688,39,208.0,6,1196.0,8535.0,7,0.25,1,1,Store,Tier 1,1
C03689,18,23.0,13,150.0,1728.0,6,0.48,0,1,Store,Tier 1,0
C03690,54,73.0,10,815.0,7971.0,7,0.14,0,1,Both,Tier 3,0
C03691,44,58.0,9,815.0,7930.0,3,0.18,0,0,Store,Tier 1,0
C03692,52,167.0,10,837.0,9292.0,6,0.2,0,1,Both,Tier 3,0
C03693,12,16.0,11,892.0,11128.0,8,0.56,0,0,Store,Tier 2,0
C03694,11,31.0,10,919.0,8157.0,4,0.32,1,0,Online,Tier 2,0
C03695,5,88.0,8,1197.0,8455.0,4,0.41,1,1,Store,Tier 1,0
C03696,7,34.0,16,941.0,14011.0,2,0.83,1,1,Both,Tier 2,0
C03697,28,10.0,17,488.0,9006.0,3,0.22,0,0,Store,Tier 3,0
C03698,15,48.0,9,1370.0,12103.0,6,0.13,1,1,Store,Tier 1,0
C03699,60,43.0,15,915.0,15095.0,3,0.13,0,1,Online,Tier 1,0
C03700,18,45.0,14,335.0,4685.0,5,0.54,0,1,Online,Tier 2,0
C03701,52,57.0,10,1015.0,9120.0,8,0.22,0,0,Store,Tier 3,0
C03702,4,32.0,12,394.0,5145.0,2,0.27,1,0,Both,Tier 3,0
C03703,28,27.0,14,598.0,9829.0,2,0.17,0,1,Online,Tier 3,0
C03704,45,18.0,21,648.0,12914.0,3,0.24,0,0,Store,Tier 1,0
C03705,19,22.0,13,1038.0,15443.0,3,0.94,0,1,Both,Tier 1,0
C03706,15,44.0,8,773.0,5507.0,5,0.44,0,0,Store,Tier 3,0
C03707,33,65.0,11,996.0,9387.0,5,0.62,1,0,Both,Tier 1,1
C03708,52,21.0,15,1257.0,20614.0,4,0.78,1,1,Online,Tier 2,0
C03709,3,9.0,17,584.0,9004.0,3,0.35,0,0,Both,Tier 2,0
C03710,9,111.0,10,1768.0,16796.0,6,0.13,0,0,Both,Tier 1,0
C03711,20,13.0,15,1203.0,17953.0,5,0.67,0,0,Store,Tier 2,1
C03712,37,55.0,13,916.0,11073.0,6,0.51,0,1,Online,Tier 2,0
C03713,17,49.0,7,1221.0,10023.0,2,0.46,1,1,Store,Tier 1,0
C03714,22,96.0,15,,14307.0,4,0.29,1,0,Store,Tier 3,0
C03715,23,44.0,14,739.0,8652.0,2,0.2,0,1,Online,Tier 2,1
C03716,17,24.0,18,873.0,15362.0,4,0.07,0,0,Both,Tier 1,0
C03717,29,136.0,6,879.0,5617.0,3,0.5,0,0,Both,Tier 2,1
C03718,58,15.0,7,729.0,4279.0,3,0.16,0,1,Both,Tier 2,0
C03719,32,145.0,6,813.0,5682.0,4,0.08,1,1,Store,Tier 2,0
C03720,51,13.0,14,942.0,11558.0,7,0.26,1,1,Store,Tier 2,0
C03721,45,46.0,12,570.0,5593.0,3,0.23,0,1,Store,Tier 1,0
C03722,45,83.0,13,1000.0,12469.0,2,0.18,0,0,Both,Tier 2,0
C03723,1,42.0,18,845.0,16574.0,2,0.3,0,0,Store,Tier 2,0
C03724,11,63.0,8,158.0,1152.0,8,0.77,0,0,Store,Tier 1,0
C03725,35,26.0,6,880.0,4776.0,3,0.12,1,0,Store,Tier 3,0
C03726,22,143.0,10,1033.0,9734.0,5,0.47,1,0,Store,Tier 1,1
C03727,10,143.0,6,285.0,1452.0,6,0.53,0,0,Store,Tier 3,0
C03728,1,12.0,19,538.0,12078.0,4,0.27,0,0,Online,Tier 2,0
C03729,14,5.0,13,,19607.0,2,0.37,1,0,Online,Tier 2,0
C03730,16,39.0,13,1291.0,14397.0,4,0.73,0,0,Store,Tier 1,0
C03731,30,99.0,11,708.0,7018.0,5,0.22,0,1,Online,Tier 1,0
C03732,40,96.0,12,1193.0,14044.0,3,0.16,0,1,Both,Tier 3,0
C03733,47,98.0,10,721.0,7407.0,3,0.47,0,1,Store,Tier 2,1
C03734,32,52.0,16,853.0,14516.0,5,0.66,0,1,Store,Tier 2,0
C03735,33,5.0,18,632.0,12450.0,5,0.53,0,0,Store,Tier 2,0
C03736,48,41.0,9,971.0,10185.0,4,0.37,0,0,Both,Tier 1,0
C03737,24,127.0,6,1075.0,7461.0,1,0.7,0,1,Store,Tier 1,0
C03738,60,26.0,15,947.0,14643.0,5,0.47,1,0,Online,Tier 2,1
C03739,18,14.0,9,1213.0,9864.0,3,0.22,0,0,Both,Tier 2,0
C03740,21,26.0,12,582.0,6693.0,4,0.58,2,0,Both,Tier 2,1
C03741,11,29.0,13,646.0,8510.0,4,0.32,0,0,Both,Tier 1,0
C03742,26,32.0,14,1410.0,21174.0,5,0.4,0,1,Both,Tier 1,0
C03743,7,8.0,15,873.0,14127.0,3,0.33,0,1,Both,Tier 3,0
C03744,28,55.0,19,810.0,16490.0,3,0.14,0,0,Store,Tier 2,0
C03745,27,4.0,17,787.0,14325.0,3,0.21,0,0,Both,Tier 2,0
C03746,17,38.0,16,829.0,12885.0,3,0.6,1,0,Store,Tier 1,1
C03747,47,20.0,20,369.0,6505.0,3,0.56,0,1,Both,Tier 1,0
C03748,52,25.0,15,1093.0,19268.0,4,0.08,1,1,Store,Tier 1,0
C03749,59,32.0,3,1396.0,3678.0,2,0.08,0,1,Store,Tier 1,0
C03750,47,9.0,17,940.0,15589.0,4,0.5,0,1,Online,Tier 3,0
C03751,12,65.0,10,566.0,5896.0,2,0.14,1,0,Store,Tier 1,0
C03752,3,14.0,11,1186.0,14640.0,3,0.29,1,0,Store,Tier 2,1
C03753,9,43.0,13,1290.0,16341.0,3,0.39,0,1,Online,Tier 2,0
C03754,49,120.0,8,877.0,7799.0,5,0.38,0,0,Store,Tier 3,0
C03755,18,50.0,15,365.0,6077.0,4,0.41,0,0,Store,Tier 3,0
C03756,46,41.0,8,830.0,6530.0,3,0.7,0,1,Online,Tier 1,1
C03757,2,63.0,13,1030.0,16013.0,2,0.4,0,0,Store,Tier 1,0
C03758,49,1.0,17,1336.0,23549.0,4,0.33,0,1,Both,Tier 2,0
C03759,33,7.0,8,770.0,7147.0,4,0.45,0,0,Both,Tier 1,0
C03760,20,56.0,16,465.0,7859.0,4,0.08,0,0,Both,Tier 1,0
C03761,6,54.0,17,1044.0,19457.0,6,0.21,0,0,Store,Tier 3,0
C03762,27,166.0,7,855.0,7039.0,2,0.25,0,0,Both,Tier 1,1
C03763,45,27.0,9,790.0,7376.0,3,0.26,0,1,Online,Tier 2,1
C03764,32,14.0,16,878.0,16143.0,2,0.24,1,0,Both,Tier 3,1
C03765,22,29.0,17,924.0,15641.0,3,0.63,1,0,Store,,0
C03766,37,52.0,5,1232.0,6566.0,5,0.03,0,1,Both,Tier 2,0
C03767,49,39.0,9,,7133.0,1,0.16,0,1,Both,Tier 1,0
C03768,8,25.0,12,150.0,1512.0,1,0.15,0,1,Store,Tier 1,0
C03769,60,64.0,13,925.0,13417.0,5,0.41,1,1,Online,Tier 3,0
C03770,23,118.0,3,1091.0,3305.0,3,0.34,0,0,Store,Tier 2,1
C03771,40,53.0,13,1066.0,11463.0,6,0.33,0,1,Store,Tier 1,0
C03772,35,66.0,9,1282.0,9611.0,1,0.64,2,0,Store,Tier 3,1
C03773,13,17.0,9,1036.0,10069.0,2,0.55,0,0,Both,Tier 3,0
C03774,49,46.0,17,1228.0,19054.0,2,0.36,2,1,Both,Tier 2,0
C03775,15,114.0,8,1076.0,8094.0,2,0.52,0,0,Online,Tier 2,1
C03776,49,11.0,18,829.0,17751.0,4,0.67,0,1,Both,Tier 2,0
C03777,11,71.0,7,958.0,6010.0,2,0.57,0,1,Store,Tier 2,0
C03778,7,36.0,15,910.0,11303.0,3,0.52,0,0,Online,Tier 2,0
C03779,35,36.0,18,552.0,11609.0,8,0.46,0,0,Store,Tier 2,0
C03780,11,55.0,14,933.0,14944.0,6,0.36,0,0,Both,Tier 2,0
C03781,39,64.0,10,1287.0,13606.0,6,0.26,1,1,Store,Tier 3,0
C03782,31,64.0,12,732.0,9426.0,5,0.31,1,0,Online,Tier 2,1
C03783,58,132.0,17,868.0,12864.0,3,0.69,0,1,Both,Tier 2,0
C03784,54,5.0,16,1054.0,16789.0,3,0.28,0,1,Store,Tier 2,0
C03785,17,14.0,16,651.0,11662.0,6,0.6,0,0,Both,Tier 2,0
C03786,24,53.0,9,1239.0,11247.0,2,0.2,0,0,Both,Tier 2,1
C03787,9,36.0,5,1233.0,7167.0,4,0.61,0,1,Both,Tier 2,0
C03788,59,29.0,13,1533.0,22038.0,4,0.39,1,0,Both,Tier 2,0
C03789,15,110.0,13,874.0,13097.0,2,0.54,0,0,Store,Tier 2,0
C03790,42,29.0,7,913.0,6763.0,2,0.52,0,1,Store,Tier 2,0
C03791,3,25.0,10,1441.0,16311.0,5,0.5,0,0,Store,Tier 1,1
C03792,21,95.0,14,431.0,6972.0,4,0.71,1,0,Store,Tier 3,1
C03793,3,11.0,11,775.0,8508.0,2,0.44,0,0,Store,Tier 2,1
C03794,3,22.0,10,1135.0,11545.0,3,0.08,1,0,Store,Tier 2,0
C03795,30,18.0,18,768.0,12685.0,6,0.37,1,0,Store,Tier 1,0
C03796,11,68.0,9,1273.0,10759.0,3,0.11,0,1,Store,Tier 1,0
C03797,14,49.0,18,1268.0,20575.0,3,0.58,0,0,Store,Tier 3,0
C03798,41,33.0,14,639.0,8227.0,4,0.32,1,0,Both,Tier 1,1
C03799,19,78.0,14,502.0,6366.0,4,0.41,0,1,Store,Tier 2,0
C03800,33,63.0,10,382.0,4493.0,4,0.51,1,0,Store,Tier 2,0
C03801,25,23.0,10,160.0,1452.0,3,0.55,0,0,Store,Tier 2,0
C03802,13,9.0,17,666.0,10604.0,2,0.21,1,0,Both,Tier 1,0
C03803,23,53.0,16,205.0,3385.0,5,0.3,0,0,Store,Tier 3,0
C03804,47,17.0,10,829.0,8595.0,6,0.27,1,0,Store,Tier 2,0
C03805,59,2.0,17,741.0,10577.0,5,0.31,0,1,Both,Tier 1,0
C03806,9,9.0,8,1604.0,13698.0,2,0.66,0,0,Store,Tier 2,0
C03807,53,57.0,10,642.0,7223.0,5,0.19,0,1,Both,Tier 1,0
C03808,54,81.0,9,589.0,5803.0,3,0.23,1,1,Store,Tier 2,0
C03809,28,54.0,11,609.0,8008.0,4,0.09,0,0,Store,Tier 1,0
C03810,3,21.0,9,576.0,4501.0,5,0.16,0,0,Store,Tier 2,0
C03811,53,75.0,12,1270.0,15553.0,2,0.73,0,1,Store,Tier 3,0
C03812,8,249.0,3,1033.0,3334.0,6,0.63,0,0,Both,Tier 2,1
C03813,30,87.0,11,835.0,8338.0,3,0.31,1,0,Online,Tier 2,0
C03814,26,34.0,14,1304.0,21457.0,3,0.6,1,1,Both,Tier 2,0
C03815,13,85.0,11,646.0,7943.0,3,0.36,0,0,Store,Tier 1,0
C03816,53,38.0,12,854.0,10798.0,4,0.04,1,1,Online,Tier 3,0
C03817,28,15.0,13,980.0,11308.0,4,0.26,1,1,Online,Tier 2,0
C03818,16,98.0,7,534.0,3066.0,4,0.12,0,0,Store,Tier 3,0
C03819,34,166.0,8,1231.0,9915.0,4,0.74,0,0,Store,Tier 1,1
C03820,27,46.0,8,821.0,6689.0,1,0.29,0,1,Store,Tier 2,0
C03821,21,15.0,9,871.0,6651.0,2,0.07,1,0,Both,Tier 3,0
C03822,24,40.0,7,1220.0,7307.0,2,0.3,1,1,Online,Tier 2,0
C03823,39,29.0,11,462.0,4111.0,1,0.31,0,1,Store,Tier 3,0
C03824,60,32.0,10,860.0,9879.0,4,0.37,2,0,Online,Tier 1,0
C03825,52,62.0,12,971.0,12370.0,5,0.46,0,1,Store,Tier 1,0
C03826,38,62.0,15,221.0,2892.0,5,0.52,1,0,Online,Tier 1,0
C03827,14,32.0,8,881.0,7663.0,1,0.04,3,0,Store,Tier 2,0
C03828,36,55.0,14,747.0,10511.0,2,0.44,0,0,Online,Tier 2,0
C03829,2,71.0,11,1618.0,14753.0,6,0.19,0,0,Both,Tier 2,0
C03830,46,82.0,8,805.0,7369.0,3,0.42,0,1,Both,Tier 2,0
C03831,55,43.0,14,1383.0,21718.0,5,0.83,1,1,Store,Tier 3,1
C03832,41,27.0,15,565.0,9070.0,2,0.21,1,0,Store,Tier 2,0
C03833,50,7.0,16,1185.0,15653.0,5,0.39,1,0,Store,Tier 1,0
C03834,1,53.0,11,799.0,8306.0,6,0.34,0,0,Both,Tier 3,0
C03835,54,38.0,13,1069.0,11747.0,6,0.49,1,1,Store,Tier 3,0
C03836,38,22.0,14,443.0,6353.0,8,0.38,0,1,Both,Tier 1,0
C03837,23,60.0,10,577.0,6278.0,8,0.27,0,0,Store,Tier 1,0
C03838,54,65.0,15,635.0,8102.0,4,0.24,1,0,Both,Tier 1,1
C03839,60,149.0,9,1505.0,14551.0,2,0.29,0,1,Store,Tier 3,0
C03840,7,40.0,11,1649.0,15060.0,4,0.49,0,1,Store,Tier 2,0
C03841,52,55.0,14,661.0,9155.0,3,0.79,0,1,Store,Tier 1,0
C03842,57,41.0,6,1080.0,5601.0,7,0.35,0,1,Online,Tier 2,0
C03843,32,64.0,12,793.0,11313.0,1,0.25,1,0,Both,Tier 2,0
C03844,52,126.0,4,834.0,3331.0,5,0.73,0,0,Store,Tier 1,1
C03845,16,36.0,10,700.0,6549.0,2,0.43,0,0,Store,Tier 2,0
C03846,8,134.0,10,896.0,7650.0,3,0.56,2,1,Both,Tier 2,1
C03847,7,24.0,17,182.0,3546.0,5,0.24,0,0,Store,Tier 2,1
C03848,42,29.0,13,1555.0,16404.0,3,0.32,0,0,Online,Tier 1,0
C03849,5,81.0,10,1407.0,12235.0,2,0.42,0,1,Store,Tier 1,0
C03850,43,49.0,23,556.0,13446.0,7,0.22,0,0,Store,Tier 2,0
C03851,31,55.0,16,1143.0,20260.0,4,0.16,0,0,Online,Tier 2,0
C03852,17,56.0,16,1242.0,17698.0,5,0.28,0,1,Store,Tier 1,0
C03853,24,64.0,7,,4465.0,2,0.23,0,0,Both,Tier 3,0
C03854,14,50.0,9,1000.0,9804.0,6,0.24,0,0,Online,Tier 2,0
C03855,40,17.0,14,1451.0,18764.0,2,0.36,2,0,Store,Tier 1,0
C03856,6,85.0,9,987.0,9116.0,4,0.4,0,0,Store,Tier 2,0
C03857,27,10.0,18,880.0,13042.0,5,0.6,0,0,Store,Tier 1,0
C03858,9,61.0,10,888.0,8907.0,2,0.31,1,0,Online,Tier 1,1
C03859,12,67.0,8,804.0,6574.0,3,0.05,1,1,Store,Tier 1,0
C03860,5,121.0,11,765.0,8370.0,5,0.29,1,1,Store,Tier 2,0
C03861,13,140.0,11,821.0,9742.0,1,0.31,0,0,Store,Tier 3,1
C03862,20,153.0,3,1204.0,3572.0,4,0.53,0,0,Online,Tier 2,1
C03863,36,48.0,13,770.0,8656.0,4,0.94,1,1,Online,Tier 2,1
C03864,40,92.0,13,992.0,12876.0,1,0.34,0,1,Store,Tier 2,0
C03865,26,66.0,10,545.0,4813.0,7,0.67,0,1,Both,Tier 1,0
C03866,20,165.0,6,,6143.0,4,0.32,0,0,Store,Tier 1,1
C03867,24,63.0,13,915.0,13185.0,2,0.4,1,1,Store,Tier 2,0
C03868,54,64.0,15,,21428.0,5,0.31,0,1,Online,Tier 1,0
C03869,46,35.0,12,,13215.0,4,0.22,0,1,Store,Tier 2,0
C03870,43,86.0,11,1039.0,13436.0,6,0.47,0,0,Both,Tier 3,0
C03871,52,4.0,15,1059.0,14435.0,4,0.05,0,0,Both,Tier 2,0
C03872,24,60.0,17,373.0,6837.0,4,0.69,0,1,Store,Tier 2,0
C03873,49,80.0,11,1683.0,20479.0,2,0.06,0,1,Both,Tier 1,1
C03874,30,48.0,16,641.0,10223.0,5,0.1,0,1,Store,Tier 1,0
C03875,55,10.0,14,575.0,8777.0,2,0.29,0,1,Store,Tier 3,0
C03876,29,53.0,6,948.0,5250.0,4,0.67,1,1,Store,Tier 1,1
C03877,42,28.0,6,837.0,5108.0,2,0.25,0,1,Online,Tier 1,0
C03878,27,74.0,12,837.0,11592.0,2,0.41,0,1,Store,Tier 2,0
C03879,27,91.0,8,586.0,4522.0,3,0.88,0,0,Online,Tier 2,1
C03880,57,167.0,9,928.0,9350.0,5,0.11,0,0,Store,Tier 1,0
C03881,13,32.0,14,155.0,2444.0,2,0.25,1,0,Store,Tier 1,0
C03882,14,189.0,10,1167.0,11577.0,5,0.48,0,0,Store,Tier 2,0
C03883,58,71.0,10,359.0,4129.0,6,0.44,0,1,Store,Tier 1,0
C03884,2,7.0,15,486.0,6175.0,5,0.52,1,0,Both,Tier 1,0
C03885,36,15.0,16,1087.0,17298.0,4,0.65,1,1,Store,Tier 3,1
C03886,11,19.0,15,,24746.0,2,0.31,0,0,Store,Tier 2,0
C03887,39,44.0,9,1499.0,12758.0,4,0.41,0,0,Store,Tier 1,0
C03888,29,75.0,8,755.0,6684.0,1,0.62,0,0,Store,Tier 2,1
C03889,57,46.0,13,1058.0,12298.0,4,0.32,2,1,Store,Tier 1,0
C03890,49,89.0,13,668.0,7546.0,1,0.34,0,1,Store,Tier 1,0
C03891,39,80.0,9,1000.0,10784.0,6,0.65,0,0,Store,Tier 3,1
C03892,50,91.0,11,556.0,5567.0,3,0.46,0,1,Online,Tier 1,0
C03893,29,23.0,14,935.0,10855.0,3,0.7,0,0,Store,Tier 2,0
C03894,44,35.0,12,1176.0,11499.0,5,0.82,0,1,Both,Tier 2,0
C03895,36,41.0,19,956.0,18739.0,2,0.52,0,0,Store,Tier 2,0
C03896,49,101.0,8,1485.0,13301.0,5,0.51,0,1,Online,Tier 3,0
C03897,59,47.0,10,414.0,4184.0,4,0.08,0,0,Store,Tier 1,0
C03898,49,90.0,9,1152.0,8627.0,4,0.63,1,1,Both,Tier 2,0
C03899,54,58.0,11,944.0,8999.0,3,0.14,0,1,Both,Tier 1,0
C03900,18,37.0,16,1454.0,27588.0,5,0.47,1,1,Store,Tier 3,0
C03901,32,121.0,7,906.0,6983.0,1,0.83,0,0,Store,Tier 1,1
C03902,45,6.0,11,697.0,8116.0,3,0.39,1,1,Store,Tier 1,0
C03903,36,72.0,11,509.0,6210.0,4,0.37,1,1,Store,Tier 2,0
C03904,26,27.0,12,713.0,9970.0,7,0.34,2,0,Store,Tier 2,0
C03905,44,99.0,9,882.0,8796.0,4,0.37,1,1,Both,Tier 2,0
C03906,45,49.0,16,841.0,15088.0,5,0.36,0,1,Store,Tier 2,0
C03907,12,26.0,16,823.0,12791.0,3,0.7,0,1,Store,Tier 3,0
C03908,32,41.0,10,929.0,10896.0,3,0.25,0,1,Both,Tier 3,1
C03909,19,60.0,11,1151.0,11386.0,6,0.33,0,1,Store,Tier 3,0
C03910,40,40.0,9,1215.0,9645.0,8,0.51,0,0,Online,Tier 2,0
C03911,1,9.0,14,1067.0,14590.0,4,0.81,0,0,Store,Tier 2,0
C03912,43,95.0,19,1188.0,18726.0,3,0.13,0,0,Both,Tier 2,0
C03913,31,3.0,12,551.0,5910.0,1,0.67,0,0,Online,Tier 1,0
C03914,44,46.0,14,589.0,8105.0,6,0.37,0,1,Store,Tier 1,0
C03915,2,73.0,12,337.0,3426.0,5,0.68,1,0,Store,Tier 3,0
C03916,9,112.0,5,496.0,2695.0,4,0.39,1,0,Store,Tier 1,1
C03917,38,20.0,13,1014.0,11136.0,4,0.37,0,1,Online,Tier 3,0
C03918,5,16.0,7,1157.0,7339.0,2,0.16,0,0,Store,Tier 2,1
C03919,16,79.0,9,307.0,2342.0,1,0.34,1,0,Online,Tier 1,1
C03920,35,47.0,4,596.0,2542.0,2,0.28,1,0,Both,Tier 3,1
C03921,56,28.0,13,1377.0,17711.0,2,0.54,0,1,Online,Tier 2,0
C03922,17,64.0,11,329.0,3893.0,3,0.28,0,0,Store,Tier 1,1
C03923,33,20.0,18,854.0,12613.0,4,0.34,0,0,Online,Tier 1,0
C03924,19,86.0,12,929.0,10782.0,3,0.59,0,0,Store,Tier 1,0
C03925,30,107.0,4,1424.0,6626.0,3,0.5,1,0,Store,Tier 1,1
C03926,57,34.0,21,910.0,17434.0,5,0.63,2,1,Online,Tier 3,0
C03927,14,4.0,23,616.0,13076.0,6,0.24,0,0,Store,Tier 1,0
C03928,38,87.0,10,1361.0,13630.0,4,0.1,0,0,Both,Tier 3,0
C03929,3,170.0,8,778.0,6745.0,1,0.25,0,0,Online,,1
C03930,9,140.0,11,601.0,6270.0,3,0.17,0,1,Store,Tier 2,0
C03931,57,38.0,10,385.0,4330.0,3,0.33,1,1,Store,Tier 1,0
C03932,6,8.0,15,1209.0,15249.0,3,0.61,0,0,Both,Tier 2,0
C03933,53,9.0,16,1011.0,18061.0,2,0.77,2,1,Online,Tier 2,0
C03934,41,58.0,10,714.0,6105.0,4,0.52,0,0,Online,Tier 1,0
C03935,37,97.0,10,,8063.0,3,0.28,1,0,Online,Tier 2,1
C03936,3,72.0,15,813.0,10242.0,5,0.16,0,0,Online,Tier 1,0
C03937,13,29.0,9,308.0,2385.0,2,0.23,0,0,Store,Tier 2,0
C03938,58,131.0,8,1323.0,11081.0,4,0.38,0,1,Store,Tier 1,0
C03939,53,82.0,8,908.0,5949.0,5,0.35,0,0,Online,Tier 1,0
C03940,14,29.0,10,1418.0,15381.0,1,0.39,1,0,Online,Tier 1,1
C03941,29,50.0,14,1189.0,16245.0,5,0.64,0,1,Store,Tier 1,0
C03942,43,61.0,12,1181.0,16001.0,3,0.41,0,1,Both,Tier 2,0
C03943,34,24.0,14,924.0,12197.0,1,0.33,0,0,Online,Tier 2,0
C03944,13,35.0,16,766.0,11887.0,4,0.74,0,0,Online,Tier 2,0
C03945,19,10.0,18,616.0,11458.0,2,0.18,0,1,Both,Tier 1,0
C03946,18,26.0,13,759.0,10007.0,2,0.67,1,0,Store,Tier 3,1
C03947,14,105.0,8,1190.0,7883.0,2,0.29,1,0,Store,Tier 2,0
C03948,38,35.0,4,687.0,3093.0,3,0.81,0,0,Both,Tier 3,1
C03949,56,82.0,8,1218.0,8757.0,4,0.72,0,1,Store,Tier 3,0
C03950,46,4.0,6,758.0,5062.0,5,0.56,0,1,Store,Tier 1,0
C03951,16,25.0,23,1463.0,33074.0,4,0.39,1,0,Store,Tier 2,0
C03952,9,66.0,12,1296.0,15140.0,4,0.45,0,1,Store,Tier 3,0
C03953,17,66.0,8,1703.0,13739.0,2,0.3,0,1,Store,Tier 3,0
C03954,14,59.0,13,591.0,7540.0,7,0.14,1,0,Both,Tier 2,0
C03955,9,30.0,12,1078.0,11813.0,4,0.53,0,0,Store,Tier 3,1
C03956,58,75.0,13,1502.0,15903.0,4,0.08,0,1,Store,Tier 2,0
C03957,24,59.0,7,589.0,4061.0,5,0.23,1,0,Online,Tier 1,0
C03958,31,79.0,7,1350.0,11056.0,2,0.27,0,1,Store,Tier 1,1
C03959,19,56.0,12,1239.0,12479.0,3,0.67,1,0,Online,Tier 3,0
C03960,18,248.0,3,456.0,1319.0,2,0.48,0,0,Store,Tier 3,1
C03961,35,51.0,12,976.0,10831.0,4,0.58,0,1,Store,Tier 1,0
C03962,2,25.0,13,1043.0,12186.0,3,0.3,0,0,Both,Tier 3,0
C03963,9,32.0,15,967.0,13551.0,6,0.44,0,0,Both,Tier 3,0
C03964,49,33.0,8,719.0,6720.0,2,0.15,0,1,Both,Tier 1,0
C03965,37,96.0,14,951.0,13411.0,5,0.61,0,0,Online,Tier 1,0
C03966,23,26.0,9,1095.0,9234.0,2,0.69,0,1,Online,Tier 2,1
C03967,5,100.0,8,1083.0,9971.0,8,0.73,0,1,Store,Tier 2,0
C03968,41,49.0,15,,10501.0,5,0.64,0,0,Store,Tier 1,0
C03969,32,34.0,17,1233.0,20585.0,3,0.79,0,1,Store,Tier 3,0
C03970,40,122.0,12,919.0,10922.0,5,0.34,0,0,Store,Tier 1,1
C03971,38,138.0,11,927.0,12161.0,4,0.2,0,1,Store,Tier 2,1
C03972,32,9.0,13,441.0,4750.0,4,0.85,0,0,Online,Tier 1,1
C03973,59,33.0,8,1054.0,8773.0,5,0.39,1,0,Store,Tier 1,0
C03974,19,50.0,7,777.0,4687.0,6,0.17,1,0,Online,Tier 2,0
C03975,6,144.0,3,1129.0,3343.0,2,0.36,0,1,Both,Tier 2,0
C03976,3,39.0,13,449.0,6431.0,4,0.31,0,0,Online,Tier 3,1
C03977,11,63.0,11,1116.0,10759.0,5,0.48,2,0,Online,Tier 3,1
C03978,6,42.0,5,1367.0,5560.0,3,0.52,0,1,Store,Tier 1,1
C03979,25,30.0,11,1032.0,12486.0,2,0.54,0,0,Online,Tier 1,0
C03980,52,30.0,9,811.0,6304.0,3,0.57,2,1,Store,Tier 3,0
C03981,18,37.0,17,1162.0,20177.0,3,0.52,0,0,Both,Tier 1,0
C03982,42,69.0,7,969.0,7790.0,5,0.33,1,1,Store,Tier 2,0
C03983,41,150.0,14,1367.0,17335.0,6,0.51,0,1,Store,Tier 2,0
C03984,59,144.0,11,867.0,7868.0,3,0.43,2,1,Store,Tier 2,0
C03985,35,104.0,13,249.0,3288.0,3,0.47,1,0,Store,Tier 2,0
C03986,57,18.0,10,1407.0,16395.0,4,0.6,1,1,Store,Tier 1,1
C03987,26,68.0,11,797.0,8441.0,4,0.93,0,1,Online,Tier 1,0
C03988,34,12.0,10,1170.0,10048.0,5,0.33,0,1,Both,Tier 2,0
C03989,9,14.0,20,1081.0,22733.0,2,0.32,0,0,Store,Tier 2,0
C03990,57,87.0,10,726.0,7708.0,1,0.33,0,1,Both,Tier 2,0
C03991,16,3.0,15,647.0,11097.0,4,0.73,1,0,Both,Tier 1,0
C03992,7,86.0,10,982.0,8762.0,2,0.61,1,0,Store,Tier 2,1
C03993,59,14.0,10,782.0,6902.0,5,0.19,2,1,Both,Tier 2,0
C03994,19,81.0,11,758.0,7408.0,4,0.36,0,1,Store,Tier 1,0
C03995,42,191.0,8,943.0,8291.0,3,0.51,0,1,Both,Tier 3,1
C03996,23,47.0,18,1194.0,19666.0,1,0.41,0,0,Store,Tier 3,0
C03997,33,51.0,9,1009.0,8699.0,7,0.25,1,1,Both,Tier 1,0
C03998,5,3.0,15,710.0,10299.0,5,0.56,0,0,Store,Tier 3,0
C03999,26,109.0,14,993.0,16160.0,4,0.59,1,0,Store,Tier 1,0
C04000,11,89.0,9,1380.0,11224.0,3,0.07,1,1,Online,Tier 3,1
C04001,36,167.0,10,746.0,7418.0,4,0.44,0,0,Store,Tier 1,1
C04002,7,40.0,15,169.0,2590.0,2,0.21,0,0,Store,Tier 2,0
C04003,25,41.0,7,1282.0,8883.0,3,0.72,0,1,Both,Tier 1,0
C04004,10,64.0,11,699.0,8753.0,3,0.11,0,1,Online,Tier 2,0
C04005,10,100.0,10,1056.0,8600.0,4,0.18,0,1,Both,Tier 2,0
C04006,58,56.0,17,239.0,3464.0,2,0.44,1,1,Store,Tier 1,0
C04007,37,10.0,11,1005.0,12883.0,4,0.57,0,1,Store,Tier 2,1
C04008,9,48.0,15,1575.0,27720.0,3,0.51,2,0,Store,Tier 2,1
C04009,46,83.0,12,825.0,8039.0,2,0.67,0,1,Online,Tier 2,0
C04010,55,119.0,5,964.0,5117.0,5,0.28,1,1,Online,Tier 1,0
C04011,16,105.0,12,1225.0,12674.0,2,0.36,1,1,Online,Tier 3,1
C04012,38,171.0,5,764.0,4436.0,2,0.31,0,1,Store,Tier 3,1
C04013,11,73.0,16,696.0,13052.0,3,0.25,0,0,Store,Tier 1,1
C04014,55,31.0,9,1123.0,10582.0,3,0.24,0,1,Store,Tier 1,0
C04015,38,79.0,13,376.0,4215.0,3,0.25,0,1,Online,Tier 2,1
C04016,6,115.0,8,673.0,4564.0,3,0.31,0,0,Online,Tier 2,1
C04017,34,11.0,13,365.0,5560.0,5,0.16,0,0,Both,Tier 2,0
C04018,49,17.0,15,794.0,13717.0,5,0.51,0,1,Store,Tier 2,0
C04019,48,31.0,15,,4669.0,5,0.49,0,0,Both,Tier 2,0
C04020,7,9.0,17,1103.0,20586.0,3,0.59,0,1,Online,Tier 1,0
C04021,33,25.0,22,1159.0,20930.0,6,0.13,1,1,Online,Tier 3,0
C04022,36,103.0,9,984.0,9674.0,2,0.18,0,1,Store,Tier 3,0
C04023,12,57.0,10,1017.0,10462.0,2,0.45,1,0,Online,Tier 1,0
C04024,47,135.0,7,1239.0,10283.0,4,0.56,0,0,Both,Tier 3,1
C04025,14,37.0,13,1225.0,16976.0,4,0.15,0,0,Both,Tier 1,0
C04026,8,3.0,13,812.0,9098.0,3,0.62,0,0,Online,Tier 2,0
C04027,14,88.0,15,1466.0,21436.0,6,0.66,1,1,Both,Tier 2,0
C04028,1,55.0,15,1037.0,12971.0,1,0.39,1,0,Both,Tier 2,0
C04029,9,55.0,14,879.0,14349.0,4,0.65,0,0,Online,Tier 2,0
C04030,5,17.0,11,391.0,3747.0,5,0.24,0,1,Both,Tier 2,0
C04031,37,79.0,14,630.0,9435.0,5,0.01,2,0,Store,Tier 1,0
C04032,50,58.0,10,667.0,6895.0,3,0.46,0,1,Store,Tier 1,0
C04033,47,42.0,12,1443.0,13902.0,5,0.65,0,1,Store,Tier 3,0
C04034,22,42.0,9,1000.0,8340.0,4,0.16,0,0,Store,Tier 1,0
C04035,45,49.0,12,590.0,6881.0,4,0.41,0,1,Store,Tier 2,0
C04036,37,12.0,19,658.0,11609.0,3,0.69,1,1,Both,Tier 2,0
C04037,57,17.0,16,573.0,9621.0,4,0.59,0,1,Both,Tier 1,0
C04038,44,92.0,7,821.0,5127.0,5,0.37,0,1,Both,Tier 1,0
C04039,1,28.0,16,790.0,13599.0,3,0.56,0,0,Both,Tier 2,0
C04040,48,90.0,10,1040.0,9182.0,2,0.53,0,1,Store,Tier 1,0
C04041,9,37.0,12,150.0,1794.0,2,0.29,0,0,Store,Tier 2,0
C04042,25,7.0,12,922.0,9430.0,4,0.34,0,0,Store,Tier 2,0
C04043,32,108.0,10,479.0,5455.0,3,0.22,0,1,Store,Tier 1,0
C04044,50,14.0,12,778.0,8547.0,2,0.08,0,0,Both,Tier 1,0
C04045,27,162.0,6,1210.0,7115.0,4,0.44,0,1,Both,Tier 2,0
C04046,41,13.0,16,1018.0,14092.0,3,0.32,0,0,Both,Tier 1,0
C04047,54,17.0,16,629.0,8645.0,8,0.19,1,0,Both,Tier 2,0
C04048,54,116.0,8,996.0,7479.0,6,0.2,1,1,Store,Tier 2,1
C04049,11,29.0,10,725.0,6155.0,5,0.5,1,0,Both,Tier 3,0
C04050,4,43.0,12,1219.0,13287.0,5,0.71,0,1,Store,Tier 2,1
C04051,55,24.0,11,1112.0,14656.0,3,0.07,0,1,Online,Tier 2,0
C04052,51,87.0,9,1031.0,10684.0,8,0.59,0,1,Store,Tier 1,0
C04053,41,126.0,9,,7516.0,4,0.3,0,1,Store,Tier 1,0
C04054,22,16.0,12,909.0,10810.0,3,0.39,1,0,Store,Tier 2,0
C04055,47,159.0,8,1188.0,9139.0,5,0.29,0,1,Store,Tier 3,0
C04056,19,56.0,9,868.0,6525.0,2,0.45,0,0,Online,Tier 2,1
C04057,18,26.0,10,1061.0,8596.0,3,0.03,0,1,Both,Tier 2,0
C04058,11,33.0,14,1366.0,20349.0,4,0.3,1,1,Both,Tier 1,1
C04059,32,36.0,11,,8568.0,3,0.7,0,1,Both,Tier 2,0
C04060,1,71.0,7,536.0,3965.0,4,0.26,2,1,Store,Tier 3,0
C04061,60,129.0,7,875.0,5816.0,4,0.31,0,1,Both,Tier 1,0
C04062,4,81.0,6,955.0,6560.0,5,0.51,2,0,Store,Tier 2,0
C04063,2,59.0,10,341.0,3315.0,8,0.34,0,1,Both,Tier 1,0
C04064,25,24.0,12,1191.0,14952.0,3,0.34,0,0,Store,Tier 2,0
C04065,38,30.0,20,717.0,12573.0,4,0.48,0,0,Store,Tier 2,0
C04066,33,74.0,12,739.0,7160.0,3,0.53,1,1,Store,Tier 2,0
C04067,29,113.0,8,824.0,6673.0,4,0.44,0,1,Both,Tier 2,1
C04068,46,37.0,21,856.0,20975.0,4,0.35,0,1,Store,Tier 1,0
C04069,2,15.0,11,957.0,10733.0,4,0.58,0,0,Online,Tier 2,0
C04070,3,106.0,15,1316.0,20547.0,5,0.66,0,0,Store,Tier 3,0
C04071,6,110.0,10,876.0,7259.0,2,0.6,1,1,Store,Tier 2,1
C04072,23,165.0,8,632.0,5577.0,3,0.32,1,1,Both,Tier 1,1
C04073,8,36.0,13,488.0,6317.0,4,0.38,0,0,Store,Tier 2,0
C04074,26,157.0,5,445.0,1893.0,4,0.34,0,0,Online,Tier 1,0
C04075,42,34.0,11,738.0,6837.0,5,0.57,0,1,Store,Tier 1,0
C04076,3,129.0,6,804.0,5328.0,3,0.7,0,0,Online,Tier 2,1
C04077,59,35.0,11,494.0,4450.0,7,0.44,0,1,Online,Tier 1,0
C04078,54,33.0,16,513.0,7484.0,2,0.09,2,0,Store,Tier 1,0
C04079,49,30.0,13,1250.0,19161.0,5,0.59,0,0,Store,Tier 2,0
C04080,46,61.0,9,669.0,6948.0,6,0.31,0,0,Store,Tier 3,0
C04081,53,49.0,11,832.0,9892.0,5,0.4,1,1,Store,Tier 1,0
C04082,12,20.0,15,1071.0,19043.0,5,0.26,1,0,Online,Tier 1,0
C04083,45,39.0,19,407.0,6277.0,7,0.41,0,0,Store,Tier 1,0
C04084,24,180.0,2,150.0,348.0,5,0.21,0,0,Store,Tier 2,1
C04085,10,43.0,15,1231.0,16288.0,2,0.17,0,0,Both,Tier 2,0
C04086,50,141.0,8,905.0,6719.0,2,0.6,0,0,Store,Tier 1,0
C04087,31,35.0,10,243.0,2049.0,3,0.25,0,0,Online,Tier 1,0
C04088,33,41.0,16,1497.0,28066.0,3,0.53,0,0,Store,Tier 1,0
C04089,11,131.0,12,548.0,5761.0,6,0.31,0,1,Online,Tier 3,1
C04090,52,113.0,12,708.0,7998.0,4,0.24,0,1,Both,Tier 1,0
C04091,44,58.0,12,907.0,11664.0,5,0.32,0,0,Online,Tier 2,0
C04092,28,62.0,13,960.0,13690.0,4,0.73,0,0,Online,Tier 3,1
C04093,25,98.0,7,425.0,3359.0,3,0.29,0,1,Store,Tier 2,1
C04094,4,17.0,15,885.0,10636.0,6,0.29,0,1,Both,Tier 3,0
C04095,2,69.0,14,1107.0,14992.0,5,0.15,0,0,Store,Tier 1,0
C04096,59,68.0,13,760.0,10594.0,6,0.58,1,1,Store,Tier 2,0
C04097,31,17.0,19,631.0,11927.0,3,0.27,0,0,Both,Tier 1,0
C04098,48,110.0,12,742.0,9718.0,5,0.66,0,1,Store,Tier 1,0
C04099,12,42.0,14,1089.0,17195.0,6,0.54,0,0,Store,Tier 3,0
C04100,35,46.0,12,963.0,11832.0,5,0.66,1,1,Both,Tier 1,0
C04101,20,65.0,14,922.0,10984.0,1,0.39,0,0,Store,Tier 1,0
C04102,20,25.0,13,1220.0,13071.0,4,0.31,0,0,Store,Tier 2,0
C04103,47,9.0,21,1160.0,22628.0,5,0.73,1,1,Store,Tier 1,0
C04104,43,229.0,5,1151.0,5574.0,7,0.74,0,1,Online,Tier 1,1
C04105,39,21.0,20,1262.0,26504.0,4,0.26,0,1,Store,Tier 2,0
C04106,35,28.0,15,707.0,10233.0,3,0.47,1,1,Online,Tier 1,0
C04107,48,158.0,13,730.0,11258.0,2,0.7,0,0,Online,Tier 1,1
C04108,38,19.0,13,819.0,12252.0,6,0.39,0,0,Both,Tier 2,0
C04109,57,69.0,7,1084.0,6957.0,2,0.73,0,1,Online,Tier 2,0
C04110,28,73.0,13,1200.0,17831.0,3,0.42,0,0,Store,Tier 3,0
C04111,15,26.0,16,403.0,7125.0,4,0.37,0,1,Both,Tier 1,0
C04112,27,55.0,10,520.0,4541.0,4,0.57,0,0,Store,Tier 1,0
C04113,11,91.0,7,473.0,3141.0,2,0.31,0,0,Online,Tier 2,0
C04114,38,87.0,9,1346.0,14164.0,4,0.4,1,0,Both,Tier 1,0
C04115,2,33.0,15,1316.0,20797.0,3,0.16,0,1,Both,Tier 1,0
C04116,53,24.0,10,1529.0,12772.0,1,0.85,0,1,Both,Tier 2,0
C04117,1,57.0,7,466.0,3708.0,3,0.13,0,0,Both,Tier 2,1
C04118,17,96.0,8,969.0,7923.0,7,0.45,1,1,Both,Tier 1,0
C04119,55,130.0,9,937.0,7459.0,2,0.37,0,0,Online,Tier 1,0
C04120,41,21.0,6,757.0,4668.0,4,0.42,0,1,Store,,0
C04121,26,124.0,9,531.0,4710.0,6,0.65,0,1,Store,Tier 1,0
C04122,17,49.0,13,808.0,9956.0,7,0.21,0,0,Store,Tier 1,0
C04123,16,53.0,10,930.0,8587.0,3,0.54,2,1,Both,Tier 3,0
C04124,40,53.0,8,957.0,7551.0,6,0.24,1,1,Store,Tier 2,0
C04125,10,74.0,12,1359.0,14544.0,6,0.52,0,1,Store,Tier 1,0
C04126,51,148.0,8,1042.0,7188.0,4,0.25,0,0,Both,Tier 2,0
C04127,27,18.0,20,1015.0,16462.0,6,0.07,1,0,Store,Tier 3,0
C04128,51,24.0,18,,11255.0,2,0.45,0,0,Store,Tier 1,0
C04129,36,98.0,8,1312.0,10920.0,5,0.15,0,1,Online,Tier 1,0
C04130,18,51.0,13,938.0,14573.0,5,0.17,0,1,Both,Tier 1,0
C04131,10,30.0,12,682.0,9280.0,2,0.38,2,0,Store,Tier 1,1
C04132,40,139.0,3,993.0,2672.0,1,0.81,0,1,Store,Tier 2,1
C04133,36,43.0,8,316.0,2023.0,7,0.48,0,0,Both,Tier 1,0
C04134,39,55.0,8,1136.0,9790.0,4,0.64,0,0,Both,Tier 1,0
C04135,58,62.0,12,1161.0,11690.0,5,0.49,0,1,Store,Tier 2,0
C04136,30,17.0,16,722.0,11009.0,2,0.55,0,1,Both,Tier 1,0
C04137,44,96.0,9,717.0,5856.0,8,0.21,0,0,Store,Tier 1,0
C04138,15,12.0,14,828.0,9690.0,6,0.61,0,1,Store,Tier 2,1
C04139,6,33.0,13,1015.0,11679.0,5,0.59,1,1,Online,Tier 1,0
C04140,40,225.0,5,1237.0,7340.0,6,0.21,0,0,Store,Tier 1,1
C04141,50,18.0,15,942.0,11573.0,2,0.23,1,1,Both,Tier 2,0
C04142,40,14.0,16,891.0,15611.0,3,0.39,0,1,Online,Tier 1,0
C04143,47,108.0,8,1770.0,12716.0,6,0.27,1,0,Store,Tier 2,0
C04144,20,30.0,8,,8576.0,3,0.33,1,0,Online,Tier 3,0
C04145,37,136.0,5,1422.0,6271.0,3,0.5,1,1,Store,Tier 3,0
C04146,7,108.0,9,872.0,8948.0,3,0.2,0,0,Store,Tier 1,1
C04147,59,45.0,10,1218.0,13098.0,7,0.26,0,1,Both,Tier 1,1
C04148,39,41.0,10,919.0,7633.0,3,0.5,1,0,Both,Tier 3,1
C04149,35,20.0,15,794.0,10981.0,8,0.04,0,0,Store,Tier 2,0
C04150,36,84.0,10,,7641.0,3,0.25,0,1,Both,Tier 1,0
C04151,49,118.0,8,1010.0,7178.0,6,0.67,0,1,Store,Tier 3,0
C04152,26,75.0,6,842.0,4345.0,6,0.36,1,0,Store,Tier 3,0
C04153,11,77.0,15,776.0,12119.0,6,0.36,0,0,Both,Tier 2,1
C04154,44,1.0,14,1257.0,20096.0,1,0.31,1,1,Store,Tier 1,0
C04155,7,131.0,9,615.0,5187.0,2,0.36,0,0,Both,Tier 1,1
C04156,46,5.0,18,1039.0,16763.0,5,0.21,0,1,Both,Tier 2,0
C04157,8,7.0,8,1346.0,11677.0,6,0.29,0,0,Both,Tier 1,0
C04158,52,134.0,13,1153.0,14832.0,4,0.3,0,1,Store,Tier 3,0
C04159,55,51.0,14,465.0,7366.0,6,0.62,0,0,Online,Tier 3,0
C04160,31,74.0,11,676.0,8248.0,5,0.52,0,1,Store,Tier 2,0
C04161,24,18.0,8,1244.0,9213.0,3,0.34,0,0,Both,Tier 1,0
C04162,22,20.0,18,824.0,13228.0,4,0.15,0,1,Store,Tier 2,0
C04163,21,49.0,11,1186.0,12559.0,4,0.33,1,0,Both,Tier 3,1
C04164,15,43.0,14,882.0,13629.0,7,0.73,0,0,Store,Tier 1,1
C04165,33,163.0,7,1609.0,10286.0,3,0.07,0,1,Both,Tier 3,1
C04166,29,89.0,13,1687.0,24189.0,4,0.77,0,0,Online,Tier 1,1
C04167,38,71.0,16,923.0,15790.0,2,0.09,0,0,Store,Tier 1,0
C04168,24,318.0,2,1097.0,2435.0,2,0.48,0,0,Online,Tier 1,1
C04169,40,33.0,11,1164.0,14147.0,3,0.25,0,1,Store,Tier 3,0
C04170,39,137.0,9,1066.0,10600.0,5,0.31,0,1,Online,,0
C04171,13,83.0,7,1406.0,10676.0,4,0.6,0,0,Store,Tier 3,1
C04172,9,45.0,16,741.0,11597.0,4,0.34,1,0,Both,Tier 3,0
C04173,23,61.0,8,663.0,4978.0,5,0.39,0,1,Store,Tier 1,0
C04174,12,106.0,14,731.0,10992.0,3,0.44,0,1,Both,Tier 3,0
C04175,40,63.0,11,1240.0,11070.0,3,0.19,0,1,Store,Tier 2,0
C04176,21,169.0,6,763.0,4780.0,2,0.53,0,1,Store,Tier 3,1
C04177,40,69.0,17,664.0,11188.0,4,0.35,0,0,Store,Tier 1,0
C04178,29,72.0,12,923.0,12851.0,5,0.46,0,1,Store,Tier 1,0
C04179,49,3.0,15,929.0,11981.0,3,0.28,0,1,Store,Tier 3,0
C04180,59,22.0,18,703.0,13879.0,5,0.6,2,1,Both,Tier 1,0
C04181,37,58.0,9,709.0,6173.0,2,0.41,2,0,Both,Tier 3,1
C04182,47,115.0,11,869.0,8442.0,5,0.44,1,1,Store,Tier 1,0
C04183,59,24.0,16,461.0,7463.0,7,0.53,0,0,Store,Tier 2,1
C04184,5,108.0,8,1046.0,9261.0,5,0.11,0,0,Both,Tier 3,0
C04185,35,95.0,10,440.0,4839.0,2,0.67,0,0,Store,Tier 2,0
C04186,22,46.0,7,705.0,4843.0,6,0.63,0,1,Both,Tier 3,0
C04187,1,1.0,13,932.0,11185.0,3,0.15,0,0,Store,Tier 1,0
C04188,53,25.0,14,937.0,12907.0,6,0.2,0,0,Online,Tier 1,0
C04189,59,21.0,17,578.0,11270.0,6,0.24,0,1,Store,Tier 3,0
C04190,25,89.0,12,1160.0,13950.0,3,0.23,1,0,Both,Tier 2,1
C04191,35,5.0,18,644.0,9505.0,1,0.52,0,1,Store,Tier 1,0
C04192,13,29.0,12,858.0,12265.0,1,0.1,1,1,Store,Tier 3,0
C04193,57,124.0,12,970.0,10194.0,4,0.35,0,1,Store,Tier 2,0
C04194,45,78.0,6,1341.0,8051.0,5,0.44,1,0,Both,Tier 2,0
C04195,37,33.0,9,1013.0,7538.0,2,0.77,1,1,Both,Tier 1,0
C04196,1,16.0,13,913.0,9497.0,3,0.25,0,0,Store,Tier 3,0
C04197,24,60.0,6,1060.0,5546.0,7,0.1,0,0,Both,,1
C04198,51,11.0,15,936.0,13267.0,3,0.31,1,1,Both,Tier 3,0
C04199,18,92.0,12,650.0,8089.0,5,0.29,0,0,Online,Tier 2,0
C04200,6,124.0,9,741.0,6596.0,3,0.46,0,1,Store,Tier 2,1
C04201,2,50.0,8,794.0,5342.0,3,0.31,0,0,Both,Tier 2,0
C04202,16,121.0,8,1317.0,12172.0,4,0.76,1,0,Store,Tier 2,0
C04203,52,65.0,14,1134.0,14720.0,3,0.53,0,0,Store,Tier 1,0
C04204,34,82.0,6,833.0,5034.0,4,0.22,1,0,Both,Tier 2,0
C04205,32,43.0,12,476.0,5695.0,2,0.84,1,0,Store,Tier 2,1
C04206,21,172.0,4,1233.0,4250.0,5,0.15,1,1,Store,Tier 3,1
C04207,11,18.0,13,600.0,8537.0,3,0.27,0,0,Store,Tier 3,0
C04208,19,23.0,11,700.0,6307.0,3,0.39,0,0,Store,Tier 3,0
C04209,52,9.0,14,651.0,10806.0,2,0.45,0,1,Both,Tier 2,0
C04210,17,41.0,12,675.0,8383.0,3,0.24,0,1,Online,Tier 2,0
C04211,40,18.0,12,1441.0,20584.0,4,0.26,1,1,Both,Tier 1,0
C04212,42,72.0,11,759.0,6774.0,8,0.43,1,1,Both,Tier 2,0
C04213,26,47.0,11,1186.0,11172.0,4,0.2,0,1,Online,Tier 1,0
C04214,58,95.0,9,845.0,8956.0,5,0.39,0,0,Both,Tier 1,0
C04215,15,34.0,15,1049.0,18006.0,4,0.44,1,1,Store,Tier 2,0
C04216,55,31.0,15,840.0,15000.0,5,0.44,0,0,Store,Tier 1,0
C04217,19,97.0,16,1411.0,20821.0,5,0.1,0,1,Both,Tier 2,1
C04218,13,15.0,11,1111.0,10676.0,4,0.48,0,0,Online,Tier 1,0
C04219,25,97.0,8,632.0,5324.0,3,0.57,1,0,Store,Tier 3,1
C04220,14,98.0,9,1097.0,8043.0,3,0.53,0,0,Store,Tier 1,1
C04221,38,46.0,14,907.0,12990.0,6,0.6,0,1,Store,Tier 2,0
C04222,20,82.0,11,827.0,10497.0,4,0.57,0,1,Store,Tier 2,0
C04223,19,37.0,9,1143.0,8730.0,4,0.12,0,0,Store,Tier 1,0
C04224,52,119.0,9,1129.0,9887.0,3,0.54,0,1,Online,Tier 3,0
C04225,22,13.0,11,1423.0,12954.0,8,0.32,1,0,Store,Tier 3,0
C04226,38,88.0,4,1103.0,3562.0,2,0.18,1,0,Store,Tier 1,1
C04227,58,26.0,17,486.0,9084.0,5,0.53,0,1,Both,,0
C04228,21,77.0,7,727.0,6033.0,3,0.66,0,0,Store,Tier 2,0
C04229,53,29.0,13,491.0,7259.0,8,0.1,0,0,Store,Tier 1,0
C04230,56,43.0,15,1082.0,14545.0,5,0.42,0,1,Both,Tier 2,0
C04231,7,81.0,8,731.0,4920.0,5,0.52,2,0,Both,Tier 2,0
C04232,10,6.0,13,945.0,14368.0,5,0.43,0,1,Store,Tier 1,0
C04233,2,43.0,15,506.0,6360.0,1,0.11,1,0,Both,Tier 3,0
C04234,53,80.0,8,433.0,3496.0,5,0.65,0,1,Both,Tier 2,0
C04235,60,6.0,8,1377.0,12488.0,1,0.31,1,1,Store,Tier 2,0
C04236,19,48.0,7,737.0,4957.0,4,0.72,0,0,Store,Tier 3,0
C04237,12,70.0,14,787.0,11292.0,3,0.43,0,0,Both,Tier 1,0
C04238,28,157.0,10,1310.0,13939.0,3,0.32,0,0,Both,Tier 1,1
C04239,6,106.0,9,818.0,8123.0,6,0.11,1,1,Store,Tier 1,0
C04240,58,37.0,12,983.0,9833.0,4,0.63,0,1,Online,Tier 1,0
C04241,31,117.0,11,893.0,8312.0,7,0.18,1,0,Store,Tier 2,1
C04242,6,62.0,12,982.0,11849.0,3,0.12,1,1,Store,Tier 2,1
C04243,51,88.0,14,934.0,14330.0,3,0.47,1,0,Online,Tier 2,0
C04244,5,20.0,8,324.0,2678.0,5,0.41,0,0,Both,Tier 1,1
C04245,15,186.0,6,541.0,3760.0,1,0.16,0,0,Store,Tier 1,1
C04246,49,35.0,11,726.0,6810.0,3,0.61,0,1,Online,Tier 2,0
C04247,18,124.0,12,540.0,5966.0,5,0.16,0,0,Both,Tier 2,1
C04248,28,83.0,11,968.0,10522.0,3,0.16,1,1,Store,Tier 3,0
C04249,8,54.0,7,853.0,7082.0,4,0.46,1,0,Online,Tier 1,0
C04250,35,13.0,11,343.0,4424.0,4,0.45,0,1,Store,Tier 1,0
C04251,27,71.0,12,443.0,4591.0,4,0.74,1,0,Store,Tier 2,0
C04252,5,93.0,12,370.0,3698.0,4,0.67,0,0,Both,Tier 1,0
C04253,35,72.0,8,505.0,4094.0,4,0.59,1,1,Online,Tier 3,0
C04254,23,13.0,16,709.0,11615.0,3,0.69,0,1,Store,Tier 1,0
C04255,49,33.0,15,951.0,14465.0,2,0.34,1,1,Both,Tier 1,0
C04256,5,80.0,8,632.0,4703.0,3,0.42,1,0,Store,Tier 1,0
C04257,24,31.0,6,778.0,4342.0,5,0.49,0,1,Store,Tier 1,0
C04258,24,16.0,16,220.0,3153.0,8,0.46,2,0,Store,Tier 3,0
C04259,34,35.0,12,1263.0,16452.0,6,0.4,0,0,Both,Tier 1,0
C04260,38,179.0,6,536.0,3297.0,8,0.27,1,1,Store,Tier 3,1
C04261,56,149.0,6,912.0,5877.0,4,0.47,2,1,Store,Tier 3,1
C04262,18,58.0,9,1149.0,10888.0,4,0.08,0,0,Store,Tier 2,0
C04263,29,47.0,8,845.0,5872.0,2,0.34,0,0,Both,Tier 3,1
C04264,31,201.0,4,599.0,2070.0,2,0.31,0,1,Both,Tier 3,1
C04265,52,16.0,15,,15602.0,5,0.56,0,1,Both,Tier 2,0
C04266,28,73.0,6,,8067.0,5,0.39,0,0,Online,Tier 1,1
C04267,45,21.0,11,1406.0,12934.0,4,0.16,0,0,Store,Tier 2,0
C04268,7,147.0,11,1315.0,17324.0,4,0.34,1,1,Online,Tier 1,0
C04269,37,35.0,10,929.0,10504.0,5,0.13,0,1,Online,Tier 1,0
C04270,44,58.0,15,854.0,13107.0,2,0.36,0,1,Store,Tier 1,0
C04271,5,73.0,10,569.0,4726.0,3,0.8,1,0,Both,Tier 1,1
C04272,19,76.0,5,695.0,3187.0,4,0.34,1,0,Store,Tier 2,0
C04273,5,24.0,13,1368.0,15823.0,1,0.07,1,0,Online,Tier 3,0
C04274,55,59.0,5,675.0,3338.0,5,0.73,1,1,Store,Tier 2,0
C04275,30,27.0,6,952.0,4931.0,2,0.37,0,1,Store,Tier 1,0
C04276,41,23.0,18,961.0,20121.0,5,0.59,0,1,Both,Tier 3,0
C04277,18,55.0,9,1045.0,7869.0,6,0.88,1,1,Store,Tier 1,1
C04278,20,104.0,9,448.0,3897.0,4,0.31,0,1,Store,Tier 2,0
C04279,60,95.0,8,1057.0,9015.0,5,0.5,0,0,Both,Tier 2,0
C04280,19,131.0,8,842.0,5579.0,5,0.45,0,0,Both,Tier 2,0
C04281,30,90.0,12,637.0,6323.0,6,0.25,0,1,Online,Tier 1,0
C04282,46,34.0,15,1013.0,14813.0,4,0.44,1,1,Both,Tier 1,0
C04283,43,18.0,13,578.0,8592.0,6,0.26,0,1,Online,Tier 1,0
C04284,11,5.0,13,866.0,9653.0,2,0.45,0,0,Store,Tier 3,0
C04285,20,82.0,12,680.0,8324.0,5,0.49,2,1,Store,Tier 1,0
C04286,52,66.0,8,804.0,6183.0,5,0.61,1,1,Store,Tier 2,0
C04287,13,37.0,16,719.0,9757.0,3,0.12,0,0,Online,Tier 2,0
C04288,27,113.0,11,1595.0,17284.0,7,0.25,0,1,Online,Tier 2,0
C04289,48,20.0,17,960.0,17712.0,2,0.49,0,0,Online,Tier 2,0
C04290,55,86.0,9,1311.0,9861.0,7,0.49,1,1,Store,Tier 2,1
C04291,18,3.0,14,950.0,12007.0,1,0.62,0,0,Store,Tier 1,0
C04292,49,18.0,14,1091.0,15690.0,6,0.5,0,1,Online,Tier 3,0
C04293,18,112.0,19,1197.0,18399.0,4,0.53,0,1,Store,Tier 1,0
C04294,14,30.0,17,1081.0,19658.0,4,0.27,0,0,Store,Tier 1,0
C04295,2,97.0,11,832.0,8173.0,3,0.24,1,1,Both,Tier 2,0
C04296,19,40.0,15,648.0,10520.0,4,0.04,0,1,Store,Tier 3,0
C04297,1,43.0,10,1149.0,11428.0,6,0.64,1,1,Both,Tier 2,0
C04298,19,15.0,10,794.0,8139.0,2,0.56,0,0,Store,Tier 3,0
C04299,42,29.0,12,1560.0,16589.0,3,0.17,0,0,Online,Tier 1,0
C04300,26,214.0,9,888.0,6695.0,5,0.24,0,0,Store,Tier 2,1
C04301,58,31.0,11,754.0,7568.0,6,0.65,0,0,Both,Tier 1,0
C04302,11,51.0,15,805.0,12379.0,4,0.29,1,1,Online,Tier 2,1
C04303,39,37.0,12,1244.0,15890.0,3,0.33,1,0,Both,Tier 1,0
C04304,42,52.0,8,834.0,6489.0,3,0.25,0,1,Online,Tier 1,0
C04305,40,19.0,19,1825.0,37381.0,4,0.28,1,0,Online,Tier 1,0
C04306,23,99.0,4,872.0,2985.0,2,0.55,0,0,Online,Tier 3,1
C04307,26,66.0,11,446.0,4211.0,2,0.67,0,0,Online,Tier 1,0
C04308,57,9.0,10,863.0,9580.0,3,0.25,1,0,Both,Tier 1,1
C04309,56,84.0,9,1147.0,12284.0,4,0.41,0,0,Store,Tier 1,0
C04310,51,102.0,13,572.0,6404.0,2,0.74,1,1,Both,Tier 2,0
C04311,26,127.0,9,539.0,5574.0,6,0.19,0,0,Online,Tier 2,0
C04312,35,35.0,8,689.0,5632.0,7,0.28,0,0,Store,Tier 2,0
C04313,17,62.0,14,1256.0,17671.0,3,0.53,1,0,Store,Tier 2,0
C04314,43,136.0,4,1301.0,6085.0,3,0.76,0,1,Store,Tier 1,1
C04315,60,35.0,13,999.0,14546.0,5,0.76,0,1,Store,Tier 1,0
C04316,42,58.0,14,951.0,13280.0,3,0.29,1,1,Store,Tier 1,0
C04317,46,60.0,13,579.0,6169.0,7,0.45,0,1,Both,Tier 1,0
C04318,15,30.0,14,,18131.0,2,0.39,0,1,Online,Tier 1,0
C04319,45,68.0,16,708.0,10456.0,5,0.23,1,1,Store,Tier 3,0
C04320,5,43.0,12,427.0,5124.0,6,0.4,0,0,Store,Tier 3,1
C04321,49,3.0,14,788.0,11943.0,2,0.27,1,1,Both,Tier 3,0
C04322,31,120.0,9,1341.0,11022.0,4,0.74,0,0,Store,Tier 1,0
C04323,58,2.0,14,1244.0,18190.0,3,0.31,0,0,Store,Tier 1,0
C04324,38,142.0,7,,9780.0,2,0.26,0,1,Both,Tier 1,0
C04325,8,54.0,9,1278.0,11761.0,2,0.14,0,0,Both,Tier 2,0
C04326,39,107.0,7,738.0,4496.0,4,0.27,1,0,Both,Tier 1,0
C04327,19,46.0,9,791.0,7286.0,6,0.35,0,0,Both,Tier 2,1
C04328,26,31.0,11,554.0,6643.0,2,0.15,0,1,Store,Tier 3,1
C04329,1,84.0,10,562.0,5055.0,3,0.2,0,0,Online,Tier 2,1
C04330,5,79.0,10,512.0,4726.0,7,0.19,0,1,Store,Tier 1,0
C04331,19,53.0,10,1049.0,8695.0,3,0.55,0,1,Both,Tier 2,0
C04332,39,4.0,8,150.0,1425.0,8,0.49,0,0,Store,Tier 2,0
C04333,10,55.0,13,1083.0,14675.0,4,0.25,0,1,Online,Tier 3,0
C04334,27,23.0,14,1099.0,16840.0,8,0.72,1,0,Store,Tier 1,0
C04335,45,59.0,14,1424.0,22970.0,2,0.33,0,1,Store,Tier 2,0
C04336,22,76.0,9,546.0,5657.0,1,0.16,1,1,Store,Tier 1,1
C04337,27,212.0,5,1377.0,5737.0,3,0.61,0,0,Online,Tier 2,1
C04338,41,26.0,17,1128.0,21206.0,6,0.88,0,1,Store,Tier 1,0
C04339,57,101.0,4,944.0,4079.0,2,0.55,0,1,Store,Tier 1,1
C04340,40,26.0,17,792.0,12410.0,8,0.73,0,0,Store,Tier 2,0
C04341,34,14.0,11,655.0,8533.0,4,0.3,0,0,Store,Tier 1,0
C04342,2,72.0,5,662.0,3531.0,4,0.66,2,0,Online,Tier 1,1
C04343,5,26.0,16,1086.0,14473.0,2,0.53,0,0,Online,Tier 1,0
C04344,33,96.0,11,988.0,12666.0,2,0.15,0,0,Both,Tier 1,0
C04345,1,69.0,8,580.0,5330.0,4,0.19,1,1,Store,Tier 3,0
C04346,46,30.0,14,907.0,15052.0,3,0.41,0,1,Both,Tier 1,0
C04347,51,193.0,7,966.0,7596.0,6,0.74,0,1,Store,Tier 1,0
C04348,51,78.0,14,1713.0,23109.0,3,0.71,2,1,Online,Tier 2,0
C04349,50,77.0,15,477.0,8120.0,4,0.21,0,0,Both,Tier 1,0
C04350,58,13.0,13,993.0,14902.0,5,0.71,2,1,Both,,0
C04351,25,131.0,7,1181.0,9642.0,7,0.6,0,1,Both,Tier 1,0
C04352,54,34.0,14,1055.0,13049.0,4,0.64,0,1,Store,Tier 2,0
C04353,39,136.0,8,973.0,9210.0,7,0.41,0,1,Both,Tier 2,1
C04354,33,97.0,13,793.0,9511.0,7,0.21,0,0,Both,Tier 1,0
C04355,19,136.0,7,1183.0,7894.0,3,0.5,0,1,Store,Tier 1,0
C04356,42,47.0,9,834.0,7490.0,4,0.1,1,1,Online,Tier 1,0
C04357,30,82.0,8,1181.0,9935.0,3,0.14,0,0,Store,Tier 2,0
C04358,53,101.0,9,1038.0,9480.0,4,0.55,0,1,Store,Tier 3,1
C04359,29,63.0,14,1587.0,22419.0,2,0.24,1,1,Online,Tier 2,0
C04360,42,183.0,5,978.0,4177.0,3,0.34,0,0,Store,Tier 2,1
C04361,41,42.0,9,885.0,9258.0,2,0.62,1,1,Both,Tier 3,0
C04362,53,36.0,11,506.0,5244.0,5,0.21,0,1,Store,Tier 2,0
C04363,42,32.0,19,826.0,13878.0,5,0.47,0,1,Store,Tier 2,0
C04364,50,74.0,14,1182.0,16122.0,7,0.48,1,0,Online,Tier 1,1
C04365,57,73.0,11,680.0,6623.0,7,0.29,0,0,Online,Tier 1,0
C04366,58,7.0,11,538.0,6845.0,5,0.76,0,1,Online,Tier 3,0
C04367,10,5.0,14,1029.0,14951.0,3,0.34,0,0,Online,Tier 3,0
C04368,4,53.0,13,1111.0,16378.0,2,0.5,0,0,Both,Tier 1,0
C04369,52,58.0,10,1089.0,12271.0,3,0.16,0,0,Both,Tier 2,0
C04370,11,29.0,15,781.0,13954.0,2,0.34,0,1,Store,Tier 1,0
C04371,5,13.0,13,555.0,7188.0,2,0.05,0,0,Store,Tier 1,0
C04372,10,58.0,12,943.0,9336.0,5,0.12,1,0,Online,Tier 3,1
C04373,24,26.0,11,1329.0,12565.0,4,0.15,0,0,Store,Tier 3,0
C04374,44,154.0,16,511.0,8361.0,3,0.5,1,0,Online,Tier 2,1
C04375,59,25.0,12,506.0,5800.0,1,0.7,0,0,Store,Tier 1,0
C04376,59,24.0,5,851.0,5061.0,8,0.13,1,0,Online,Tier 2,0
C04377,2,13.0,14,453.0,6774.0,4,0.1,0,0,Both,Tier 1,0
C04378,54,25.0,16,833.0,15743.0,4,0.31,2,1,Both,Tier 2,0
C04379,30,115.0,11,353.0,3180.0,4,0.39,0,1,Both,Tier 1,0
C04380,19,46.0,11,966.0,9774.0,3,0.72,0,1,Online,Tier 3,0
C04381,60,87.0,10,541.0,4534.0,3,0.77,0,0,Both,Tier 2,0
C04382,10,18.0,14,930.0,15456.0,4,0.18,0,1,Both,Tier 1,0
C04383,53,22.0,11,1055.0,11303.0,6,0.6,0,1,Store,Tier 1,0
C04384,20,36.0,7,569.0,3398.0,4,0.29,0,0,Store,Tier 2,1
C04385,21,96.0,11,1385.0,13014.0,4,0.45,1,0,Both,Tier 2,0
C04386,51,365.0,2,880.0,1780.0,2,0.53,1,1,Online,,1
C04387,31,107.0,4,1094.0,4971.0,3,0.55,0,1,Store,Tier 1,1
C04388,35,13.0,15,1293.0,20849.0,6,0.24,0,0,Online,Tier 1,0
C04389,59,57.0,16,157.0,2234.0,3,0.37,0,1,Store,Tier 1,0
C04390,19,62.0,12,921.0,12862.0,3,0.28,0,0,Store,Tier 1,0
C04391,37,26.0,15,604.0,8784.0,3,0.84,0,0,Online,Tier 2,0
C04392,28,34.0,15,595.0,9252.0,8,0.4,0,1,Store,Tier 1,0
C04393,52,104.0,7,349.0,2896.0,3,0.22,0,1,Store,Tier 3,0
C04394,12,79.0,7,833.0,6568.0,2,0.46,0,0,Both,Tier 2,0
C04395,9,162.0,3,646.0,2323.0,4,0.2,1,1,Online,Tier 2,1
C04396,42,55.0,14,473.0,7719.0,2,0.02,2,1,Online,Tier 2,0
C04397,38,77.0,11,900.0,8649.0,3,0.13,0,0,Online,Tier 1,1
C04398,32,6.0,6,634.0,3204.0,5,0.42,0,1,Store,Tier 1,0
C04399,44,26.0,10,413.0,4428.0,7,0.13,0,0,Store,Tier 3,0
C04400,19,16.0,11,493.0,6492.0,6,0.34,2,0,Both,Tier 1,0
C04401,24,12.0,18,647.0,9359.0,2,0.43,1,0,Store,Tier 1,0
C04402,12,71.0,11,772.0,8012.0,2,0.37,0,0,Online,Tier 1,0
C04403,5,19.0,15,1031.0,16967.0,7,0.8,0,0,Both,Tier 2,0
C04404,14,66.0,13,1256.0,18326.0,4,0.4,0,0,Online,Tier 1,0
C04405,36,35.0,6,1102.0,7089.0,3,0.18,0,1,Store,Tier 1,0
C04406,20,125.0,10,,6918.0,4,0.57,0,1,Store,Tier 1,0
C04407,34,51.0,11,1249.0,13489.0,3,0.26,0,1,Store,Tier 2,0
C04408,43,63.0,14,576.0,8878.0,4,0.11,0,1,Online,Tier 1,0
C04409,51,158.0,6,1355.0,7060.0,2,0.75,0,1,Both,Tier 2,0
C04410,32,50.0,11,537.0,5061.0,8,0.4,0,0,Store,Tier 2,0
C04411,49,33.0,10,1211.0,11347.0,4,0.33,1,1,Both,Tier 2,0
C04412,4,68.0,10,931.0,7796.0,5,0.26,0,0,Both,Tier 2,1
C04413,46,18.0,17,868.0,15827.0,1,0.64,0,1,Store,Tier 3,0
C04414,5,6.0,15,793.0,10320.0,4,0.21,1,0,Store,Tier 2,0
C04415,26,122.0,8,1533.0,10561.0,3,0.19,0,1,Both,Tier 1,0
C04416,30,44.0,9,1096.0,10305.0,5,0.15,0,0,Both,Tier 3,1
C04417,47,136.0,6,868.0,5222.0,1,0.04,2,1,Store,Tier 1,0
C04418,43,1.0,21,582.0,11551.0,5,0.61,0,1,Store,Tier 1,0
C04419,59,12.0,8,659.0,4354.0,7,0.58,0,1,Both,Tier 1,0
C04420,9,89.0,13,570.0,6703.0,6,0.65,1,0,Store,Tier 3,0
C04421,7,103.0,10,786.0,8696.0,4,0.6,1,0,Online,Tier 3,1
C04422,54,51.0,7,881.0,6670.0,4,0.45,0,1,Online,Tier 1,0
C04423,49,98.0,13,1266.0,14387.0,3,0.65,1,0,Store,Tier 1,1
C04424,4,42.0,6,305.0,1614.0,7,0.44,0,0,Both,Tier 2,0
C04425,45,80.0,12,562.0,6666.0,3,0.6,1,1,Both,Tier 2,1
C04426,4,33.0,9,1133.0,9648.0,7,0.42,1,0,Store,Tier 1,1
C04427,33,31.0,14,569.0,8759.0,3,0.51,0,0,Store,Tier 2,0
C04428,40,52.0,11,778.0,8451.0,5,0.18,0,0,Online,Tier 2,0
C04429,52,21.0,15,1237.0,15132.0,3,0.64,0,1,Both,Tier 1,0
C04430,47,28.0,15,713.0,10924.0,1,0.05,0,1,Store,Tier 1,0
C04431,15,114.0,5,1442.0,8475.0,1,0.49,1,0,Store,Tier 1,0
C04432,44,60.0,6,611.0,3589.0,4,0.7,1,0,Store,Tier 3,1
C04433,54,111.0,11,437.0,4556.0,1,0.6,0,1,Both,Tier 2,0
C04434,47,24.0,19,974.0,19987.0,2,0.13,0,1,Both,Tier 3,0
C04435,44,80.0,7,951.0,7844.0,4,0.93,0,1,Store,Tier 3,0
C04436,30,39.0,14,419.0,6298.0,4,0.3,0,0,Online,Tier 3,0
C04437,34,49.0,10,758.0,7964.0,3,0.12,0,1,Both,Tier 1,0
C04438,37,53.0,13,684.0,9326.0,6,0.14,1,1,Both,Tier 2,0
C04439,26,31.0,11,1149.0,12026.0,6,0.07,0,0,Store,Tier 2,0
C04440,12,19.0,12,584.0,7837.0,8,0.85,0,1,Both,Tier 1,0
C04441,14,10.0,13,1191.0,17381.0,2,0.68,0,1,Store,Tier 1,0
C04442,41,48.0,11,1385.0,16696.0,2,0.34,0,1,Both,Tier 2,0
C04443,1,50.0,6,821.0,5367.0,5,0.26,0,0,Both,Tier 2,0
C04444,33,83.0,14,1221.0,20271.0,3,0.36,0,0,Online,Tier 1,0
C04445,48,80.0,8,551.0,5228.0,1,0.26,0,0,Store,Tier 1,1
C04446,53,22.0,13,1028.0,15515.0,5,0.64,0,0,Store,Tier 2,0
C04447,5,32.0,5,803.0,4796.0,4,0.44,0,0,Both,Tier 2,0
C04448,21,26.0,12,1195.0,12568.0,5,0.51,1,0,Store,Tier 2,0
C04449,51,49.0,15,1215.0,20467.0,3,0.48,0,0,Both,Tier 2,0
C04450,46,33.0,10,999.0,10138.0,6,0.4,1,0,Online,Tier 1,0
C04451,33,146.0,11,1156.0,13328.0,4,0.57,1,0,Store,Tier 2,1
C04452,19,33.0,14,506.0,7081.0,5,0.72,1,0,Store,Tier 1,0
C04453,52,25.0,15,795.0,11051.0,6,0.67,0,1,Both,Tier 1,0
C04454,11,26.0,11,455.0,5740.0,3,0.34,0,0,Both,Tier 2,0
C04455,6,68.0,13,1048.0,14646.0,2,0.5,0,1,Online,Tier 1,0
C04456,30,119.0,5,895.0,3953.0,3,0.7,0,0,Store,,1
C04457,53,32.0,15,886.0,15321.0,7,0.54,0,0,Store,Tier 1,0
C04458,7,29.0,10,808.0,8604.0,4,0.54,0,1,Both,Tier 1,0
C04459,33,36.0,14,723.0,8748.0,3,0.2,1,0,Both,Tier 3,1
C04460,31,79.0,9,,6347.0,4,0.46,0,0,Both,Tier 2,0
C04461,48,36.0,11,1081.0,13542.0,7,0.74,0,1,Both,Tier 1,0
C04462,29,145.0,4,1222.0,5525.0,5,0.15,2,1,Both,Tier 2,1
C04463,9,72.0,6,264.0,1328.0,1,0.12,0,0,Store,Tier 3,0
C04464,25,54.0,6,1120.0,6718.0,3,0.18,1,0,Online,Tier 3,0
C04465,59,50.0,18,826.0,14518.0,3,0.37,1,0,Both,Tier 1,0
C04466,46,17.0,18,958.0,19235.0,5,0.48,0,0,Store,Tier 1,0
C04467,6,29.0,19,1129.0,22249.0,3,0.69,0,0,Store,Tier 2,1
C04468,45,13.0,10,669.0,6856.0,6,0.69,0,1,Both,Tier 1,0
C04469,51,186.0,5,750.0,3772.0,4,0.63,0,1,Both,Tier 2,0
C04470,45,11.0,11,776.0,8914.0,3,0.41,0,1,Both,Tier 2,0
C04471,10,85.0,6,525.0,2850.0,4,0.65,0,0,Store,Tier 3,1
C04472,53,66.0,14,1004.0,12493.0,4,0.14,0,1,Both,Tier 2,0
C04473,36,19.0,9,,6267.0,8,0.06,0,0,Store,Tier 3,0
C04474,43,78.0,7,1244.0,7980.0,5,0.43,0,0,Store,Tier 3,0
C04475,40,31.0,16,872.0,13216.0,2,0.55,0,0,Store,Tier 2,0
C04476,31,115.0,13,769.0,9365.0,4,0.11,0,1,Online,Tier 2,0
C04477,9,16.0,11,1109.0,13632.0,4,0.51,0,0,Both,Tier 2,0
C04478,40,133.0,10,406.0,3281.0,4,0.17,0,1,Store,Tier 2,0
C04479,4,22.0,13,851.0,11818.0,6,0.26,0,0,Store,Tier 2,1
C04480,57,199.0,8,545.0,4396.0,6,0.39,0,1,Both,Tier 1,0
C04481,40,50.0,8,1446.0,11706.0,7,0.55,0,1,Online,Tier 3,0
C04482,38,113.0,13,502.0,7556.0,3,0.17,0,0,Store,Tier 2,0
C04483,47,198.0,4,934.0,3857.0,3,0.12,0,1,Online,Tier 2,1
C04484,18,4.0,11,701.0,7001.0,7,0.76,0,0,Online,Tier 3,0
C04485,33,14.0,19,1199.0,20940.0,2,0.45,0,1,Store,Tier 2,0
C04486,26,59.0,8,458.0,3101.0,2,0.44,0,1,Store,Tier 3,0
C04487,57,43.0,12,505.0,6261.0,2,0.25,0,0,Store,Tier 1,0
C04488,39,24.0,19,1093.0,21031.0,4,0.24,0,1,Store,Tier 1,0
C04489,26,39.0,9,813.0,8662.0,4,0.78,1,1,Both,Tier 2,0
C04490,48,11.0,15,731.0,12356.0,5,0.29,0,1,Store,Tier 2,0
C04491,16,76.0,16,875.0,13456.0,5,0.83,0,0,Both,Tier 2,0
C04492,41,53.0,11,1289.0,14701.0,2,0.23,0,0,Both,Tier 2,0
C04493,32,76.0,12,1466.0,15685.0,6,0.22,2,1,Store,Tier 2,0
C04494,10,16.0,15,839.0,11314.0,6,0.49,0,0,Store,Tier 1,1
C04495,34,156.0,2,1181.0,2335.0,2,0.3,1,0,Store,Tier 1,1
C04496,32,73.0,18,821.0,11854.0,6,0.48,0,0,Store,Tier 2,0
C04497,56,8.0,17,,20185.0,5,0.47,0,1,Store,Tier 2,0
C04498,58,55.0,13,932.0,12418.0,3,0.09,1,1,Store,Tier 1,0
C04499,12,240.0,11,805.0,10246.0,5,0.24,0,0,Store,Tier 2,0
C04500,7,44.0,15,650.0,10118.0,4,0.07,1,1,Store,Tier 1,0
C04501,43,14.0,11,745.0,7052.0,5,0.46,0,0,Store,Tier 1,1
C04502,34,68.0,16,1154.0,16271.0,1,0.42,0,1,Store,Tier 2,0
C04503,28,141.0,12,765.0,9237.0,6,0.1,0,0,Online,Tier 3,0
C04504,47,80.0,10,600.0,4891.0,3,0.65,0,1,Online,Tier 2,0
C04505,14,49.0,16,518.0,8052.0,1,0.5,0,0,Store,Tier 1,1
C04506,5,23.0,15,675.0,8997.0,3,0.74,0,0,Both,Tier 3,0
C04507,28,29.0,14,361.0,4876.0,3,0.76,1,0,Store,Tier 2,0
C04508,34,107.0,8,566.0,4202.0,5,0.17,1,1,Store,Tier 3,0
C04509,4,49.0,14,685.0,8621.0,3,0.6,0,0,Store,Tier 1,1
C04510,45,44.0,15,956.0,16579.0,5,0.2,2,1,Both,Tier 2,0
C04511,48,18.0,19,524.0,8480.0,4,0.41,0,0,Store,Tier 3,0
C04512,42,38.0,14,468.0,6197.0,2,0.13,1,1,Online,Tier 2,0
C04513,56,73.0,13,994.0,13613.0,3,0.46,0,1,Online,Tier 1,0
C04514,23,38.0,8,1177.0,8104.0,5,0.35,1,0,Both,Tier 1,0
C04515,29,14.0,11,1078.0,11926.0,4,0.17,0,1,Store,Tier 1,0
C04516,41,127.0,10,1849.0,16180.0,5,0.45,2,0,Store,Tier 1,1
C04517,32,21.0,12,767.0,10704.0,3,0.21,0,1,Both,Tier 3,0
C04518,21,31.0,8,839.0,6518.0,4,0.26,0,1,Online,Tier 2,0
C04519,45,38.0,5,401.0,1785.0,3,0.55,1,1,Online,Tier 1,0
C04520,24,32.0,13,259.0,2939.0,2,0.46,1,0,Store,Tier 1,0
C04521,55,80.0,13,1079.0,13553.0,5,0.26,0,1,Store,Tier 1,0
C04522,10,52.0,12,1098.0,11686.0,5,0.62,1,1,Store,Tier 1,0
C04523,36,30.0,8,759.0,6627.0,5,0.29,0,0,Online,Tier 2,0
C04524,22,5.0,16,872.0,11938.0,2,0.29,0,1,Both,Tier 1,0
C04525,6,41.0,21,875.0,20620.0,7,0.56,0,1,Store,Tier 2,0
C04526,16,84.0,12,751.0,7772.0,4,0.79,0,1,Store,Tier 1,0
C04527,22,22.0,11,854.0,10323.0,4,0.89,0,0,Store,Tier 1,0
C04528,13,127.0,6,908.0,6449.0,3,0.16,0,1,Store,Tier 2,0
C04529,9,29.0,16,1266.0,21199.0,1,0.33,0,1,Store,Tier 2,0
C04530,9,79.0,15,776.0,9541.0,3,0.71,0,0,Store,Tier 1,1
C04531,37,117.0,11,701.0,6333.0,4,0.45,0,0,Store,Tier 2,0
C04532,1,50.0,11,892.0,9179.0,3,0.28,0,0,Both,Tier 2,0
C04533,50,12.0,19,1276.0,21720.0,6,0.43,2,0,Store,Tier 3,0
C04534,36,93.0,11,285.0,2766.0,2,0.5,0,1,Store,Tier 1,0
C04535,36,17.0,11,646.0,7830.0,2,0.37,0,0,Store,Tier 3,0
C04536,41,55.0,14,1001.0,14166.0,5,0.24,0,0,Both,Tier 1,0
C04537,1,106.0,12,1004.0,11209.0,5,0.4,0,1,Store,Tier 2,0
C04538,25,25.0,8,1290.0,11797.0,2,0.68,1,0,Store,Tier 1,0
C04539,22,88.0,8,1311.0,11849.0,2,0.74,0,1,Both,Tier 1,1
C04540,50,44.0,7,840.0,5414.0,3,0.39,0,1,Store,Tier 3,0
C04541,27,48.0,9,701.0,6808.0,8,0.38,0,0,Online,Tier 3,0
C04542,21,91.0,10,553.0,4702.0,6,0.22,0,0,Store,Tier 1,1
C04543,38,51.0,9,807.0,8442.0,3,0.37,1,1,Store,Tier 3,0
C04544,9,76.0,11,913.0,9311.0,7,0.84,0,1,Store,Tier 2,0
C04545,8,2.0,15,300.0,4497.0,4,0.68,0,1,Store,Tier 1,0
C04546,49,4.0,12,1186.0,14083.0,3,0.22,0,1,Online,Tier 1,0
C04547,31,50.0,6,1053.0,7096.0,5,0.28,0,1,Online,Tier 3,1
C04548,37,12.0,9,881.0,8966.0,5,0.09,1,1,Store,Tier 3,0
C04549,14,35.0,10,1105.0,9553.0,4,0.14,0,0,Online,Tier 2,1
C04550,13,26.0,12,1047.0,12575.0,3,0.55,1,0,Store,Tier 1,1
C04551,48,14.0,13,1412.0,21192.0,4,0.35,1,0,Online,Tier 2,0
C04552,59,167.0,8,1005.0,8482.0,3,0.18,0,1,Online,Tier 1,1
C04553,59,24.0,11,330.0,3247.0,2,0.35,1,1,Store,Tier 2,0
C04554,48,114.0,9,1494.0,15344.0,7,0.73,1,1,Both,Tier 1,1
C04555,22,28.0,14,1269.0,21132.0,5,0.76,3,1,Store,Tier 1,0
C04556,12,134.0,11,603.0,7516.0,5,0.29,0,1,Store,Tier 2,0
C04557,45,102.0,10,781.0,8599.0,4,0.32,1,1,Store,Tier 3,0
C04558,1,7.0,15,1225.0,15938.0,3,0.27,1,1,Store,Tier 3,0
C04559,22,29.0,17,1387.0,24967.0,5,0.21,0,0,Online,Tier 2,0
C04560,13,28.0,14,935.0,10707.0,5,0.38,0,0,Store,Tier 1,0
C04561,13,86.0,7,410.0,3157.0,2,0.22,0,1,Both,Tier 3,0
C04562,58,78.0,6,830.0,4527.0,4,0.24,3,0,Online,Tier 2,1
C04563,2,47.0,11,1281.0,14141.0,4,0.35,0,0,Store,Tier 1,1
C04564,6,27.0,13,1138.0,13776.0,4,0.06,0,0,Store,Tier 2,0
C04565,2,107.0,12,874.0,10285.0,4,0.41,2,0,Store,Tier 2,1
C04566,33,17.0,11,587.0,7171.0,4,0.36,0,1,Store,Tier 3,0
C04567,48,35.0,15,325.0,4718.0,4,0.23,0,1,Store,Tier 1,1
C04568,4,52.0,19,1078.0,23642.0,4,0.54,0,0,Store,Tier 1,0
C04569,57,33.0,20,989.0,18900.0,4,0.55,0,1,Online,Tier 2,0
C04570,58,32.0,14,966.0,15597.0,6,0.17,0,1,Online,Tier 1,0
C04571,8,24.0,21,883.0,14895.0,4,0.09,0,0,Store,Tier 2,0
C04572,14,97.0,12,477.0,5451.0,4,0.46,1,1,Store,Tier 2,0
C04573,24,101.0,7,1472.0,9219.0,4,0.19,0,0,Store,Tier 2,0
C04574,16,2.0,23,1230.0,32974.0,4,0.21,1,1,Store,Tier 2,0
C04575,47,70.0,13,1030.0,15406.0,4,0.51,0,1,Store,Tier 2,0
C04576,50,4.0,15,1089.0,14699.0,1,0.08,0,1,Both,Tier 1,1
C04577,47,31.0,14,450.0,6530.0,6,0.59,0,1,Online,Tier 2,0
C04578,26,43.0,14,832.0,13767.0,2,0.51,0,0,Store,Tier 1,0
C04579,54,31.0,19,1377.0,22045.0,2,0.4,0,1,Online,Tier 2,0
C04580,5,22.0,12,627.0,6136.0,5,0.24,0,1,Store,Tier 1,0
C04581,53,1.0,16,661.0,12114.0,4,0.21,0,1,Store,Tier 2,0
C04582,37,27.0,19,910.0,20331.0,2,0.39,0,1,Online,Tier 3,0
C04583,33,55.0,9,749.0,7025.0,3,0.12,0,0,Online,Tier 1,1
C04584,54,89.0,15,711.0,10578.0,6,0.24,1,1,Both,Tier 1,0
C04585,60,6.0,16,362.0,6175.0,1,0.66,0,0,Both,Tier 1,0
C04586,20,54.0,19,989.0,17848.0,2,0.58,1,1,Store,Tier 3,0
C04587,32,48.0,8,1072.0,7025.0,3,0.3,0,1,Store,Tier 3,0
C04588,23,17.0,8,440.0,4168.0,3,0.37,0,0,Store,Tier 1,1
C04589,13,53.0,9,1168.0,11792.0,4,0.32,0,0,Both,Tier 1,0
C04590,18,51.0,16,674.0,12332.0,6,0.1,0,0,Store,Tier 2,0
C04591,48,101.0,10,989.0,8206.0,3,0.51,0,0,Both,Tier 2,0
C04592,49,56.0,8,1168.0,9584.0,4,0.22,0,1,Both,Tier 2,1
C04593,44,41.0,24,970.0,22472.0,7,0.5,0,1,Both,Tier 1,0
C04594,29,35.0,15,1064.0,14735.0,2,0.11,0,1,Store,Tier 2,0
C04595,50,5.0,11,470.0,4985.0,2,0.82,2,1,Store,Tier 1,0
C04596,33,33.0,15,1040.0,13814.0,6,0.39,0,1,Both,Tier 1,0
C04597,8,17.0,17,922.0,14676.0,2,0.49,1,0,Online,Tier 2,1
C04598,46,8.0,9,1344.0,11428.0,4,0.07,0,1,Online,Tier 3,0
C04599,41,75.0,7,624.0,4867.0,2,0.33,1,1,Both,Tier 3,0
C04600,21,13.0,16,1771.0,27845.0,2,0.33,1,0,Both,Tier 1,0
C04601,42,71.0,9,,5379.0,3,0.29,0,1,Online,Tier 2,0
C04602,29,98.0,8,588.0,4371.0,5,0.05,2,1,Both,Tier 3,1
C04603,25,25.0,13,464.0,4982.0,4,0.8,1,1,Online,Tier 2,0
C04604,20,63.0,15,1264.0,15849.0,6,0.3,2,1,Both,Tier 2,1
C04605,7,29.0,20,1387.0,27388.0,3,0.25,0,1,Store,Tier 2,0
C04606,37,5.0,19,1427.0,29560.0,4,0.47,0,0,Store,Tier 1,1
C04607,26,53.0,22,845.0,17693.0,3,0.2,0,0,Store,Tier 1,0
C04608,47,47.0,11,1396.0,17606.0,4,0.54,1,1,Store,Tier 1,0
C04609,16,25.0,13,891.0,9941.0,3,0.3,1,1,Online,Tier 1,0
C04610,4,45.0,17,816.0,15160.0,3,0.26,0,0,Store,Tier 1,0
C04611,46,101.0,7,668.0,4267.0,4,0.56,1,0,Both,Tier 2,1
C04612,16,43.0,21,1034.0,22815.0,4,0.29,0,1,Store,Tier 2,0
C04613,51,67.0,15,721.0,12092.0,3,0.17,0,1,Online,Tier 2,0
C04614,31,56.0,6,1076.0,7034.0,4,0.24,1,1,Both,Tier 1,1
C04615,47,89.0,11,762.0,9873.0,7,0.28,0,0,Store,Tier 1,0
C04616,7,122.0,15,609.0,8041.0,6,0.61,0,0,Store,Tier 1,1
C04617,50,96.0,14,560.0,8739.0,2,0.15,0,1,Store,Tier 2,0
C04618,49,92.0,12,655.0,6961.0,3,0.16,0,1,Store,Tier 3,0
C04619,29,16.0,13,1258.0,17229.0,3,0.22,0,0,Online,Tier 1,1
C04620,12,77.0,8,977.0,8384.0,4,0.4,0,1,Online,Tier 3,1
C04621,53,66.0,8,1122.0,8864.0,3,0.19,0,0,Store,Tier 3,0
C04622,6,2.0,19,1341.0,23021.0,5,0.37,1,0,Both,Tier 1,0
C04623,17,30.0,5,1004.0,4671.0,3,0.24,0,1,Both,Tier 2,0
C04624,16,24.0,11,174.0,1638.0,2,0.18,0,1,Store,Tier 1,0
C04625,1,54.0,11,1075.0,9513.0,3,0.14,0,0,Store,Tier 2,0
C04626,50,38.0,15,759.0,9788.0,3,0.35,2,1,Store,Tier 2,0
C04627,37,100.0,10,1107.0,12864.0,6,0.46,0,0,Both,Tier 1,1
C04628,46,22.0,14,1034.0,15243.0,6,0.36,0,0,Store,Tier 2,0
C04629,21,29.0,16,1173.0,19676.0,4,0.61,0,1,Store,Tier 1,0
C04630,38,45.0,8,886.0,6006.0,3,0.11,0,0,Online,Tier 1,0
C04631,6,6.0,12,1462.0,18189.0,3,0.21,1,1,Store,Tier 1,0
C04632,56,64.0,12,1341.0,17546.0,2,0.73,0,0,Both,Tier 2,1
C04633,29,93.0,10,897.0,7676.0,2,0.3,0,1,Store,Tier 1,1
C04634,4,142.0,5,626.0,2571.0,3,0.3,0,1,Store,Tier 1,1
C04635,34,103.0,13,1071.0,12839.0,2,0.32,0,0,Store,Tier 1,0
C04636,19,5.0,18,1086.0,17524.0,4,0.62,1,0,Online,Tier 2,0
C04637,48,69.0,9,410.0,4181.0,1,0.53,1,0,Online,Tier 1,0
C04638,15,32.0,10,610.0,5328.0,5,0.72,0,0,Store,Tier 1,0
C04639,47,30.0,14,888.0,10830.0,5,0.26,1,1,Online,Tier 3,0
C04640,58,65.0,18,818.0,17440.0,3,0.12,1,1,Store,Tier 1,0
C04641,50,62.0,13,915.0,12759.0,4,0.22,1,1,Online,Tier 1,0
C04642,32,61.0,13,1047.0,15742.0,8,0.49,0,1,Online,Tier 1,0
C04643,14,68.0,6,858.0,5498.0,1,0.41,0,0,Both,Tier 3,0
C04644,20,109.0,10,658.0,6296.0,5,0.36,0,1,Store,Tier 1,1
C04645,46,42.0,12,1232.0,14907.0,6,0.34,0,0,Both,Tier 1,0
C04646,7,11.0,17,1657.0,25188.0,4,0.3,0,0,Both,Tier 2,0
C04647,42,49.0,13,716.0,10418.0,5,0.35,0,0,Store,Tier 1,0
C04648,30,106.0,13,634.0,8922.0,6,0.57,1,0,Store,Tier 2,1
C04649,9,28.0,12,680.0,7418.0,5,0.46,0,0,Store,Tier 2,0
C04650,38,132.0,13,,5622.0,3,0.53,0,1,Store,Tier 2,1
C04651,21,30.0,24,,20153.0,4,0.45,1,1,Store,Tier 1,0
C04652,38,170.0,6,150.0,815.0,7,0.46,2,1,Both,Tier 2,0
C04653,42,62.0,10,980.0,10275.0,7,0.22,0,0,Both,Tier 1,0
C04654,54,100.0,7,1207.0,7715.0,4,0.19,1,0,Both,Tier 2,0
C04655,33,6.0,18,582.0,8770.0,5,0.49,0,0,Store,Tier 1,0
C04656,11,67.0,13,952.0,13290.0,3,0.04,1,0,Store,Tier 1,1
C04657,58,75.0,22,886.0,20516.0,5,0.09,0,1,Online,Tier 1,0
C04658,5,112.0,12,488.0,4821.0,6,0.77,0,0,Both,Tier 2,0
C04659,38,89.0,9,232.0,2285.0,1,0.61,0,1,Store,Tier 2,0
C04660,29,1.0,21,1119.0,19461.0,5,0.43,1,1,Store,Tier 2,0
C04661,4,24.0,23,649.0,16487.0,4,0.31,1,0,Online,Tier 2,0
C04662,57,7.0,20,698.0,13372.0,6,0.69,0,1,Store,Tier 3,0
C04663,54,74.0,6,1435.0,7839.0,4,0.07,0,0,Both,Tier 1,0
C04664,50,107.0,8,1227.0,11000.0,3,0.52,1,1,Both,Tier 3,1
C04665,38,72.0,10,528.0,5247.0,4,0.31,0,0,Both,Tier 1,0
C04666,24,98.0,11,1075.0,11028.0,2,0.41,1,0,Both,Tier 1,0
C04667,25,123.0,6,1008.0,5024.0,1,0.54,1,0,Store,Tier 1,0
C04668,54,14.0,13,637.0,8818.0,3,0.66,0,1,Online,Tier 1,0
C04669,41,6.0,21,723.0,16799.0,8,0.39,0,1,Store,Tier 1,0
C04670,12,3.0,10,209.0,2104.0,5,0.57,0,0,Store,Tier 3,0
C04671,36,24.0,12,617.0,5992.0,5,0.41,1,0,Store,Tier 2,1
C04672,1,29.0,12,889.0,9317.0,4,0.17,1,0,Both,Tier 1,1
C04673,22,116.0,10,983.0,10586.0,4,0.9,0,1,Store,Tier 3,0
C04674,35,38.0,14,150.0,2312.0,3,0.67,0,1,Online,Tier 2,0
C04675,5,1.0,14,377.0,6031.0,5,0.55,0,1,Store,Tier 2,0
C04676,50,74.0,9,1108.0,9128.0,2,0.49,0,0,Store,Tier 3,0
C04677,17,170.0,5,1023.0,5242.0,5,0.37,0,0,Both,Tier 2,1
C04678,58,26.0,13,1211.0,12808.0,3,0.13,0,1,Store,Tier 2,0
C04679,17,68.0,5,802.0,3965.0,8,0.24,0,0,Both,Tier 2,0
C04680,21,14.0,20,1062.0,17478.0,5,0.37,0,0,Store,Tier 1,0
C04681,20,54.0,11,636.0,5834.0,5,0.11,0,1,Store,Tier 2,0
C04682,30,72.0,15,1489.0,21398.0,5,0.24,0,0,Both,Tier 1,0
C04683,46,26.0,11,750.0,8569.0,4,0.09,0,0,Store,Tier 1,0
C04684,10,41.0,7,1029.0,5822.0,2,0.04,0,0,Online,Tier 1,0
C04685,48,65.0,7,808.0,4778.0,3,0.86,0,0,Store,Tier 1,1
C04686,5,86.0,7,857.0,5508.0,5,0.36,0,0,Store,Tier 1,1
C04687,3,29.0,10,750.0,8057.0,7,0.33,0,0,Both,Tier 2,0
C04688,12,36.0,10,1117.0,9417.0,5,0.41,0,0,Store,Tier 1,0
C04689,37,32.0,13,458.0,6332.0,4,0.41,0,1,Store,Tier 1,0
C04690,59,42.0,13,929.0,12440.0,3,0.24,0,1,Store,Tier 1,1
C04691,6,18.0,12,972.0,11144.0,7,0.75,0,0,Both,Tier 2,0
C04692,3,17.0,20,637.0,12834.0,8,0.21,1,1,Online,Tier 2,0
C04693,15,44.0,6,679.0,3427.0,4,0.28,0,0,Store,Tier 2,1
C04694,21,31.0,10,1412.0,12513.0,2,0.16,1,0,Store,Tier 3,0
C04695,58,33.0,14,1307.0,15943.0,5,0.14,0,1,Online,Tier 2,0
C04696,28,16.0,13,1034.0,15386.0,8,0.8,0,1,Online,Tier 3,0
C04697,24,67.0,14,681.0,11166.0,3,0.47,0,1,Both,Tier 2,0
C04698,12,5.0,7,1199.0,9331.0,4,0.32,1,0,Both,Tier 1,0
C04699,56,12.0,11,999.0,11041.0,5,0.61,0,1,Online,Tier 1,0
C04700,56,2.0,11,523.0,6412.0,1,0.28,0,1,Store,Tier 1,0
C04701,48,5.0,18,1102.0,23637.0,4,0.45,1,1,Both,Tier 2,0
C04702,46,104.0,13,959.0,12686.0,3,0.38,0,0,Both,Tier 2,0
C04703,52,19.0,15,1333.0,23716.0,5,0.43,1,1,Online,Tier 1,0
C04704,28,78.0,15,1058.0,14161.0,8,0.2,2,0,Store,Tier 1,0
C04705,25,39.0,13,820.0,9341.0,3,0.54,1,1,Both,Tier 3,0
C04706,1,38.0,15,1051.0,13461.0,3,0.8,1,0,Online,Tier 3,0
C04707,57,20.0,12,726.0,10107.0,3,0.84,0,0,Store,Tier 1,0
C04708,42,54.0,8,467.0,3119.0,3,0.51,0,1,Store,Tier 2,0
C04709,9,34.0,14,766.0,12688.0,6,0.34,0,1,Online,Tier 2,0
C04710,4,149.0,9,655.0,5142.0,4,0.26,0,0,Store,Tier 2,0
C04711,30,7.0,10,805.0,6615.0,5,0.36,1,1,Store,Tier 3,1
C04712,22,49.0,13,1027.0,13584.0,4,0.26,0,1,Both,Tier 3,0
C04713,38,48.0,17,823.0,16687.0,7,0.28,0,0,Store,Tier 2,0
C04714,21,20.0,12,1036.0,13749.0,5,0.45,0,1,Online,Tier 1,0
C04715,26,118.0,7,1116.0,9206.0,4,0.3,0,0,Store,Tier 2,0
C04716,44,105.0,12,,8634.0,4,0.33,0,0,Store,Tier 3,0
C04717,35,108.0,11,785.0,8074.0,8,0.01,0,1,Both,Tier 3,0
C04718,9,32.0,15,448.0,6133.0,7,0.16,0,1,Online,Tier 3,0
C04719,25,17.0,11,755.0,8520.0,1,0.63,0,1,Online,Tier 2,0
C04720,55,87.0,9,1526.0,14236.0,6,0.2,0,1,Store,Tier 1,0
C04721,14,180.0,7,1325.0,9759.0,7,0.46,0,1,Online,Tier 2,0
C04722,29,136.0,8,1529.0,11167.0,4,0.45,2,1,Both,Tier 2,0
C04723,4,17.0,14,1367.0,21164.0,5,0.5,0,1,Both,Tier 1,0
C04724,24,26.0,15,594.0,10652.0,3,0.28,0,0,Store,Tier 1,0
C04725,4,91.0,6,1333.0,8973.0,4,0.54,0,0,Online,Tier 2,1
C04726,8,85.0,10,1284.0,12455.0,4,0.74,0,0,Both,Tier 2,1
C04727,11,76.0,18,1264.0,23698.0,1,0.81,2,0,Both,Tier 2,1
C04728,51,59.0,12,1013.0,10875.0,5,0.41,0,1,Store,Tier 2,0
C04729,52,78.0,7,1442.0,12112.0,4,0.08,0,0,Store,Tier 2,0
C04730,31,74.0,16,1515.0,21047.0,7,0.14,0,0,Online,Tier 2,0
C04731,13,83.0,12,995.0,11439.0,8,0.9,0,0,Both,Tier 3,1
C04732,27,36.0,14,913.0,13917.0,4,0.38,0,0,Store,Tier 1,0
C04733,17,45.0,9,701.0,5993.0,5,0.2,0,1,Online,Tier 1,0
C04734,12,38.0,10,812.0,9426.0,3,0.54,0,1,Store,Tier 1,0
C04735,53,7.0,10,1442.0,14807.0,2,0.42,0,1,Store,Tier 3,0
C04736,37,40.0,14,547.0,7315.0,6,0.07,0,1,Both,Tier 3,0
C04737,22,117.0,10,1655.0,15159.0,5,0.54,0,0,Store,Tier 1,1
C04738,33,67.0,15,1822.0,24367.0,5,0.16,1,0,Store,Tier 2,0
C04739,60,72.0,11,683.0,7021.0,2,0.12,0,1,Both,Tier 2,0
C04740,49,65.0,8,1235.0,10137.0,5,0.25,0,1,Store,Tier 2,0
C04741,43,85.0,18,1051.0,15315.0,4,0.72,0,1,Store,Tier 1,0
C04742,40,41.0,11,1209.0,12729.0,4,0.43,0,1,Online,Tier 1,0
C04743,17,147.0,7,809.0,6049.0,3,0.35,0,0,Online,Tier 1,1
C04744,55,39.0,16,505.0,8359.0,5,0.13,0,1,Both,Tier 2,0
C04745,42,78.0,18,850.0,16851.0,4,0.33,0,0,Both,Tier 1,0
C04746,20,78.0,12,1283.0,18353.0,3,0.25,0,0,Store,Tier 3,0
C04747,36,73.0,14,373.0,4630.0,5,0.2,0,0,Store,Tier 2,0
C04748,3,118.0,9,1051.0,11243.0,5,0.47,0,0,Store,Tier 3,1
C04749,10,52.0,11,490.0,5025.0,2,0.65,0,0,Both,Tier 1,0
C04750,6,65.0,9,1179.0,11654.0,2,0.37,1,0,Both,Tier 3,1
C04751,1,31.0,9,1381.0,11804.0,7,0.64,0,0,Store,Tier 1,0
C04752,48,45.0,16,,11075.0,3,0.34,0,1,Online,Tier 1,0
C04753,56,57.0,18,965.0,20362.0,3,0.8,1,1,Online,Tier 1,1
C04754,10,90.0,3,1069.0,3355.0,6,0.9,1,1,Store,Tier 3,0
C04755,15,15.0,15,1455.0,22741.0,3,0.67,0,0,Online,Tier 2,0
C04756,28,85.0,9,976.0,8876.0,4,0.3,0,1,Both,Tier 1,0
C04757,30,93.0,8,1232.0,8083.0,3,0.2,1,1,Online,Tier 1,0
C04758,54,35.0,17,874.0,14340.0,5,0.69,0,1,Store,Tier 2,0
C04759,24,4.0,11,243.0,2212.0,4,0.3,1,1,Online,Tier 3,0
C04760,51,82.0,6,514.0,2613.0,2,0.67,0,1,Store,Tier 2,0
C04761,31,20.0,10,1348.0,15721.0,1,0.54,0,0,Store,Tier 1,0
C04762,52,15.0,12,1075.0,14052.0,3,0.24,0,1,Store,Tier 3,0
C04763,50,46.0,15,,26689.0,7,0.31,0,1,Store,Tier 1,0
C04764,26,50.0,12,512.0,5283.0,4,0.54,1,1,Online,Tier 3,0
C04765,17,38.0,10,1169.0,11040.0,7,0.12,0,0,Both,Tier 3,1
C04766,30,26.0,11,930.0,9299.0,4,0.18,0,0,Store,Tier 2,0
C04767,42,160.0,6,200.0,1025.0,2,0.64,0,1,Both,Tier 1,0
C04768,54,51.0,9,1638.0,13105.0,4,0.64,0,1,Store,Tier 3,0
C04769,19,127.0,13,849.0,9874.0,7,0.49,1,0,Store,Tier 1,0
C04770,37,50.0,13,450.0,5222.0,3,0.63,0,0,Online,Tier 3,0
C04771,43,198.0,4,951.0,3334.0,4,0.69,0,1,Both,Tier 2,1
C04772,15,36.0,10,1045.0,11892.0,4,0.1,0,0,Store,Tier 2,1
C04773,23,158.0,10,924.0,8211.0,5,0.49,0,1,Online,Tier 2,1
C04774,50,63.0,19,1360.0,27390.0,4,0.51,0,1,Store,Tier 3,0
C04775,31,54.0,9,719.0,7568.0,3,0.35,0,1,Store,Tier 2,0
C04776,6,67.0,7,1004.0,5822.0,8,0.31,1,0,Store,Tier 3,1
C04777,40,18.0,10,390.0,4063.0,2,0.29,1,1,Online,Tier 1,1
C04778,31,20.0,15,975.0,11860.0,7,0.6,0,1,Store,Tier 3,0
C04779,35,64.0,12,692.0,8863.0,6,0.63,0,1,Both,Tier 3,1
C04780,9,82.0,17,548.0,9010.0,6,0.45,0,1,Store,Tier 2,0
C04781,23,45.0,10,763.0,6115.0,3,0.77,0,0,Both,Tier 1,0
C04782,3,17.0,11,447.0,5597.0,7,0.28,1,1,Store,Tier 3,0
C04783,39,19.0,11,524.0,4962.0,6,0.56,0,1,Online,Tier 1,0
C04784,23,122.0,11,330.0,4313.0,5,0.57,0,0,Online,Tier 3,0
C04785,30,85.0,12,982.0,9891.0,5,0.19,0,1,Both,Tier 1,0
C04786,36,26.0,13,1213.0,17084.0,1,0.39,1,1,Store,Tier 2,0
C04787,8,76.0,8,788.0,7542.0,4,0.38,0,0,Store,Tier 2,1
C04788,16,37.0,9,150.0,1446.0,3,0.57,0,0,Online,Tier 1,0
C04789,31,115.0,10,1181.0,13448.0,4,0.75,0,0,Store,Tier 2,0
C04790,3,89.0,7,1594.0,11343.0,4,0.29,0,0,Store,Tier 2,0
C04791,30,11.0,13,1166.0,15556.0,1,0.24,0,0,Online,Tier 3,0
C04792,40,34.0,10,651.0,6742.0,4,0.24,0,0,Store,Tier 1,0
C04793,59,74.0,8,504.0,4600.0,3,0.66,0,1,Online,Tier 3,0
C04794,40,13.0,15,1022.0,15927.0,6,0.14,1,1,Online,Tier 1,0
C04795,40,34.0,11,677.0,8593.0,3,0.08,1,0,Online,Tier 1,0
C04796,39,9.0,15,1042.0,16727.0,3,0.43,0,0,Both,Tier 2,0
C04797,56,66.0,16,772.0,10905.0,3,0.47,0,1,Store,Tier 1,0
C04798,24,10.0,8,605.0,5424.0,3,0.09,0,0,Store,Tier 1,0
C04799,51,73.0,15,878.0,13210.0,1,0.6,2,1,Online,Tier 2,0
C04800,10,48.0,15,562.0,8476.0,8,0.23,1,0,Store,Tier 1,1
C04801,50,33.0,11,1130.0,14446.0,3,0.5,0,0,Store,Tier 1,0
C04802,1,5.0,15,1148.0,18396.0,4,0.49,3,1,Store,Tier 1,1
C04803,41,40.0,13,907.0,12248.0,4,0.32,0,1,Both,Tier 1,0
C04804,31,47.0,10,804.0,8265.0,4,0.23,1,0,Online,Tier 1,0
C04805,12,25.0,12,987.0,13252.0,2,0.27,0,0,Both,Tier 2,0
C04806,24,35.0,13,622.0,8058.0,4,0.53,0,1,Both,Tier 3,0
C04807,56,30.0,14,444.0,6024.0,1,0.25,0,1,Store,Tier 2,0
C04808,40,79.0,10,1639.0,16355.0,8,0.88,1,0,Store,Tier 2,0
C04809,38,79.0,11,749.0,9192.0,2,0.79,1,0,Store,Tier 2,0
C04810,19,150.0,7,825.0,4681.0,3,0.23,0,1,Store,Tier 1,1
C04811,40,56.0,12,728.0,8243.0,3,0.65,1,1,Online,Tier 2,0
C04812,58,42.0,15,754.0,11123.0,3,0.04,0,1,Store,Tier 2,0
C04813,32,8.0,8,676.0,6193.0,5,0.52,0,0,Online,Tier 2,0
C04814,51,19.0,14,1086.0,18059.0,4,0.74,0,0,Store,Tier 3,0
C04815,2,55.0,13,688.0,9424.0,3,0.44,0,0,Store,Tier 1,0
C04816,22,41.0,9,1234.0,9379.0,2,0.36,0,1,Store,Tier 3,0
C04817,48,6.0,11,,11192.0,4,0.56,0,1,Both,Tier 1,0
C04818,54,37.0,16,614.0,11423.0,3,0.09,0,0,Store,Tier 3,0
C04819,18,46.0,15,712.0,11579.0,4,0.44,0,0,Store,Tier 2,0
C04820,19,39.0,15,1364.0,22591.0,1,0.72,0,1,Both,Tier 2,0
C04821,15,40.0,10,1001.0,11832.0,7,0.25,1,0,Online,Tier 1,0
C04822,45,105.0,12,1025.0,14720.0,3,0.19,0,1,Store,Tier 3,1
C04823,42,38.0,8,1607.0,11110.0,8,0.66,0,1,Store,Tier 1,0
C04824,16,80.0,11,786.0,7795.0,2,0.97,1,1,Both,Tier 2,1
C04825,12,46.0,13,1196.0,17437.0,2,0.42,0,0,Store,Tier 1,0
C04826,30,17.0,14,905.0,13978.0,8,0.8,1,0,Both,Tier 2,0
C04827,2,33.0,14,,4295.0,3,0.51,0,0,Online,Tier 3,0
C04828,44,9.0,17,826.0,14465.0,2,0.21,1,1,Both,Tier 1,0
C04829,35,100.0,5,881.0,4597.0,2,0.28,1,1,Store,Tier 2,1
C04830,19,43.0,12,696.0,7392.0,4,0.23,0,0,Store,Tier 3,0
C04831,32,114.0,8,155.0,1314.0,4,0.33,0,1,Both,Tier 2,0
C04832,13,135.0,5,1061.0,5617.0,1,0.39,0,1,Store,Tier 3,1
C04833,20,40.0,17,620.0,10056.0,4,0.33,0,0,Both,Tier 1,0
C04834,12,27.0,10,539.0,4638.0,4,0.45,1,1,Store,Tier 2,1
C04835,52,33.0,12,1581.0,20367.0,4,0.19,0,1,Store,Tier 2,0
C04836,6,120.0,9,1140.0,8588.0,7,0.18,2,1,Store,Tier 2,1
C04837,6,115.0,5,916.0,3805.0,3,0.65,2,1,Online,Tier 1,0
C04838,12,12.0,17,1496.0,29920.0,8,0.15,0,1,Store,Tier 2,0
C04839,25,47.0,14,880.0,10358.0,5,0.36,0,0,Both,Tier 1,0
C04840,23,44.0,11,1287.0,15601.0,4,0.33,0,1,Both,Tier 1,0
C04841,59,33.0,12,1287.0,18514.0,7,0.56,0,0,Online,Tier 2,0
C04842,13,25.0,14,624.0,8043.0,3,0.37,0,1,Online,Tier 2,0
C04843,52,87.0,10,819.0,7307.0,5,0.63,0,0,Online,Tier 1,0
C04844,31,53.0,12,864.0,8574.0,4,0.61,0,0,Online,Tier 3,0
C04845,11,68.0,8,1173.0,8161.0,4,0.65,0,0,Both,Tier 2,0
C04846,13,89.0,11,1180.0,14936.0,3,0.57,0,1,Online,Tier 2,0
C04847,14,15.0,16,863.0,13267.0,4,0.21,0,0,Online,Tier 1,0
C04848,36,27.0,6,302.0,1952.0,4,0.47,0,1,Store,,0
C04849,52,50.0,19,781.0,13182.0,2,0.53,2,1,Online,Tier 1,0
C04850,53,38.0,11,904.0,10901.0,3,0.44,0,0,Both,Tier 1,0
C04851,55,77.0,16,651.0,9969.0,6,0.5,0,1,Online,Tier 2,0
C04852,52,45.0,11,1015.0,10391.0,2,0.46,1,0,Online,Tier 1,0
C04853,58,106.0,11,969.0,10736.0,4,0.47,1,1,Store,Tier 2,0
C04854,32,116.0,4,713.0,3326.0,7,0.49,0,1,Store,Tier 1,0
C04855,20,52.0,12,1086.0,14084.0,2,0.36,0,0,Store,Tier 3,0
C04856,25,130.0,4,529.0,1925.0,5,0.21,0,1,Store,Tier 3,0
C04857,51,21.0,13,964.0,11365.0,3,0.36,0,1,Store,Tier 1,0
C04858,52,16.0,22,523.0,11315.0,4,0.45,0,1,Both,Tier 1,0
C04859,36,18.0,11,962.0,12198.0,3,0.28,1,1,Online,Tier 2,0
C04860,36,53.0,6,1197.0,7819.0,4,0.58,0,1,Store,Tier 1,1
C04861,1,30.0,13,1266.0,19648.0,7,0.48,2,0,Both,Tier 1,0
C04862,9,36.0,10,884.0,10075.0,3,0.09,1,0,Online,Tier 2,0
C04863,52,53.0,17,1559.0,26666.0,4,0.65,0,1,Online,Tier 3,1
C04864,15,56.0,9,854.0,6908.0,4,0.26,0,0,Store,Tier 2,0
C04865,1,53.0,9,922.0,7612.0,3,0.16,1,0,Online,Tier 3,0
C04866,21,88.0,9,1078.0,10304.0,4,0.17,1,0,Store,Tier 2,1
C04867,14,47.0,15,737.0,10993.0,3,0.36,1,0,Online,Tier 1,0
C04868,32,59.0,16,1171.0,16182.0,5,0.11,2,0,Store,Tier 2,0
C04869,29,58.0,13,777.0,10998.0,3,0.24,2,0,Store,Tier 2,0
C04870,57,26.0,16,828.0,13628.0,3,0.35,0,1,Store,Tier 2,0
C04871,22,41.0,12,873.0,10578.0,7,0.34,0,0,Store,Tier 2,0
C04872,45,27.0,8,683.0,6546.0,2,0.55,1,1,Store,Tier 3,0
C04873,58,6.0,14,1018.0,15824.0,6,0.13,0,0,Online,Tier 2,0
C04874,13,42.0,6,728.0,4994.0,4,0.32,0,0,Both,Tier 2,0
C04875,24,26.0,12,1377.0,16931.0,5,0.36,0,1,Store,Tier 1,0
C04876,3,58.0,12,733.0,10456.0,4,0.79,0,0,Online,Tier 3,1
C04877,44,53.0,12,1340.0,15812.0,3,0.42,0,1,Online,Tier 1,0
C04878,30,14.0,16,623.0,9367.0,3,0.42,0,0,Both,Tier 1,0
C04879,27,20.0,16,739.0,13035.0,3,0.13,0,0,Both,Tier 2,0
C04880,40,40.0,13,1129.0,15096.0,4,0.62,0,0,Online,Tier 1,0
C04881,7,93.0,11,504.0,5882.0,1,0.2,0,1,Both,Tier 3,0
C04882,43,73.0,9,759.0,7097.0,2,0.18,1,0,Online,Tier 3,1
C04883,57,46.0,10,1488.0,12713.0,3,0.09,0,1,Store,Tier 1,0
C04884,31,30.0,12,535.0,5945.0,8,0.18,0,1,Store,Tier 2,1
C04885,31,7.0,17,826.0,14725.0,5,0.35,1,0,Store,Tier 1,1
C04886,29,69.0,8,,3625.0,3,0.29,0,0,Online,Tier 1,0
C04887,29,36.0,15,1229.0,17346.0,2,0.47,0,1,Both,Tier 3,0
C04888,20,33.0,17,1057.0,17695.0,3,0.8,0,0,Store,Tier 3,0
C04889,55,120.0,9,398.0,2956.0,2,0.64,1,1,Store,Tier 1,0
C04890,42,313.0,2,891.0,1910.0,3,0.15,0,0,Online,Tier 1,1
C04891,8,28.0,14,799.0,9743.0,5,0.43,0,0,Both,Tier 2,0
C04892,29,30.0,19,303.0,6226.0,7,0.41,1,0,Online,Tier 3,0
C04893,56,57.0,10,890.0,9948.0,3,0.23,0,0,Online,Tier 2,0
C04894,21,39.0,19,699.0,11531.0,3,0.09,1,1,Store,Tier 2,0
C04895,57,19.0,14,1166.0,15743.0,5,0.29,0,1,Both,Tier 1,0
C04896,52,48.0,11,1167.0,12076.0,5,0.12,1,0,Store,,0
C04897,23,115.0,6,547.0,3260.0,4,0.34,0,1,Both,Tier 2,0
C04898,3,49.0,8,982.0,6336.0,8,0.25,1,0,Store,Tier 2,0
C04899,12,23.0,14,1185.0,13824.0,7,0.14,0,0,Store,Tier 1,0
C04900,22,176.0,5,1035.0,5401.0,3,0.89,0,0,Both,Tier 1,0
C04901,57,109.0,9,1074.0,9484.0,5,0.41,1,1,Store,Tier 2,0
C04902,24,7.0,15,936.0,16393.0,4,0.65,0,1,Online,Tier 1,0
C04903,47,14.0,15,885.0,12216.0,1,0.14,1,0,Online,Tier 1,0
C04904,25,46.0,17,743.0,12833.0,5,0.19,0,1,Store,Tier 3,0
C04905,59,19.0,10,788.0,6515.0,4,0.2,1,1,Both,Tier 2,0
C04906,8,48.0,18,777.0,15268.0,3,0.51,0,1,Store,Tier 2,0
C04907,13,63.0,19,1378.0,30403.0,5,0.53,0,1,Store,Tier 2,0
C04908,23,84.0,12,1081.0,13687.0,4,0.34,1,1,Store,Tier 3,0
C04909,18,40.0,15,637.0,8133.0,3,0.67,0,1,Online,Tier 1,0
C04910,44,85.0,17,1454.0,25269.0,5,0.71,0,0,Both,Tier 2,1
C04911,50,124.0,18,866.0,18207.0,3,0.7,0,1,Both,Tier 3,0
C04912,10,65.0,9,1376.0,12301.0,4,0.86,0,1,Both,Tier 1,1
C04913,37,26.0,15,776.0,9665.0,3,0.07,0,0,Both,Tier 1,0
C04914,26,22.0,8,661.0,5405.0,2,0.61,0,0,Store,Tier 2,0
C04915,6,92.0,11,1032.0,12102.0,3,0.44,1,1,Store,Tier 2,0
C04916,37,39.0,14,900.0,10729.0,6,0.59,0,1,Both,Tier 3,0
C04917,43,76.0,7,675.0,3826.0,4,0.34,1,1,Store,Tier 2,0
C04918,38,22.0,14,639.0,9084.0,2,0.28,0,1,Store,Tier 2,0
C04919,50,26.0,9,1449.0,12625.0,2,0.1,0,1,Online,Tier 2,0
C04920,58,64.0,9,952.0,7475.0,6,0.56,1,1,Online,Tier 2,1
C04921,13,45.0,9,385.0,3792.0,2,0.33,1,0,Store,Tier 2,0
C04922,35,75.0,17,901.0,17991.0,4,0.16,0,1,Store,Tier 1,0
C04923,22,17.0,7,855.0,5194.0,2,0.13,0,1,Store,Tier 2,1
C04924,1,60.0,8,1225.0,9292.0,4,0.41,0,0,Store,Tier 2,1
C04925,45,81.0,5,1433.0,8182.0,1,0.23,0,1,Online,Tier 2,1
C04926,6,20.0,11,1833.0,18514.0,3,0.45,0,1,Store,Tier 2,0
C04927,53,37.0,9,699.0,7201.0,1,0.56,0,0,Store,Tier 3,0
C04928,25,36.0,17,560.0,8550.0,7,0.51,0,0,Store,Tier 2,0
C04929,54,122.0,11,1272.0,16714.0,3,0.56,0,1,Both,Tier 3,0
C04930,4,39.0,13,,18428.0,4,0.26,0,0,Both,Tier 2,0
C04931,56,112.0,12,,1450.0,3,0.28,0,0,Online,Tier 1,0
C04932,22,13.0,17,274.0,4127.0,4,0.32,0,0,Store,,0
C04933,40,46.0,16,839.0,13037.0,4,0.46,0,0,Store,Tier 3,0
C04934,44,19.0,14,1154.0,15566.0,6,0.23,2,0,Store,Tier 3,1
C04935,19,138.0,6,150.0,976.0,3,0.63,1,0,Store,Tier 1,0
C04936,45,11.0,21,922.0,20738.0,2,0.57,1,1,Store,Tier 1,0
C04937,36,80.0,9,890.0,7072.0,5,0.48,1,0,Store,Tier 2,0
C04938,4,134.0,10,818.0,9681.0,4,0.15,1,0,Online,Tier 1,0
C04939,53,20.0,17,1130.0,15423.0,4,0.06,0,1,Store,Tier 2,0
C04940,40,51.0,18,1535.0,27614.0,6,0.38,1,1,Online,Tier 3,0
C04941,59,8.0,11,540.0,6640.0,3,0.33,0,1,Online,Tier 3,0
C04942,15,21.0,12,1020.0,14614.0,4,0.39,0,0,Online,Tier 2,0
C04943,44,47.0,13,621.0,7996.0,6,0.64,0,0,Both,Tier 2,0
C04944,18,49.0,9,726.0,6510.0,6,0.17,0,1,Store,Tier 3,0
C04945,42,248.0,1,150.0,130.0,4,0.28,0,1,Online,Tier 3,1
C04946,12,262.0,3,652.0,2210.0,1,0.04,0,1,Store,Tier 3,1
C04947,39,34.0,13,552.0,8083.0,6,0.9,0,1,Store,Tier 2,0
C04948,23,69.0,14,1108.0,17892.0,4,0.25,0,1,Store,Tier 1,0
C04949,52,108.0,11,537.0,4823.0,5,0.31,1,1,Both,Tier 2,1
C04950,14,70.0,9,1325.0,10670.0,3,0.22,4,1,Store,Tier 1,1
C04951,27,29.0,12,1071.0,12130.0,5,0.52,2,1,Both,Tier 1,0
C04952,34,21.0,16,677.0,9605.0,6,0.14,1,0,Store,Tier 2,0
C04953,24,47.0,11,887.0,8431.0,3,0.24,0,0,Both,Tier 1,0
C04954,6,121.0,8,617.0,5710.0,8,0.47,0,1,Store,Tier 2,0
C04955,41,24.0,22,510.0,13348.0,3,0.14,0,1,Store,Tier 1,0
C04956,56,155.0,7,1409.0,8557.0,4,0.45,0,1,Both,Tier 3,0
C04957,2,92.0,11,696.0,8965.0,2,0.35,1,0,Both,Tier 3,0
C04958,52,59.0,13,1257.0,13630.0,6,0.54,0,0,Both,Tier 2,0
C04959,25,38.0,13,150.0,1627.0,2,0.71,0,0,Both,Tier 3,1
C04960,38,37.0,10,349.0,2957.0,1,0.18,1,1,Online,Tier 1,0
C04961,40,80.0,15,1232.0,17192.0,5,0.83,0,0,Store,Tier 2,0
C04962,17,8.0,14,517.0,5835.0,3,0.13,0,0,Store,Tier 1,0
C04963,25,60.0,4,1317.0,6302.0,6,0.44,0,0,Online,Tier 1,1
C04964,44,7.0,9,1768.0,17536.0,4,0.49,0,1,Store,Tier 3,0
C04965,18,95.0,8,1087.0,7116.0,4,0.24,0,0,Online,Tier 2,1
C04966,2,49.0,12,843.0,11734.0,5,0.07,1,1,Online,Tier 1,0
C04967,29,180.0,3,302.0,1060.0,5,0.79,1,0,Online,Tier 2,1
C04968,45,34.0,14,845.0,11515.0,3,0.32,0,1,Store,Tier 1,0
C04969,37,58.0,12,1089.0,13954.0,5,0.08,0,1,Store,Tier 1,0
C04970,6,62.0,13,807.0,9936.0,4,0.1,2,1,Store,Tier 2,0
C04971,55,3.0,13,1582.0,21066.0,6,0.58,0,0,Store,Tier 1,0
C04972,14,31.0,10,1148.0,9521.0,6,0.55,0,1,Online,Tier 2,0
C04973,32,7.0,16,491.0,8658.0,4,0.45,0,1,Online,Tier 3,0
C04974,26,164.0,4,826.0,3352.0,2,0.22,0,1,Online,Tier 3,0
C04975,44,64.0,9,949.0,7435.0,3,0.48,0,1,Both,Tier 2,0
C04976,37,42.0,15,813.0,13771.0,3,0.22,0,0,Both,Tier 1,0
C04977,16,45.0,17,1110.0,22507.0,3,0.61,0,1,Both,Tier 2,0
C04978,17,27.0,16,1350.0,23876.0,6,0.56,0,0,Both,Tier 3,0
C04979,45,44.0,10,585.0,5091.0,4,0.16,0,0,Store,Tier 1,0
C04980,10,35.0,10,1107.0,12759.0,3,0.79,0,0,Online,Tier 2,0
C04981,41,12.0,11,375.0,4612.0,2,0.19,0,0,Both,Tier 3,0
C04982,4,54.0,13,661.0,8905.0,4,0.2,0,0,Both,Tier 2,0
C04983,4,39.0,19,1430.0,27567.0,4,0.22,1,0,Both,Tier 2,0
C04984,22,35.0,18,847.0,17778.0,2,0.45,0,0,Store,Tier 1,0
C04985,20,35.0,10,989.0,9955.0,5,0.06,1,1,Both,Tier 3,0
C04986,24,15.0,9,641.0,6726.0,5,0.38,0,1,Store,Tier 2,0
C04987,2,76.0,8,1563.0,10853.0,4,0.47,1,0,Online,Tier 1,0
C04988,17,35.0,15,884.0,12402.0,4,0.22,0,0,Store,Tier 1,0
C04989,9,38.0,17,1123.0,16171.0,7,0.33,0,1,Both,Tier 3,0
C04990,57,96.0,7,1071.0,8068.0,2,0.44,0,1,Store,Tier 2,0
C04991,16,80.0,17,1357.0,24241.0,6,0.31,0,1,Store,Tier 2,0
C04992,4,48.0,7,1175.0,9849.0,6,0.09,0,0,Both,Tier 3,0
C04993,32,62.0,10,592.0,7045.0,7,0.59,0,1,Both,Tier 1,0
C04994,2,164.0,11,499.0,6290.0,5,0.35,1,1,Store,Tier 1,1
C04995,30,31.0,10,1104.0,12765.0,4,0.47,0,1,Store,Tier 3,0
C04996,50,77.0,9,929.0,8052.0,4,0.3,0,0,Store,Tier 2,0
C04997,42,32.0,12,931.0,13342.0,4,0.71,2,1,Store,Tier 2,0
C04998,23,44.0,4,858.0,3913.0,2,0.17,1,1,Store,Tier 2,0
C04999,58,46.0,12,990.0,13286.0,2,0.29,0,0,Store,Tier 2,0
C05000,48,1.0,19,841.0,15248.0,3,0.16,0,0,Store,Tier 1,0
C05001,1,95.0,5,533.0,2456.0,2,0.48,1,0,Both,Tier 1,1
C05002,49,40.0,16,722.0,10692.0,3,0.21,1,1,Store,Tier 1,0
C05003,6,29.0,13,824.0,9640.0,5,0.28,1,0,Online,Tier 2,0
C05004,17,60.0,7,738.0,5937.0,3,0.08,1,0,Both,Tier 2,1
C05005,6,40.0,15,567.0,9387.0,3,0.3,0,0,Store,Tier 2,0
C05006,49,65.0,12,1386.0,17168.0,3,0.52,0,1,Store,Tier 3,1
C05007,8,26.0,15,1014.0,14054.0,4,0.39,0,0,Both,Tier 1,0
C05008,29,86.0,17,798.0,13915.0,1,0.37,0,1,Store,Tier 2,0
C05009,36,20.0,13,1176.0,12895.0,6,0.54,0,0,Store,Tier 2,0
C05010,29,29.0,18,834.0,17312.0,2,0.08,0,1,Store,Tier 3,0
C05011,45,51.0,7,550.0,3759.0,3,0.55,1,1,Both,Tier 1,0
C05012,44,60.0,9,1770.0,13691.0,2,0.48,0,1,Both,Tier 1,1
C05013,60,56.0,14,673.0,9114.0,4,0.38,1,1,Store,Tier 2,0
C05014,25,74.0,12,1260.0,17263.0,3,0.35,0,0,Store,Tier 1,1
C05015,12,47.0,13,680.0,10275.0,5,0.19,0,1,Both,Tier 2,0
C05016,1,32.0,11,859.0,10895.0,5,0.6,0,0,Store,Tier 1,1
C05017,57,62.0,7,790.0,4436.0,5,0.61,1,0,Store,Tier 1,1
C05018,35,33.0,12,1046.0,13483.0,2,0.67,1,1,Store,Tier 2,0
C05019,9,130.0,11,1125.0,10444.0,4,0.45,0,0,Store,Tier 1,0
C05020,12,49.0,9,1335.0,13497.0,4,0.48,1,0,Store,Tier 1,0
C05021,9,16.0,14,,17535.0,4,0.23,1,0,Online,Tier 2,0
C05022,32,57.0,10,1269.0,13218.0,2,0.31,0,1,Store,,0
C05023,14,5.0,22,916.0,21850.0,2,0.55,0,0,Store,Tier 1,0
C05024,15,88.0,10,598.0,6057.0,4,0.31,1,0,Both,Tier 3,0
C05025,52,20.0,15,706.0,9208.0,4,0.17,2,1,Both,Tier 2,0
C05026,16,65.0,16,691.0,12827.0,4,0.62,0,0,Store,Tier 1,0
C05027,58,41.0,17,1303.0,18211.0,6,0.79,0,1,Store,Tier 3,0
C05028,28,90.0,7,758.0,5974.0,4,0.13,0,1,Online,Tier 1,0
C05029,25,157.0,10,1253.0,13558.0,7,0.86,2,1,Both,Tier 2,1
C05030,31,55.0,12,1073.0,11184.0,5,0.52,0,0,Both,Tier 2,0
C05031,11,8.0,24,999.0,23633.0,4,0.49,0,0,Online,Tier 3,0
C05032,39,12.0,15,1130.0,16070.0,5,0.27,1,0,Store,Tier 3,0
C05033,32,67.0,9,344.0,2710.0,4,0.17,0,0,Both,Tier 1,1
C05034,25,30.0,12,1495.0,15868.0,2,0.57,0,0,Both,Tier 1,0
C05035,17,27.0,10,630.0,5982.0,2,0.66,0,0,Store,Tier 2,1
C05036,51,59.0,10,1139.0,13085.0,4,0.38,0,1,Both,Tier 3,0
C05037,9,48.0,15,1253.0,21839.0,4,0.67,1,0,Store,Tier 3,0
C05038,1,37.0,4,659.0,2229.0,5,0.72,0,0,Online,Tier 1,0
C05039,45,1.0,20,848.0,17054.0,4,0.59,2,1,Both,Tier 2,0
C05040,14,95.0,12,997.0,12686.0,5,0.17,0,1,Both,Tier 1,0
C05041,33,8.0,10,946.0,9986.0,8,0.69,0,0,Store,Tier 2,0
C05042,44,85.0,12,1268.0,16595.0,3,0.33,1,0,Store,Tier 3,1
C05043,3,6.0,18,901.0,17340.0,7,0.16,0,0,Online,Tier 1,0
C05044,29,15.0,15,1115.0,13960.0,3,0.34,0,0,Store,Tier 2,0
C05045,43,19.0,13,1300.0,14214.0,4,0.38,0,1,Both,Tier 1,0
C05046,40,123.0,10,747.0,7918.0,4,0.53,0,1,Store,Tier 1,0
C05047,9,60.0,14,612.0,7798.0,4,0.34,2,0,Store,Tier 1,1
C05048,21,54.0,14,1481.0,21415.0,4,0.34,0,0,Store,Tier 2,0
C05049,26,56.0,15,180.0,2379.0,5,0.47,1,1,Store,Tier 2,0
C05050,30,28.0,13,547.0,6063.0,3,0.26,0,1,Both,Tier 1,0
C05051,36,63.0,4,807.0,3101.0,1,0.33,1,0,Both,Tier 1,1
C05052,55,16.0,15,1230.0,17638.0,4,0.45,1,0,Both,Tier 3,0
C05053,5,149.0,7,894.0,6602.0,5,0.44,1,1,Store,Tier 1,1
C05054,24,26.0,8,1143.0,9463.0,2,0.67,0,1,Online,Tier 1,0
C05055,10,38.0,17,1328.0,24946.0,4,0.32,0,0,Online,Tier 3,0
C05056,16,114.0,18,1280.0,21696.0,3,0.46,0,1,Both,Tier 2,0
C05057,47,193.0,6,908.0,5304.0,4,0.18,2,0,Online,Tier 3,1
C05058,1,63.0,7,1033.0,7377.0,4,0.29,1,1,Store,Tier 3,0
C05059,30,3.0,21,1127.0,27963.0,1,0.28,0,0,Store,Tier 2,0
C05060,56,31.0,18,687.0,13549.0,4,0.46,0,1,Both,Tier 3,0
C05061,13,70.0,11,874.0,9710.0,8,0.37,0,0,Both,Tier 2,0
C05062,14,95.0,8,935.0,7291.0,1,0.62,0,0,Store,Tier 2,0
C05063,38,117.0,11,744.0,7915.0,3,0.64,0,1,Store,Tier 1,1
C05064,49,153.0,15,1095.0,14801.0,2,0.22,0,1,Both,Tier 1,0
C05065,55,149.0,9,1084.0,9523.0,3,0.53,1,1,Both,Tier 3,1
C05066,29,75.0,13,855.0,12792.0,2,0.69,0,1,Store,Tier 1,0
C05067,53,5.0,11,1265.0,12511.0,4,0.34,1,1,Online,Tier 2,0
C05068,43,27.0,15,765.0,13374.0,6,0.62,1,1,Store,Tier 1,0
C05069,56,59.0,15,973.0,14218.0,8,0.51,0,1,Store,Tier 1,0
C05070,48,107.0,9,933.0,8950.0,5,0.25,0,0,Store,Tier 2,1
C05071,9,78.0,5,1133.0,4860.0,2,0.35,0,0,Both,Tier 2,0
C05072,23,32.0,16,471.0,6758.0,3,0.25,1,0,Store,Tier 2,0
C05073,52,154.0,9,1164.0,12153.0,2,0.69,0,1,Online,Tier 3,1
C05074,58,68.0,9,933.0,8263.0,2,0.06,0,1,Store,Tier 3,0
C05075,44,46.0,19,1180.0,20873.0,8,0.36,1,1,Store,Tier 2,0
C05076,24,75.0,17,503.0,9814.0,3,0.6,0,0,Both,Tier 2,0
C05077,38,8.0,15,1070.0,17851.0,3,0.28,2,0,Online,Tier 2,0
C05078,45,55.0,11,969.0,11558.0,1,0.35,0,1,Online,Tier 1,0
C05079,56,7.0,9,903.0,8747.0,3,0.27,2,1,Online,Tier 1,0
C05080,2,26.0,11,1138.0,14037.0,5,0.56,0,1,Store,Tier 2,0
C05081,32,6.0,18,905.0,15313.0,7,0.21,1,1,Both,Tier 3,0
C05082,47,31.0,12,1234.0,12538.0,3,0.47,1,0,Store,Tier 1,0
C05083,21,191.0,6,428.0,2632.0,3,0.52,0,0,Store,Tier 1,1
C05084,27,79.0,11,623.0,7287.0,4,0.85,4,0,Store,Tier 2,1
C05085,23,68.0,15,830.0,12023.0,5,0.1,0,0,Both,Tier 3,0
C05086,13,108.0,10,1462.0,15352.0,1,0.04,0,1,Store,Tier 1,0
C05087,50,5.0,17,911.0,16636.0,3,0.29,0,1,Store,Tier 2,0
C05088,54,17.0,11,561.0,5844.0,6,0.56,0,1,Store,Tier 1,0
C05089,57,47.0,11,1104.0,11161.0,3,0.46,0,1,Store,Tier 2,0
C05090,41,16.0,18,653.0,9696.0,4,0.69,1,1,Store,Tier 2,0
C05091,16,15.0,11,844.0,9381.0,2,0.79,0,1,Both,Tier 2,0
C05092,24,74.0,12,1416.0,19851.0,5,0.76,1,1,Both,Tier 3,0
C05093,54,77.0,12,579.0,7196.0,4,0.05,1,1,Both,Tier 2,0
C05094,38,40.0,9,758.0,7221.0,5,0.22,0,0,Store,Tier 2,1
C05095,51,33.0,12,1255.0,18016.0,3,0.19,0,1,Store,,0
C05096,40,52.0,11,938.0,12147.0,5,0.09,1,0,Both,Tier 2,0
C05097,1,15.0,14,1550.0,23778.0,3,0.14,0,0,Store,Tier 1,0
C05098,33,27.0,12,721.0,7283.0,1,0.3,0,1,Both,Tier 1,0
C05099,3,15.0,18,1181.0,24787.0,7,0.27,0,1,Both,Tier 1,0
C05100,22,102.0,9,1095.0,11134.0,5,0.13,1,0,Online,Tier 3,1
C05101,20,11.0,17,1161.0,19971.0,3,0.14,1,0,Store,Tier 2,0
C05102,24,61.0,7,522.0,2980.0,5,0.28,1,0,Store,Tier 2,0
C05103,44,114.0,10,436.0,4256.0,6,0.23,1,1,Both,Tier 2,0
C05104,16,19.0,13,824.0,11382.0,2,0.17,1,0,Store,Tier 3,0
C05105,12,16.0,7,784.0,5523.0,2,0.21,1,0,Both,Tier 3,0
C05106,11,83.0,12,1053.0,13044.0,4,0.29,0,1,Store,Tier 2,0
C05107,41,84.0,11,353.0,3173.0,1,0.59,1,1,Online,Tier 2,1
C05108,39,15.0,11,1029.0,10510.0,3,0.4,0,1,Online,Tier 3,0
C05109,39,100.0,13,721.0,9070.0,4,0.09,0,1,Store,Tier 1,0
C05110,43,58.0,12,501.0,4999.0,3,0.23,2,0,Online,Tier 1,0
C05111,46,103.0,9,1305.0,9918.0,5,0.21,0,1,Both,Tier 3,0
C05112,32,120.0,15,505.0,7682.0,5,0.31,0,1,Both,Tier 3,0
C05113,20,118.0,13,738.0,10267.0,5,0.62,1,1,Online,Tier 2,0
C05114,11,32.0,16,1418.0,21446.0,4,0.39,0,1,Store,Tier 2,0
C05115,24,15.0,10,1108.0,12577.0,5,0.45,0,0,Store,Tier 1,0
C05116,4,81.0,16,729.0,9613.0,2,0.42,1,0,Store,Tier 2,0
C05117,22,57.0,15,672.0,11950.0,3,0.71,0,0,Both,Tier 2,0
C05118,20,44.0,9,437.0,3677.0,3,0.42,0,0,Store,Tier 3,0
C05119,2,49.0,14,1375.0,18213.0,3,0.4,0,1,Online,Tier 2,0
C05120,48,70.0,13,1025.0,12383.0,2,0.21,1,0,Store,Tier 3,0
C05121,17,17.0,15,1203.0,16514.0,2,0.25,0,0,Store,Tier 1,0
C05122,6,48.0,9,550.0,4184.0,7,0.33,0,1,Both,Tier 2,0
C05123,48,54.0,12,1256.0,15685.0,2,0.46,0,1,Store,Tier 1,0
C05124,24,75.0,10,507.0,6077.0,3,0.12,0,1,Store,Tier 1,0
C05125,17,40.0,17,1031.0,14622.0,3,0.59,1,0,Store,Tier 2,0
C05126,6,39.0,10,623.0,5861.0,8,0.22,0,0,Store,Tier 1,0
C05127,48,97.0,8,1453.0,12791.0,4,0.3,0,1,Online,Tier 1,1
C05128,7,34.0,12,1676.0,22483.0,6,0.39,2,0,Store,Tier 1,0
C05129,29,62.0,12,,10399.0,6,0.35,0,0,Store,Tier 2,0
C05130,2,36.0,15,1157.0,16788.0,3,0.17,0,1,Both,Tier 2,0
C05131,37,13.0,13,766.0,10461.0,5,0.13,0,0,Store,Tier 2,0
C05132,34,37.0,10,1346.0,15583.0,3,0.56,0,1,Store,Tier 2,0
C05133,6,119.0,10,920.0,10087.0,3,0.3,1,1,Both,Tier 2,0
C05134,43,4.0,15,1063.0,15232.0,2,0.44,0,0,Store,Tier 2,0
C05135,27,47.0,11,998.0,12002.0,4,0.28,0,0,Both,Tier 2,0
C05136,8,82.0,11,1022.0,10390.0,5,0.24,0,0,Both,Tier 2,0
C05137,54,26.0,21,1279.0,29741.0,6,0.54,0,1,Both,Tier 1,0
C05138,33,49.0,10,839.0,8721.0,5,0.54,0,1,Store,Tier 1,0
C05139,53,16.0,15,952.0,12988.0,6,0.7,0,1,Both,Tier 2,0
C05140,35,22.0,11,946.0,11847.0,2,0.15,0,0,Store,Tier 2,0
C05141,55,66.0,15,598.0,9663.0,6,0.39,0,1,Both,Tier 2,0
C05142,32,16.0,15,1377.0,23732.0,5,0.16,0,0,Both,Tier 2,0
C05143,28,59.0,17,806.0,12906.0,3,0.24,1,1,Both,Tier 3,0
C05144,59,22.0,8,1233.0,8534.0,3,0.16,0,1,Both,Tier 2,0
C05145,1,55.0,14,873.0,10744.0,3,0.5,0,0,Store,Tier 2,0
C05146,45,58.0,14,572.0,7614.0,2,0.45,0,1,Online,Tier 3,0
C05147,36,1.0,15,1429.0,22175.0,2,0.69,0,1,Store,Tier 1,0
C05148,11,60.0,9,990.0,9056.0,4,0.82,0,1,Both,Tier 1,1
C05149,31,38.0,9,821.0,6342.0,8,0.51,0,1,Online,Tier 3,0
C05150,18,34.0,7,731.0,6043.0,3,0.23,1,0,Online,Tier 2,1
C05151,1,204.0,5,909.0,4045.0,4,0.61,2,1,Store,Tier 1,1
C05152,33,25.0,18,1109.0,18268.0,3,0.19,1,0,Both,Tier 1,0
C05153,16,141.0,6,1096.0,6058.0,4,0.59,0,1,Store,Tier 2,0
C05154,48,84.0,15,837.0,11340.0,5,0.2,0,0,Both,Tier 2,1
C05155,22,27.0,13,219.0,3338.0,3,0.48,0,1,Online,Tier 2,0
C05156,19,20.0,10,540.0,6117.0,7,0.87,0,0,Both,Tier 3,0
C05157,3,12.0,18,1098.0,21438.0,8,0.47,0,0,Both,Tier 2,0
C05158,2,4.0,16,940.0,13485.0,4,0.2,1,0,Online,Tier 1,0
C05159,2,84.0,6,951.0,6295.0,5,0.59,0,1,Online,Tier 3,0
C05160,22,57.0,10,895.0,9239.0,3,0.66,0,1,Store,Tier 2,0
C05161,15,132.0,9,575.0,4699.0,2,0.34,1,0,Store,Tier 1,1
C05162,58,70.0,14,194.0,2466.0,2,0.55,0,1,Both,Tier 3,0
C05163,34,15.0,12,718.0,9900.0,4,0.38,0,1,Store,Tier 2,0
C05164,38,163.0,11,687.0,6513.0,3,0.14,0,0,Online,Tier 2,1
C05165,5,80.0,11,1387.0,13155.0,3,0.32,0,0,Store,Tier 2,0
C05166,5,6.0,22,1220.0,25831.0,8,0.17,0,1,Both,Tier 3,0
C05167,21,25.0,14,911.0,12828.0,6,0.72,0,1,Both,Tier 1,0
C05168,59,19.0,15,1489.0,19069.0,2,0.63,0,1,Store,Tier 2,0
C05169,19,29.0,8,908.0,8432.0,8,0.55,0,0,Both,Tier 3,0
C05170,8,5.0,10,972.0,7779.0,4,0.31,0,0,Store,Tier 2,0
C05171,35,53.0,10,1134.0,12866.0,3,0.52,0,1,Store,Tier 1,0
C05172,49,168.0,5,699.0,3519.0,3,0.37,1,1,Both,Tier 1,1
C05173,31,134.0,8,1368.0,9815.0,2,0.32,1,1,Store,Tier 2,0
C05174,39,14.0,19,701.0,13910.0,4,0.62,0,0,Store,Tier 1,0
C05175,52,78.0,16,1062.0,19015.0,7,0.36,1,1,Both,Tier 2,0
C05176,8,55.0,10,866.0,7324.0,4,0.39,0,0,Store,Tier 2,1
C05177,37,50.0,15,688.0,11741.0,3,0.72,0,0,Online,Tier 1,0
C05178,43,112.0,9,676.0,7265.0,8,0.37,0,1,Store,Tier 2,0
C05179,6,96.0,8,801.0,6000.0,4,0.37,0,0,Store,Tier 1,1
C05180,44,65.0,13,1133.0,13318.0,6,0.29,0,1,Both,Tier 1,0
C05181,36,82.0,9,1238.0,11597.0,5,0.27,0,1,Both,Tier 1,0
C05182,53,28.0,13,1114.0,16478.0,5,0.49,0,0,Both,Tier 2,0
C05183,56,61.0,10,1005.0,8933.0,5,0.47,0,0,Both,Tier 3,0
C05184,32,6.0,11,913.0,10740.0,5,0.18,0,1,Store,Tier 3,0
C05185,1,101.0,4,607.0,2879.0,5,0.74,0,1,Both,Tier 2,0
C05186,6,37.0,11,1069.0,10988.0,3,0.43,1,1,Store,Tier 2,0
C05187,31,14.0,15,967.0,14708.0,2,0.28,0,0,Both,Tier 3,0
C05188,23,21.0,11,1192.0,15090.0,6,0.69,0,0,Both,Tier 3,0
C05189,52,55.0,11,1053.0,12375.0,6,0.31,0,1,Both,Tier 2,0
C05190,31,17.0,18,634.0,13007.0,4,0.33,0,0,Both,Tier 3,0
C05191,59,44.0,15,984.0,13942.0,4,0.14,0,1,Both,Tier 2,0
C05192,47,29.0,8,1057.0,7315.0,5,0.44,0,1,Store,Tier 1,0
C05193,1,71.0,11,961.0,11774.0,3,0.4,0,0,Both,Tier 1,0
C05194,40,8.0,16,547.0,7920.0,6,0.51,0,1,Store,Tier 1,0
C05195,56,22.0,9,607.0,5402.0,5,0.24,1,1,Store,Tier 1,0
C05196,26,40.0,15,623.0,8581.0,7,0.37,0,1,Store,Tier 1,0
C05197,16,73.0,11,330.0,4050.0,4,0.32,0,0,Online,Tier 2,1
C05198,39,30.0,18,1107.0,17988.0,1,0.19,0,1,Online,Tier 3,0
C05199,34,26.0,19,606.0,10009.0,3,0.86,0,1,Store,Tier 1,0
C05200,12,55.0,11,1300.0,14061.0,3,0.33,0,1,Both,Tier 2,0
C05201,12,31.0,9,1230.0,10517.0,2,0.37,1,0,Both,Tier 2,0
C05202,43,148.0,6,1047.0,7346.0,4,0.62,1,0,Store,Tier 1,1
C05203,18,70.0,15,1156.0,16957.0,6,0.67,0,0,Both,Tier 2,0
C05204,57,54.0,12,565.0,6137.0,5,0.47,0,1,Store,Tier 2,0
C05205,49,295.0,4,737.0,2660.0,1,0.43,0,1,Store,Tier 1,1
C05206,56,53.0,15,625.0,10455.0,4,0.29,0,1,Both,Tier 2,0
C05207,58,56.0,15,627.0,9776.0,1,0.78,0,1,Both,Tier 2,0
C05208,58,105.0,9,894.0,8400.0,2,0.19,0,1,Both,Tier 3,0
C05209,14,103.0,15,325.0,5580.0,4,0.03,0,0,Online,Tier 1,0
C05210,56,56.0,15,564.0,9557.0,2,0.55,1,1,Online,Tier 2,0
C05211,49,26.0,17,766.0,10851.0,5,0.6,0,1,Store,Tier 2,0
C05212,21,70.0,13,1073.0,12366.0,3,0.39,0,0,Online,Tier 1,0
C05213,4,88.0,6,1754.0,9321.0,8,0.34,0,0,Online,Tier 1,1
C05214,15,23.0,12,431.0,4837.0,4,0.34,0,0,Store,Tier 1,0
C05215,14,4.0,14,904.0,13290.0,4,0.55,0,0,Store,Tier 3,0
C05216,35,40.0,12,1320.0,16439.0,5,0.24,0,0,Store,Tier 1,1
C05217,39,8.0,17,409.0,6736.0,6,0.28,0,1,Store,Tier 2,0
C05218,10,117.0,8,1085.0,7544.0,4,0.28,1,1,Both,Tier 1,1
C05219,7,2.0,19,1359.0,23214.0,4,0.02,0,0,Store,Tier 3,0
C05220,16,66.0,16,1204.0,17898.0,6,0.34,0,1,Store,Tier 2,0
C05221,50,134.0,11,778.0,6876.0,4,0.48,2,0,Store,Tier 2,0
C05222,34,54.0,9,897.0,7407.0,3,0.11,0,1,Both,Tier 1,0
C05223,51,112.0,10,726.0,7081.0,2,0.2,0,1,Store,Tier 1,0
C05224,54,31.0,22,1143.0,25832.0,4,0.16,1,1,Store,Tier 1,0
C05225,20,25.0,15,1289.0,16459.0,4,0.67,0,1,Store,Tier 1,0
C05226,27,11.0,19,1015.0,21795.0,4,0.34,0,0,Online,Tier 2,0
C05227,55,52.0,6,1195.0,8551.0,5,0.36,0,0,Store,Tier 1,0
C05228,46,71.0,14,775.0,8771.0,2,0.33,0,0,Both,Tier 2,0
C05229,15,26.0,14,387.0,4515.0,8,0.33,1,1,Store,Tier 3,0
C05230,40,63.0,15,1027.0,13197.0,1,0.16,1,1,Online,Tier 1,0
C05231,17,3.0,13,552.0,7597.0,3,0.28,0,1,Store,Tier 3,0
C05232,37,11.0,20,701.0,15863.0,4,0.55,0,1,Both,Tier 1,0
C05233,15,52.0,11,1218.0,11870.0,2,0.31,0,0,Both,Tier 1,0
C05234,7,11.0,11,733.0,9569.0,5,0.16,2,1,Both,Tier 1,0
C05235,27,57.0,8,1431.0,10816.0,5,0.53,0,0,Both,Tier 2,0
C05236,49,38.0,12,1069.0,13281.0,2,0.66,0,1,Store,Tier 1,0
C05237,43,171.0,4,722.0,2823.0,1,0.2,0,1,Online,Tier 1,0
C05238,54,6.0,13,809.0,8535.0,3,0.15,0,1,Both,Tier 1,0
C05239,28,31.0,6,947.0,5321.0,6,0.08,0,0,Both,Tier 3,0
C05240,53,124.0,3,1512.0,4932.0,3,0.31,0,1,Online,Tier 3,0
C05241,19,16.0,10,760.0,7164.0,3,0.28,0,1,Store,Tier 2,0
C05242,41,139.0,12,1195.0,16303.0,2,0.62,0,1,Store,Tier 1,1
C05243,4,8.0,10,,4259.0,6,0.84,0,0,Store,Tier 3,1
C05244,3,13.0,18,338.0,5521.0,3,0.24,0,0,Store,Tier 3,0
C05245,35,92.0,14,1120.0,15748.0,5,0.23,0,0,Online,Tier 3,0
C05246,27,5.0,11,989.0,12829.0,3,0.51,0,1,Online,Tier 1,0
C05247,44,83.0,15,989.0,16271.0,1,0.55,1,1,Online,Tier 1,0
C05248,37,191.0,10,409.0,3752.0,4,0.76,0,0,Store,Tier 2,1
C05249,7,111.0,17,1367.0,25346.0,7,0.42,0,0,Both,Tier 2,0
C05250,9,21.0,17,1301.0,25286.0,6,0.06,0,0,Both,Tier 2,0
C05251,17,14.0,19,1149.0,25420.0,5,0.78,0,0,Store,Tier 1,0
C05252,39,11.0,11,1084.0,10316.0,4,0.68,0,1,Store,Tier 2,0
C05253,24,35.0,19,779.0,17494.0,2,0.24,0,0,Online,Tier 2,0
C05254,52,83.0,10,449.0,4672.0,7,0.55,0,1,Store,Tier 2,0
C05255,52,36.0,13,669.0,9529.0,3,0.49,0,1,Both,Tier 2,0
C05256,39,22.0,16,443.0,6993.0,4,0.37,0,1,Store,Tier 1,0
C05257,26,33.0,15,805.0,13406.0,3,0.24,0,1,Online,Tier 2,0
C05258,43,23.0,20,901.0,18048.0,2,0.11,1,1,Store,Tier 2,0
C05259,40,5.0,21,817.0,20017.0,4,0.54,0,1,Store,Tier 2,0
C05260,26,23.0,10,1331.0,13253.0,6,0.36,0,1,Store,Tier 2,0
C05261,55,17.0,12,1245.0,15349.0,3,0.54,0,1,Store,Tier 1,0
C05262,48,20.0,11,861.0,10114.0,3,0.49,0,1,Store,Tier 1,0
C05263,28,32.0,13,1179.0,12607.0,2,0.89,0,1,Store,Tier 1,1
C05264,23,6.0,19,576.0,9805.0,3,0.49,0,0,Store,Tier 3,0
C05265,39,42.0,13,1165.0,13920.0,4,0.13,0,1,Online,Tier 3,0
C05266,1,25.0,13,389.0,4720.0,7,0.33,0,1,Online,Tier 2,0
C05267,40,66.0,9,1343.0,11707.0,2,0.34,1,0,Online,Tier 1,1
C05268,6,27.0,12,921.0,8996.0,4,0.53,0,0,Store,Tier 2,0
C05269,40,105.0,9,1042.0,10461.0,4,0.52,0,0,Store,Tier 2,1
C05270,14,41.0,13,1014.0,13819.0,1,0.45,0,0,Both,Tier 2,0
C05271,47,204.0,5,986.0,4728.0,4,0.36,1,1,Online,Tier 3,1
C05272,9,44.0,17,1072.0,18403.0,5,0.41,0,1,Both,Tier 3,0
C05273,31,219.0,6,623.0,4463.0,4,0.54,0,1,Both,Tier 2,1
C05274,30,12.0,11,464.0,5168.0,4,0.46,1,0,Online,Tier 2,0
C05275,43,124.0,8,1262.0,11027.0,4,0.2,1,0,Store,Tier 2,1
C05276,45,67.0,18,850.0,13663.0,3,0.39,0,0,Both,Tier 2,0
C05277,54,21.0,21,1091.0,21675.0,5,0.6,1,0,Online,Tier 3,0
C05278,29,103.0,9,658.0,5646.0,3,0.58,0,1,Online,Tier 2,0
C05279,47,44.0,8,871.0,6026.0,8,0.23,1,1,Both,Tier 1,0
C05280,45,16.0,9,585.0,5335.0,7,0.41,1,0,Both,Tier 2,0
C05281,17,37.0,7,1377.0,9097.0,5,0.22,0,1,Both,Tier 1,0
C05282,32,25.0,6,638.0,4271.0,3,0.63,0,0,Online,Tier 2,0
C05283,52,12.0,19,908.0,16123.0,3,0.4,1,0,Store,Tier 1,1
C05284,39,92.0,9,666.0,5367.0,7,0.25,0,1,Store,Tier 2,0
C05285,60,74.0,12,1004.0,14055.0,4,0.87,0,1,Online,Tier 3,0
C05286,36,2.0,12,1160.0,16438.0,4,0.33,0,0,Store,Tier 2,0
C05287,36,18.0,11,882.0,9771.0,7,0.54,0,1,Store,Tier 1,0
C05288,39,128.0,10,1051.0,10979.0,6,0.36,0,0,Store,Tier 2,1
C05289,15,58.0,7,,9540.0,3,0.38,1,0,Online,Tier 2,0
C05290,9,69.0,10,884.0,9114.0,3,0.39,1,1,Both,Tier 2,1
C05291,17,116.0,10,528.0,5283.0,3,0.6,0,0,Both,Tier 1,0
C05292,24,35.0,17,562.0,10789.0,7,0.19,0,0,Store,Tier 2,0
C05293,35,37.0,12,739.0,8191.0,4,0.74,1,1,Both,Tier 1,0
C05294,2,37.0,14,835.0,10602.0,3,0.61,1,0,Store,Tier 3,0
C05295,22,56.0,8,553.0,3867.0,5,0.29,0,0,Online,Tier 2,0
C05296,20,26.0,10,695.0,5976.0,3,0.4,0,1,Both,Tier 1,0
C05297,41,24.0,15,1236.0,20164.0,5,0.8,0,1,Store,Tier 2,0
C05298,9,29.0,13,1307.0,14294.0,5,0.5,0,1,Store,Tier 2,0
C05299,47,139.0,8,949.0,7530.0,6,0.5,0,1,Online,Tier 3,1
C05300,49,49.0,13,1263.0,16352.0,8,0.28,1,1,Store,Tier 2,1
C05301,8,49.0,7,1553.0,12893.0,2,0.09,1,1,Online,Tier 3,1
C05302,21,81.0,14,1132.0,14552.0,6,0.52,0,1,Both,Tier 3,0
C05303,37,34.0,11,905.0,11596.0,3,0.19,0,0,Store,Tier 2,0
C05304,21,8.0,9,750.0,5737.0,2,0.72,0,0,Store,Tier 1,0
C05305,25,35.0,11,1600.0,19536.0,4,0.2,0,1,Store,Tier 1,0
C05306,53,9.0,7,1009.0,5733.0,4,0.44,0,0,Online,Tier 2,0
C05307,32,35.0,12,1266.0,13460.0,3,0.43,1,1,Store,Tier 2,0
C05308,49,49.0,10,399.0,4181.0,8,0.1,0,0,Store,Tier 3,0
C05309,25,30.0,7,1032.0,6200.0,3,0.38,0,1,Both,Tier 3,0
C05310,8,88.0,6,1065.0,5453.0,3,0.71,0,1,Store,,1
C05311,4,37.0,9,1518.0,12047.0,1,0.09,0,0,Both,Tier 3,0
C05312,11,45.0,10,1176.0,10282.0,1,0.25,0,1,Store,Tier 2,0
C05313,9,62.0,12,978.0,10445.0,2,0.05,0,0,Both,Tier 2,0
C05314,44,13.0,9,582.0,5817.0,5,0.29,0,0,Store,Tier 1,0
C05315,24,106.0,11,717.0,6423.0,2,0.46,0,0,Both,,1
C05316,5,138.0,13,1048.0,11129.0,4,0.15,0,0,Online,Tier 3,0
C05317,60,32.0,9,1323.0,11330.0,2,0.25,0,0,Store,Tier 2,0
C05318,41,13.0,11,1291.0,12275.0,6,0.15,1,1,Online,Tier 3,0
C05319,14,7.0,16,502.0,6629.0,3,0.42,0,0,Store,Tier 2,1
C05320,13,2.0,14,922.0,13209.0,1,0.18,2,0,Both,Tier 3,0
C05321,44,72.0,4,1339.0,4903.0,3,0.14,1,1,Online,Tier 1,0
C05322,50,22.0,12,780.0,9134.0,6,0.79,0,1,Online,Tier 3,0
C05323,2,11.0,18,1199.0,22352.0,2,0.22,0,0,Store,Tier 1,0
C05324,49,112.0,7,1719.0,13727.0,2,0.19,1,1,Both,Tier 1,0
C05325,46,37.0,15,719.0,10865.0,4,0.57,0,1,Both,Tier 2,0
C05326,1,77.0,15,935.0,12021.0,4,0.49,1,0,Online,Tier 2,0
C05327,16,136.0,6,623.0,3010.0,3,0.19,0,0,Both,Tier 2,1
C05328,42,29.0,16,775.0,10727.0,3,0.62,0,1,Store,Tier 3,0
C05329,17,48.0,8,1526.0,13546.0,3,0.29,2,0,Store,Tier 2,1
C05330,3,31.0,10,637.0,6764.0,6,0.35,0,0,Both,Tier 1,0
C05331,30,25.0,12,938.0,11279.0,6,0.44,1,1,Online,Tier 1,0
C05332,28,67.0,14,1313.0,21651.0,6,0.14,0,0,Both,Tier 1,0
C05333,14,5.0,16,693.0,10340.0,3,0.62,0,1,Online,Tier 1,0
C05334,46,5.0,22,803.0,16669.0,5,0.36,0,0,Store,Tier 2,0
C05335,49,37.0,9,961.0,8984.0,6,0.3,0,1,Online,Tier 1,0
C05336,60,98.0,11,542.0,5078.0,5,0.7,0,0,Store,Tier 1,0
C05337,49,17.0,14,1293.0,19404.0,4,0.55,0,1,Store,Tier 1,0
C05338,16,105.0,11,946.0,11325.0,3,0.72,0,1,Store,Tier 3,0
C05339,5,62.0,14,636.0,8896.0,6,0.42,0,0,Store,Tier 1,0
C05340,19,111.0,7,1001.0,7464.0,3,0.58,0,1,Both,Tier 1,0
C05341,38,187.0,6,1450.0,7129.0,3,0.25,0,1,Store,Tier 3,1
C05342,6,142.0,6,962.0,5828.0,1,0.8,0,0,Store,Tier 1,1
C05343,2,91.0,10,1283.0,13812.0,6,0.47,0,0,Both,Tier 1,0
C05344,14,92.0,7,1068.0,6992.0,4,0.39,0,1,Store,Tier 1,1
C05345,60,12.0,12,816.0,8648.0,4,0.68,1,1,Store,Tier 3,0
C05346,6,118.0,7,731.0,5046.0,4,0.19,0,0,Store,Tier 2,0
C05347,53,10.0,9,1023.0,9610.0,5,0.38,3,0,Online,Tier 1,0
C05348,19,22.0,6,958.0,6515.0,2,0.14,0,1,Online,Tier 1,0
C05349,19,33.0,13,1037.0,14669.0,3,0.47,0,1,Both,Tier 2,0
C05350,40,32.0,13,644.0,9022.0,2,0.11,0,1,Store,Tier 3,0
C05351,14,121.0,12,813.0,7930.0,3,0.35,0,0,Store,Tier 2,1
C05352,3,98.0,4,732.0,2573.0,4,0.37,0,0,Online,Tier 3,1
C05353,27,16.0,9,1033.0,11026.0,5,0.33,1,0,Online,Tier 2,0
C05354,42,14.0,16,1270.0,18740.0,4,0.39,0,1,Online,Tier 1,0
C05355,6,90.0,9,945.0,10110.0,5,0.31,3,1,Both,Tier 2,0
C05356,4,117.0,12,1135.0,16316.0,7,0.24,0,0,Both,Tier 1,0
C05357,3,97.0,12,1400.0,14272.0,6,0.26,0,0,Store,Tier 1,0
C05358,40,49.0,11,960.0,8823.0,6,0.1,1,1,Both,Tier 1,0
C05359,23,6.0,14,551.0,9173.0,3,0.36,0,0,Online,Tier 3,0
C05360,59,54.0,14,809.0,10801.0,3,0.17,1,1,Store,Tier 2,1
C05361,48,78.0,7,1085.0,9010.0,5,0.74,1,0,Store,Tier 3,0
C05362,36,94.0,7,640.0,5278.0,5,0.07,0,0,Store,Tier 3,1
C05363,36,103.0,8,1073.0,8537.0,3,0.19,0,1,Both,Tier 2,1
C05364,34,36.0,18,398.0,6538.0,5,0.51,0,0,Both,Tier 2,0
C05365,20,67.0,11,924.0,8972.0,6,0.16,1,1,Online,Tier 2,0
C05366,48,49.0,15,1350.0,20680.0,4,0.52,0,1,Store,Tier 2,0
C05367,46,20.0,12,742.0,10005.0,4,0.64,0,0,Store,Tier 2,0
C05368,37,53.0,10,787.0,6859.0,6,0.16,0,0,Store,Tier 1,0
C05369,35,39.0,11,885.0,8583.0,3,0.62,2,0,Both,Tier 1,1
C05370,24,43.0,13,700.0,9442.0,4,0.69,0,0,Store,Tier 2,0
C05371,51,255.0,6,1352.0,8312.0,4,0.31,0,1,Both,Tier 1,0
C05372,2,242.0,6,1188.0,6729.0,5,0.69,0,1,Store,Tier 1,1
C05373,32,31.0,10,1442.0,13331.0,2,0.55,0,0,Both,Tier 3,0
C05374,59,57.0,6,869.0,5014.0,5,0.35,0,0,Both,Tier 3,0
C05375,13,94.0,9,983.0,9401.0,5,0.59,2,0,Store,Tier 2,1
C05376,49,14.0,12,722.0,9177.0,5,0.13,0,1,Store,Tier 3,0
C05377,58,68.0,6,354.0,2372.0,6,0.31,0,1,Both,Tier 1,0
C05378,28,56.0,9,654.0,6214.0,3,0.81,1,1,Store,Tier 1,1
C05379,33,25.0,16,785.0,11308.0,2,0.24,0,0,Online,Tier 3,1
C05380,14,44.0,13,962.0,13046.0,1,0.44,0,0,Store,Tier 2,0
C05381,54,196.0,4,1021.0,4610.0,6,0.47,1,1,Both,Tier 1,0
C05382,54,26.0,9,493.0,4235.0,4,0.49,0,0,Store,Tier 1,1
C05383,40,29.0,11,758.0,9713.0,2,0.08,1,0,Online,Tier 1,0
C05384,9,11.0,8,948.0,8490.0,4,0.57,0,0,Store,Tier 1,1
C05385,7,132.0,7,631.0,3973.0,4,0.54,0,0,Store,Tier 2,0
C05386,11,40.0,14,957.0,14491.0,6,0.28,0,0,Store,Tier 1,0
C05387,17,55.0,15,870.0,11572.0,8,0.28,0,0,Online,Tier 1,0
C05388,27,20.0,18,716.0,13618.0,3,0.45,2,0,Both,Tier 1,0
C05389,20,36.0,14,1212.0,15309.0,2,0.39,0,0,Store,Tier 1,0
C05390,32,51.0,13,937.0,10853.0,3,0.07,0,1,Both,Tier 2,0
C05391,17,35.0,17,789.0,10807.0,2,0.56,0,0,Store,Tier 2,0
C05392,42,40.0,8,721.0,6384.0,5,0.12,0,0,Online,Tier 1,0
C05393,40,140.0,5,764.0,3771.0,5,0.15,0,1,Store,Tier 2,0
C05394,5,251.0,4,538.0,2249.0,3,0.24,0,0,Store,Tier 1,1
C05395,27,128.0,9,962.0,9591.0,2,0.4,0,1,Store,Tier 1,0
C05396,60,44.0,15,984.0,14634.0,6,0.54,0,1,Online,Tier 1,0
C05397,48,81.0,14,1514.0,25109.0,1,0.67,0,1,Store,Tier 1,0
C05398,57,54.0,6,889.0,4851.0,7,0.24,1,0,Both,Tier 1,0
C05399,18,84.0,9,763.0,7509.0,4,0.4,0,0,Store,Tier 3,0
C05400,33,68.0,13,796.0,8471.0,5,0.85,0,1,Store,Tier 2,0
C05401,21,123.0,8,612.0,5153.0,5,0.34,0,0,Online,Tier 1,0
C05402,40,150.0,8,1192.0,7824.0,3,0.1,1,1,Both,Tier 3,1
C05403,14,26.0,8,936.0,6620.0,8,0.47,1,0,Store,Tier 2,0
C05404,3,46.0,18,294.0,6080.0,3,0.33,2,0,Store,Tier 1,0
C05405,60,63.0,11,1162.0,15329.0,4,0.62,0,1,Store,Tier 3,1
C05406,17,7.0,9,150.0,1613.0,3,0.3,0,1,Store,Tier 3,0
C05407,22,19.0,22,1043.0,27191.0,2,0.41,0,1,Both,Tier 2,1
C05408,17,186.0,11,479.0,4272.0,3,0.74,0,1,Both,Tier 1,1
C05409,44,66.0,5,275.0,1342.0,3,0.63,0,1,Store,Tier 3,0
C05410,14,117.0,8,1161.0,8405.0,4,0.51,1,0,Both,Tier 3,0
C05411,1,24.0,14,431.0,6476.0,6,0.71,0,0,Store,Tier 1,1
C05412,59,74.0,9,1229.0,12871.0,3,0.45,0,1,Both,Tier 1,0
C05413,30,56.0,7,1051.0,7899.0,2,0.29,1,0,Both,Tier 1,0
C05414,24,62.0,7,835.0,6526.0,3,0.3,0,1,Store,Tier 1,0
C05415,36,35.0,14,692.0,10832.0,1,0.82,1,1,Online,Tier 1,0
C05416,25,7.0,14,1092.0,17695.0,4,0.66,0,0,Store,Tier 1,0
C05417,40,94.0,12,1067.0,10797.0,3,0.44,1,1,Store,Tier 1,1
C05418,38,44.0,13,629.0,8761.0,5,0.47,0,0,Store,Tier 2,0
C05419,19,35.0,11,,10201.0,5,0.75,0,0,Both,Tier 2,1
C05420,19,15.0,13,1125.0,14638.0,4,0.54,3,1,Store,Tier 2,0
C05421,29,102.0,14,1366.0,18968.0,7,0.65,2,1,Both,Tier 1,1
C05422,53,38.0,11,856.0,7894.0,5,0.43,0,1,Store,Tier 1,0
C05423,15,213.0,7,680.0,4787.0,5,0.55,2,0,Store,Tier 1,1
C05424,52,11.0,12,784.0,10906.0,5,0.59,0,1,Store,Tier 2,0
C05425,38,74.0,10,660.0,7743.0,4,0.24,1,0,Store,Tier 1,0
C05426,21,7.0,17,1180.0,23603.0,4,0.63,0,1,Store,Tier 1,0
C05427,15,86.0,10,1076.0,9935.0,3,0.33,0,0,Store,Tier 1,1
C05428,13,28.0,18,817.0,12974.0,3,0.12,0,0,Online,Tier 3,0
C05429,2,47.0,10,1206.0,13964.0,3,0.61,1,0,Store,Tier 1,1
C05430,3,81.0,10,1382.0,15195.0,2,0.31,1,0,Store,Tier 2,0
C05431,24,83.0,11,1017.0,9574.0,4,0.34,0,0,Store,Tier 2,0
C05432,9,80.0,11,437.0,4112.0,4,0.36,0,0,Online,Tier 1,0
C05433,7,9.0,13,1362.0,14870.0,2,0.21,0,0,Store,Tier 2,1
C05434,45,114.0,7,428.0,3544.0,3,0.34,0,1,Online,Tier 3,1
C05435,24,18.0,23,1017.0,24336.0,3,0.4,0,0,Store,Tier 1,0
C05436,35,87.0,10,713.0,8454.0,3,0.47,0,1,Store,Tier 3,1
C05437,8,41.0,3,706.0,1975.0,3,0.49,0,1,Store,Tier 2,1
C05438,43,87.0,7,706.0,5275.0,3,0.11,0,0,Both,Tier 2,0
C05439,8,54.0,11,701.0,7448.0,1,0.43,2,1,Online,Tier 3,0
C05440,33,11.0,14,864.0,11376.0,3,0.44,0,0,Store,Tier 3,1
C05441,57,16.0,13,1141.0,16508.0,2,0.49,0,0,Both,Tier 1,0
C05442,25,16.0,7,1166.0,6894.0,3,0.15,0,1,Store,Tier 2,1
C05443,31,38.0,20,550.0,11423.0,3,0.25,0,1,Both,Tier 2,0
C05444,29,87.0,12,931.0,13059.0,2,0.48,0,1,Store,Tier 1,1
C05445,13,29.0,6,431.0,2574.0,4,0.26,0,0,Online,Tier 1,0
C05446,10,132.0,11,698.0,7636.0,8,0.82,0,0,Online,Tier 1,0
C05447,6,108.0,10,,1927.0,4,0.09,0,1,Both,Tier 2,0
C05448,29,172.0,5,1147.0,5332.0,5,0.28,0,1,Store,Tier 2,1
C05449,55,51.0,8,1400.0,12887.0,2,0.26,0,0,Both,Tier 3,0
C05450,46,6.0,8,714.0,4864.0,1,0.35,0,1,Both,Tier 1,0
C05451,27,83.0,17,1035.0,16327.0,4,0.66,0,1,Store,Tier 3,0
C05452,58,32.0,13,648.0,9703.0,7,0.34,0,0,Both,Tier 1,0
C05453,57,59.0,10,763.0,7877.0,2,0.09,0,1,Store,Tier 2,0
C05454,59,20.0,11,555.0,6624.0,1,0.14,0,1,Store,Tier 2,0
C05455,14,29.0,11,1009.0,12982.0,2,0.41,0,0,Store,Tier 2,1
C05456,39,89.0,7,930.0,5833.0,5,0.06,0,1,Both,Tier 1,0
C05457,17,21.0,15,1044.0,15226.0,3,0.76,1,0,Store,Tier 3,0
C05458,36,24.0,17,985.0,13529.0,3,0.19,2,1,Both,Tier 3,0
C05459,16,61.0,9,904.0,8977.0,5,0.27,0,1,Both,Tier 1,0
C05460,38,55.0,15,669.0,9696.0,5,0.2,0,1,Online,Tier 2,0
C05461,46,37.0,3,890.0,3180.0,4,0.54,1,1,Store,Tier 2,0
C05462,35,34.0,13,833.0,11591.0,4,0.18,0,0,Store,Tier 3,0
C05463,46,17.0,12,1216.0,16307.0,5,0.26,1,0,Store,Tier 2,0
C05464,50,69.0,13,1096.0,16135.0,4,0.21,1,1,Store,Tier 3,0
C05465,15,16.0,20,378.0,7263.0,4,0.77,1,1,Online,Tier 2,0
C05466,35,66.0,9,1213.0,9631.0,3,0.27,0,1,Store,Tier 3,0
C05467,15,193.0,3,414.0,1448.0,5,0.44,1,1,Both,Tier 2,1
C05468,30,145.0,7,334.0,1876.0,4,0.53,0,1,Both,Tier 3,1
C05469,57,70.0,15,834.0,11868.0,5,0.24,0,1,Online,Tier 1,0
C05470,41,46.0,11,876.0,7762.0,3,0.21,0,0,Store,Tier 2,0
C05471,42,72.0,6,547.0,2688.0,4,0.39,0,1,Store,Tier 2,0
C05472,16,24.0,13,1338.0,20302.0,3,0.27,0,0,Online,Tier 2,0
C05473,5,25.0,11,448.0,4912.0,5,0.4,0,1,Store,Tier 2,0
C05474,30,139.0,10,808.0,7137.0,4,0.08,0,1,Both,Tier 2,0
C05475,13,36.0,17,1107.0,22260.0,3,0.59,0,0,Store,Tier 1,0
C05476,31,30.0,13,797.0,9795.0,2,0.66,0,0,Store,Tier 1,0
C05477,43,37.0,12,1427.0,18580.0,8,0.44,0,0,Both,Tier 1,0
C05478,45,29.0,15,553.0,9414.0,4,0.49,0,1,Both,Tier 1,0
C05479,20,10.0,15,770.0,10492.0,3,0.28,0,1,Store,Tier 3,0
C05480,15,59.0,11,1147.0,13805.0,3,0.18,0,0,Store,Tier 1,1
C05481,50,238.0,2,1168.0,2802.0,6,0.74,0,1,Store,Tier 2,1
C05482,51,10.0,9,1182.0,10611.0,3,0.54,0,0,Both,Tier 1,0
C05483,46,105.0,7,978.0,6741.0,3,0.74,1,1,Both,Tier 1,1
C05484,37,142.0,8,800.0,7496.0,5,0.17,1,1,Store,Tier 3,0
C05485,45,42.0,24,587.0,13889.0,4,0.74,0,1,Store,Tier 3,0
C05486,38,25.0,13,1315.0,17212.0,2,0.57,0,0,Store,Tier 1,1
C05487,27,140.0,8,798.0,7551.0,3,0.26,3,0,Both,Tier 2,1
C05488,45,24.0,10,896.0,9422.0,2,0.15,0,1,Both,Tier 1,0
C05489,18,52.0,14,1185.0,17934.0,4,0.52,0,0,Store,Tier 2,0
C05490,48,22.0,9,1100.0,11059.0,8,0.14,1,0,Online,Tier 1,1
C05491,11,129.0,8,488.0,3393.0,4,0.19,1,0,Both,Tier 2,1
C05492,35,28.0,14,861.0,12869.0,5,0.41,1,0,Store,Tier 1,0
C05493,20,25.0,10,238.0,2037.0,1,0.28,0,0,Both,Tier 1,0
C05494,32,166.0,8,,1161.0,1,0.25,0,1,Both,Tier 2,0
C05495,44,65.0,11,977.0,11222.0,4,0.52,0,1,Store,Tier 1,0
C05496,59,26.0,12,925.0,11461.0,5,0.46,0,1,Store,Tier 2,0
C05497,56,22.0,11,1308.0,15579.0,6,0.82,0,1,Store,Tier 3,0
C05498,19,35.0,12,1278.0,13456.0,5,0.45,2,0,Online,Tier 1,1
C05499,8,18.0,12,798.0,10051.0,4,0.49,0,0,Store,Tier 2,1
C05500,15,26.0,7,504.0,3830.0,4,0.16,1,1,Online,Tier 1,0
C05501,44,121.0,11,615.0,5781.0,2,0.43,0,1,Both,Tier 1,1
C05502,20,12.0,13,562.0,8157.0,4,0.11,0,0,Store,Tier 2,0
C05503,41,42.0,8,1448.0,11942.0,4,0.11,1,1,Both,Tier 3,0
C05504,48,14.0,15,452.0,7291.0,4,0.45,0,1,Both,Tier 1,0
C05505,15,93.0,10,1268.0,11013.0,2,0.07,0,0,Both,Tier 2,1
C05506,31,23.0,15,621.0,7751.0,6,0.43,0,1,Both,Tier 2,0
C05507,51,60.0,14,558.0,8860.0,2,0.45,0,0,Both,Tier 3,0
C05508,12,136.0,10,704.0,5822.0,2,0.55,0,0,Store,Tier 1,1
C05509,1,101.0,8,673.0,4792.0,8,0.15,1,1,Both,,0
C05510,57,37.0,16,590.0,8321.0,4,0.58,1,0,Store,Tier 1,0
C05511,56,3.0,6,1075.0,6500.0,5,0.19,1,1,Store,Tier 1,1
C05512,51,50.0,13,580.0,8897.0,5,0.17,0,1,Both,Tier 1,0
C05513,41,189.0,5,804.0,3353.0,3,0.24,0,1,Store,Tier 1,0
C05514,47,24.0,12,893.0,11828.0,2,0.08,0,1,Online,Tier 1,0
C05515,22,43.0,14,992.0,14450.0,5,0.36,0,1,Store,Tier 1,0
C05516,1,80.0,8,975.0,7651.0,2,0.6,0,0,Both,Tier 3,0
C05517,16,18.0,13,770.0,8766.0,6,0.62,1,1,Online,Tier 1,0
C05518,35,44.0,8,599.0,4903.0,5,0.35,0,0,Both,Tier 2,0
C05519,8,53.0,9,1192.0,9878.0,3,0.3,2,0,Store,Tier 3,0
C05520,32,256.0,3,472.0,1497.0,5,0.07,0,0,Online,Tier 2,1
C05521,29,6.0,12,952.0,13513.0,4,0.35,0,0,Both,Tier 2,0
C05522,44,88.0,12,1177.0,12232.0,6,0.69,0,1,Both,Tier 3,0
C05523,22,44.0,6,792.0,4496.0,8,0.37,0,0,Online,Tier 1,0
C05524,22,107.0,10,609.0,5548.0,3,0.24,1,1,Both,Tier 3,1
C05525,49,3.0,14,1059.0,15251.0,6,0.18,0,0,Store,Tier 3,0
C05526,30,66.0,12,944.0,11276.0,6,0.21,0,0,Both,Tier 1,0
C05527,47,86.0,13,725.0,11289.0,8,0.46,0,0,Both,Tier 3,0
C05528,46,97.0,3,725.0,1770.0,4,0.47,1,1,Both,Tier 3,0
C05529,7,27.0,12,648.0,8298.0,5,0.47,2,0,Store,Tier 1,1
C05530,43,24.0,20,582.0,11896.0,6,0.35,0,1,Online,Tier 2,0
C05531,6,15.0,18,1103.0,17847.0,1,0.07,0,0,Store,Tier 3,0
C05532,31,30.0,10,665.0,6986.0,5,0.21,0,1,Store,Tier 1,0
C05533,2,31.0,8,1508.0,10646.0,3,0.51,1,0,Both,Tier 1,0
C05534,28,86.0,7,986.0,6972.0,5,0.56,0,1,Store,Tier 2,0
C05535,48,22.0,9,1020.0,9255.0,2,0.14,0,0,Online,Tier 2,0
C05536,6,7.0,15,997.0,13531.0,4,0.43,1,0,Both,Tier 2,0
C05537,17,13.0,9,826.0,6034.0,5,0.35,3,0,Both,Tier 2,0
C05538,54,6.0,8,979.0,9345.0,2,0.18,3,0,Both,,0
C05539,23,11.0,16,602.0,9345.0,7,0.41,0,1,Both,Tier 1,0
C05540,58,36.0,14,990.0,13863.0,3,0.24,1,1,Store,Tier 2,0
C05541,41,56.0,12,704.0,7799.0,4,0.13,0,1,Both,Tier 2,0
C05542,51,98.0,10,709.0,7622.0,4,0.52,1,1,Store,Tier 3,0
C05543,37,135.0,7,1231.0,6922.0,3,0.54,0,0,Online,Tier 2,0
C05544,9,13.0,10,1344.0,12852.0,2,0.35,0,0,Online,Tier 1,0
C05545,31,23.0,9,1251.0,9587.0,3,0.42,0,0,Both,Tier 2,0
C05546,38,19.0,14,1435.0,21113.0,3,0.52,0,1,Both,Tier 2,0
C05547,42,49.0,13,1108.0,11801.0,7,0.24,0,0,Online,Tier 1,0
C05548,27,90.0,9,642.0,5229.0,4,0.54,0,0,Both,Tier 1,1
C05549,19,78.0,11,960.0,11243.0,4,0.71,0,0,Online,Tier 2,0
C05550,11,61.0,14,536.0,6052.0,3,0.13,1,0,Both,Tier 1,0
C05551,51,68.0,13,1111.0,14547.0,4,0.42,0,1,Store,Tier 1,0
C05552,5,5.0,14,830.0,12470.0,6,0.73,0,0,Both,Tier 3,0
C05553,36,17.0,15,628.0,7662.0,4,0.18,0,1,Store,Tier 1,0
C05554,4,89.0,10,150.0,1765.0,3,0.27,0,0,Store,Tier 2,0
C05555,50,11.0,13,1384.0,19260.0,3,0.35,0,1,Store,Tier 2,0
C05556,8,117.0,12,737.0,10190.0,3,0.09,0,0,Store,Tier 1,1
C05557,16,19.0,9,1232.0,13215.0,3,0.52,0,0,Store,Tier 2,0
C05558,20,85.0,10,1319.0,14383.0,8,0.4,1,1,Store,Tier 2,0
C05559,19,31.0,12,970.0,10431.0,2,0.31,0,0,Store,Tier 2,0
C05560,54,30.0,13,649.0,7469.0,3,0.47,0,1,Store,Tier 2,0
C05561,46,191.0,8,852.0,8149.0,3,0.42,0,1,Online,Tier 2,0
C05562,20,61.0,10,716.0,6732.0,3,0.32,0,0,Both,Tier 2,1
C05563,58,75.0,7,1012.0,6114.0,2,0.27,0,1,Both,,0
C05564,11,17.0,13,1271.0,13719.0,3,0.31,0,0,Both,Tier 1,0
C05565,6,58.0,11,1165.0,13613.0,4,0.33,0,0,Store,Tier 1,0
C05566,42,159.0,8,645.0,5726.0,3,0.59,0,0,Both,Tier 2,0
C05567,5,16.0,11,998.0,10091.0,4,0.37,0,0,Store,Tier 1,0
C05568,28,75.0,16,862.0,14667.0,3,0.13,1,1,Both,Tier 2,0
C05569,48,29.0,16,1026.0,13198.0,3,0.72,0,1,Store,Tier 1,0
C05570,21,59.0,12,934.0,13438.0,2,0.18,0,0,Store,Tier 3,0
C05571,56,213.0,6,731.0,3872.0,3,0.26,1,1,Store,Tier 2,1
C05572,12,51.0,11,864.0,9448.0,3,0.42,0,0,Store,Tier 3,0
C05573,16,174.0,9,843.0,8645.0,2,0.61,0,1,Online,Tier 1,0
C05574,20,77.0,10,537.0,4820.0,4,0.25,0,0,Both,Tier 1,1
C05575,36,30.0,14,633.0,7386.0,4,0.21,1,1,Store,Tier 1,0
C05576,25,89.0,10,978.0,8564.0,4,0.72,1,1,Online,Tier 1,1
C05577,46,33.0,11,898.0,10252.0,6,0.18,0,1,Store,Tier 2,0
C05578,49,131.0,11,697.0,8675.0,3,0.16,0,0,Online,Tier 2,0
C05579,24,31.0,12,1158.0,12693.0,2,0.63,0,1,Store,Tier 1,0
C05580,36,107.0,10,967.0,8815.0,3,0.73,0,1,Both,Tier 3,0
C05581,5,48.0,8,1878.0,14105.0,7,0.19,0,0,Both,Tier 2,0
C05582,57,46.0,12,592.0,7767.0,4,0.88,0,0,Online,Tier 2,0
C05583,14,54.0,18,1270.0,21882.0,4,0.56,0,0,Store,Tier 2,0
C05584,4,60.0,10,1307.0,15123.0,2,0.34,0,0,Online,Tier 2,0
C05585,30,142.0,4,891.0,3806.0,3,0.33,0,1,Store,Tier 1,0
C05586,57,26.0,15,787.0,12882.0,2,0.37,1,1,Online,Tier 3,0
C05587,48,27.0,15,1463.0,19625.0,4,0.45,0,0,Online,Tier 3,0
C05588,11,18.0,14,729.0,9186.0,2,0.78,1,0,Both,Tier 3,0
C05589,20,22.0,19,908.0,15739.0,6,0.64,1,1,Store,Tier 1,0
C05590,35,7.0,21,419.0,7099.0,3,0.18,0,0,Store,Tier 1,0
C05591,22,65.0,10,418.0,4020.0,8,0.65,0,0,Store,Tier 3,1
C05592,15,65.0,7,585.0,3898.0,4,0.52,2,0,Store,Tier 1,1
C05593,36,2.0,7,406.0,2724.0,7,0.23,0,1,Store,Tier 2,0
C05594,22,32.0,20,1428.0,25875.0,8,0.66,1,1,Both,Tier 1,0
C05595,40,41.0,15,1676.0,22245.0,1,0.53,0,1,Store,Tier 1,0
C05596,16,27.0,12,1107.0,10640.0,4,0.63,0,0,Online,Tier 1,0
C05597,34,23.0,16,456.0,8223.0,4,0.16,1,1,Online,Tier 1,0
C05598,28,135.0,11,1149.0,13384.0,1,0.64,0,1,Both,Tier 2,1
C05599,12,72.0,9,999.0,7476.0,4,0.19,0,0,Store,Tier 3,1
C05600,44,125.0,7,826.0,5903.0,3,0.55,2,1,Online,Tier 3,0
C05601,27,84.0,8,870.0,8044.0,1,0.22,0,1,Online,Tier 2,0
C05602,31,23.0,13,,10480.0,5,0.2,0,0,Online,Tier 1,0
C05603,56,94.0,22,981.0,21482.0,8,0.65,0,0,Both,Tier 3,0
C05604,24,52.0,6,1148.0,5985.0,4,0.13,0,0,Store,Tier 1,0
C05605,10,35.0,11,472.0,4655.0,4,0.13,1,1,Both,Tier 3,0
C05606,54,85.0,12,721.0,8194.0,3,0.57,0,1,Online,Tier 2,0
C05607,39,27.0,11,614.0,5653.0,3,0.19,0,0,Both,Tier 2,0
C05608,18,104.0,7,881.0,7323.0,2,0.35,0,0,Online,Tier 2,1
C05609,42,48.0,13,770.0,8647.0,6,0.25,0,1,Store,Tier 2,0
C05610,32,70.0,9,338.0,3255.0,4,0.72,0,0,Store,Tier 1,1
C05611,37,33.0,16,671.0,8970.0,7,0.22,1,0,Store,Tier 2,1
C05612,56,83.0,7,861.0,6523.0,4,0.45,0,1,Store,Tier 1,0
C05613,47,25.0,14,1009.0,13009.0,1,0.21,0,0,Online,Tier 1,0
C05614,15,57.0,5,667.0,3285.0,3,0.34,0,0,Online,Tier 2,0
C05615,40,39.0,11,1046.0,11040.0,6,0.63,0,0,Store,Tier 1,0
C05616,4,152.0,10,363.0,3434.0,6,0.39,1,0,Store,Tier 3,1
C05617,46,2.0,14,633.0,9034.0,1,0.06,0,1,Store,Tier 1,0
C05618,48,42.0,17,896.0,14274.0,3,0.36,0,1,Online,Tier 2,0
C05619,47,12.0,8,1265.0,9748.0,3,0.47,0,1,Store,Tier 1,0
C05620,33,69.0,10,1058.0,11938.0,3,0.28,0,1,Online,Tier 3,0
C05621,56,73.0,14,1181.0,14769.0,5,0.72,0,1,Both,Tier 3,0
C05622,59,34.0,15,872.0,10628.0,4,0.2,0,1,Store,Tier 1,0
C05623,8,101.0,8,493.0,3910.0,5,0.44,2,1,Store,,0
C05624,8,45.0,12,457.0,5811.0,6,0.35,0,1,Store,Tier 1,0
C05625,11,157.0,8,1186.0,10962.0,7,0.51,0,0,Store,Tier 1,1
C05626,54,16.0,14,890.0,13498.0,1,0.15,1,0,Both,Tier 1,0
C05627,45,49.0,17,810.0,12760.0,2,0.64,0,1,Store,Tier 1,0
C05628,7,59.0,11,698.0,7581.0,2,0.37,0,0,Store,Tier 1,0
C05629,43,107.0,9,1096.0,10004.0,4,0.89,1,1,Store,Tier 3,1
C05630,48,54.0,13,1365.0,17135.0,2,0.2,0,1,Both,Tier 1,0
C05631,14,85.0,20,,18701.0,4,0.43,0,0,Online,Tier 2,1
C05632,24,64.0,5,1067.0,4710.0,6,0.79,0,1,Both,Tier 1,0
C05633,33,44.0,8,1675.0,11472.0,7,0.31,0,1,Both,Tier 2,0
C05634,9,93.0,14,915.0,12987.0,3,0.2,0,1,Store,Tier 2,0
C05635,16,23.0,10,514.0,4481.0,3,0.47,0,1,Both,Tier 2,0
C05636,7,45.0,8,1135.0,10666.0,6,0.55,1,0,Store,Tier 2,0
C05637,49,71.0,8,230.0,2018.0,6,0.54,1,1,Both,Tier 3,0
C05638,22,41.0,14,150.0,2254.0,2,0.39,0,0,Store,Tier 1,0
C05639,17,70.0,14,1011.0,11358.0,5,0.15,1,1,Both,Tier 2,0
C05640,42,12.0,7,680.0,4813.0,2,0.34,0,1,Both,Tier 2,0
C05641,40,106.0,12,,17787.0,3,0.22,0,0,Store,Tier 1,1
C05642,32,74.0,6,818.0,5359.0,3,0.15,0,0,Both,Tier 1,0
C05643,14,6.0,23,1625.0,38933.0,7,0.55,1,0,Online,Tier 2,0
C05644,1,35.0,23,807.0,17706.0,4,0.4,1,0,Online,Tier 1,0
C05645,58,141.0,13,905.0,11023.0,3,0.46,0,0,Online,Tier 1,1
C05646,1,79.0,9,746.0,6557.0,3,0.25,0,1,Both,Tier 3,1
C05647,37,7.0,15,1315.0,20991.0,4,0.43,0,0,Both,Tier 3,0
C05648,37,95.0,7,863.0,5862.0,4,0.46,2,0,Both,Tier 2,1
C05649,14,116.0,15,1044.0,18773.0,5,0.18,2,1,Store,Tier 2,0
C05650,8,50.0,13,1002.0,10471.0,5,0.37,1,1,Store,Tier 2,0
C05651,41,86.0,14,490.0,8111.0,4,0.59,0,1,Both,Tier 3,1
C05652,31,138.0,11,753.0,8366.0,5,0.4,0,1,Both,Tier 1,0
C05653,36,34.0,11,731.0,8286.0,4,0.27,0,1,Store,Tier 1,0
C05654,26,111.0,8,811.0,7443.0,5,0.65,1,1,Both,Tier 2,0
C05655,19,53.0,9,674.0,4882.0,4,0.24,0,0,Store,Tier 1,0
C05656,12,267.0,5,841.0,4764.0,5,0.25,0,1,Store,Tier 1,1
C05657,4,59.0,7,768.0,6068.0,2,0.22,0,0,Both,Tier 3,1
C05658,13,6.0,18,753.0,12355.0,6,0.62,1,0,Both,Tier 2,0
C05659,44,35.0,20,893.0,19019.0,3,0.54,0,0,Online,Tier 1,0
C05660,57,18.0,9,1073.0,10775.0,3,0.42,1,1,Store,Tier 1,0
C05661,58,77.0,13,567.0,8382.0,7,0.65,2,1,Store,Tier 1,0
C05662,11,76.0,4,1494.0,6558.0,4,0.41,0,0,Store,Tier 3,0
C05663,12,84.0,13,909.0,12466.0,5,0.34,0,1,Store,Tier 2,0
C05664,30,25.0,9,612.0,5621.0,8,0.48,0,1,Both,Tier 1,0
C05665,53,47.0,8,650.0,5732.0,4,0.58,0,1,Store,Tier 1,0
C05666,16,77.0,13,930.0,12131.0,6,0.36,0,0,Both,Tier 1,0
C05667,31,54.0,15,632.0,7853.0,7,0.45,1,1,Online,Tier 3,0
C05668,49,81.0,10,767.0,8409.0,4,0.06,0,1,Store,Tier 2,1
C05669,43,55.0,20,966.0,21997.0,3,0.41,1,0,Store,Tier 1,0
C05670,8,159.0,6,1329.0,6773.0,3,0.32,0,0,Store,Tier 3,1
C05671,58,87.0,9,567.0,4691.0,4,0.65,0,1,Online,Tier 3,0
C05672,39,157.0,7,150.0,973.0,4,0.5,0,1,Online,Tier 2,1
C05673,28,15.0,13,980.0,10945.0,2,0.69,1,1,Store,Tier 2,0
C05674,34,37.0,14,654.0,9588.0,2,0.19,1,0,Store,Tier 3,0
C05675,12,118.0,8,1180.0,10731.0,5,0.13,0,0,Store,Tier 1,0
C05676,49,104.0,10,868.0,8037.0,3,0.4,0,1,Store,Tier 3,0
C05677,60,38.0,8,1363.0,12441.0,3,0.34,0,1,Online,Tier 1,0
C05678,11,43.0,13,1671.0,25208.0,7,0.39,0,1,Store,Tier 2,0
C05679,58,7.0,13,239.0,2946.0,3,0.47,0,1,Store,Tier 2,0
C05680,41,17.0,14,738.0,8780.0,5,0.51,0,0,Store,Tier 1,0
C05681,53,17.0,14,835.0,10873.0,2,0.53,1,1,Online,Tier 1,0
C05682,21,53.0,10,929.0,7858.0,6,0.37,1,1,Both,Tier 2,0
C05683,26,157.0,8,1473.0,13440.0,3,0.6,0,1,Store,Tier 1,0
C05684,42,89.0,11,1261.0,13047.0,2,0.59,0,1,Store,Tier 3,1
C05685,50,149.0,6,779.0,5564.0,3,0.21,0,1,Both,Tier 1,0
C05686,2,13.0,17,1105.0,19669.0,3,0.16,0,0,Both,Tier 2,0
C05687,54,90.0,16,957.0,15264.0,8,0.17,0,1,Both,Tier 1,0
C05688,41,11.0,13,497.0,5753.0,3,0.2,2,1,Both,Tier 2,0
C05689,29,132.0,6,1034.0,5519.0,3,0.28,1,0,Store,Tier 2,0
C05690,46,35.0,10,875.0,9628.0,2,0.37,0,0,Both,Tier 2,0
C05691,59,83.0,14,364.0,4662.0,6,0.4,0,1,Online,Tier 1,0
C05692,47,60.0,14,373.0,4250.0,3,0.67,0,1,Store,Tier 2,0
C05693,48,83.0,9,416.0,3424.0,4,0.18,1,0,Both,Tier 2,0
C05694,46,146.0,6,1109.0,5778.0,6,0.51,1,1,Store,Tier 2,0
C05695,36,9.0,15,299.0,4780.0,7,0.59,2,1,Store,Tier 3,0
C05696,40,40.0,11,466.0,5148.0,6,0.2,0,1,Both,Tier 2,0
C05697,37,110.0,10,1117.0,11016.0,4,0.29,0,0,Store,Tier 1,1
C05698,14,38.0,8,1121.0,7386.0,5,0.69,0,1,Store,Tier 1,0
C05699,13,19.0,16,1071.0,15056.0,3,0.34,0,1,Online,Tier 3,0
C05700,33,56.0,14,953.0,12129.0,3,0.21,0,1,Online,Tier 2,0
C05701,30,26.0,10,835.0,8343.0,8,0.57,1,1,Store,Tier 1,0
C05702,46,10.0,13,930.0,11105.0,3,0.22,0,0,Store,,0
C05703,54,120.0,7,962.0,7891.0,4,0.48,0,1,Store,Tier 2,0
C05704,54,20.0,14,733.0,11833.0,3,0.04,0,1,Both,Tier 1,0
C05705,14,15.0,7,953.0,6714.0,4,0.56,0,1,Store,Tier 1,0
C05706,53,29.0,15,1228.0,19615.0,7,0.45,0,1,Store,Tier 3,0
C05707,14,38.0,10,1054.0,8453.0,2,0.45,0,0,Both,Tier 3,0
C05708,58,19.0,13,1211.0,16783.0,6,0.79,1,1,Both,Tier 2,0
C05709,6,8.0,18,595.0,10304.0,4,0.41,0,0,Store,Tier 2,0
C05710,20,42.0,8,1086.0,8803.0,4,0.34,1,1,Store,Tier 2,1
C05711,58,110.0,8,1277.0,11830.0,4,0.11,0,1,Store,Tier 1,0
C05712,6,93.0,7,1105.0,6333.0,5,0.3,0,1,Store,Tier 2,0
C05713,18,23.0,15,691.0,12208.0,3,0.6,0,1,Both,Tier 3,0
C05714,59,57.0,9,957.0,8034.0,5,0.44,1,1,Both,Tier 1,0
C05715,14,69.0,14,993.0,16055.0,5,0.09,0,0,Both,Tier 3,1
C05716,54,111.0,11,876.0,10907.0,6,0.15,0,1,Store,Tier 3,0
C05717,42,89.0,15,1004.0,15655.0,7,0.27,1,1,Both,Tier 2,0
C05718,7,30.0,13,1361.0,18559.0,1,0.25,0,0,Store,Tier 3,0
C05719,57,62.0,10,860.0,9668.0,2,0.3,0,1,Online,Tier 1,0
C05720,43,51.0,10,783.0,8480.0,3,0.67,0,1,Both,Tier 1,0
C05721,4,53.0,15,1224.0,17047.0,2,0.53,1,0,Online,Tier 1,0
C05722,56,49.0,10,574.0,4993.0,3,0.27,1,1,Online,Tier 1,0
C05723,15,41.0,9,1416.0,14517.0,2,0.03,1,1,Both,Tier 2,1
C05724,27,154.0,10,578.0,6924.0,4,0.42,0,1,Store,Tier 2,0
C05725,45,141.0,7,924.0,5429.0,1,0.32,0,0,Store,Tier 3,1
C05726,29,90.0,12,999.0,10635.0,6,0.2,0,1,Online,Tier 2,0
C05727,3,45.0,8,937.0,8569.0,3,0.44,1,0,Both,Tier 2,1
C05728,18,73.0,13,985.0,13987.0,2,0.15,0,1,Both,Tier 3,0
C05729,19,91.0,10,926.0,8217.0,3,0.25,0,1,Online,Tier 1,1
C05730,60,8.0,15,1224.0,18082.0,1,0.49,0,1,Online,Tier 1,0
C05731,28,39.0,9,750.0,6550.0,1,0.53,0,0,Store,Tier 2,0
C05732,36,73.0,8,930.0,6354.0,3,0.3,0,0,Online,Tier 1,0
C05733,34,20.0,17,872.0,16917.0,5,0.47,1,0,Store,Tier 3,0
C05734,34,38.0,16,622.0,9237.0,5,0.09,0,1,Store,Tier 2,0
C05735,9,63.0,11,857.0,9976.0,4,0.36,1,0,Store,Tier 1,0
C05736,3,105.0,8,888.0,7843.0,7,0.41,1,0,Store,Tier 1,0
C05737,23,8.0,8,854.0,8136.0,2,0.55,0,0,Online,Tier 2,1
C05738,6,44.0,17,1085.0,22067.0,3,0.51,0,0,Store,Tier 1,0
C05739,56,33.0,11,1299.0,16725.0,4,0.37,1,1,Store,Tier 2,0
C05740,11,53.0,16,1297.0,21796.0,3,0.22,1,1,Store,Tier 2,0
C05741,56,51.0,15,1199.0,17329.0,2,0.52,0,1,Store,Tier 1,0
C05742,12,39.0,13,660.0,7319.0,3,0.11,0,0,Online,Tier 2,0
C05743,27,34.0,12,319.0,4406.0,6,0.03,0,0,Online,Tier 3,0
C05744,5,27.0,20,1277.0,24502.0,3,0.42,0,0,Store,Tier 2,0
C05745,28,70.0,16,1513.0,23527.0,7,0.27,0,0,Store,Tier 2,0
C05746,27,95.0,11,1087.0,10700.0,5,0.28,0,0,Store,Tier 2,1
C05747,56,30.0,12,945.0,12095.0,1,0.31,0,0,Store,Tier 3,0
C05748,12,15.0,13,927.0,10703.0,4,0.08,1,0,Store,Tier 1,1
C05749,54,16.0,24,1605.0,39115.0,3,0.61,0,1,Both,Tier 2,0
C05750,21,15.0,12,910.0,9798.0,3,0.5,1,0,Store,Tier 1,0
C05751,29,19.0,19,434.0,6857.0,5,0.28,0,0,Store,Tier 3,0
C05752,9,50.0,13,998.0,14161.0,2,0.69,0,0,Store,Tier 2,0
C05753,13,35.0,15,926.0,15277.0,2,0.36,0,0,Both,Tier 2,0
C05754,59,8.0,18,1176.0,25178.0,3,0.58,0,1,Online,Tier 1,0
C05755,4,81.0,11,1159.0,15274.0,3,0.63,1,1,Store,Tier 1,0
C05756,11,76.0,10,657.0,7391.0,2,0.45,0,0,Store,Tier 2,1
C05757,28,22.0,17,1167.0,16491.0,4,0.67,2,0,Both,Tier 2,0
C05758,39,36.0,12,1331.0,12990.0,4,0.22,0,1,Both,Tier 1,0
C05759,43,113.0,13,1221.0,17693.0,3,0.13,0,0,Store,Tier 1,0
C05760,51,22.0,15,866.0,14057.0,4,0.88,0,1,Store,Tier 2,0
C05761,25,233.0,6,438.0,3142.0,2,0.3,1,0,Online,Tier 1,0
C05762,23,14.0,19,621.0,9479.0,7,0.08,1,0,Store,Tier 1,0
C05763,45,151.0,7,1274.0,7148.0,2,0.78,0,0,Online,Tier 2,1
C05764,20,105.0,6,569.0,2862.0,2,0.07,1,0,Both,Tier 3,0
C05765,4,82.0,14,1275.0,21183.0,5,0.54,0,1,Both,Tier 2,1
C05766,39,126.0,10,736.0,7483.0,4,0.46,0,1,Store,Tier 2,0
C05767,13,176.0,5,277.0,1608.0,4,0.33,0,1,Online,Tier 1,1
C05768,40,23.0,4,1128.0,3953.0,3,0.34,0,0,Store,Tier 2,1
C05769,14,24.0,6,1435.0,8280.0,5,0.72,0,0,Store,Tier 1,0
C05770,40,34.0,17,783.0,11379.0,3,0.39,1,0,Online,Tier 1,1
C05771,6,19.0,21,658.0,15190.0,2,0.22,0,1,Store,Tier 1,0
C05772,34,10.0,12,802.0,9802.0,4,0.63,0,1,Both,Tier 2,1
C05773,14,75.0,8,986.0,7687.0,3,0.08,0,1,Online,Tier 1,0
C05774,23,4.0,13,1023.0,12527.0,6,0.07,0,0,Online,Tier 2,1
C05775,41,53.0,5,829.0,4506.0,3,0.76,0,1,Store,Tier 2,1
C05776,33,44.0,10,794.0,6499.0,5,0.7,0,1,Both,Tier 2,0
C05777,3,42.0,12,736.0,9057.0,5,0.13,0,0,Store,Tier 3,0
C05778,17,56.0,13,976.0,12310.0,2,0.19,0,0,Online,Tier 3,0
C05779,41,26.0,19,1434.0,27780.0,3,0.51,2,1,Store,Tier 1,0
C05780,55,136.0,9,1244.0,9306.0,5,0.58,0,0,Online,Tier 2,0
C05781,55,31.0,22,1203.0,31015.0,5,0.28,0,1,Store,Tier 2,0
C05782,51,103.0,10,295.0,2372.0,1,0.54,0,1,Store,Tier 2,0
C05783,23,54.0,10,552.0,6051.0,4,0.51,0,1,Both,Tier 3,0
C05784,18,62.0,17,731.0,13704.0,2,0.65,0,1,Online,Tier 2,0
C05785,33,169.0,8,1356.0,9397.0,7,0.92,0,0,Store,Tier 2,1
C05786,12,30.0,14,1221.0,16410.0,3,0.24,1,0,Store,Tier 2,0
C05787,59,51.0,7,165.0,1022.0,5,0.46,0,1,Store,Tier 3,0
C05788,11,52.0,17,807.0,12962.0,1,0.36,1,0,Online,Tier 1,1
C05789,11,32.0,12,854.0,10961.0,6,0.34,1,0,Online,Tier 2,0
C05790,53,5.0,11,1065.0,10706.0,2,0.61,0,0,Both,Tier 1,0
C05791,15,8.0,14,914.0,14652.0,3,0.3,0,0,Both,Tier 1,0
C05792,3,50.0,7,299.0,2219.0,4,0.27,0,1,Both,Tier 1,0
C05793,44,39.0,15,863.0,12640.0,4,0.36,0,0,Store,Tier 1,0
C05794,48,24.0,6,1207.0,8430.0,5,0.37,0,0,Store,Tier 1,0
C05795,14,112.0,10,1250.0,13688.0,5,0.56,0,0,Both,Tier 2,1
C05796,21,61.0,9,560.0,4499.0,8,0.31,0,1,Store,Tier 2,0
C05797,2,32.0,11,1152.0,11339.0,6,0.78,0,1,Store,Tier 1,0
C05798,24,116.0,4,343.0,1582.0,5,0.33,0,1,Store,Tier 1,1
C05799,11,37.0,11,1295.0,12217.0,4,0.82,0,0,Store,Tier 2,0
C05800,19,259.0,2,740.0,1343.0,3,0.07,1,1,Store,Tier 2,1
C05801,16,27.0,14,985.0,16166.0,4,0.56,1,0,Store,Tier 2,0
C05802,38,17.0,10,767.0,7349.0,5,0.36,0,1,Store,Tier 2,0
C05803,12,117.0,10,857.0,9141.0,2,0.74,1,1,Both,Tier 2,1
C05804,10,84.0,12,1208.0,12195.0,4,0.37,0,1,Both,Tier 2,0
C05805,14,76.0,13,975.0,12578.0,8,0.64,0,0,Store,Tier 3,1
C05806,21,23.0,10,1075.0,11445.0,1,0.2,1,0,Online,Tier 3,0
C05807,6,39.0,10,,8643.0,4,0.11,1,0,Store,Tier 2,0
C05808,43,49.0,8,1187.0,11045.0,5,0.55,0,0,Both,Tier 1,0
C05809,29,50.0,10,1168.0,9625.0,4,0.24,1,1,Store,Tier 3,0
C05810,55,95.0,10,477.0,5329.0,2,0.42,0,0,Both,Tier 2,0
C05811,5,202.0,5,1077.0,6130.0,3,0.36,2,1,Store,Tier 2,1
C05812,47,81.0,10,1034.0,8848.0,8,0.41,0,0,Both,Tier 3,1
C05813,19,161.0,11,580.0,6333.0,1,0.14,0,0,Store,Tier 2,1
C05814,25,67.0,20,326.0,6017.0,2,0.57,0,0,Store,Tier 2,1
C05815,46,83.0,17,1184.0,23767.0,4,0.29,0,1,Online,Tier 2,0
C05816,42,112.0,9,810.0,6370.0,8,0.02,0,1,Store,Tier 2,0
C05817,15,36.0,11,261.0,3329.0,5,0.52,0,1,Both,Tier 2,0
C05818,35,103.0,5,1054.0,4813.0,6,0.33,1,1,Both,Tier 1,0
C05819,52,53.0,15,1181.0,16890.0,5,0.29,0,1,Store,Tier 1,0
C05820,57,48.0,11,1239.0,13024.0,4,0.32,0,1,Store,Tier 1,0
C05821,44,133.0,9,784.0,8373.0,5,0.13,0,0,Both,Tier 3,0
C05822,2,62.0,11,684.0,6665.0,6,0.37,0,1,Both,Tier 2,0
C05823,14,120.0,11,992.0,11935.0,2,0.28,0,1,Store,Tier 2,1
C05824,30,29.0,11,1347.0,15941.0,2,0.95,0,1,Online,Tier 2,0
C05825,35,133.0,10,1738.0,15563.0,8,0.38,1,0,Store,Tier 1,1
C05826,14,67.0,14,1210.0,20031.0,3,0.11,0,0,Store,Tier 3,0
C05827,19,20.0,22,798.0,14618.0,4,0.41,0,0,Both,Tier 1,0
C05828,59,16.0,15,669.0,10088.0,3,0.89,0,1,Both,Tier 1,0
C05829,10,24.0,19,685.0,11712.0,3,0.28,0,0,Store,Tier 3,0
C05830,26,5.0,13,1365.0,17397.0,4,0.65,1,1,Store,Tier 1,0
C05831,8,18.0,17,1163.0,17437.0,3,0.14,0,0,Both,Tier 2,0
C05832,35,66.0,10,727.0,6007.0,4,0.48,0,0,Store,Tier 3,1
C05833,52,32.0,12,1324.0,16654.0,4,0.04,1,0,Store,Tier 1,0
C05834,17,63.0,8,1122.0,10414.0,5,0.53,3,0,Store,Tier 2,0
C05835,54,73.0,11,828.0,8597.0,1,0.33,0,0,Store,Tier 1,0
C05836,49,14.0,14,1009.0,12621.0,5,0.73,0,1,Store,Tier 2,0
C05837,57,28.0,11,1486.0,19363.0,5,0.64,0,1,Store,Tier 3,0
C05838,60,37.0,7,1236.0,8236.0,2,0.47,1,0,Online,Tier 3,1
C05839,40,78.0,7,537.0,3946.0,3,0.35,0,0,Store,Tier 1,0
C05840,3,57.0,15,298.0,3815.0,2,0.44,1,0,Online,Tier 1,0
C05841,49,45.0,8,934.0,6159.0,3,0.2,0,1,Store,Tier 3,0
C05842,49,33.0,10,1140.0,12939.0,5,0.68,0,1,Store,Tier 2,0
C05843,2,5.0,15,790.0,12889.0,3,0.05,0,1,Store,Tier 2,0
C05844,12,153.0,7,1470.0,9182.0,5,0.23,0,0,Store,Tier 2,1
C05845,17,163.0,8,704.0,4808.0,4,0.36,0,1,Online,Tier 1,0
C05846,38,63.0,14,871.0,10485.0,4,0.43,1,0,Both,Tier 2,0
C05847,47,63.0,6,1120.0,5650.0,4,0.45,0,1,Both,Tier 1,0
C05848,8,42.0,8,839.0,8038.0,3,0.3,0,1,Store,Tier 1,0
C05849,41,27.0,18,973.0,15645.0,4,0.14,0,0,Online,Tier 1,0
C05850,15,16.0,11,995.0,13081.0,2,0.5,0,0,Store,Tier 2,1
C05851,24,137.0,7,228.0,1873.0,4,0.33,0,1,Store,Tier 1,1
C05852,10,20.0,10,1018.0,8470.0,3,0.13,0,0,Store,Tier 1,1
C05853,41,15.0,21,574.0,10180.0,4,0.4,0,1,Both,Tier 1,0
C05854,29,7.0,15,1363.0,19433.0,4,0.05,0,1,Store,Tier 2,0
C05855,34,102.0,15,417.0,6899.0,5,0.78,0,1,Online,Tier 3,0
C05856,9,64.0,12,749.0,9113.0,4,0.34,1,1,Online,Tier 1,0
C05857,5,47.0,16,789.0,15103.0,1,0.09,2,0,Online,Tier 2,0
C05858,16,214.0,2,678.0,1322.0,6,0.73,0,0,Store,Tier 1,1
C05859,54,25.0,13,224.0,2592.0,3,0.49,0,1,Store,Tier 3,0
C05860,9,11.0,18,960.0,19389.0,6,0.55,0,0,Both,,0
C05861,4,77.0,9,1072.0,11125.0,8,0.7,0,1,Both,Tier 2,1
C05862,7,8.0,11,446.0,4162.0,4,0.29,1,1,Store,Tier 3,0
C05863,28,4.0,14,562.0,7410.0,3,0.7,0,0,Store,Tier 2,0
C05864,53,13.0,19,828.0,15469.0,5,0.1,0,1,Store,Tier 3,0
C05865,33,45.0,4,651.0,2294.0,5,0.43,0,0,Online,Tier 2,0
C05866,49,42.0,11,1372.0,15725.0,4,0.59,0,1,Store,,0
C05867,41,14.0,14,653.0,9577.0,3,0.22,0,1,Both,Tier 2,0
C05868,28,34.0,13,786.0,10563.0,5,0.66,0,0,Store,,0
C05869,42,191.0,9,1489.0,15426.0,6,0.41,0,1,Store,Tier 2,0
C05870,56,94.0,6,869.0,5408.0,3,0.59,0,0,Online,Tier 1,1
C05871,4,178.0,8,889.0,8012.0,4,0.5,0,0,Store,Tier 3,0
C05872,23,14.0,6,837.0,4407.0,6,0.67,0,0,Store,Tier 1,1
C05873,60,144.0,4,919.0,3586.0,3,0.06,0,0,Both,Tier 2,1
C05874,13,48.0,10,989.0,8133.0,4,0.65,1,0,Both,Tier 3,0
C05875,9,67.0,19,749.0,11882.0,3,0.39,0,0,Online,Tier 2,0
C05876,44,62.0,15,1263.0,18660.0,4,0.84,2,1,Store,Tier 3,0
C05877,8,92.0,6,1325.0,8714.0,6,0.48,1,0,Both,Tier 2,0
C05878,40,104.0,9,947.0,8122.0,4,0.31,0,0,Store,Tier 2,1
C05879,38,9.0,13,1011.0,13948.0,3,0.14,0,0,Online,Tier 2,0
C05880,14,8.0,12,1120.0,15121.0,8,0.26,0,0,Store,Tier 1,0
C05881,9,61.0,5,789.0,4659.0,6,0.59,0,1,Online,Tier 2,0
C05882,38,35.0,10,883.0,10049.0,4,0.03,1,1,Store,Tier 2,0
C05883,26,134.0,8,944.0,8641.0,1,0.51,1,1,Store,Tier 3,0
C05884,19,46.0,6,705.0,4517.0,3,0.04,0,1,Both,Tier 2,1
C05885,11,7.0,12,869.0,8996.0,3,0.48,1,0,Store,Tier 2,0
C05886,30,19.0,12,659.0,6835.0,3,0.13,0,1,Store,Tier 3,0
C05887,28,18.0,17,1141.0,20993.0,6,0.45,0,0,Online,Tier 1,0
C05888,19,21.0,9,1041.0,10723.0,5,0.36,0,1,Both,Tier 2,0
C05889,48,34.0,14,1000.0,12357.0,5,0.33,0,1,Both,Tier 2,0
C05890,1,97.0,14,1102.0,16095.0,5,0.5,1,0,Store,Tier 1,0
C05891,29,122.0,8,1016.0,9268.0,4,0.34,1,1,Both,Tier 1,1
C05892,58,35.0,15,930.0,11594.0,5,0.32,0,1,Store,Tier 2,0
C05893,34,88.0,8,968.0,7241.0,5,0.46,1,1,Both,Tier 1,0
C05894,6,21.0,13,843.0,12339.0,3,0.07,1,0,Store,Tier 2,0
C05895,48,68.0,15,1293.0,22774.0,4,0.32,0,1,Both,Tier 2,0
C05896,49,172.0,8,728.0,5894.0,3,0.36,1,1,Online,Tier 3,1
C05897,24,60.0,12,750.0,9545.0,3,0.14,1,1,Store,Tier 3,1
C05898,21,54.0,11,514.0,5568.0,5,0.22,0,1,Both,Tier 2,0
C05899,53,91.0,11,1169.0,12176.0,7,0.28,0,0,Online,Tier 2,0
C05900,57,20.0,17,1170.0,23524.0,6,0.64,1,0,Store,Tier 1,0
C05901,22,7.0,8,1599.0,11487.0,2,0.2,0,0,Both,Tier 2,0
C05902,11,59.0,17,258.0,3579.0,2,0.21,1,0,Store,Tier 3,0
C05903,41,9.0,16,1474.0,20923.0,2,0.2,2,0,Store,Tier 2,0
C05904,55,6.0,11,743.0,7706.0,3,0.43,0,0,Both,Tier 1,0
C05905,24,132.0,13,1077.0,14147.0,4,0.33,0,1,Both,Tier 1,0
C05906,34,47.0,14,,9032.0,3,0.61,1,1,Store,Tier 1,0
C05907,31,13.0,9,1196.0,10652.0,3,0.21,1,0,Store,Tier 3,0
C05908,22,22.0,6,989.0,4982.0,4,0.72,0,1,Online,Tier 1,0
C05909,8,75.0,13,1235.0,12923.0,4,0.54,1,0,Store,Tier 1,1
C05910,48,11.0,15,530.0,7910.0,2,0.37,0,0,Store,Tier 2,0
C05911,31,40.0,13,1450.0,19416.0,5,0.3,1,0,Store,Tier 1,1
C05912,51,14.0,9,778.0,6479.0,3,0.18,0,0,Store,Tier 3,0
C05913,59,85.0,11,999.0,10510.0,3,0.46,0,1,Store,Tier 1,1
C05914,13,56.0,11,861.0,8239.0,4,0.67,1,0,Store,Tier 3,0
C05915,15,58.0,12,1112.0,11943.0,3,0.85,0,1,Online,Tier 1,0
C05916,46,183.0,2,1279.0,2804.0,4,0.27,0,1,Both,Tier 2,1
C05917,4,28.0,18,1177.0,21328.0,4,0.38,0,0,Both,Tier 1,0
C05918,4,131.0,5,822.0,4811.0,4,0.75,1,0,Store,Tier 2,1
C05919,46,75.0,13,1513.0,18834.0,5,0.25,0,1,Store,Tier 3,0
C05920,55,68.0,7,1685.0,13954.0,4,0.47,1,1,Store,Tier 2,1
C05921,16,31.0,17,512.0,7229.0,4,0.21,2,0,Store,Tier 3,0
C05922,33,176.0,5,477.0,2496.0,5,0.13,0,1,Both,Tier 1,1
C05923,9,83.0,4,624.0,2560.0,4,0.78,0,0,Store,Tier 3,0
C05924,16,18.0,12,1231.0,16741.0,6,0.45,0,1,Both,Tier 1,0
C05925,20,65.0,19,,18526.0,6,0.28,1,0,Store,Tier 3,0
C05926,51,111.0,5,629.0,3027.0,2,0.59,0,1,Store,Tier 1,0
C05927,6,27.0,13,1189.0,12801.0,5,0.45,1,0,Both,Tier 1,0
C05928,40,12.0,15,1343.0,17330.0,5,0.27,0,0,Online,Tier 1,0
C05929,5,36.0,11,1029.0,13539.0,3,0.02,2,0,Online,Tier 2,0
C05930,32,57.0,22,919.0,19217.0,7,0.21,0,1,Store,Tier 1,0
C05931,8,29.0,16,757.0,12359.0,3,0.3,0,0,Online,Tier 1,1
C05932,53,11.0,13,646.0,6893.0,2,0.49,0,0,Both,Tier 2,0
C05933,16,8.0,18,675.0,10668.0,4,0.24,0,0,Store,Tier 2,0
C05934,60,108.0,11,643.0,7954.0,1,0.5,0,1,Store,Tier 2,0
C05935,39,48.0,13,205.0,2714.0,3,0.06,0,1,Store,Tier 2,0
C05936,6,82.0,9,799.0,8312.0,3,0.06,0,0,Both,Tier 2,0
C05937,9,9.0,13,525.0,7655.0,6,0.41,0,0,Both,Tier 1,1
C05938,5,20.0,8,150.0,1254.0,3,0.5,0,0,Both,Tier 3,0
C05939,31,88.0,9,822.0,7374.0,7,0.69,1,1,Store,Tier 2,0
C05940,31,23.0,15,1106.0,15790.0,4,0.26,0,1,Store,Tier 1,0
C05941,31,27.0,8,688.0,5874.0,8,0.43,0,0,Store,Tier 2,0
C05942,32,14.0,15,1042.0,12755.0,2,0.12,1,0,Store,Tier 3,0
C05943,45,14.0,14,784.0,10641.0,1,0.13,0,1,Both,Tier 2,0
C05944,8,27.0,20,850.0,16062.0,4,0.27,0,0,Both,Tier 1,0
C05945,6,76.0,10,1349.0,11069.0,2,0.39,2,0,Both,Tier 3,0
C05946,16,38.0,11,906.0,9537.0,5,0.22,0,1,Store,Tier 2,0
C05947,45,51.0,12,1211.0,13098.0,8,0.24,0,1,Online,Tier 1,0
C05948,7,68.0,14,797.0,12629.0,3,0.16,0,0,Online,Tier 2,0
C05949,39,108.0,7,817.0,4937.0,4,0.66,0,1,Store,Tier 2,1
C05950,5,59.0,12,1055.0,14626.0,2,0.74,0,0,Store,Tier 2,0
C05951,22,43.0,15,995.0,11973.0,3,0.35,0,1,Store,Tier 1,1
C05952,33,44.0,15,316.0,4112.0,6,0.54,0,1,Store,Tier 2,0
C05953,11,21.0,15,1185.0,20901.0,4,0.24,0,1,Store,Tier 2,0
C05954,4,65.0,11,936.0,12168.0,8,0.24,0,0,Store,Tier 1,0
C05955,6,70.0,13,1598.0,22823.0,5,0.39,0,1,Online,Tier 2,0
C05956,23,104.0,13,846.0,11445.0,8,0.61,0,1,Store,Tier 1,0
C05957,1,64.0,12,526.0,6605.0,2,0.3,1,0,Store,Tier 3,1
C05958,23,98.0,14,1664.0,25485.0,2,0.26,0,1,Store,Tier 2,1
C05959,43,41.0,12,805.0,8152.0,1,0.38,0,0,Store,Tier 3,1
C05960,37,31.0,8,1024.0,7006.0,5,0.31,0,1,Both,,0
C05961,39,29.0,14,1609.0,23997.0,4,0.03,0,0,Store,Tier 3,1
C05962,47,220.0,8,750.0,6023.0,2,0.33,0,1,Both,Tier 2,0
C05963,26,19.0,17,1241.0,21092.0,1,0.12,1,1,Both,Tier 3,0
C05964,13,91.0,11,955.0,11728.0,4,0.36,0,0,Store,Tier 2,0
C05965,34,61.0,14,259.0,3071.0,7,0.45,0,0,Store,Tier 1,1
C05966,45,13.0,11,833.0,8224.0,4,0.33,0,0,Store,Tier 1,0
C05967,56,139.0,6,1253.0,6968.0,2,0.48,0,1,Online,Tier 1,1
C05968,6,44.0,12,564.0,5942.0,4,0.57,0,1,Online,Tier 2,0
C05969,24,25.0,9,1864.0,13927.0,5,0.25,1,0,Store,Tier 2,0
C05970,59,118.0,9,,13986.0,2,0.13,0,1,Online,Tier 1,0
C05971,47,31.0,12,1108.0,12253.0,5,0.1,0,0,Both,Tier 1,0
C05972,55,111.0,16,1071.0,13780.0,3,0.31,0,1,Online,Tier 2,0
C05973,57,26.0,15,1207.0,21279.0,7,0.48,0,1,Both,Tier 1,0
C05974,13,75.0,15,1015.0,14277.0,5,0.28,1,1,Both,Tier 2,0
C05975,6,18.0,15,1724.0,28445.0,4,0.46,0,0,Store,Tier 1,0
C05976,57,103.0,5,847.0,4331.0,3,0.31,0,1,Store,Tier 3,0
C05977,59,234.0,5,1343.0,7232.0,6,0.2,0,1,Online,Tier 2,0
C05978,26,65.0,11,728.0,7380.0,3,0.08,0,0,Both,Tier 3,0
C05979,39,13.0,9,891.0,7569.0,6,0.34,1,1,Store,Tier 1,0
C05980,4,10.0,18,784.0,12117.0,3,0.2,1,0,Store,Tier 3,0
C05981,8,136.0,9,930.0,9851.0,4,0.14,0,0,Store,Tier 2,1
C05982,15,31.0,6,831.0,5929.0,5,0.27,1,0,Store,Tier 2,0
C05983,12,11.0,19,1043.0,17636.0,2,0.11,0,1,Both,Tier 2,0
C05984,13,26.0,7,480.0,3164.0,2,0.73,0,1,Store,Tier 2,0
C05985,60,51.0,11,390.0,3882.0,4,0.33,0,0,Store,Tier 1,0
C05986,56,17.0,10,957.0,11033.0,1,0.31,0,0,Store,Tier 1,0
C05987,30,20.0,12,1271.0,14285.0,6,0.52,0,0,Both,Tier 3,0
C05988,8,86.0,10,556.0,4732.0,2,0.42,0,0,Store,Tier 2,1
C05989,49,18.0,13,577.0,8161.0,2,0.53,1,1,Both,Tier 2,0
C05990,7,76.0,10,569.0,5461.0,6,0.12,0,0,Store,Tier 2,1
C05991,13,115.0,12,938.0,9342.0,4,0.47,0,0,Both,Tier 1,0
C05992,42,46.0,16,397.0,6392.0,6,0.07,0,0,Online,Tier 2,0
C05993,30,31.0,13,1028.0,14805.0,2,0.68,0,1,Both,Tier 2,0
C05994,52,54.0,14,966.0,12371.0,5,0.59,3,0,Store,Tier 2,0
C05995,30,32.0,15,1181.0,19893.0,4,0.62,0,0,Store,Tier 2,0
C05996,29,108.0,10,,8815.0,4,0.53,1,1,Store,Tier 2,0
C05997,20,92.0,10,576.0,5511.0,4,0.23,2,0,Store,Tier 3,1
C05998,36,23.0,20,741.0,14789.0,4,0.24,3,1,Online,Tier 1,0
C05999,58,24.0,15,779.0,11638.0,3,0.35,0,1,Online,Tier 2,0
C06000,6,117.0,11,985.0,10732.0,6,0.13,0,0,Both,Tier 2,1
C06001,60,27.0,7,903.0,6095.0,4,0.35,0,1,Store,Tier 1,0
C06002,24,18.0,10,518.0,4402.0,3,0.42,0,1,Store,Tier 2,0
C06003,14,71.0,10,1062.0,10581.0,3,0.49,1,0,Both,Tier 2,0
C06004,26,37.0,12,725.0,8371.0,3,0.15,0,0,Store,Tier 1,0
C06005,21,44.0,10,379.0,3362.0,3,0.57,0,0,Store,Tier 1,0
C06006,58,41.0,15,,7701.0,7,0.68,0,1,Online,Tier 3,0
C06007,35,104.0,9,644.0,5775.0,2,0.16,0,1,Store,Tier 3,0
C06008,16,93.0,9,1158.0,12226.0,2,0.17,0,0,Both,Tier 3,0
C06009,15,41.0,11,204.0,1965.0,7,0.63,2,0,Both,,0
C06010,41,6.0,17,1309.0,23271.0,2,0.59,1,0,Store,Tier 3,0
C06011,11,9.0,19,955.0,16044.0,6,0.64,1,0,Store,Tier 2,0
C06012,38,24.0,13,945.0,14229.0,5,0.43,0,0,Both,Tier 2,1
C06013,32,68.0,8,187.0,1310.0,5,0.38,0,0,Store,Tier 2,1
C06014,4,9.0,17,1035.0,18153.0,4,0.53,0,1,Store,Tier 2,0
C06015,50,15.0,19,1135.0,20458.0,5,0.49,0,1,Both,Tier 2,0
C06016,37,15.0,12,546.0,6677.0,2,0.36,0,0,Online,Tier 1,1
C06017,6,40.0,15,1220.0,16509.0,3,0.06,0,0,Online,Tier 2,0
C06018,15,70.0,12,964.0,12661.0,5,0.71,0,1,Store,Tier 3,1
C06019,11,19.0,12,1212.0,11985.0,2,0.57,0,0,Store,Tier 2,0
C06020,35,76.0,10,583.0,5378.0,5,0.64,0,0,Both,Tier 2,0
C06021,49,151.0,9,745.0,7130.0,2,0.43,0,1,Store,Tier 3,1
C06022,10,43.0,13,453.0,6524.0,8,0.39,0,1,Store,Tier 1,0
C06023,49,124.0,6,593.0,4206.0,3,0.31,2,1,Store,Tier 2,0
C06024,14,191.0,4,240.0,918.0,3,0.66,1,0,Both,Tier 1,1
C06025,46,90.0,21,1013.0,18290.0,5,0.38,0,1,Both,Tier 1,0
C06026,21,121.0,13,885.0,11119.0,6,0.29,0,0,Online,Tier 2,1
C06027,7,49.0,16,1035.0,18848.0,5,0.27,0,0,Store,Tier 3,1
C06028,18,76.0,14,1039.0,16518.0,2,0.36,0,0,Store,Tier 1,1
C06029,6,21.0,12,976.0,11600.0,5,0.22,1,0,Store,Tier 3,0
C06030,30,5.0,15,913.0,11043.0,4,0.84,0,0,Online,Tier 3,1
C06031,43,9.0,14,1528.0,17222.0,3,0.15,0,1,Online,Tier 2,0
C06032,25,51.0,15,497.0,7803.0,4,0.44,0,0,Store,Tier 2,0
C06033,9,45.0,15,455.0,8115.0,6,0.45,1,1,Both,Tier 1,0
C06034,31,63.0,15,685.0,9681.0,3,0.44,0,1,Both,Tier 1,0
C06035,55,11.0,11,1200.0,11428.0,5,0.37,2,0,Store,Tier 1,0
C06036,3,8.0,15,923.0,15076.0,1,0.62,1,0,Store,Tier 2,0
C06037,11,8.0,14,429.0,5921.0,3,0.33,0,0,Online,Tier 2,0
C06038,3,59.0,16,1272.0,24251.0,5,0.4,1,1,Both,Tier 2,0
C06039,1,22.0,12,305.0,4236.0,3,0.7,1,0,Both,Tier 1,0
C06040,8,107.0,10,438.0,3771.0,4,0.56,1,0,Store,Tier 2,1
C06041,50,42.0,11,1235.0,11304.0,4,0.37,1,0,Store,Tier 2,0
C06042,8,142.0,13,1008.0,15023.0,3,0.6,3,0,Store,Tier 2,1
C06043,5,19.0,11,737.0,8898.0,6,0.62,0,0,Both,Tier 3,0
C06044,5,118.0,6,1610.0,9156.0,4,0.26,1,0,Store,Tier 3,1
C06045,10,177.0,7,970.0,5813.0,2,0.56,0,1,Online,Tier 2,1
C06046,50,143.0,8,625.0,4583.0,6,0.74,0,0,Store,Tier 2,1
C06047,17,11.0,14,619.0,7449.0,3,0.23,0,1,Store,Tier 3,0
C06048,18,3.0,9,768.0,7644.0,4,0.19,0,1,Store,Tier 1,0
C06049,51,118.0,8,1063.0,9151.0,2,0.05,0,0,Online,Tier 2,0
C06050,37,75.0,11,1396.0,13943.0,3,0.51,0,0,Both,Tier 3,1
C06051,17,30.0,14,1201.0,14098.0,6,0.49,0,1,Both,Tier 3,0
C06052,13,46.0,8,686.0,4980.0,5,0.27,1,0,Online,Tier 1,0
C06053,45,49.0,12,868.0,10073.0,4,0.48,1,0,Store,Tier 2,0
C06054,60,78.0,13,638.0,7906.0,3,0.62,0,1,Online,Tier 2,0
C06055,31,61.0,13,1042.0,13651.0,4,0.23,0,1,Online,Tier 2,0
C06056,9,31.0,16,,12805.0,3,0.09,0,0,Store,Tier 2,0
C06057,54,46.0,11,150.0,1859.0,3,0.25,0,1,Store,Tier 2,0
C06058,6,60.0,18,782.0,12156.0,6,0.33,0,0,Both,Tier 1,0
C06059,47,88.0,9,923.0,9066.0,2,0.56,0,1,Store,Tier 2,0
C06060,27,49.0,14,802.0,9471.0,4,0.53,0,0,Online,Tier 2,0
C06061,5,32.0,11,647.0,8324.0,3,0.74,0,0,Store,Tier 1,0
C06062,6,107.0,8,1026.0,7050.0,4,0.34,0,0,Both,Tier 2,0
C06063,23,9.0,10,716.0,7233.0,2,0.6,0,0,Both,Tier 1,0
C06064,13,44.0,17,1529.0,29312.0,8,0.52,0,1,Online,Tier 1,0
C06065,45,93.0,11,972.0,8915.0,2,0.11,0,1,Store,Tier 2,0
C06066,16,36.0,10,874.0,8894.0,7,0.54,0,1,Store,Tier 2,0
C06067,15,18.0,6,1134.0,7354.0,3,0.08,0,0,Store,Tier 1,0
C06068,30,21.0,10,726.0,6310.0,6,0.46,0,1,Both,Tier 1,0
C06069,8,11.0,14,483.0,8036.0,4,0.55,2,0,Both,Tier 1,1
C06070,7,7.0,11,814.0,8420.0,4,0.29,0,0,Online,Tier 1,0
C06071,37,1.0,6,1032.0,6939.0,4,0.55,0,1,Store,Tier 2,0
C06072,5,104.0,11,732.0,7647.0,4,0.23,0,0,Store,Tier 3,0
C06073,20,121.0,9,1298.0,13237.0,6,0.51,0,0,Online,Tier 2,0
C06074,56,98.0,13,1099.0,15822.0,7,0.42,0,1,Online,Tier 1,0
C06075,57,56.0,10,976.0,9851.0,1,0.09,0,1,Both,Tier 2,0
C06076,8,73.0,14,952.0,12261.0,4,0.46,0,1,Both,Tier 1,0
C06077,28,87.0,12,1632.0,17640.0,4,0.47,0,1,Online,Tier 2,1
C06078,60,80.0,13,444.0,5795.0,4,0.11,1,1,Both,,0
C06079,42,59.0,9,504.0,4762.0,2,0.19,1,1,Store,Tier 2,0
C06080,6,69.0,9,1020.0,8213.0,3,0.34,1,0,Online,Tier 1,0
C06081,18,61.0,12,771.0,10979.0,3,0.62,0,0,Both,Tier 2,0
C06082,32,70.0,10,814.0,8836.0,2,0.15,0,1,Store,Tier 3,0
C06083,9,55.0,12,782.0,8677.0,3,0.08,0,1,Store,Tier 1,0
C06084,4,64.0,15,1478.0,22583.0,6,0.13,0,0,Both,Tier 1,0
C06085,37,121.0,7,1368.0,8852.0,4,0.52,0,1,Online,Tier 1,1
C06086,4,176.0,12,1506.0,19844.0,4,0.12,0,0,Store,Tier 3,0
C06087,9,68.0,13,1212.0,18598.0,5,0.2,0,0,Store,Tier 2,0
C06088,8,17.0,12,1040.0,10575.0,3,0.77,0,0,Both,Tier 1,0
C06089,26,9.0,13,508.0,7543.0,3,0.54,1,0,Store,Tier 1,0
C06090,13,73.0,15,951.0,12348.0,2,0.44,0,1,Store,Tier 2,1
C06091,50,37.0,11,879.0,10549.0,2,0.65,0,1,Both,Tier 1,0
C06092,39,17.0,11,943.0,11889.0,5,0.5,0,0,Both,Tier 1,0
C06093,8,12.0,11,1089.0,10978.0,5,0.29,0,0,Online,Tier 2,0
C06094,7,72.0,9,637.0,6323.0,6,0.76,0,1,Both,Tier 2,1
C06095,52,76.0,16,450.0,6998.0,3,0.72,0,1,Store,Tier 3,0
C06096,15,59.0,14,1052.0,16989.0,5,0.19,0,1,Store,Tier 1,0
C06097,40,52.0,11,796.0,9536.0,3,0.59,0,1,Store,Tier 3,1
C06098,20,29.0,15,1053.0,16242.0,2,0.46,0,0,Store,Tier 2,0
C06099,50,51.0,15,467.0,6197.0,1,0.11,0,1,Both,Tier 3,0
C06100,51,33.0,13,967.0,13006.0,3,0.44,0,1,Both,Tier 3,0
C06101,42,30.0,7,686.0,4690.0,5,0.46,0,0,Store,Tier 2,0
C06102,40,5.0,20,425.0,7783.0,3,0.29,0,0,Online,Tier 2,0
C06103,22,13.0,15,1107.0,16038.0,4,0.06,1,0,Both,Tier 3,0
C06104,54,55.0,16,585.0,8135.0,6,0.46,0,1,Store,Tier 1,0
C06105,24,35.0,11,513.0,5436.0,4,0.81,0,0,Store,Tier 1,0
C06106,40,30.0,15,859.0,15197.0,5,0.53,0,0,Store,Tier 1,1
C06107,9,43.0,14,500.0,7951.0,5,0.54,1,0,Store,Tier 1,1
C06108,36,110.0,9,740.0,6362.0,1,0.4,0,0,Online,Tier 3,1
C06109,36,77.0,6,588.0,3808.0,4,0.18,0,0,Store,Tier 3,0
C06110,11,162.0,8,708.0,5409.0,5,0.42,0,1,Online,Tier 2,0
C06111,36,19.0,9,1011.0,8347.0,5,0.87,0,1,Online,Tier 2,0
C06112,55,81.0,8,1351.0,11255.0,4,0.72,0,1,Store,Tier 2,0
C06113,38,59.0,9,771.0,6655.0,6,0.47,0,1,Store,Tier 2,0
C06114,35,22.0,13,150.0,2136.0,5,0.92,1,1,Both,Tier 1,0
C06115,18,41.0,11,832.0,9328.0,4,0.75,0,0,Store,Tier 3,0
C06116,3,54.0,16,1105.0,17954.0,6,0.5,0,0,Store,Tier 1,0
C06117,46,10.0,13,1549.0,19789.0,2,0.12,0,0,Both,Tier 2,0
C06118,31,89.0,7,1398.0,11640.0,2,0.26,1,0,Both,Tier 1,1
C06119,51,175.0,10,842.0,9783.0,4,0.14,0,0,Both,Tier 1,1
C06120,23,43.0,13,657.0,8238.0,4,0.08,0,0,Online,Tier 2,0
C06121,45,146.0,4,1034.0,3578.0,2,0.46,0,0,Store,Tier 3,1
C06122,59,110.0,2,924.0,2032.0,8,0.33,1,1,Store,Tier 2,0
C06123,40,42.0,13,1020.0,13125.0,4,0.4,0,1,Store,Tier 1,0
C06124,14,42.0,7,799.0,5815.0,3,0.49,0,1,Online,Tier 1,0
C06125,18,63.0,18,957.0,17410.0,7,0.15,0,0,Online,Tier 3,0
C06126,56,105.0,9,832.0,7593.0,5,0.36,0,1,Store,Tier 2,0
C06127,35,102.0,5,904.0,5358.0,4,0.33,1,1,Store,Tier 2,1
C06128,37,126.0,6,1619.0,8825.0,3,0.64,0,1,Store,Tier 1,1
C06129,58,101.0,9,1836.0,16695.0,3,0.28,0,1,Both,Tier 1,0
C06130,5,96.0,12,1025.0,10147.0,1,0.25,0,0,Store,Tier 2,1
C06131,14,23.0,15,1376.0,18177.0,5,0.17,0,0,Both,Tier 1,0
C06132,18,77.0,9,1284.0,12030.0,5,0.26,1,0,Store,Tier 2,0
C06133,20,60.0,11,1028.0,13498.0,4,0.26,0,1,Both,Tier 2,1
C06134,6,39.0,14,716.0,11024.0,3,0.76,1,1,Online,Tier 2,0
C06135,10,100.0,10,1376.0,11552.0,3,0.2,0,1,Store,Tier 3,0
C06136,23,131.0,9,1089.0,10565.0,4,0.29,0,1,Both,Tier 2,0
C06137,3,87.0,10,904.0,7403.0,2,0.61,0,0,Store,Tier 1,1
C06138,11,30.0,14,630.0,10213.0,2,0.18,0,0,Both,Tier 1,0
C06139,34,52.0,15,864.0,11735.0,5,0.65,1,1,Store,Tier 1,0
C06140,29,59.0,10,713.0,8132.0,6,0.57,0,1,Store,Tier 3,0
C06141,25,27.0,12,910.0,9820.0,5,0.53,0,0,Online,Tier 3,0
C06142,39,25.0,10,1257.0,13068.0,5,0.12,1,1,Store,Tier 1,0
C06143,2,48.0,18,1139.0,20167.0,4,0.22,0,0,Both,Tier 1,0
C06144,56,65.0,13,952.0,13087.0,5,0.34,1,1,Store,Tier 1,0
C06145,23,20.0,14,915.0,14704.0,2,0.16,0,1,Both,Tier 1,0
C06146,7,57.0,9,352.0,2858.0,2,0.16,0,1,Store,Tier 2,0
C06147,55,67.0,12,910.0,12026.0,5,0.32,0,1,Store,Tier 1,0
C06148,26,100.0,12,425.0,5123.0,5,0.39,1,1,Both,Tier 3,1
C06149,15,46.0,12,1206.0,17288.0,3,0.15,0,1,Both,Tier 1,0
C06150,34,24.0,14,480.0,5982.0,4,0.59,1,1,Online,Tier 1,1
C06151,43,59.0,7,737.0,5290.0,3,0.44,1,0,Store,Tier 1,1
C06152,44,190.0,4,1129.0,4936.0,3,0.35,1,0,Both,Tier 2,1
C06153,17,60.0,17,514.0,8264.0,3,0.38,1,0,Store,Tier 2,1
C06154,58,34.0,16,479.0,6571.0,6,0.02,0,1,Online,Tier 2,0
C06155,8,38.0,14,847.0,13906.0,4,0.72,0,0,Both,Tier 1,1
C06156,12,100.0,8,396.0,3404.0,2,0.49,0,0,Online,Tier 1,1
C06157,4,60.0,13,880.0,11292.0,5,0.6,0,0,Both,Tier 1,1
C06158,22,136.0,7,428.0,2661.0,2,0.15,0,1,Store,Tier 1,0
C06159,40,28.0,10,677.0,5794.0,8,0.59,1,1,Both,Tier 2,1
C06160,37,53.0,15,1294.0,22277.0,3,0.7,0,0,Store,Tier 1,0
C06161,13,50.0,8,973.0,6472.0,5,0.38,1,0,Store,Tier 2,1
C06162,60,66.0,12,1203.0,16486.0,2,0.71,1,1,Store,Tier 2,0
C06163,12,32.0,11,663.0,8659.0,4,0.24,1,0,Both,Tier 2,0
C06164,39,65.0,14,482.0,7726.0,3,0.63,0,0,Online,Tier 2,1
C06165,7,106.0,12,534.0,7656.0,2,0.19,0,0,Store,Tier 1,0
C06166,15,17.0,13,1016.0,10889.0,2,0.38,0,0,Online,Tier 1,1
C06167,26,27.0,17,1067.0,20011.0,5,0.7,0,0,Store,Tier 1,0
C06168,1,48.0,13,1181.0,15902.0,7,0.43,1,0,Both,Tier 3,0
C06169,4,32.0,12,1123.0,14909.0,8,0.04,0,0,Online,Tier 1,0
C06170,55,82.0,14,,7242.0,5,0.35,0,1,Online,Tier 2,0
C06171,40,86.0,13,893.0,13635.0,6,0.63,0,0,Online,Tier 1,0
C06172,3,18.0,7,942.0,5992.0,1,0.09,2,1,Store,Tier 1,0
C06173,22,9.0,19,1085.0,20117.0,1,0.38,0,1,Store,Tier 2,0
C06174,16,79.0,7,694.0,4210.0,5,0.37,0,0,Store,Tier 3,0
C06175,32,18.0,15,775.0,12943.0,4,0.44,0,1,Store,Tier 2,0
C06176,43,56.0,12,759.0,8327.0,7,0.19,2,1,Store,Tier 3,0
C06177,14,96.0,8,903.0,8442.0,5,0.53,0,0,Store,Tier 3,1
C06178,9,10.0,9,1026.0,8384.0,1,0.4,0,0,Online,Tier 2,1
C06179,51,33.0,13,288.0,3156.0,4,0.12,0,0,Store,Tier 3,1
C06180,31,53.0,9,1292.0,12551.0,3,0.58,1,1,Store,Tier 2,1
C06181,35,65.0,8,592.0,3925.0,2,0.26,1,1,Store,Tier 1,0
C06182,2,20.0,12,1063.0,13491.0,5,0.46,0,0,Online,Tier 2,0
C06183,18,66.0,11,888.0,8732.0,2,0.25,0,0,Store,Tier 2,0
C06184,50,78.0,15,688.0,9902.0,5,0.44,0,1,Both,Tier 3,1
C06185,1,11.0,16,1241.0,18745.0,2,0.51,0,0,Store,Tier 1,0
C06186,39,28.0,11,969.0,12249.0,1,0.18,0,1,Both,Tier 2,0
C06187,51,32.0,13,720.0,8221.0,3,0.32,0,1,Online,Tier 2,0
C06188,44,51.0,18,925.0,18058.0,3,0.17,0,0,Both,Tier 3,0
C06189,4,125.0,13,1379.0,15809.0,4,0.43,0,0,Store,Tier 1,0
C06190,42,47.0,14,885.0,10328.0,4,0.83,1,1,Both,Tier 2,0
C06191,15,48.0,6,1035.0,5411.0,4,0.65,0,0,Store,Tier 3,1
C06192,36,41.0,4,825.0,3605.0,4,0.48,0,0,Store,Tier 2,0
C06193,5,28.0,16,333.0,5318.0,6,0.71,0,0,Store,Tier 1,0
C06194,7,21.0,10,779.0,9051.0,5,0.71,0,1,Store,Tier 2,0
C06195,31,89.0,12,394.0,4584.0,7,0.21,0,0,Store,Tier 1,0
C06196,14,113.0,7,997.0,8276.0,5,0.49,0,1,Both,Tier 2,1
C06197,16,127.0,6,610.0,4198.0,4,0.44,0,1,Store,Tier 1,0
C06198,30,127.0,9,617.0,5782.0,1,0.33,1,0,Store,Tier 2,0
C06199,31,99.0,10,701.0,7777.0,2,0.22,0,0,Online,Tier 1,0
C06200,1,80.0,10,744.0,6916.0,4,0.62,1,0,Both,Tier 1,0
C06201,10,72.0,7,1229.0,7757.0,2,0.55,0,0,Store,Tier 1,0
C06202,23,25.0,14,502.0,8297.0,5,0.15,1,0,Store,Tier 3,0
C06203,23,18.0,9,893.0,6730.0,5,0.61,0,0,Store,Tier 2,1
C06204,23,52.0,10,778.0,6385.0,5,0.33,0,0,Store,Tier 3,0
C06205,11,164.0,12,567.0,6234.0,3,0.42,0,0,Store,Tier 3,1
C06206,49,73.0,11,819.0,9093.0,5,0.85,0,1,Store,Tier 3,0
C06207,34,2.0,13,667.0,10391.0,2,0.72,0,0,Store,Tier 2,1
C06208,26,154.0,8,1009.0,6736.0,2,0.21,0,0,Online,Tier 2,0
C06209,37,128.0,11,681.0,8569.0,7,0.18,1,0,Both,Tier 1,0
C06210,26,52.0,11,1084.0,11782.0,5,0.12,0,0,Store,Tier 2,0
C06211,29,40.0,11,855.0,10707.0,8,0.35,1,0,Both,Tier 1,0
C06212,58,20.0,15,1146.0,14971.0,6,0.41,1,1,Both,Tier 3,0
C06213,38,77.0,12,1646.0,18445.0,4,0.72,1,1,Store,Tier 2,0
C06214,50,45.0,10,802.0,9348.0,4,0.24,0,1,Both,Tier 2,0
C06215,6,133.0,14,1154.0,16459.0,6,0.13,0,0,Both,Tier 1,0
C06216,31,45.0,13,1056.0,12856.0,3,0.29,3,0,Both,Tier 2,0
C06217,51,32.0,14,1537.0,25327.0,2,0.37,0,0,Store,Tier 1,0
C06218,15,49.0,13,587.0,6211.0,4,0.18,0,1,Both,Tier 2,0
C06219,31,38.0,12,1634.0,20975.0,2,0.57,1,0,Both,Tier 1,0
C06220,54,11.0,10,789.0,7191.0,3,0.75,0,1,Store,Tier 1,0
C06221,24,82.0,13,976.0,12973.0,1,0.62,0,0,Both,Tier 2,0
C06222,43,20.0,14,662.0,9937.0,6,0.24,0,1,Both,Tier 2,0
C06223,49,81.0,12,954.0,12098.0,2,0.34,0,1,Store,Tier 2,0
C06224,38,26.0,8,770.0,5090.0,6,0.58,1,0,Store,Tier 1,0
C06225,51,138.0,8,1278.0,8814.0,4,0.34,0,1,Store,Tier 2,0
C06226,25,117.0,9,1457.0,11335.0,6,0.18,0,0,Store,Tier 3,0
C06227,6,48.0,15,610.0,7394.0,4,0.41,2,0,Store,Tier 1,0
C06228,14,7.0,16,357.0,5458.0,2,0.06,2,0,Online,Tier 2,1
C06229,14,13.0,10,737.0,7240.0,2,0.35,0,0,Both,Tier 2,0
C06230,30,42.0,14,1405.0,18948.0,5,0.18,0,1,Both,Tier 1,0
C06231,41,13.0,8,453.0,4269.0,6,0.67,0,1,Store,Tier 3,0
C06232,60,139.0,5,1512.0,6527.0,2,0.08,0,0,Store,Tier 2,0
C06233,20,43.0,9,864.0,6537.0,2,0.15,0,1,Online,Tier 1,0
C06234,26,8.0,12,954.0,11692.0,2,0.12,0,1,Store,Tier 2,0
C06235,15,10.0,15,1215.0,16425.0,2,0.58,0,0,Store,Tier 2,0
C06236,13,20.0,13,761.0,11510.0,6,0.22,1,0,Both,,0
C06237,2,28.0,15,817.0,13539.0,2,0.56,1,0,Both,Tier 2,0
C06238,45,117.0,11,1227.0,11785.0,4,0.71,0,0,Store,Tier 3,1
C06239,43,85.0,9,960.0,8182.0,5,0.82,0,1,Store,Tier 2,0
C06240,54,29.0,11,693.0,6745.0,5,0.25,0,0,Store,Tier 2,0
C06241,19,29.0,11,912.0,10528.0,5,0.52,0,0,Store,Tier 2,0
C06242,51,74.0,12,634.0,6323.0,3,0.35,1,1,Both,Tier 2,0
C06243,15,127.0,6,446.0,3129.0,4,0.11,0,0,Store,Tier 1,0
C06244,18,72.0,14,986.0,12065.0,3,0.22,0,0,Store,Tier 1,0
C06245,12,14.0,8,1095.0,7871.0,3,0.18,0,1,Store,Tier 3,0
C06246,29,13.0,20,299.0,6360.0,8,0.31,0,0,Both,Tier 2,0
C06247,49,72.0,8,1076.0,8423.0,6,0.43,0,1,Store,Tier 3,0
C06248,36,33.0,11,899.0,9442.0,6,0.3,1,1,Both,Tier 1,0
C06249,29,128.0,7,,2923.0,3,0.2,1,0,Online,Tier 1,1
C06250,12,41.0,8,490.0,4315.0,4,0.54,0,1,Both,Tier 3,0
C06251,27,109.0,10,1243.0,14288.0,4,0.27,0,1,Both,Tier 1,0
C06252,14,130.0,12,580.0,7109.0,5,0.63,0,0,Store,Tier 2,0
C06253,7,107.0,7,1250.0,8383.0,3,0.13,1,1,Both,Tier 1,1
C06254,18,29.0,15,699.0,10464.0,6,0.34,1,0,Online,Tier 2,0
C06255,18,11.0,15,487.0,7393.0,2,0.64,1,0,Both,Tier 2,0
C06256,25,8.0,12,384.0,4548.0,3,0.49,1,1,Both,Tier 2,0
C06257,26,128.0,9,639.0,5858.0,5,0.11,0,1,Store,Tier 1,0
C06258,46,39.0,15,792.0,12552.0,3,0.36,1,0,Store,Tier 3,0
C06259,58,120.0,11,933.0,9277.0,2,0.41,0,1,Online,Tier 3,0
C06260,35,67.0,15,1170.0,20753.0,5,0.28,1,0,Store,Tier 2,0
C06261,32,66.0,17,1122.0,20973.0,4,0.2,0,0,Both,Tier 3,0
C06262,57,17.0,22,1368.0,35274.0,4,0.34,1,1,Store,Tier 3,0
C06263,18,183.0,6,775.0,5447.0,4,0.17,0,0,Both,Tier 1,0
C06264,5,68.0,10,922.0,7920.0,7,0.26,0,0,Online,,0
C06265,59,18.0,10,874.0,9088.0,8,0.15,0,1,Online,Tier 3,0
C06266,28,91.0,12,,8577.0,4,0.35,0,0,Both,Tier 1,1
C06267,35,19.0,11,1154.0,11364.0,6,0.65,1,1,Online,Tier 1,0
C06268,48,24.0,12,978.0,13050.0,8,0.76,0,0,Both,Tier 3,0
C06269,38,51.0,10,334.0,3769.0,4,0.53,0,0,Both,Tier 1,0
C06270,29,4.0,13,728.0,9376.0,7,0.41,0,0,Store,Tier 1,0
C06271,39,26.0,18,945.0,17581.0,8,0.5,0,1,Store,Tier 1,0
C06272,12,28.0,12,622.0,6380.0,4,0.7,1,1,Store,Tier 1,0
C06273,42,56.0,16,1068.0,20365.0,6,0.58,1,1,Both,Tier 1,0
C06274,52,38.0,8,710.0,6140.0,1,0.88,0,1,Online,Tier 2,0
C06275,13,60.0,8,1090.0,8105.0,2,0.53,0,0,Store,Tier 2,0
C06276,15,42.0,18,1037.0,18139.0,5,0.24,0,1,Online,Tier 1,0
C06277,6,7.0,10,266.0,3002.0,2,0.29,0,0,Online,Tier 2,0
C06278,24,80.0,17,785.0,13228.0,2,0.24,0,0,Store,Tier 2,0
C06279,2,34.0,6,735.0,4775.0,4,0.56,0,0,Store,Tier 2,0
C06280,11,48.0,15,1266.0,18672.0,4,0.31,0,0,Online,Tier 1,1
C06281,18,27.0,15,1081.0,15162.0,6,0.74,0,1,Store,Tier 1,0
C06282,50,14.0,16,1222.0,22026.0,8,0.07,0,1,Store,Tier 2,0
C06283,50,178.0,7,815.0,5038.0,5,0.62,1,1,Store,Tier 2,1
C06284,30,75.0,10,374.0,3912.0,3,0.81,1,1,Store,Tier 3,0
C06285,55,15.0,10,1527.0,12911.0,2,0.19,0,0,Both,Tier 3,0
C06286,4,36.0,11,1173.0,12981.0,6,0.59,0,0,Online,Tier 3,0
C06287,3,34.0,18,523.0,10565.0,5,0.39,0,0,Store,Tier 1,0
C06288,59,20.0,12,448.0,4793.0,1,0.86,1,1,Store,Tier 3,0
C06289,2,111.0,13,1214.0,14031.0,3,0.28,1,0,Store,Tier 3,0
C06290,52,51.0,16,899.0,13018.0,1,0.14,0,1,Store,Tier 1,0
C06291,52,78.0,13,688.0,8268.0,3,0.32,1,1,Online,Tier 3,1
C06292,1,75.0,17,184.0,2591.0,2,0.8,1,0,Store,Tier 3,1
C06293,46,102.0,9,642.0,6355.0,2,0.33,0,0,Store,Tier 2,1
C06294,28,83.0,8,384.0,3678.0,4,0.34,1,0,Store,Tier 2,1
C06295,39,45.0,17,397.0,6351.0,2,0.41,0,0,Online,Tier 1,0
C06296,14,165.0,11,1410.0,13575.0,6,0.53,0,1,Both,Tier 3,0
C06297,53,64.0,15,1326.0,19672.0,2,0.55,0,1,Store,Tier 2,1
C06298,44,22.0,12,846.0,8403.0,7,0.43,0,0,Both,Tier 1,0
C06299,60,33.0,15,903.0,13830.0,3,0.53,1,1,Store,Tier 1,0
C06300,50,7.0,12,384.0,4166.0,7,0.29,2,0,Both,Tier 3,0
C06301,20,67.0,8,488.0,3871.0,4,0.39,1,1,Store,Tier 3,0
C06302,38,32.0,14,1138.0,15996.0,6,0.54,0,0,Store,Tier 3,0
C06303,5,103.0,13,388.0,4861.0,1,0.41,0,0,Store,Tier 3,0
C06304,41,52.0,12,983.0,10254.0,3,0.26,0,0,Both,Tier 1,0
C06305,16,44.0,15,621.0,7828.0,4,0.39,1,1,Both,Tier 3,0
C06306,60,7.0,14,653.0,10778.0,4,0.38,2,0,Store,Tier 3,0
C06307,52,43.0,7,1042.0,7392.0,4,0.08,0,0,Store,Tier 2,0
C06308,33,46.0,12,1580.0,21839.0,5,0.16,0,0,Store,Tier 1,0
C06309,58,75.0,12,750.0,9411.0,3,0.55,0,1,Store,Tier 2,0
C06310,51,187.0,8,1107.0,9101.0,6,0.75,0,1,Store,Tier 1,1
C06311,34,26.0,11,757.0,9963.0,4,0.12,0,0,Store,Tier 1,0
C06312,52,15.0,13,852.0,11598.0,3,0.83,0,0,Store,Tier 1,0
C06313,32,28.0,14,972.0,11685.0,5,0.19,1,0,Store,Tier 1,0
C06314,11,51.0,9,1543.0,15240.0,3,0.34,0,0,Store,Tier 1,0
C06315,43,103.0,9,1131.0,9063.0,5,0.28,0,0,Store,Tier 1,0
C06316,28,22.0,11,1554.0,14239.0,5,0.54,0,1,Both,Tier 2,0
C06317,37,56.0,3,808.0,2606.0,6,0.61,0,1,Store,Tier 2,0
C06318,42,49.0,16,793.0,14009.0,4,0.67,1,1,Store,Tier 2,0
C06319,2,50.0,8,988.0,7131.0,6,0.79,0,0,Online,Tier 2,1
C06320,16,175.0,9,436.0,4442.0,6,0.32,0,0,Online,Tier 2,0
C06321,10,39.0,13,414.0,6249.0,4,0.21,0,0,Store,Tier 1,0
C06322,36,35.0,8,727.0,6491.0,6,0.26,0,0,Both,Tier 2,1
C06323,3,51.0,16,943.0,14264.0,5,0.36,1,0,Store,Tier 2,0
C06324,31,140.0,3,356.0,1194.0,4,0.35,0,0,Store,Tier 2,0
C06325,13,17.0,15,1024.0,16672.0,3,0.42,0,0,Store,Tier 1,0
C06326,47,38.0,15,1172.0,15208.0,7,0.47,0,1,Both,Tier 2,0
C06327,35,91.0,9,388.0,3726.0,3,0.81,0,1,Store,Tier 2,0
C06328,59,28.0,12,1607.0,16660.0,5,0.49,0,1,Store,Tier 1,0
C06329,58,22.0,10,1210.0,12605.0,4,0.34,1,1,Both,Tier 2,1
C06330,7,90.0,12,273.0,3661.0,7,0.14,0,0,Store,Tier 1,1
C06331,6,91.0,7,876.0,5276.0,7,0.68,0,0,Store,Tier 2,1
C06332,23,189.0,8,890.0,8236.0,2,0.15,0,0,Store,Tier 2,1
C06333,42,2.0,15,1493.0,24150.0,4,0.02,0,1,Both,Tier 1,0
C06334,28,174.0,10,506.0,5138.0,3,0.37,1,0,Both,Tier 1,1
C06335,4,6.0,13,1156.0,13534.0,3,0.35,1,1,Store,Tier 3,0
C06336,49,20.0,12,731.0,7227.0,5,0.51,0,1,Store,Tier 2,0
C06337,53,23.0,16,1128.0,20369.0,3,0.37,0,1,Both,Tier 1,0
C06338,30,44.0,11,795.0,7992.0,4,0.28,0,0,Both,Tier 3,0
C06339,31,104.0,5,765.0,3864.0,4,0.38,2,1,Store,Tier 1,0
C06340,25,48.0,12,845.0,11565.0,3,0.17,0,0,Store,Tier 2,0
C06341,5,57.0,10,1337.0,11444.0,3,0.3,1,0,Both,Tier 1,0
C06342,35,18.0,18,826.0,13466.0,6,0.18,0,0,Both,Tier 2,0
C06343,21,115.0,8,777.0,7086.0,4,0.42,0,1,Store,Tier 2,0
C06344,8,47.0,5,794.0,3194.0,6,0.62,1,1,Store,Tier 2,0
C06345,2,39.0,16,485.0,9254.0,1,0.53,0,0,Online,Tier 2,0
C06346,16,89.0,9,888.0,6999.0,6,0.29,0,1,Online,Tier 1,0
C06347,48,101.0,6,741.0,4607.0,4,0.15,0,0,Store,Tier 1,0
C06348,15,44.0,18,484.0,7435.0,4,0.3,0,1,Store,Tier 1,0
C06349,10,155.0,2,1186.0,2492.0,4,0.54,1,0,Both,Tier 3,1
C06350,59,95.0,10,566.0,5142.0,7,0.04,0,1,Both,Tier 1,0
C06351,42,24.0,11,475.0,5753.0,2,0.43,0,1,Both,Tier 2,1
C06352,58,86.0,10,980.0,10612.0,6,0.01,0,0,Store,Tier 3,0
C06353,48,20.0,16,,9942.0,3,0.27,1,1,Both,Tier 1,0
C06354,12,31.0,9,1479.0,12205.0,5,0.39,0,0,Store,Tier 3,0
C06355,26,76.0,5,568.0,2835.0,4,0.47,1,0,Store,Tier 3,0
C06356,44,39.0,7,956.0,7034.0,8,0.48,0,1,Store,Tier 3,0
C06357,21,76.0,9,1067.0,9240.0,2,0.19,1,0,Both,Tier 2,0
C06358,31,15.0,10,493.0,4173.0,4,0.56,0,1,Online,Tier 3,0
C06359,56,24.0,17,,9981.0,3,0.37,1,0,Both,Tier 1,0
C06360,60,109.0,13,807.0,9829.0,4,0.37,0,0,Store,Tier 1,0
C06361,52,10.0,13,1322.0,19349.0,6,0.13,0,1,Store,Tier 2,0
C06362,5,26.0,7,670.0,5046.0,7,0.28,0,0,Store,Tier 1,0
C06363,39,84.0,13,976.0,13467.0,3,0.36,0,0,Store,Tier 2,0
C06364,13,15.0,12,733.0,8182.0,4,0.07,0,1,Store,Tier 2,0
C06365,25,223.0,8,933.0,8550.0,3,0.83,0,0,Store,Tier 1,1
C06366,45,54.0,13,1449.0,16167.0,4,0.55,0,1,Both,Tier 3,0
C06367,58,3.0,17,1542.0,28604.0,5,0.33,0,1,Both,Tier 2,0
C06368,42,55.0,12,643.0,8998.0,2,0.21,0,1,Store,Tier 1,1
C06369,54,242.0,4,881.0,2935.0,1,0.8,0,0,Store,Tier 1,1
C06370,21,94.0,12,846.0,9583.0,5,0.44,0,1,Store,Tier 1,0
C06371,15,100.0,14,916.0,10589.0,4,0.54,0,0,Online,Tier 1,0
C06372,39,47.0,12,1353.0,17961.0,2,0.5,1,0,Store,Tier 1,0
C06373,45,48.0,16,1118.0,14350.0,5,0.79,0,0,Store,Tier 2,0
C06374,34,17.0,14,1232.0,17287.0,2,0.27,0,0,Store,Tier 1,0
C06375,21,60.0,8,696.0,5428.0,5,0.29,0,0,Store,Tier 3,0
C06376,58,14.0,14,598.0,7377.0,4,0.47,0,1,Store,Tier 2,0
C06377,23,99.0,8,685.0,5863.0,2,0.45,0,1,Store,Tier 1,0
C06378,60,81.0,13,779.0,9573.0,2,0.26,0,0,Online,Tier 2,1
C06379,51,159.0,5,677.0,2937.0,4,0.3,0,1,Store,Tier 1,1
C06380,22,39.0,16,729.0,9435.0,5,0.82,0,1,Store,Tier 3,0
C06381,35,216.0,5,901.0,4896.0,7,0.27,0,1,Store,Tier 3,0
C06382,23,45.0,13,627.0,7866.0,4,0.6,1,0,Store,Tier 2,0
C06383,19,14.0,6,831.0,5625.0,3,0.35,0,0,Online,Tier 2,0
C06384,1,365.0,1,923.0,913.0,2,0.54,0,0,Store,Tier 1,1
C06385,41,29.0,14,1257.0,18732.0,4,0.41,0,0,Both,Tier 1,0
C06386,14,24.0,12,1088.0,12576.0,6,0.24,0,1,Both,Tier 2,0
C06387,60,32.0,12,1125.0,13392.0,8,0.51,0,1,Online,Tier 2,0
C06388,48,24.0,10,900.0,8735.0,6,0.5,0,0,Store,Tier 1,0
C06389,50,67.0,13,1021.0,13959.0,4,0.39,0,1,Store,Tier 3,0
C06390,46,26.0,7,457.0,2685.0,3,0.54,0,1,Store,Tier 1,0
C06391,25,75.0,17,927.0,13726.0,2,0.37,0,1,Online,Tier 2,0
C06392,31,16.0,8,740.0,6650.0,7,0.22,0,0,Store,Tier 2,0
C06393,34,34.0,13,1203.0,17079.0,3,0.41,0,1,Both,Tier 1,0
C06394,8,82.0,10,174.0,1683.0,3,0.72,0,0,Store,Tier 2,1
C06395,10,56.0,13,753.0,10264.0,4,0.47,0,0,Store,Tier 2,0
C06396,38,26.0,14,561.0,8007.0,8,0.58,0,1,Store,Tier 2,0
C06397,13,84.0,6,1385.0,9145.0,3,0.48,2,0,Online,Tier 2,1
C06398,19,40.0,14,1778.0,20369.0,4,0.54,1,0,Store,Tier 1,0
C06399,6,92.0,12,656.0,7165.0,2,0.38,0,1,Both,Tier 1,0
C06400,16,72.0,12,1506.0,19617.0,2,0.43,1,0,Online,Tier 2,1
C06401,60,225.0,3,623.0,1767.0,2,0.27,2,0,Online,Tier 1,1
C06402,59,35.0,9,1165.0,11694.0,1,0.08,0,1,Both,Tier 1,1
C06403,49,68.0,8,1402.0,11506.0,8,0.63,0,1,Store,Tier 1,0
C06404,58,21.0,11,1224.0,14998.0,4,0.59,0,0,Store,Tier 1,0
C06405,18,39.0,12,1595.0,20805.0,6,0.47,0,0,Store,Tier 2,0
C06406,43,33.0,11,1026.0,9795.0,4,0.42,0,0,Store,Tier 1,0
C06407,3,107.0,6,1208.0,6326.0,5,0.16,0,1,Both,Tier 1,1
C06408,34,68.0,25,1464.0,43538.0,4,0.63,0,0,Store,Tier 1,1
C06409,56,4.0,14,939.0,14669.0,4,0.56,1,0,Both,Tier 2,0
C06410,29,82.0,9,1157.0,8505.0,2,0.17,0,1,Store,Tier 1,0
C06411,5,50.0,8,846.0,7163.0,4,0.45,0,0,Store,Tier 2,1
C06412,1,33.0,7,933.0,5433.0,6,0.11,0,0,Store,Tier 1,0
C06413,17,41.0,8,835.0,5439.0,2,0.34,2,1,Online,Tier 1,0
C06414,22,124.0,17,755.0,13161.0,3,0.25,0,0,Store,Tier 2,0
C06415,37,19.0,17,1413.0,22916.0,4,0.02,0,1,Online,Tier 1,0
C06416,25,85.0,9,255.0,2243.0,4,0.55,0,1,Online,Tier 3,0
C06417,37,28.0,10,1197.0,13752.0,3,0.46,0,1,Online,,0
C06418,23,16.0,20,1273.0,25195.0,2,0.45,0,0,Online,Tier 2,0
C06419,38,11.0,12,1086.0,12466.0,2,0.2,2,1,Online,Tier 1,0
C06420,1,21.0,10,1205.0,11676.0,2,0.58,0,0,Store,Tier 2,1
C06421,40,35.0,12,906.0,10397.0,3,0.18,1,1,Store,Tier 1,0
C06422,44,91.0,10,498.0,4931.0,3,0.44,1,0,Online,Tier 2,0
C06423,59,117.0,11,823.0,7501.0,3,0.41,1,1,Both,Tier 2,0
C06424,36,41.0,16,1113.0,21204.0,8,0.46,0,0,Store,Tier 3,0
C06425,33,6.0,16,747.0,11675.0,4,0.77,1,1,Store,Tier 1,0
C06426,15,62.0,7,1197.0,8852.0,4,0.37,0,0,Store,Tier 3,1
C06427,25,10.0,17,576.0,10117.0,3,0.44,1,1,Online,Tier 2,1
C06428,23,104.0,8,595.0,4881.0,4,0.34,1,0,Store,Tier 2,1
C06429,6,38.0,19,1468.0,29214.0,3,0.23,1,1,Store,Tier 3,0
C06430,14,87.0,17,1134.0,16229.0,6,0.21,1,0,Store,Tier 1,0
C06431,11,44.0,15,738.0,13138.0,2,0.47,1,0,Both,Tier 2,0
C06432,21,38.0,16,932.0,12541.0,4,0.33,1,1,Online,Tier 1,0
C06433,8,70.0,10,492.0,5483.0,6,0.26,0,1,Store,Tier 2,0
C06434,17,52.0,16,687.0,10710.0,7,0.26,0,1,Online,Tier 3,0
C06435,51,55.0,6,576.0,3993.0,7,0.85,1,1,Store,Tier 3,0
C06436,58,35.0,9,1001.0,7345.0,4,0.57,0,1,Both,Tier 2,0
C06437,41,64.0,17,956.0,16450.0,6,0.25,1,1,Store,Tier 2,0
C06438,26,10.0,15,762.0,9419.0,5,0.18,1,0,Store,Tier 2,0
C06439,38,72.0,14,531.0,7365.0,4,0.14,2,1,Both,Tier 3,0
C06440,45,19.0,10,1605.0,18993.0,6,0.6,0,1,Online,Tier 1,0
C06441,30,43.0,19,1107.0,24873.0,6,0.41,0,0,Store,Tier 2,0
C06442,48,15.0,10,1487.0,17668.0,5,0.44,2,1,Online,Tier 1,0
C06443,43,32.0,11,600.0,5958.0,2,0.85,0,1,Store,Tier 2,0
C06444,33,33.0,9,1262.0,13545.0,2,0.57,0,1,Store,,0
C06445,53,89.0,7,737.0,4355.0,3,0.68,0,1,Both,Tier 3,0
C06446,29,26.0,13,732.0,9501.0,2,0.24,0,0,Both,Tier 2,1
C06447,34,47.0,15,1363.0,20784.0,5,0.3,0,0,Online,Tier 1,1
C06448,13,70.0,10,1061.0,10512.0,6,0.24,1,1,Store,Tier 2,0
C06449,18,16.0,17,781.0,12640.0,6,0.77,0,0,Online,Tier 2,0
C06450,56,1.0,17,526.0,10230.0,4,0.45,0,1,Store,Tier 2,0
C06451,22,25.0,8,968.0,7675.0,4,0.35,0,0,Online,Tier 1,1
C06452,35,7.0,14,726.0,10513.0,6,0.28,0,1,Store,Tier 1,0
C06453,17,18.0,9,554.0,4850.0,2,0.2,2,0,Both,Tier 1,1
C06454,39,151.0,6,1115.0,7134.0,1,0.14,0,1,Both,Tier 1,1
C06455,21,151.0,10,1264.0,13265.0,4,0.28,0,1,Store,Tier 3,0
C06456,32,136.0,3,643.0,2168.0,5,0.37,0,1,Both,Tier 1,1
C06457,50,34.0,10,685.0,7613.0,6,0.5,1,0,Both,Tier 1,1
C06458,24,21.0,20,842.0,18832.0,4,0.34,2,1,Online,Tier 1,0
C06459,2,102.0,9,1055.0,8804.0,4,0.35,0,0,Online,Tier 3,1
C06460,57,25.0,14,1384.0,16426.0,6,0.22,0,0,Both,Tier 2,0
C06461,14,43.0,12,1088.0,14077.0,2,0.36,0,0,Both,Tier 3,0
C06462,35,29.0,12,768.0,8338.0,4,0.59,0,0,Online,Tier 1,0
C06463,53,48.0,11,711.0,6834.0,6,0.16,0,0,Online,Tier 2,1
C06464,14,84.0,13,1171.0,18151.0,3,0.45,0,0,Both,Tier 2,0
C06465,20,70.0,10,1391.0,14784.0,5,0.33,0,1,Online,Tier 3,0
C06466,41,155.0,7,785.0,6510.0,2,0.07,3,1,Store,Tier 2,1
C06467,50,65.0,9,832.0,7569.0,5,0.19,0,1,Online,Tier 2,0
C06468,36,83.0,16,1210.0,16141.0,6,0.47,0,1,Both,Tier 2,0
C06469,57,67.0,11,553.0,4985.0,6,0.72,0,1,Both,Tier 1,0
C06470,37,46.0,11,1042.0,10122.0,5,0.64,0,1,Online,Tier 2,0
C06471,23,35.0,14,1421.0,18166.0,5,0.28,0,0,Online,Tier 1,0
C06472,2,4.0,14,,24225.0,4,0.54,0,1,Store,Tier 2,0
C06473,1,18.0,15,1008.0,15815.0,5,0.53,1,0,Both,Tier 2,1
C06474,4,23.0,10,1308.0,15541.0,6,0.93,0,0,Store,Tier 3,0
C06475,3,108.0,9,1158.0,12264.0,2,0.29,0,1,Online,Tier 2,1
C06476,9,12.0,15,753.0,12902.0,4,0.19,2,0,Both,Tier 3,0
C06477,35,45.0,15,797.0,12862.0,6,0.36,0,0,Store,Tier 3,0
C06478,23,18.0,11,981.0,10826.0,5,0.35,0,1,Store,Tier 1,1
C06479,56,36.0,18,1481.0,30240.0,5,0.43,0,1,Store,Tier 2,0
C06480,27,53.0,10,1090.0,11866.0,4,0.42,0,1,Store,Tier 2,0
C06481,24,45.0,17,1066.0,17156.0,3,0.38,1,0,Store,Tier 1,1
C06482,2,19.0,10,,5253.0,7,0.66,1,1,Store,Tier 2,0
C06483,42,16.0,15,1007.0,16325.0,2,0.86,1,1,Store,Tier 2,0
C06484,57,44.0,11,312.0,3655.0,4,0.53,0,1,Both,Tier 3,1
C06485,54,15.0,15,1068.0,16452.0,6,0.08,1,1,Store,Tier 2,0
C06486,47,16.0,15,1324.0,23821.0,7,0.45,0,0,Online,Tier 3,0
C06487,49,10.0,17,737.0,10439.0,3,0.1,0,1,Store,Tier 3,0
C06488,41,86.0,6,638.0,3411.0,4,0.42,0,0,Both,Tier 2,1
C06489,40,57.0,15,560.0,9962.0,3,0.49,0,1,Store,Tier 2,0
C06490,18,52.0,10,668.0,5509.0,2,0.08,0,0,Both,Tier 2,0
C06491,17,161.0,4,730.0,2531.0,2,0.26,0,0,Both,Tier 2,0
C06492,16,64.0,19,1386.0,30520.0,6,0.13,0,0,Both,Tier 3,0
C06493,45,63.0,11,977.0,9105.0,7,0.52,1,1,Store,Tier 2,0
C06494,1,21.0,14,559.0,7972.0,4,0.14,0,1,Online,Tier 3,0
C06495,9,59.0,9,224.0,1702.0,3,0.36,0,1,Store,Tier 1,0
C06496,51,101.0,10,713.0,6958.0,7,0.33,0,1,Store,Tier 1,0
C06497,19,70.0,7,501.0,3252.0,1,0.66,0,0,Store,Tier 1,0
C06498,47,114.0,11,495.0,5829.0,3,0.21,1,1,Online,Tier 3,0
C06499,31,19.0,9,990.0,8049.0,6,0.09,0,1,Both,Tier 2,0
C06500,23,29.0,19,,20292.0,6,0.46,1,0,Online,Tier 2,0
C06501,46,48.0,10,709.0,7475.0,6,0.6,0,0,Store,Tier 1,0
C06502,11,29.0,11,1038.0,12460.0,5,0.03,0,0,Store,Tier 2,1
C06503,58,232.0,1,557.0,461.0,5,0.4,0,1,Store,Tier 1,0
C06504,44,58.0,9,243.0,2087.0,3,0.1,1,1,Store,Tier 2,0
C06505,30,9.0,9,1412.0,10712.0,5,0.15,0,1,Store,Tier 2,0
C06506,6,68.0,15,1117.0,13940.0,3,0.47,1,0,Online,Tier 3,1
C06507,3,9.0,13,1110.0,15456.0,4,0.22,0,0,Store,Tier 2,1
C06508,31,15.0,13,1208.0,13021.0,2,0.21,0,0,Both,Tier 3,0
C06509,46,157.0,8,993.0,7371.0,5,0.58,0,1,Both,Tier 2,1
C06510,19,50.0,18,1020.0,18910.0,4,0.12,0,0,Store,Tier 2,0
C06511,20,57.0,13,907.0,13671.0,4,0.53,0,0,Store,Tier 1,1
C06512,60,29.0,16,1298.0,18564.0,3,0.23,0,1,Store,Tier 2,0
C06513,51,34.0,11,907.0,10560.0,3,0.16,1,1,Store,Tier 2,0
C06514,28,23.0,16,755.0,13446.0,4,0.52,0,1,Both,Tier 2,0
C06515,46,19.0,15,596.0,7153.0,5,0.18,1,1,Both,Tier 1,0
C06516,15,49.0,11,1332.0,14462.0,6,0.29,1,1,Both,Tier 1,0
C06517,45,17.0,17,960.0,19190.0,3,0.41,2,1,Store,Tier 3,0
C06518,40,92.0,11,768.0,7719.0,4,0.52,0,1,Store,Tier 2,0
C06519,57,2.0,13,1119.0,11895.0,1,0.38,0,1,Store,Tier 1,0
C06520,51,42.0,6,1633.0,10370.0,4,0.87,0,1,Store,Tier 2,0
C06521,26,77.0,12,252.0,3062.0,5,0.47,2,1,Store,Tier 2,0
C06522,34,87.0,15,978.0,12772.0,3,0.78,0,1,Online,Tier 2,0
C06523,3,1.0,9,1333.0,12514.0,1,0.19,1,0,Store,Tier 1,0
C06524,28,20.0,15,1377.0,16892.0,6,0.54,0,0,Both,Tier 1,0
C06525,30,5.0,12,804.0,8588.0,3,0.19,0,1,Store,Tier 2,0
C06526,36,24.0,12,979.0,12847.0,3,0.42,0,1,Store,Tier 2,0
C06527,46,108.0,12,552.0,7266.0,5,0.22,0,1,Online,Tier 3,0
C06528,26,18.0,10,731.0,6058.0,3,0.61,1,0,Store,Tier 2,0
C06529,58,33.0,15,894.0,12549.0,3,0.63,2,1,Both,Tier 2,0
C06530,53,15.0,9,930.0,8760.0,4,0.04,0,1,Both,Tier 3,0
C06531,20,79.0,6,748.0,5072.0,4,0.15,0,1,Both,Tier 1,0
C06532,32,3.0,19,482.0,10794.0,4,0.17,0,1,Store,Tier 3,0
C06533,4,67.0,14,672.0,8036.0,1,0.27,2,0,Store,Tier 3,1
C06534,46,6.0,17,948.0,18607.0,5,0.18,0,1,Both,Tier 1,0
C06535,5,104.0,6,482.0,2783.0,3,0.47,0,1,Store,Tier 2,1
C06536,47,16.0,11,1216.0,14888.0,2,0.22,0,1,Both,Tier 2,0
C06537,42,102.0,11,,12569.0,3,0.28,1,0,Store,Tier 2,0
C06538,24,82.0,11,625.0,6650.0,2,0.13,0,0,Store,Tier 1,0
C06539,10,16.0,17,1225.0,18077.0,3,0.23,0,1,Online,Tier 3,0
C06540,43,8.0,19,819.0,14659.0,3,0.87,1,1,Store,,0
C06541,50,31.0,7,1101.0,6272.0,3,0.67,0,1,Store,Tier 1,0
C06542,16,22.0,9,646.0,6254.0,1,0.23,2,0,Store,Tier 3,0
C06543,55,16.0,11,1174.0,13198.0,2,0.46,0,0,Online,Tier 2,0
C06544,28,20.0,14,849.0,11224.0,3,0.47,0,1,Store,Tier 1,0
C06545,30,116.0,8,728.0,4840.0,5,0.26,0,1,Store,Tier 1,0
C06546,16,23.0,11,,10712.0,4,0.52,0,0,Both,Tier 2,0
C06547,52,34.0,16,,13711.0,3,0.19,1,1,Both,Tier 1,0
C06548,10,49.0,14,799.0,10513.0,4,0.34,1,1,Store,Tier 1,0
C06549,59,4.0,13,1253.0,13309.0,4,0.29,0,1,Both,Tier 2,0
C06550,26,81.0,14,954.0,10969.0,2,0.44,0,0,Both,Tier 1,1
C06551,26,34.0,14,865.0,12302.0,3,0.53,0,0,Both,Tier 3,1
C06552,32,166.0,6,1088.0,7067.0,3,0.6,1,0,Store,Tier 1,1
C06553,39,88.0,8,661.0,5561.0,3,0.78,0,0,Store,Tier 3,0
C06554,51,56.0,8,1297.0,9914.0,6,0.62,1,1,Store,Tier 1,0
C06555,49,29.0,15,672.0,10495.0,1,0.09,1,1,Both,Tier 1,0
C06556,43,37.0,9,879.0,8441.0,5,0.29,0,1,Both,Tier 1,0
C06557,50,49.0,12,765.0,9815.0,2,0.21,2,1,Both,Tier 1,1
C06558,23,69.0,9,919.0,9176.0,5,0.27,1,0,Online,Tier 2,1
C06559,3,29.0,14,907.0,12313.0,3,0.59,0,1,Both,Tier 2,0
C06560,1,35.0,12,445.0,4988.0,3,0.33,0,0,Store,Tier 2,0
C06561,50,44.0,17,950.0,17362.0,2,0.34,0,0,Both,Tier 2,0
C06562,40,195.0,8,948.0,7052.0,8,0.25,0,1,Store,Tier 1,0
C06563,9,95.0,13,767.0,11861.0,4,0.09,0,0,Store,Tier 2,0
C06564,53,17.0,7,,6294.0,2,0.63,0,1,Online,Tier 2,0
C06565,9,116.0,10,1369.0,14030.0,4,0.34,1,0,Online,Tier 1,1
C06566,58,102.0,9,468.0,3481.0,2,0.29,0,1,Store,Tier 1,0
C06567,21,71.0,16,839.0,15505.0,5,0.51,0,0,Both,Tier 2,0
C06568,28,17.0,11,1222.0,13653.0,4,0.27,0,1,Store,Tier 2,0
C06569,15,89.0,5,634.0,2939.0,5,0.47,0,0,Both,Tier 1,0
C06570,10,50.0,14,656.0,10718.0,4,0.16,0,1,Store,Tier 1,0
C06571,57,148.0,9,1147.0,11909.0,4,0.05,0,1,Both,Tier 1,0
C06572,49,14.0,14,966.0,13072.0,4,0.2,1,0,Store,Tier 1,0
C06573,10,198.0,5,904.0,4177.0,4,0.46,0,0,Both,Tier 2,1
C06574,27,73.0,9,1218.0,11817.0,4,0.12,1,0,Store,Tier 2,0
C06575,42,67.0,11,903.0,10696.0,6,0.18,1,0,Store,Tier 1,0
C06576,17,69.0,12,1215.0,14836.0,5,0.26,0,0,Store,Tier 2,0
C06577,1,37.0,8,1145.0,10831.0,7,0.13,0,1,Both,Tier 1,0
C06578,9,31.0,7,959.0,6312.0,3,0.26,1,0,Store,Tier 2,1
C06579,25,36.0,16,1407.0,24472.0,6,0.9,0,1,Store,Tier 2,1
C06580,49,6.0,12,916.0,10187.0,3,0.42,0,0,Store,Tier 2,0
C06581,5,70.0,6,1213.0,5864.0,7,0.46,0,0,Both,Tier 1,1
C06582,18,43.0,14,1415.0,17232.0,3,0.48,0,0,Both,Tier 1,0
C06583,31,1.0,12,1016.0,12739.0,5,0.57,2,0,Store,Tier 1,1
C06584,33,19.0,18,592.0,10204.0,5,0.14,0,1,Store,Tier 1,0
C06585,19,121.0,8,773.0,7212.0,2,0.26,1,1,Store,Tier 1,1
C06586,34,61.0,20,733.0,13704.0,6,0.14,0,1,Store,Tier 2,0
C06587,10,64.0,13,746.0,8721.0,4,0.59,1,1,Store,Tier 1,0
C06588,18,86.0,11,1174.0,13849.0,3,0.11,1,1,Store,Tier 3,0
C06589,5,111.0,16,766.0,11836.0,4,0.42,1,1,Both,Tier 2,1
C06590,25,47.0,21,722.0,16006.0,3,0.17,1,1,Store,Tier 1,0
C06591,5,35.0,23,1315.0,29938.0,2,0.33,0,0,Online,Tier 2,0
C06592,47,82.0,13,1053.0,12833.0,2,0.37,0,0,Online,Tier 2,0
C06593,58,30.0,16,471.0,8210.0,6,0.4,0,0,Both,Tier 3,0
C06594,29,43.0,12,728.0,9429.0,2,0.42,0,0,Store,Tier 3,0
C06595,31,3.0,20,534.0,11986.0,5,0.09,0,0,Both,Tier 2,0
C06596,59,12.0,20,1101.0,23552.0,3,0.59,2,1,Store,Tier 1,1
C06597,12,119.0,6,1768.0,11049.0,3,0.56,1,0,Store,Tier 2,1
C06598,7,23.0,11,532.0,6171.0,3,0.4,0,1,Store,Tier 2,1
C06599,20,27.0,13,1289.0,16242.0,5,0.37,1,0,Both,Tier 2,0
C06600,16,88.0,8,1230.0,10602.0,4,0.53,0,0,Store,Tier 1,1
C06601,36,98.0,8,1467.0,10465.0,5,0.58,0,1,Both,Tier 1,0
C06602,20,27.0,9,615.0,4728.0,8,0.55,1,1,Store,Tier 1,1
C06603,25,14.0,14,1068.0,12896.0,4,0.19,1,0,Both,Tier 2,0
C06604,8,216.0,4,1069.0,3729.0,4,0.31,0,0,Store,Tier 3,0
C06605,56,106.0,8,821.0,7755.0,3,0.48,0,1,Store,Tier 1,0
C06606,36,8.0,19,499.0,11213.0,5,0.54,0,1,Online,Tier 1,0
C06607,48,25.0,10,631.0,5470.0,4,0.59,0,0,Store,Tier 3,1
C06608,52,9.0,16,1389.0,23266.0,3,0.29,2,0,Both,Tier 3,0
C06609,44,51.0,16,848.0,13305.0,6,0.42,1,0,Both,Tier 1,0
C06610,2,49.0,15,,8477.0,2,0.64,0,1,Store,Tier 3,0
C06611,56,88.0,9,1197.0,11733.0,7,0.33,0,1,Both,Tier 2,0
C06612,21,30.0,10,1309.0,15158.0,4,0.51,0,1,Store,Tier 2,0
C06613,10,7.0,14,700.0,9970.0,5,0.4,1,0,Online,Tier 3,0
C06614,3,6.0,12,1476.0,17880.0,6,0.25,0,0,Store,Tier 2,0
C06615,22,30.0,10,1150.0,13679.0,5,0.13,1,0,Online,Tier 2,0
C06616,48,24.0,9,807.0,6316.0,5,0.58,3,1,Online,,0
C06617,29,35.0,16,658.0,11772.0,3,0.82,1,1,Store,Tier 2,0
C06618,57,85.0,12,1263.0,15411.0,6,0.39,0,1,Store,Tier 2,0
C06619,36,8.0,11,862.0,10917.0,4,0.11,0,0,Store,Tier 1,0
C06620,14,77.0,8,660.0,5673.0,4,0.57,0,1,Store,Tier 3,0
C06621,12,22.0,11,1472.0,18201.0,7,0.33,0,0,Store,Tier 2,0
C06622,27,13.0,14,823.0,12117.0,5,0.31,2,1,Online,Tier 1,1
C06623,14,49.0,10,1242.0,12847.0,7,0.23,0,1,Store,Tier 2,0
C06624,43,27.0,11,1154.0,11736.0,5,0.48,0,0,Both,Tier 2,0
C06625,43,100.0,12,1162.0,12203.0,3,0.55,0,0,Store,Tier 1,1
C06626,21,70.0,10,1336.0,12528.0,6,0.04,0,0,Store,Tier 3,0
C06627,43,65.0,12,1230.0,13855.0,3,0.49,0,1,Both,Tier 1,0
C06628,26,65.0,17,1405.0,26062.0,4,0.08,1,0,Store,Tier 3,0
C06629,56,94.0,11,824.0,7691.0,2,0.16,1,1,Store,Tier 1,0
C06630,31,47.0,10,668.0,5558.0,3,0.9,0,1,Store,Tier 1,0
C06631,19,49.0,15,1011.0,15852.0,4,0.1,0,0,Store,Tier 3,0
C06632,6,49.0,15,1404.0,21117.0,3,0.32,1,0,Both,Tier 3,0
C06633,31,128.0,7,801.0,5368.0,4,0.43,0,0,Online,Tier 2,1
C06634,59,42.0,18,1005.0,16651.0,3,0.22,1,1,Online,Tier 2,0
C06635,40,90.0,14,978.0,13519.0,7,0.53,0,1,Store,,0
C06636,20,90.0,7,,6533.0,8,0.73,0,0,Online,Tier 3,1
C06637,27,27.0,16,1457.0,20547.0,2,0.33,2,1,Both,Tier 1,1
C06638,8,45.0,8,1673.0,14370.0,4,0.31,0,0,Both,,0
C06639,18,70.0,8,740.0,6307.0,7,0.6,0,1,Store,Tier 2,0
C06640,29,10.0,11,1076.0,9868.0,5,0.14,0,0,Both,Tier 3,0
C06641,37,19.0,15,1128.0,19951.0,4,0.5,0,1,Store,Tier 1,1
C06642,40,48.0,18,850.0,12966.0,2,0.32,0,1,Store,Tier 1,0
C06643,19,23.0,12,1012.0,10436.0,6,0.61,0,0,Store,Tier 1,1
C06644,46,78.0,14,717.0,8550.0,4,0.06,0,0,Store,Tier 2,1
C06645,21,57.0,16,1272.0,21893.0,4,0.65,0,0,Online,Tier 2,1
C06646,60,26.0,11,654.0,6465.0,4,0.71,0,1,Online,Tier 2,1
C06647,11,53.0,12,1070.0,10744.0,4,0.18,0,0,Both,Tier 2,1
C06648,49,59.0,9,765.0,5852.0,2,0.17,0,1,Store,Tier 2,0
C06649,3,70.0,14,596.0,9140.0,7,0.44,0,0,Both,Tier 3,0
C06650,48,17.0,18,618.0,12644.0,4,0.75,1,1,Store,Tier 2,0
C06651,30,48.0,18,986.0,16208.0,6,0.14,0,0,Both,Tier 2,0
C06652,15,36.0,12,1594.0,18140.0,3,0.14,2,0,Store,Tier 1,0
C06653,8,51.0,12,913.0,11774.0,3,0.33,0,0,Both,Tier 2,0
C06654,56,35.0,16,961.0,16239.0,8,0.28,1,1,Both,Tier 2,0
C06655,24,20.0,10,727.0,7973.0,5,0.59,0,0,Online,Tier 2,0
C06656,58,62.0,6,962.0,4737.0,7,0.15,0,1,Store,Tier 2,0
C06657,24,71.0,13,890.0,9490.0,4,0.32,0,1,Store,Tier 1,0
C06658,35,24.0,16,620.0,9354.0,5,0.4,0,1,Online,Tier 2,0
C06659,13,21.0,11,892.0,9111.0,3,0.53,0,1,Online,Tier 1,0
C06660,25,42.0,14,696.0,10756.0,8,0.34,1,1,Both,Tier 1,0
C06661,12,81.0,9,1096.0,9131.0,3,0.74,0,1,Online,Tier 2,0
C06662,58,73.0,10,1126.0,11413.0,6,0.37,0,0,Store,Tier 3,0
C06663,5,147.0,5,1159.0,5713.0,6,0.74,0,0,Store,Tier 2,1
C06664,15,102.0,8,611.0,4237.0,3,0.25,0,1,Both,Tier 2,0
C06665,44,50.0,8,1004.0,8210.0,7,0.45,0,1,Both,Tier 3,0
C06666,25,188.0,8,1256.0,10063.0,2,0.3,0,0,Store,Tier 2,0
C06667,12,34.0,5,793.0,3682.0,7,0.57,1,0,Online,Tier 1,0
C06668,40,1.0,12,730.0,8391.0,1,0.6,0,1,Online,Tier 2,0
C06669,40,6.0,21,1109.0,23155.0,3,0.27,0,1,Store,Tier 2,0
C06670,33,83.0,10,277.0,2429.0,4,0.87,0,0,Store,Tier 1,1
C06671,51,28.0,12,1192.0,13495.0,5,0.71,1,1,Both,Tier 1,0
C06672,44,17.0,13,920.0,12257.0,3,0.38,1,0,Online,Tier 2,1
C06673,31,75.0,11,498.0,4620.0,5,0.33,0,1,Online,Tier 3,0
C06674,38,176.0,9,894.0,7432.0,2,0.39,0,0,Store,Tier 1,1
C06675,16,31.0,17,1321.0,24244.0,7,0.66,0,0,Store,Tier 2,0
C06676,2,54.0,14,579.0,8932.0,2,0.36,0,0,Online,Tier 2,1
C06677,59,54.0,13,1146.0,15230.0,4,0.43,1,1,Store,Tier 2,0
C06678,29,48.0,10,745.0,8931.0,6,0.11,0,0,Online,Tier 2,0
C06679,6,38.0,9,532.0,4738.0,4,0.62,0,0,Both,Tier 1,0
C06680,47,118.0,12,533.0,6725.0,1,0.23,0,1,Online,Tier 3,0
C06681,15,39.0,14,1226.0,14506.0,3,0.92,0,0,Both,Tier 2,0
C06682,13,8.0,10,607.0,6978.0,3,0.29,0,0,Both,Tier 2,0
C06683,50,72.0,10,972.0,11105.0,7,0.73,0,1,Both,Tier 2,0
C06684,22,81.0,7,1240.0,9817.0,3,0.51,0,0,Store,Tier 1,0
C06685,33,64.0,7,1183.0,9797.0,1,0.15,0,0,Store,Tier 1,0
C06686,54,28.0,15,961.0,13451.0,2,0.45,1,0,Store,Tier 1,1
C06687,4,142.0,5,1084.0,5450.0,3,0.35,2,0,Online,Tier 2,1
C06688,13,33.0,10,1287.0,12432.0,5,0.58,1,0,Store,Tier 3,0
C06689,20,64.0,13,877.0,10049.0,4,0.55,0,0,Store,Tier 3,1
C06690,28,34.0,8,1028.0,8410.0,3,0.51,0,0,Store,Tier 2,0
C06691,56,170.0,4,1148.0,5409.0,5,0.31,1,1,Store,Tier 2,1
C06692,3,6.0,14,893.0,12779.0,4,0.45,0,0,Online,Tier 1,0
C06693,41,56.0,15,1255.0,22460.0,2,0.17,1,1,Both,Tier 1,0
C06694,23,89.0,12,358.0,4605.0,5,0.03,1,1,Store,Tier 1,0
C06695,18,51.0,9,946.0,7309.0,3,0.66,0,1,Online,Tier 3,0
C06696,29,39.0,9,578.0,4732.0,2,0.34,1,0,Store,Tier 2,0
C06697,4,64.0,14,775.0,9317.0,4,0.39,0,1,Online,Tier 2,0
C06698,48,19.0,11,1299.0,15578.0,5,0.65,0,0,Store,Tier 3,0
C06699,7,185.0,3,1041.0,3105.0,2,0.25,0,1,Both,Tier 1,0
C06700,48,51.0,17,150.0,2056.0,2,0.31,1,1,Store,Tier 2,0
C06701,50,73.0,12,1658.0,19938.0,6,0.5,0,0,Store,Tier 2,0
C06702,22,76.0,4,1465.0,5777.0,3,0.66,1,1,Both,Tier 2,0
C06703,23,25.0,13,798.0,10865.0,3,0.47,0,1,Store,Tier 3,0
C06704,60,60.0,17,1069.0,20150.0,3,0.39,0,1,Store,Tier 1,0
C06705,51,17.0,12,761.0,10136.0,3,0.25,0,1,Store,Tier 1,0
C06706,6,244.0,5,688.0,3588.0,3,0.33,1,0,Both,Tier 1,1
C06707,10,89.0,11,1163.0,11960.0,2,0.36,0,1,Online,Tier 1,1
C06708,54,82.0,9,1208.0,11534.0,4,0.6,0,0,Both,Tier 2,0
C06709,26,45.0,16,757.0,9873.0,5,0.54,1,1,Store,Tier 2,0
C06710,8,120.0,13,391.0,4397.0,3,0.73,0,0,Store,Tier 2,1
C06711,49,32.0,17,729.0,12899.0,2,0.31,1,0,Store,Tier 3,0
C06712,32,76.0,15,,10389.0,4,0.81,0,0,Online,Tier 2,0
C06713,35,28.0,9,628.0,5744.0,1,0.44,0,0,Both,Tier 1,1
C06714,59,28.0,14,1177.0,15540.0,3,0.67,0,1,Online,Tier 1,0
C06715,15,69.0,10,1080.0,12109.0,2,0.51,0,1,Store,Tier 2,0
C06716,31,67.0,13,995.0,10753.0,7,0.7,0,1,Store,Tier 1,0
C06717,40,17.0,11,1156.0,14323.0,4,0.35,0,0,Store,Tier 2,0
C06718,56,69.0,14,1066.0,14905.0,2,0.2,0,1,Both,Tier 2,0
C06719,22,54.0,13,500.0,7614.0,6,0.24,0,0,Store,Tier 1,0
C06720,51,6.0,19,777.0,16447.0,4,0.35,1,1,Online,Tier 1,0
C06721,5,24.0,10,745.0,8020.0,6,0.53,1,1,Online,Tier 1,0
C06722,22,40.0,9,884.0,7760.0,5,0.54,1,0,Store,Tier 1,1
C06723,57,8.0,14,734.0,12175.0,5,0.46,0,1,Both,Tier 1,0
C06724,38,147.0,9,1114.0,10114.0,2,0.28,1,0,Store,Tier 1,1
C06725,28,12.0,21,,13294.0,6,0.56,0,0,Store,Tier 1,0
C06726,38,16.0,8,1457.0,13325.0,3,0.32,0,1,Online,Tier 1,0
C06727,47,55.0,17,785.0,13690.0,5,0.32,0,0,Online,Tier 3,0
C06728,16,72.0,21,664.0,15263.0,3,0.46,2,1,Store,Tier 2,0
C06729,9,14.0,18,1154.0,23085.0,4,0.7,0,1,Store,Tier 3,1
C06730,57,45.0,9,590.0,6138.0,3,0.27,0,1,Store,Tier 1,0
C06731,52,32.0,16,1011.0,18559.0,4,0.67,1,1,Both,Tier 3,0
C06732,59,54.0,7,519.0,4270.0,7,0.43,0,1,Both,Tier 2,0
C06733,58,46.0,14,1030.0,15902.0,4,0.35,0,1,Store,Tier 1,0
C06734,32,28.0,18,895.0,16786.0,5,0.32,1,0,Store,Tier 1,0
C06735,10,17.0,9,816.0,8652.0,6,0.37,0,0,Both,Tier 3,0
C06736,31,29.0,12,944.0,11069.0,3,0.06,0,1,Both,Tier 1,0
C06737,51,16.0,13,869.0,9255.0,5,0.11,2,0,Both,Tier 1,0
C06738,27,19.0,25,1032.0,21716.0,2,0.35,0,1,Store,Tier 2,0
C06739,8,176.0,6,150.0,983.0,1,0.37,1,0,Both,Tier 2,1
C06740,18,120.0,3,927.0,2282.0,2,0.3,0,1,Both,Tier 2,1
C06741,27,32.0,18,380.0,8174.0,2,0.5,0,0,Store,Tier 2,0
C06742,24,61.0,13,1814.0,23150.0,1,0.44,0,0,Store,Tier 2,1
C06743,1,44.0,14,1204.0,16878.0,5,0.26,0,0,Online,Tier 2,0
C06744,46,52.0,12,544.0,7634.0,4,0.35,0,0,Both,Tier 2,1
C06745,37,26.0,12,975.0,11797.0,4,0.38,0,0,Store,Tier 3,0
C06746,19,55.0,14,1036.0,15640.0,7,0.55,0,0,Store,Tier 1,0
C06747,33,71.0,11,737.0,9635.0,5,0.43,0,1,Online,Tier 1,0
C06748,10,39.0,12,1103.0,15135.0,3,0.36,1,0,Store,Tier 2,0
C06749,48,108.0,9,982.0,10023.0,4,0.74,0,1,Store,Tier 3,0
C06750,51,24.0,9,1168.0,12179.0,5,0.24,1,1,Both,Tier 1,0
C06751,7,136.0,5,1189.0,5095.0,5,0.62,0,1,Both,Tier 3,0
C06752,37,111.0,7,906.0,6471.0,5,0.52,0,0,Store,Tier 1,0
C06753,48,17.0,15,1017.0,14407.0,3,0.46,1,1,Online,Tier 3,0
C06754,15,106.0,7,1139.0,7278.0,4,0.55,0,0,Store,Tier 1,0
C06755,34,64.0,11,1006.0,10390.0,2,0.44,0,1,Both,Tier 3,1
C06756,49,29.0,13,986.0,13208.0,3,0.73,0,1,Both,Tier 1,0
C06757,25,112.0,8,855.0,6302.0,6,0.86,0,0,Store,Tier 2,0
C06758,45,119.0,7,998.0,5779.0,3,0.66,1,0,Store,Tier 1,1
C06759,18,28.0,10,938.0,8897.0,5,0.51,0,0,Store,Tier 3,0
C06760,14,39.0,11,782.0,7127.0,5,0.76,1,0,Store,Tier 2,0
C06761,28,26.0,9,870.0,7296.0,6,0.38,1,0,Store,Tier 2,1
C06762,35,20.0,17,1000.0,17177.0,5,0.85,0,0,Both,Tier 3,0
C06763,4,18.0,13,482.0,6866.0,4,0.6,1,1,Both,Tier 2,0
C06764,16,7.0,20,1532.0,29142.0,2,0.3,0,0,Online,Tier 1,0
C06765,10,73.0,8,911.0,6215.0,6,0.67,0,0,Online,Tier 1,1
C06766,51,130.0,10,1179.0,10070.0,2,0.67,0,0,Both,Tier 2,0
C06767,56,108.0,6,932.0,6276.0,3,0.34,0,1,Store,Tier 2,0
C06768,43,53.0,10,923.0,9285.0,3,0.33,0,0,Store,Tier 2,0
C06769,53,42.0,10,546.0,4368.0,2,0.71,0,1,Both,Tier 2,1
C06770,9,43.0,14,766.0,11297.0,6,0.45,0,0,Store,Tier 3,0
C06771,1,9.0,14,946.0,10642.0,4,0.67,1,1,Online,Tier 3,0
C06772,24,55.0,10,702.0,5791.0,3,0.45,0,0,Both,Tier 3,0
C06773,37,30.0,10,890.0,8948.0,3,0.16,0,1,Both,Tier 1,0
C06774,13,18.0,8,844.0,7792.0,3,0.81,0,0,Store,Tier 2,1
C06775,33,15.0,9,949.0,7350.0,3,0.73,0,1,Online,Tier 1,0
C06776,6,59.0,9,421.0,4225.0,3,0.35,1,0,Both,Tier 1,0
C06777,42,130.0,13,1038.0,11227.0,3,0.32,1,1,Both,Tier 3,0
C06778,37,105.0,14,1081.0,15120.0,3,0.44,0,1,Both,Tier 3,0
C06779,27,53.0,15,1180.0,18421.0,6,0.41,0,1,Store,Tier 3,0
C06780,50,216.0,3,814.0,2309.0,5,0.51,1,1,Both,Tier 1,0
C06781,30,62.0,12,552.0,7404.0,4,0.38,2,0,Store,Tier 3,0
C06782,58,17.0,14,1135.0,17977.0,6,0.39,1,0,Online,Tier 3,0
C06783,7,124.0,6,751.0,5192.0,1,0.33,0,0,Both,Tier 1,1
C06784,19,5.0,14,1326.0,18445.0,3,0.39,1,1,Store,Tier 1,0
C06785,24,69.0,12,542.0,6914.0,4,0.33,0,0,Both,Tier 1,0
C06786,6,67.0,12,324.0,3714.0,7,0.65,0,1,Online,Tier 2,0
C06787,20,91.0,7,873.0,6161.0,5,0.39,0,1,Store,Tier 3,0
C06788,6,62.0,8,1177.0,10254.0,3,0.34,0,1,Store,Tier 1,0
C06789,26,48.0,14,919.0,11918.0,3,0.32,0,0,Both,Tier 2,0
C06790,13,137.0,10,1232.0,14382.0,3,0.41,1,0,Store,Tier 3,1
C06791,6,32.0,9,856.0,8998.0,2,0.54,1,1,Store,Tier 2,0
C06792,8,82.0,9,329.0,3166.0,3,0.42,0,1,Store,Tier 2,1
C06793,30,127.0,9,329.0,2977.0,7,0.5,0,0,Store,Tier 2,0
C06794,31,41.0,9,1212.0,12874.0,7,0.74,0,0,Store,Tier 1,0
C06795,7,137.0,6,796.0,4398.0,5,0.07,1,0,Both,Tier 2,1
C06796,11,2.0,9,385.0,3027.0,3,0.57,0,1,Both,Tier 2,0
C06797,37,41.0,9,484.0,3552.0,4,0.29,0,1,Store,Tier 3,0
C06798,54,11.0,7,,7465.0,6,0.53,0,1,Both,Tier 2,0
C06799,56,43.0,12,1230.0,13197.0,7,0.38,1,1,Store,Tier 1,0
C06800,56,58.0,5,1393.0,5606.0,5,0.23,0,1,Store,Tier 1,0
C06801,1,79.0,9,926.0,8574.0,5,0.35,0,1,Store,Tier 1,0
C06802,56,5.0,20,691.0,11112.0,4,0.73,0,0,Online,Tier 1,0
C06803,44,49.0,8,1384.0,13092.0,2,0.47,1,0,Online,Tier 1,1
C06804,9,42.0,9,992.0,10269.0,2,0.67,1,1,Store,Tier 3,1
C06805,60,102.0,4,805.0,2613.0,4,0.2,0,1,Online,Tier 3,0
C06806,18,69.0,9,1320.0,10389.0,3,0.43,0,1,Both,Tier 3,0
C06807,41,59.0,14,1149.0,13097.0,4,0.45,0,1,Store,Tier 1,0
C06808,51,17.0,13,630.0,8773.0,3,0.22,0,1,Online,Tier 2,0
C06809,39,22.0,8,1129.0,8860.0,4,0.29,0,0,Store,Tier 2,0
C06810,21,52.0,15,755.0,11694.0,4,0.25,0,1,Both,Tier 1,0
C06811,25,57.0,9,1024.0,8187.0,4,0.88,0,1,Both,Tier 3,0
C06812,26,21.0,14,1287.0,18018.0,2,0.5,1,0,Online,Tier 3,0
C06813,51,122.0,13,1459.0,22527.0,7,0.18,1,1,Store,Tier 3,0
C06814,53,63.0,16,806.0,12984.0,5,0.31,0,1,Both,Tier 1,0
C06815,36,23.0,12,330.0,3437.0,4,0.74,0,1,Store,Tier 2,0
C06816,7,67.0,9,1241.0,11979.0,3,0.65,0,0,Both,Tier 3,0
C06817,18,17.0,11,1115.0,11270.0,3,0.29,1,0,Both,Tier 2,0
C06818,16,30.0,10,1263.0,11973.0,2,0.83,0,1,Store,Tier 1,0
C06819,48,6.0,13,,9712.0,3,0.45,0,1,Both,Tier 1,0
C06820,47,3.0,16,927.0,13174.0,4,0.26,0,0,Store,Tier 2,0
C06821,5,18.0,9,834.0,7814.0,4,0.34,0,1,Both,Tier 1,0
C06822,56,12.0,15,1175.0,18707.0,5,0.26,0,0,Store,Tier 1,0
C06823,56,70.0,8,508.0,4623.0,5,0.42,2,1,Store,Tier 2,1
C06824,37,28.0,15,486.0,8542.0,4,0.08,0,1,Both,Tier 1,0
C06825,29,45.0,19,573.0,10489.0,5,0.31,0,0,Store,Tier 1,0
C06826,39,79.0,7,1311.0,10803.0,4,0.22,0,0,Store,Tier 2,1
C06827,49,42.0,9,686.0,6014.0,5,0.42,1,0,Both,Tier 3,0
C06828,31,5.0,15,1020.0,13420.0,3,0.4,0,0,Store,Tier 2,0
C06829,3,38.0,14,450.0,7440.0,5,0.4,0,0,Store,Tier 2,1
C06830,42,44.0,14,1045.0,15237.0,4,0.6,0,1,Store,Tier 2,0
C06831,41,61.0,17,750.0,14112.0,3,0.85,0,0,Both,Tier 2,0
C06832,55,71.0,17,1320.0,23255.0,3,0.44,0,0,Online,Tier 1,0
C06833,55,97.0,9,1161.0,11737.0,2,0.35,0,1,Store,Tier 3,0
C06834,39,74.0,5,915.0,4553.0,4,0.34,0,1,Both,Tier 2,0
C06835,38,44.0,11,982.0,11428.0,3,0.71,0,1,Both,Tier 1,1
C06836,57,35.0,15,525.0,6914.0,7,0.21,1,0,Online,Tier 2,0
C06837,21,32.0,6,949.0,4855.0,5,0.2,0,1,Store,Tier 3,1
C06838,51,76.0,10,1273.0,10652.0,4,0.72,0,1,Online,Tier 3,1
C06839,39,44.0,13,762.0,8975.0,7,0.04,1,0,Store,Tier 2,0
C06840,14,4.0,13,1381.0,15997.0,4,0.19,1,1,Store,Tier 2,1
C06841,5,32.0,16,1066.0,15359.0,1,0.25,0,1,Store,Tier 2,0
C06842,57,44.0,7,992.0,6302.0,2,0.26,0,1,Store,Tier 3,0
C06843,1,65.0,9,1296.0,11374.0,4,0.33,0,0,Store,Tier 1,0
C06844,38,85.0,6,978.0,4840.0,4,0.35,0,0,Store,Tier 1,1
C06845,41,89.0,10,914.0,10257.0,1,0.6,0,0,Online,Tier 1,1
C06846,56,57.0,11,1402.0,17092.0,2,0.52,1,1,Store,Tier 2,0
C06847,37,36.0,12,1004.0,13097.0,4,0.19,1,1,Both,Tier 2,0
C06848,41,48.0,9,619.0,5368.0,5,0.5,0,1,Online,Tier 2,0
C06849,40,137.0,6,957.0,6239.0,3,0.5,0,1,Online,Tier 1,0
C06850,60,27.0,7,836.0,5478.0,2,0.61,0,1,Both,Tier 1,0
C06851,48,34.0,13,755.0,9050.0,5,0.28,0,1,Both,Tier 3,0
C06852,38,99.0,7,878.0,7037.0,2,0.17,0,0,Online,Tier 1,1
C06853,51,14.0,19,579.0,12300.0,4,0.59,0,1,Both,Tier 2,0
C06854,49,70.0,11,569.0,6408.0,7,0.17,3,0,Store,Tier 2,0
C06855,53,91.0,9,692.0,5968.0,3,0.16,1,0,Store,Tier 3,0
C06856,5,82.0,7,493.0,3244.0,3,0.43,0,1,Store,Tier 1,1
C06857,29,14.0,11,1533.0,13906.0,2,0.44,1,0,Online,Tier 2,0
C06858,60,97.0,14,457.0,6759.0,3,0.57,0,0,Both,Tier 3,0
C06859,36,83.0,14,926.0,13677.0,3,0.05,0,1,Store,Tier 1,0
C06860,2,15.0,15,939.0,15703.0,5,0.81,1,0,Store,,0
C06861,56,56.0,8,795.0,7373.0,4,0.7,0,0,Online,Tier 1,0
C06862,55,27.0,11,1410.0,16914.0,7,0.54,0,1,Store,Tier 1,0
C06863,45,6.0,17,602.0,11987.0,8,0.4,0,0,Store,Tier 2,0
C06864,10,24.0,25,861.0,20287.0,3,0.45,0,1,Online,Tier 2,0
C06865,45,47.0,11,670.0,7654.0,3,0.16,1,1,Online,Tier 3,0
C06866,59,86.0,12,1228.0,16289.0,1,0.66,0,1,Online,Tier 1,1
C06867,42,32.0,15,1220.0,15655.0,2,0.55,0,1,Online,Tier 2,0
C06868,4,53.0,13,1032.0,15361.0,3,0.48,1,0,Both,Tier 1,1
C06869,42,71.0,7,716.0,5293.0,1,0.37,0,1,Store,Tier 2,0
C06870,17,27.0,19,624.0,12637.0,6,0.3,0,0,Store,Tier 2,0
C06871,11,40.0,15,1588.0,19784.0,5,0.47,0,0,Both,Tier 1,0
C06872,15,12.0,15,723.0,8932.0,1,0.37,0,1,Both,Tier 3,0
C06873,59,25.0,12,959.0,11628.0,4,0.57,0,0,Online,Tier 3,1
C06874,20,91.0,13,396.0,4170.0,4,0.7,0,0,Both,Tier 1,0
C06875,11,37.0,16,564.0,8905.0,4,0.7,1,0,Online,Tier 3,1
C06876,40,114.0,6,586.0,3636.0,3,0.09,0,1,Both,Tier 1,0
C06877,48,115.0,9,1381.0,10807.0,1,0.09,0,0,Both,Tier 1,0
C06878,30,13.0,17,959.0,13913.0,6,0.38,0,1,Store,Tier 1,0
C06879,4,21.0,16,1060.0,17099.0,3,0.27,0,0,Store,Tier 3,0
C06880,36,44.0,11,850.0,9876.0,4,0.86,1,1,Store,Tier 3,0
C06881,56,80.0,9,897.0,7093.0,5,0.79,0,1,Store,Tier 3,1
C06882,20,86.0,11,1044.0,11770.0,6,0.03,0,0,Online,Tier 3,1
C06883,53,209.0,5,1243.0,5717.0,5,0.54,0,0,Online,Tier 1,1
C06884,48,23.0,9,981.0,7385.0,6,0.35,0,1,Store,Tier 3,0
C06885,36,4.0,20,347.0,8108.0,2,0.84,1,0,Store,Tier 3,1
C06886,49,58.0,10,853.0,8378.0,5,0.3,1,1,Store,Tier 1,0
C06887,11,213.0,1,1569.0,1392.0,4,0.35,0,0,Both,Tier 2,1
C06888,13,73.0,12,588.0,7044.0,1,0.1,0,1,Online,Tier 3,0
C06889,30,81.0,6,593.0,3526.0,4,0.19,1,1,Store,Tier 2,0
C06890,51,18.0,11,892.0,8721.0,3,0.77,0,1,Store,Tier 2,0
C06891,19,51.0,12,1018.0,14148.0,3,0.3,0,0,Store,Tier 3,1
C06892,10,32.0,17,863.0,14777.0,5,0.05,0,1,Both,Tier 3,0
C06893,8,70.0,19,732.0,11560.0,2,0.31,0,0,Online,Tier 2,0
C06894,23,8.0,26,1193.0,32315.0,1,0.43,0,0,Store,Tier 2,0
C06895,41,29.0,12,1235.0,13294.0,7,0.79,0,0,Both,Tier 2,0
C06896,8,16.0,12,519.0,6879.0,4,0.51,1,0,Store,Tier 2,0
C06897,49,69.0,13,714.0,8611.0,5,0.72,0,1,Store,Tier 1,0
C06898,20,46.0,14,381.0,5694.0,3,0.46,0,0,Online,Tier 2,0
C06899,10,132.0,11,414.0,4653.0,3,0.55,2,0,Both,Tier 1,1
C06900,34,14.0,6,320.0,2086.0,2,0.2,0,1,Store,Tier 3,0
C06901,27,61.0,10,613.0,7320.0,4,0.37,0,0,Both,Tier 1,0
C06902,9,69.0,9,480.0,4196.0,3,0.43,1,0,Store,Tier 2,1
C06903,24,203.0,8,794.0,7593.0,5,0.31,0,0,Both,Tier 1,0
C06904,45,35.0,5,1052.0,5345.0,2,0.38,0,0,Store,Tier 1,1
C06905,9,89.0,12,667.0,7800.0,1,0.08,0,1,Both,Tier 3,0
C06906,13,156.0,12,1365.0,16222.0,5,0.37,2,0,Online,Tier 1,1
C06907,22,57.0,8,262.0,2372.0,2,0.71,0,1,Online,Tier 2,0
C06908,9,22.0,10,705.0,8337.0,2,0.24,0,0,Both,Tier 2,0
C06909,14,146.0,11,820.0,9198.0,5,0.2,2,0,Store,Tier 1,1
C06910,40,64.0,8,882.0,6303.0,3,0.24,1,1,Both,Tier 2,0
C06911,24,7.0,8,266.0,2071.0,4,0.28,1,1,Online,Tier 1,0
C06912,9,55.0,10,1139.0,13369.0,3,0.48,0,1,Both,Tier 3,0
C06913,26,3.0,7,814.0,5822.0,3,0.17,1,1,Both,Tier 1,0
C06914,31,90.0,10,331.0,3460.0,2,0.23,0,1,Both,Tier 3,0
C06915,44,94.0,9,1185.0,10153.0,2,0.49,0,1,Store,Tier 3,0
C06916,23,31.0,13,1173.0,13352.0,6,0.43,3,1,Store,Tier 3,0
C06917,5,105.0,16,774.0,11702.0,3,0.18,0,0,Store,Tier 1,0
C06918,17,97.0,5,493.0,2070.0,6,0.27,1,1,Both,Tier 3,0
C06919,38,62.0,10,926.0,8130.0,3,0.44,0,0,Store,Tier 1,0
C06920,23,71.0,12,759.0,8356.0,5,0.28,0,0,Store,Tier 1,0
C06921,51,50.0,8,777.0,6061.0,1,0.58,0,0,Store,Tier 3,0
C06922,30,4.0,7,977.0,6427.0,2,0.24,0,1,Both,Tier 2,0
C06923,59,27.0,14,413.0,6756.0,3,0.39,0,0,Store,Tier 3,0
C06924,48,93.0,11,516.0,6414.0,1,0.04,0,1,Store,Tier 3,0
C06925,12,73.0,7,994.0,6200.0,7,0.28,0,0,Both,Tier 3,0
C06926,43,8.0,13,838.0,11131.0,1,0.19,0,1,Both,Tier 2,0
C06927,39,20.0,16,1254.0,22262.0,4,0.45,1,1,Online,Tier 1,0
C06928,44,45.0,14,1225.0,18275.0,4,0.32,0,0,Store,Tier 2,0
C06929,19,29.0,11,1261.0,16249.0,3,0.26,0,0,Store,Tier 1,0
C06930,33,71.0,10,1033.0,10772.0,4,0.77,0,0,Online,Tier 3,0
C06931,41,22.0,16,957.0,17210.0,3,0.92,0,0,Store,Tier 3,0
C06932,6,83.0,11,562.0,5037.0,5,0.3,0,0,Online,Tier 1,1
C06933,56,85.0,12,596.0,7978.0,8,0.22,2,1,Store,Tier 3,0
C06934,15,152.0,7,995.0,6223.0,6,0.14,0,0,Both,Tier 1,1
C06935,9,22.0,16,1144.0,18332.0,1,0.58,0,1,Store,Tier 2,0
C06936,26,53.0,15,1028.0,14828.0,6,0.47,2,1,Store,Tier 1,0
C06937,60,67.0,6,1123.0,5637.0,4,0.52,1,1,Online,Tier 3,0
C06938,23,115.0,7,,4309.0,2,0.48,1,0,Both,Tier 1,1
C06939,39,19.0,14,445.0,5815.0,5,0.67,1,1,Store,Tier 1,0
C06940,9,22.0,12,611.0,7174.0,4,0.45,0,0,Store,Tier 1,0
C06941,29,35.0,7,696.0,4566.0,4,0.39,0,1,Both,Tier 2,0
C06942,26,66.0,12,150.0,2142.0,4,0.11,1,0,Store,Tier 2,1
C06943,37,87.0,15,1526.0,27102.0,6,0.36,0,1,Both,Tier 3,0
C06944,41,58.0,14,898.0,13648.0,3,0.26,0,0,Both,Tier 2,0
C06945,44,54.0,8,993.0,6534.0,3,0.23,0,0,Store,Tier 1,0
C06946,6,112.0,13,204.0,2509.0,5,0.32,0,0,Store,Tier 1,0
C06947,9,60.0,15,1073.0,13556.0,2,0.71,0,1,Both,Tier 1,0
C06948,5,10.0,18,1274.0,27240.0,4,0.2,2,0,Both,,0
C06949,37,58.0,19,706.0,13639.0,2,0.33,0,1,Store,Tier 3,0
C06950,50,28.0,14,1452.0,24330.0,4,0.17,0,1,Both,Tier 1,0
C06951,11,62.0,9,487.0,3852.0,2,0.4,0,0,Store,Tier 2,1
C06952,5,44.0,13,1114.0,17370.0,2,0.45,1,0,Online,Tier 1,1
C06953,34,155.0,7,468.0,3662.0,5,0.48,1,1,Store,Tier 1,1
C06954,50,2.0,16,855.0,14286.0,4,0.75,0,1,Both,Tier 2,1
C06955,42,18.0,8,269.0,2332.0,4,0.51,0,0,Store,Tier 2,0
C06956,39,11.0,9,1134.0,9543.0,3,0.12,1,1,Store,Tier 2,0
C06957,29,40.0,11,896.0,9762.0,5,0.07,0,0,Both,Tier 2,0
C06958,43,68.0,14,638.0,8901.0,5,0.66,0,1,Both,Tier 1,0
C06959,53,19.0,10,1414.0,15197.0,4,0.51,3,1,Both,Tier 1,0
C06960,49,99.0,11,654.0,8441.0,5,0.13,1,1,Online,Tier 2,0
C06961,23,135.0,9,936.0,8332.0,4,0.14,0,1,Store,Tier 1,0
C06962,39,37.0,14,,8322.0,2,0.6,1,0,Store,Tier 3,0
C06963,34,37.0,20,1093.0,22676.0,4,0.32,1,1,Store,Tier 1,0
C06964,35,38.0,15,1023.0,17355.0,4,0.61,0,0,Both,Tier 2,0
C06965,7,114.0,11,1011.0,12585.0,3,0.23,0,1,Store,Tier 1,0
C06966,42,75.0,8,620.0,5778.0,1,0.59,1,0,Store,Tier 1,0
C06967,34,14.0,10,1310.0,11357.0,4,0.21,0,0,Both,Tier 2,0
C06968,22,34.0,18,1046.0,20950.0,4,0.62,0,1,Both,Tier 3,0
C06969,22,23.0,14,342.0,5745.0,4,0.54,2,1,Both,Tier 1,0
C06970,59,166.0,9,1323.0,9753.0,8,0.47,0,1,Both,Tier 1,1
C06971,20,83.0,9,1071.0,8230.0,4,0.51,2,1,Both,Tier 3,1
C06972,1,8.0,16,708.0,11302.0,4,0.49,0,0,Store,Tier 1,0
C06973,10,85.0,8,1260.0,10709.0,5,0.24,0,1,Store,Tier 2,1
C06974,17,94.0,14,751.0,10110.0,3,0.45,0,0,Online,Tier 3,0
C06975,29,31.0,9,1513.0,15660.0,5,0.69,1,0,Store,Tier 2,0
C06976,21,14.0,17,1300.0,19640.0,5,0.18,2,0,Online,Tier 3,1
C06977,20,112.0,7,816.0,5629.0,3,0.29,0,1,Online,Tier 2,0
C06978,3,75.0,15,1124.0,14848.0,1,0.37,0,0,Store,Tier 1,0
C06979,21,304.0,2,1276.0,2814.0,4,0.23,0,1,Both,Tier 2,1
C06980,45,33.0,12,992.0,10691.0,3,0.21,1,0,Both,Tier 1,0
C06981,45,67.0,8,791.0,7288.0,4,0.34,0,0,Store,Tier 2,0
C06982,12,119.0,15,1305.0,21517.0,3,0.27,2,1,Both,Tier 3,0
C06983,60,24.0,11,1454.0,16094.0,4,0.27,1,0,Store,Tier 1,1
C06984,9,46.0,13,962.0,10557.0,4,0.67,0,0,Both,Tier 1,0
C06985,14,20.0,17,959.0,18714.0,4,0.36,0,0,Store,Tier 1,0
C06986,33,39.0,15,710.0,10977.0,3,0.19,0,0,Both,Tier 3,0
C06987,43,28.0,9,908.0,9619.0,5,0.8,0,1,Store,Tier 2,0
C06988,35,42.0,9,1273.0,12272.0,5,0.33,0,0,Store,Tier 1,0
C06989,39,149.0,11,1033.0,11783.0,7,0.08,0,0,Store,Tier 1,0
C06990,56,63.0,12,687.0,8698.0,2,0.46,0,0,Both,Tier 1,0
C06991,40,16.0,9,564.0,4756.0,4,0.77,1,1,Online,Tier 2,0
C06992,31,163.0,6,715.0,4916.0,1,0.41,1,0,Both,Tier 1,0
C06993,3,76.0,11,1315.0,15395.0,2,0.14,1,0,Store,Tier 3,0
C06994,3,128.0,10,836.0,7028.0,4,0.27,1,0,Online,Tier 2,1
C06995,56,166.0,5,1119.0,5063.0,1,0.02,0,1,Both,Tier 2,0
C06996,58,186.0,6,434.0,2361.0,6,0.35,0,1,Online,Tier 2,0
C06997,59,54.0,14,1034.0,13842.0,2,0.29,0,1,Store,Tier 2,0
C06998,36,91.0,6,988.0,5116.0,6,0.37,0,0,Store,Tier 2,0
C06999,11,11.0,18,816.0,17184.0,4,0.45,1,1,Online,Tier 1,0
C07000,55,78.0,10,1044.0,8491.0,3,0.34,1,1,Store,Tier 2,0
C07001,18,14.0,14,1228.0,20293.0,3,0.66,0,1,Online,Tier 1,0
C07002,23,71.0,11,1125.0,13962.0,2,0.66,1,0,Both,Tier 3,1
C07003,22,26.0,12,1325.0,17846.0,2,0.51,0,0,Store,Tier 3,1
C07004,2,71.0,14,664.0,10276.0,8,0.43,2,0,Store,Tier 2,0
C07005,34,70.0,11,681.0,6693.0,3,0.18,1,1,Store,Tier 2,0
C07006,14,35.0,15,597.0,8000.0,4,0.61,0,1,Online,Tier 2,0
C07007,24,117.0,7,875.0,5414.0,5,0.11,0,1,Store,Tier 2,0
C07008,43,29.0,11,1172.0,12718.0,4,0.33,0,0,Store,Tier 2,1
C07009,55,88.0,13,836.0,11693.0,4,0.32,0,0,Online,,1
C07010,43,104.0,10,1307.0,12191.0,4,0.95,0,1,Both,Tier 3,0
C07011,32,63.0,8,764.0,6719.0,2,0.2,0,0,Store,Tier 3,1
C07012,50,144.0,6,800.0,4222.0,3,0.22,0,0,Store,Tier 1,1
C07013,14,33.0,10,1080.0,10272.0,6,0.63,0,1,Online,Tier 1,0
C07014,37,40.0,15,1250.0,15607.0,3,0.21,0,0,Both,Tier 1,0
C07015,5,56.0,12,354.0,4148.0,4,0.21,1,1,Store,Tier 2,1
C07016,45,47.0,17,513.0,10036.0,3,0.57,0,1,Both,Tier 2,0
C07017,48,112.0,12,1126.0,16040.0,5,0.9,0,1,Store,Tier 1,0
C07018,12,59.0,14,1135.0,17345.0,5,0.45,0,0,Store,Tier 1,1
C07019,60,4.0,12,1149.0,14468.0,6,0.15,0,1,Online,Tier 3,0
C07020,31,120.0,6,903.0,5771.0,3,0.59,0,1,Online,Tier 1,1
C07021,43,78.0,16,,16455.0,6,0.34,1,0,Online,Tier 2,0
C07022,15,45.0,12,754.0,7850.0,2,0.69,0,1,Both,Tier 2,0
C07023,38,58.0,12,515.0,5163.0,5,0.23,0,1,Both,Tier 2,0
C07024,35,67.0,12,582.0,7674.0,5,0.13,0,1,Both,Tier 2,0
C07025,25,107.0,9,1133.0,9832.0,5,0.22,0,0,Both,Tier 2,0
C07026,53,9.0,8,611.0,5398.0,2,0.54,1,1,Both,Tier 1,0
C07027,48,165.0,7,984.0,8226.0,6,0.38,1,0,Store,Tier 2,0
C07028,25,11.0,14,527.0,6802.0,3,0.62,1,0,Online,Tier 2,0
C07029,4,48.0,15,344.0,5400.0,3,0.27,0,1,Store,Tier 2,0
C07030,58,6.0,14,623.0,7306.0,3,0.2,0,1,Store,Tier 2,0
C07031,31,86.0,10,744.0,7216.0,4,0.27,1,1,Online,Tier 1,1
C07032,22,29.0,11,679.0,6503.0,4,0.32,0,1,Store,Tier 1,0
C07033,25,21.0,13,1389.0,14829.0,4,0.29,1,0,Both,Tier 3,1
C07034,27,105.0,15,581.0,7554.0,4,0.19,1,0,Store,Tier 3,1
C07035,44,51.0,16,384.0,6708.0,1,0.26,1,0,Store,Tier 2,1
C07036,31,172.0,4,1187.0,4637.0,4,0.4,0,1,Online,Tier 2,1
C07037,52,116.0,9,523.0,4060.0,4,0.77,0,1,Store,Tier 3,0
C07038,47,203.0,4,945.0,3240.0,4,0.07,0,1,Both,Tier 1,1
C07039,57,7.0,10,828.0,6985.0,5,0.33,0,1,Store,,0
C07040,31,174.0,5,1257.0,7458.0,3,0.52,0,0,Store,Tier 2,1
C07041,32,66.0,11,1224.0,11830.0,5,0.53,2,1,Store,Tier 2,1
C07042,36,39.0,16,1477.0,24785.0,5,0.44,0,0,Store,Tier 1,0
C07043,55,7.0,18,870.0,17817.0,5,0.82,0,0,Both,Tier 1,0
C07044,4,107.0,17,1257.0,22043.0,2,0.21,0,1,Both,Tier 1,1
C07045,14,23.0,15,1001.0,13333.0,6,0.37,0,1,Online,Tier 3,0
C07046,33,14.0,12,1063.0,13676.0,5,0.28,0,1,Online,Tier 2,0
C07047,57,69.0,17,643.0,10129.0,1,0.72,0,0,Store,Tier 1,0
C07048,43,117.0,12,1117.0,13656.0,1,0.3,0,0,Both,Tier 3,0
C07049,28,46.0,17,787.0,15426.0,2,0.48,0,0,Online,Tier 2,0
C07050,18,194.0,6,798.0,4876.0,3,0.55,0,0,Store,,1
C07051,57,165.0,6,790.0,4644.0,8,0.42,1,1,Both,Tier 3,1
C07052,23,1.0,11,,10091.0,3,0.35,0,0,Online,Tier 2,0
C07053,27,26.0,15,1325.0,16480.0,2,0.42,0,1,Store,Tier 1,0
C07054,59,42.0,12,868.0,8841.0,4,0.86,1,1,Store,Tier 2,0
C07055,47,67.0,9,,7679.0,4,0.29,0,1,Store,Tier 1,1
C07056,46,161.0,3,420.0,1164.0,4,0.7,0,1,Store,Tier 2,0
C07057,16,50.0,14,542.0,6207.0,5,0.34,1,1,Online,Tier 1,0
C07058,32,67.0,12,1047.0,12120.0,3,0.23,2,0,Store,Tier 1,1
C07059,20,110.0,14,,4196.0,3,0.67,1,1,Store,Tier 3,1
C07060,44,27.0,9,757.0,7869.0,7,0.7,0,0,Both,Tier 3,0
C07061,58,26.0,14,170.0,2556.0,2,0.38,0,1,Store,Tier 2,0
C07062,37,150.0,7,150.0,1115.0,3,0.41,0,1,Store,Tier 3,1
C07063,40,17.0,13,1230.0,17728.0,4,0.51,0,0,Store,Tier 3,0
C07064,10,61.0,15,1219.0,17451.0,5,0.41,1,0,Online,Tier 2,0
C07065,16,66.0,11,945.0,10262.0,3,0.33,1,0,Store,Tier 1,1
C07066,55,33.0,14,,14235.0,4,0.3,1,1,Both,Tier 1,0
C07067,41,29.0,17,598.0,9699.0,5,0.17,0,1,Both,Tier 2,0
C07068,3,65.0,15,856.0,13261.0,4,0.58,1,1,Store,Tier 1,0
C07069,55,29.0,9,571.0,5170.0,8,0.41,0,1,Store,Tier 1,0
C07070,17,63.0,9,1188.0,11205.0,3,0.4,0,1,Both,Tier 3,0
C07071,2,181.0,7,175.0,1010.0,5,0.48,1,0,Store,Tier 2,1
C07072,26,92.0,12,549.0,7252.0,1,0.71,1,0,Both,Tier 3,1
C07073,35,8.0,14,760.0,9445.0,6,0.25,0,0,Both,Tier 1,0
C07074,48,154.0,10,649.0,6263.0,4,0.45,0,1,Store,Tier 3,0
C07075,49,156.0,8,724.0,6892.0,3,0.39,0,1,Store,Tier 1,0
C07076,21,50.0,2,1203.0,2831.0,5,0.21,1,1,Store,Tier 1,0
C07077,38,99.0,10,1230.0,11802.0,2,0.1,0,1,Both,Tier 2,1
C07078,45,48.0,6,837.0,5063.0,7,0.08,0,1,Store,Tier 1,0
C07079,11,15.0,14,929.0,12180.0,4,0.7,0,1,Store,Tier 1,0
C07080,17,96.0,10,1444.0,12333.0,4,0.57,0,0,Online,Tier 2,0
C07081,37,38.0,9,896.0,7164.0,6,0.49,0,1,Store,Tier 2,0
C07082,58,44.0,15,1201.0,21405.0,4,0.23,0,0,Store,Tier 2,0
C07083,46,48.0,14,1300.0,15048.0,4,0.23,1,1,Store,Tier 1,0
C07084,41,22.0,15,1361.0,19570.0,4,0.56,0,0,Store,Tier 1,0
C07085,17,76.0,13,497.0,5581.0,3,0.13,0,0,Both,Tier 3,0
C07086,32,33.0,16,645.0,9778.0,4,0.88,0,0,Store,Tier 3,0
C07087,38,35.0,11,1100.0,14078.0,4,0.32,0,0,Online,Tier 3,1
C07088,12,44.0,19,1483.0,32636.0,3,0.26,0,0,Online,Tier 3,0
C07089,48,13.0,20,845.0,16712.0,4,0.25,0,0,Store,Tier 1,0
C07090,5,137.0,10,761.0,8540.0,3,0.42,0,1,Store,Tier 3,1
C07091,17,189.0,1,854.0,697.0,6,0.28,0,0,Online,Tier 2,0
C07092,10,23.0,16,833.0,11221.0,6,0.2,1,1,Store,Tier 1,0
C07093,15,53.0,11,439.0,5726.0,3,0.68,0,0,Store,Tier 2,1
C07094,48,6.0,12,1403.0,20067.0,2,0.19,1,1,Online,Tier 2,0
C07095,60,80.0,6,,6987.0,8,0.4,0,0,Both,Tier 3,0
C07096,15,66.0,13,888.0,11546.0,3,0.25,0,0,Online,Tier 1,0
C07097,9,17.0,11,1071.0,9622.0,2,0.1,1,1,Online,Tier 2,0
C07098,15,16.0,17,1249.0,20575.0,7,0.38,1,0,Store,Tier 2,0
C07099,7,16.0,17,890.0,15436.0,7,0.18,0,1,Both,Tier 2,0
C07100,41,42.0,16,464.0,7059.0,7,0.73,0,1,Online,Tier 1,0
C07101,13,7.0,14,966.0,12949.0,3,0.47,1,0,Store,Tier 3,0
C07102,43,20.0,24,872.0,24327.0,5,0.47,0,0,Store,Tier 3,0
C07103,19,13.0,20,710.0,12479.0,4,0.34,0,1,Online,Tier 2,0
C07104,53,26.0,7,941.0,5854.0,3,0.4,0,1,Store,Tier 1,0
C07105,12,38.0,17,1073.0,20088.0,5,0.52,0,0,Both,Tier 1,0
C07106,44,76.0,10,1196.0,11143.0,4,0.6,0,0,Online,Tier 2,0
C07107,56,147.0,11,768.0,9050.0,4,0.9,0,1,Both,Tier 3,0
C07108,16,16.0,17,969.0,17594.0,3,0.55,0,0,Store,Tier 2,1
C07109,19,69.0,11,467.0,5340.0,5,0.43,2,1,Online,Tier 2,1
C07110,26,134.0,6,1111.0,7500.0,5,0.44,0,0,Both,Tier 3,0
C07111,26,115.0,14,547.0,7116.0,5,0.45,0,1,Store,Tier 1,1
C07112,28,141.0,8,1046.0,6989.0,4,0.13,0,0,Both,Tier 3,1
C07113,4,121.0,11,1386.0,13803.0,4,0.37,0,0,Online,Tier 1,1
C07114,37,36.0,14,701.0,9137.0,3,0.79,0,0,Store,Tier 1,1
C07115,8,183.0,5,1163.0,5128.0,4,0.51,1,0,Store,Tier 1,0
C07116,35,37.0,6,221.0,1421.0,4,0.77,0,0,Online,Tier 2,1
C07117,54,10.0,13,1507.0,16497.0,4,0.69,1,0,Store,Tier 3,0
C07118,10,196.0,7,1046.0,7833.0,2,0.49,1,0,Store,Tier 2,1
C07119,59,26.0,15,744.0,9686.0,3,0.35,0,0,Online,Tier 1,0
C07120,50,54.0,10,689.0,5553.0,5,0.13,0,1,Store,Tier 2,0
C07121,25,20.0,14,812.0,12093.0,7,0.18,0,0,Both,Tier 2,0
C07122,9,23.0,7,1412.0,8772.0,4,0.44,0,0,Online,Tier 3,1
C07123,25,99.0,15,,18199.0,7,0.81,0,0,Both,Tier 1,0
C07124,20,6.0,14,1030.0,12223.0,2,0.27,0,0,Both,Tier 2,0
C07125,60,43.0,5,731.0,3425.0,8,0.38,1,1,Store,Tier 1,0
C07126,31,51.0,9,471.0,4152.0,5,0.51,2,0,Store,Tier 2,1
C07127,41,43.0,12,1160.0,14617.0,5,0.1,0,0,Both,Tier 2,1
C07128,6,111.0,7,1057.0,7171.0,5,0.41,0,1,Both,Tier 1,0
C07129,43,52.0,10,623.0,5617.0,4,0.42,0,0,Store,Tier 3,1
C07130,6,61.0,10,617.0,5145.0,2,0.5,0,0,Store,Tier 1,0
C07131,13,10.0,6,782.0,4474.0,4,0.81,0,0,Store,Tier 3,0
C07132,22,27.0,14,1204.0,15006.0,5,0.49,1,1,Store,Tier 2,1
C07133,45,74.0,8,514.0,4915.0,2,0.79,1,1,Online,Tier 3,1
C07134,34,36.0,9,583.0,5348.0,5,0.7,0,1,Store,Tier 1,0
C07135,4,36.0,13,304.0,4412.0,4,0.41,0,1,Online,Tier 1,0
C07136,35,54.0,16,476.0,6947.0,4,0.15,0,1,Both,Tier 1,0
C07137,53,41.0,11,804.0,10475.0,4,0.92,0,0,Both,Tier 1,0
C07138,25,51.0,6,804.0,4982.0,2,0.1,0,0,Both,Tier 2,0
C07139,28,36.0,12,1761.0,24848.0,4,0.06,0,0,Store,Tier 2,1
C07140,53,10.0,14,1158.0,15698.0,5,0.67,0,0,Both,Tier 2,0
C07141,54,7.0,15,1177.0,15018.0,3,0.3,0,1,Store,Tier 1,0
C07142,60,80.0,13,669.0,7090.0,1,0.37,1,1,Online,Tier 3,1
C07143,41,48.0,7,678.0,4004.0,6,0.69,1,0,Online,Tier 2,0
C07144,26,42.0,11,962.0,9152.0,3,0.33,1,0,Online,Tier 1,0
C07145,56,31.0,19,859.0,16496.0,3,0.34,0,0,Online,Tier 1,0
C07146,14,59.0,12,801.0,8037.0,8,0.28,0,1,Both,Tier 1,0
C07147,39,127.0,14,555.0,8348.0,2,0.36,0,0,Online,Tier 1,1
C07148,9,15.0,13,831.0,10717.0,4,0.16,0,0,Store,Tier 1,0
C07149,5,27.0,12,756.0,8793.0,3,0.39,0,0,Both,Tier 1,0
C07150,58,35.0,10,1084.0,10646.0,7,0.48,1,1,Both,Tier 1,0
C07151,46,73.0,9,1304.0,12408.0,3,0.79,0,0,Store,Tier 3,0
C07152,14,98.0,11,1027.0,9519.0,3,0.23,0,0,Both,Tier 3,0
C07153,3,19.0,18,632.0,10245.0,3,0.5,1,1,Store,Tier 2,1
C07154,8,157.0,9,1057.0,9593.0,5,0.18,0,1,Store,Tier 3,0
C07155,25,28.0,15,731.0,9079.0,3,0.66,1,0,Store,Tier 3,1
C07156,13,34.0,9,521.0,3997.0,5,0.44,1,1,Store,Tier 2,0
C07157,54,40.0,9,1106.0,9936.0,3,0.27,1,1,Online,Tier 2,0
C07158,7,55.0,7,1153.0,8624.0,5,0.12,0,0,Online,Tier 1,0
C07159,5,51.0,13,674.0,8081.0,5,0.6,0,1,Store,Tier 1,1
C07160,37,41.0,6,970.0,6659.0,4,0.23,0,1,Online,Tier 2,0
C07161,12,17.0,9,598.0,6083.0,3,0.41,0,0,Store,Tier 2,1
C07162,15,44.0,14,963.0,16170.0,7,0.21,2,0,Both,Tier 2,0
C07163,40,50.0,7,926.0,6514.0,2,0.47,1,1,Store,Tier 2,1
C07164,39,57.0,15,919.0,16165.0,8,0.47,1,0,Online,Tier 3,0
C07165,53,37.0,12,1070.0,10881.0,4,0.37,0,1,Store,Tier 1,0
C07166,53,41.0,8,441.0,3437.0,4,0.48,0,1,Store,Tier 3,0
C07167,8,10.0,11,1691.0,17207.0,2,0.46,0,1,Store,Tier 1,1
C07168,10,37.0,18,922.0,17847.0,3,0.6,2,1,Both,Tier 1,0
C07169,29,25.0,14,950.0,11560.0,3,0.6,2,0,Store,Tier 2,1
C07170,15,1.0,12,1796.0,25494.0,6,0.66,0,0,Online,Tier 2,0
C07171,26,19.0,8,1079.0,7197.0,1,0.49,0,0,Both,Tier 2,1
C07172,53,63.0,10,939.0,10829.0,5,0.64,0,0,Store,Tier 1,0
C07173,20,23.0,16,864.0,16136.0,1,0.38,0,1,Store,Tier 2,0
C07174,34,164.0,11,940.0,12217.0,2,0.52,0,0,Store,Tier 3,1
C07175,57,97.0,13,1104.0,12480.0,3,0.03,0,0,Store,Tier 3,0
C07176,13,49.0,7,990.0,6154.0,5,0.46,0,0,Store,Tier 2,0
C07177,60,5.0,13,1096.0,11539.0,3,0.26,2,1,Online,Tier 2,0
C07178,30,131.0,9,1016.0,10237.0,3,0.29,0,0,Online,Tier 2,0
C07179,29,53.0,11,790.0,9082.0,5,0.34,1,0,Both,Tier 3,0
C07180,21,66.0,12,807.0,7876.0,6,0.62,0,1,Both,Tier 3,1
C07181,11,44.0,13,150.0,1623.0,3,0.51,0,0,Online,Tier 2,0
C07182,21,3.0,20,949.0,19561.0,3,0.32,1,1,Both,Tier 2,0
C07183,51,21.0,17,809.0,14350.0,4,0.37,0,1,Store,Tier 2,0
C07184,18,56.0,15,1199.0,19603.0,5,0.42,1,0,Store,Tier 2,0
C07185,11,67.0,6,1223.0,8756.0,5,0.54,0,1,Store,Tier 1,0
C07186,46,20.0,19,1226.0,27391.0,8,0.49,0,1,Both,Tier 1,0
C07187,20,49.0,10,740.0,8709.0,2,0.38,0,0,Both,Tier 3,1
C07188,55,107.0,13,797.0,9655.0,4,0.45,0,1,Both,Tier 1,0
C07189,3,65.0,8,1249.0,11340.0,3,0.66,0,0,Store,Tier 1,1
C07190,32,133.0,15,1098.0,14798.0,5,0.13,0,1,Store,Tier 2,0
C07191,44,82.0,10,1044.0,12316.0,3,0.25,0,0,Store,Tier 1,0
C07192,58,20.0,12,1099.0,15824.0,6,0.6,1,0,Store,Tier 1,0
C07193,14,22.0,21,657.0,12651.0,2,0.87,0,1,Both,Tier 3,0
C07194,4,52.0,9,939.0,8077.0,4,0.23,0,0,Online,,0
C07195,28,77.0,18,1010.0,19575.0,3,0.39,0,0,Store,Tier 2,0
C07196,38,46.0,4,1101.0,4479.0,1,0.39,0,1,Store,,1
C07197,13,15.0,11,602.0,6545.0,3,0.28,0,0,Store,Tier 2,0
C07198,59,74.0,11,875.0,10505.0,5,0.27,0,1,Store,Tier 2,0
C07199,45,80.0,8,410.0,3518.0,4,0.27,0,0,Both,Tier 2,0
C07200,6,100.0,10,522.0,4930.0,4,0.34,1,1,Store,Tier 2,0
C07201,45,26.0,15,592.0,9316.0,4,0.43,0,0,Store,Tier 1,0
C07202,6,7.0,13,789.0,12151.0,6,0.27,1,0,Store,Tier 1,0
C07203,3,76.0,8,1261.0,11788.0,3,0.34,1,0,Both,Tier 1,0
C07204,49,61.0,13,442.0,6373.0,2,0.66,1,1,Online,Tier 1,1
C07205,39,105.0,11,1000.0,12680.0,3,0.19,0,0,Store,Tier 2,0
C07206,6,17.0,11,1083.0,9792.0,4,0.29,0,0,Online,Tier 1,0
C07207,41,112.0,8,665.0,4692.0,4,0.18,0,1,Store,Tier 1,1
C07208,18,29.0,16,1022.0,16045.0,7,0.49,1,0,Store,,0
C07209,23,39.0,15,,4747.0,2,0.25,0,0,Store,Tier 1,0
C07210,50,39.0,8,702.0,4902.0,3,0.76,0,1,Store,Tier 1,0
C07211,14,28.0,14,737.0,9513.0,3,0.82,1,0,Store,Tier 2,1
C07212,54,42.0,10,706.0,6636.0,3,0.73,0,1,Store,Tier 2,0
C07213,60,15.0,7,971.0,6778.0,3,0.4,0,1,Store,Tier 2,0
C07214,30,53.0,9,734.0,6526.0,5,0.59,0,0,Store,Tier 2,0
C07215,37,69.0,11,701.0,9214.0,4,0.48,2,0,Both,Tier 2,0
C07216,59,93.0,8,905.0,8443.0,4,0.21,1,1,Store,Tier 1,1
C07217,32,55.0,12,226.0,2606.0,3,0.35,0,0,Online,Tier 1,1
C07218,8,6.0,18,1404.0,21867.0,1,0.42,0,0,Store,Tier 2,0
C07219,18,36.0,14,726.0,10300.0,4,0.05,0,1,Online,Tier 1,0
C07220,44,27.0,8,635.0,4354.0,6,0.25,1,0,Store,Tier 2,0
C07221,14,47.0,12,699.0,9776.0,7,0.24,1,0,Both,Tier 3,0
C07222,18,90.0,16,1505.0,27864.0,5,0.42,0,1,Both,Tier 1,0
C07223,45,18.0,13,1339.0,20046.0,3,0.42,3,0,Both,Tier 2,0
C07224,43,66.0,15,637.0,8845.0,3,0.43,1,1,Both,Tier 3,0
C07225,24,67.0,18,1167.0,21052.0,4,0.76,0,0,Store,Tier 3,0
C07226,7,64.0,12,1145.0,11440.0,4,0.32,0,1,Both,Tier 3,0
C07227,16,54.0,8,698.0,4483.0,4,0.66,0,0,Online,Tier 1,0
C07228,8,24.0,12,971.0,11958.0,5,0.27,0,0,Store,Tier 2,0
C07229,55,15.0,16,913.0,11925.0,7,0.26,0,0,Both,Tier 3,1
C07230,19,81.0,16,667.0,12647.0,5,0.37,0,1,Online,Tier 2,1
C07231,31,293.0,0,631.0,0.0,4,0.79,0,0,Both,Tier 2,1
C07232,47,27.0,11,1117.0,11969.0,5,0.09,0,1,Online,Tier 2,0
C07233,53,37.0,17,592.0,9145.0,4,0.14,1,1,Store,Tier 1,0
C07234,42,20.0,12,707.0,9570.0,4,0.33,0,0,Both,Tier 1,0
C07235,35,135.0,4,1006.0,4727.0,2,0.58,0,1,Store,Tier 3,0
C07236,4,42.0,9,385.0,3867.0,5,0.18,0,0,Store,Tier 2,0
C07237,11,36.0,9,1024.0,10428.0,3,0.37,0,0,Store,Tier 2,1
C07238,24,76.0,21,1045.0,25218.0,3,0.25,1,1,Store,Tier 3,0
C07239,8,7.0,14,772.0,11243.0,3,0.68,1,0,Store,Tier 2,0
C07240,15,64.0,13,1031.0,14585.0,5,0.24,1,0,Store,Tier 1,0
C07241,59,22.0,14,926.0,11820.0,1,0.07,1,0,Store,Tier 1,0
C07242,1,50.0,12,928.0,12416.0,4,0.63,1,1,Both,Tier 2,0
C07243,38,7.0,19,1090.0,22460.0,2,0.44,0,0,Store,Tier 1,0
C07244,41,25.0,10,1200.0,14309.0,2,0.31,1,1,Store,Tier 3,0
C07245,57,14.0,18,762.0,14120.0,4,0.37,1,1,Store,Tier 2,0
C07246,52,173.0,5,1396.0,7503.0,2,0.59,0,1,Store,Tier 2,0
C07247,30,14.0,14,895.0,13059.0,3,0.14,1,0,Both,Tier 3,0
C07248,56,152.0,5,519.0,2843.0,3,0.63,0,1,Online,Tier 2,0
C07249,25,136.0,13,788.0,11000.0,4,0.33,2,0,Store,Tier 1,1
C07250,5,132.0,15,154.0,2364.0,3,0.37,1,0,Both,Tier 1,0
C07251,40,40.0,8,955.0,6351.0,8,0.64,1,1,Store,Tier 3,0
C07252,51,94.0,14,1023.0,16970.0,4,0.37,0,1,Store,Tier 1,0
C07253,14,134.0,9,890.0,9222.0,1,0.4,0,1,Both,Tier 3,1
C07254,6,31.0,13,225.0,2598.0,1,0.62,1,0,Store,Tier 2,1
C07255,40,46.0,12,1048.0,14016.0,3,0.57,0,1,Store,Tier 3,0
C07256,42,122.0,15,303.0,4418.0,2,0.56,0,1,Online,Tier 1,1
C07257,12,3.0,17,841.0,16535.0,4,0.2,0,1,Both,Tier 1,0
C07258,29,69.0,15,969.0,11656.0,6,0.61,0,1,Store,Tier 2,1
C07259,59,27.0,14,1002.0,16460.0,1,0.1,1,1,Both,Tier 1,0
C07260,38,64.0,5,1216.0,5716.0,2,0.31,0,1,Store,Tier 1,0
C07261,34,26.0,8,590.0,5491.0,5,0.87,0,0,Online,Tier 3,0
C07262,50,54.0,6,792.0,5423.0,5,0.29,0,1,Store,Tier 3,0
C07263,58,22.0,16,1106.0,15609.0,3,0.33,0,0,Store,Tier 1,0
C07264,58,85.0,12,1007.0,11223.0,4,0.55,0,1,Store,Tier 2,0
C07265,47,213.0,5,1171.0,5236.0,1,0.32,2,1,Store,Tier 2,0
C07266,29,10.0,11,1281.0,14270.0,7,0.65,1,1,Store,Tier 1,0
C07267,7,19.0,9,572.0,4335.0,3,0.07,0,0,Store,Tier 3,1
C07268,1,101.0,9,817.0,8116.0,3,0.16,0,0,Both,Tier 1,0
C07269,39,27.0,8,1125.0,8939.0,3,0.21,0,1,Store,Tier 1,0
C07270,47,52.0,7,923.0,7528.0,4,0.6,1,0,Online,Tier 2,1
C07271,37,34.0,2,1609.0,3177.0,4,0.51,0,0,Store,Tier 1,1
C07272,54,40.0,11,155.0,1698.0,3,0.27,0,1,Online,Tier 1,1
C07273,8,12.0,12,684.0,7693.0,2,0.27,1,0,Online,Tier 3,0
C07274,34,13.0,13,1259.0,18472.0,3,0.5,2,0,Store,Tier 2,0
C07275,46,88.0,11,999.0,12623.0,5,0.64,1,0,Both,Tier 1,0
C07276,14,57.0,16,1014.0,17875.0,7,0.22,1,0,Both,Tier 1,0
C07277,8,37.0,9,1270.0,12114.0,2,0.24,0,1,Store,Tier 3,0
C07278,43,23.0,12,1380.0,16354.0,7,0.49,0,1,Store,Tier 1,0
C07279,31,119.0,4,779.0,3615.0,1,0.25,0,0,Online,Tier 2,1
C07280,13,90.0,6,676.0,3341.0,4,0.28,0,1,Store,Tier 2,1
C07281,19,201.0,3,1372.0,3775.0,2,0.65,0,0,Store,Tier 1,1
C07282,26,92.0,16,660.0,10869.0,4,0.44,2,0,Both,Tier 1,1
C07283,42,45.0,11,866.0,8827.0,4,0.18,0,0,Both,Tier 1,0
C07284,49,9.0,11,1141.0,13330.0,4,0.43,0,0,Both,Tier 3,0
C07285,47,56.0,13,1365.0,14506.0,5,0.35,0,1,Store,Tier 2,0
C07286,8,63.0,7,1095.0,7230.0,4,0.58,0,0,Online,Tier 3,1
C07287,4,58.0,15,1079.0,18305.0,5,0.4,0,0,Both,Tier 2,1
C07288,24,70.0,18,1510.0,28219.0,5,0.35,2,1,Online,Tier 2,0
C07289,51,43.0,13,1397.0,18200.0,6,0.25,0,0,Both,Tier 2,1
C07290,51,16.0,15,1209.0,20743.0,3,0.38,0,1,Store,Tier 2,0
C07291,25,61.0,14,1216.0,18998.0,4,0.27,0,0,Both,Tier 1,1
C07292,14,21.0,17,848.0,15972.0,3,0.44,1,1,Store,Tier 2,0
C07293,52,32.0,10,229.0,2052.0,4,0.06,0,0,Store,Tier 3,0
C07294,13,42.0,10,1000.0,10545.0,2,0.08,0,0,Both,Tier 2,1
C07295,17,225.0,11,1069.0,10599.0,6,0.87,0,0,Both,Tier 3,1
C07296,29,27.0,15,866.0,10802.0,5,0.07,1,1,Online,Tier 2,0
C07297,44,182.0,2,588.0,1264.0,2,0.48,0,1,Both,Tier 2,1
C07298,47,120.0,10,205.0,2261.0,2,0.45,0,1,Store,Tier 1,1
C07299,44,28.0,12,1025.0,11076.0,3,0.42,1,1,Both,Tier 1,0
C07300,17,161.0,8,1050.0,9456.0,5,0.78,0,0,Both,Tier 2,0
C07301,21,161.0,6,531.0,3352.0,3,0.83,0,0,Both,Tier 3,1
C07302,41,103.0,7,1987.0,14302.0,2,0.3,0,0,Store,Tier 2,0
C07303,2,90.0,16,1104.0,14320.0,1,0.39,0,1,Both,Tier 1,0
C07304,48,70.0,13,1522.0,21625.0,2,0.24,0,1,Both,Tier 2,0
C07305,14,141.0,8,1278.0,10574.0,5,0.79,1,1,Online,Tier 2,0
C07306,42,74.0,9,1022.0,8465.0,2,0.43,2,1,Both,Tier 1,1
C07307,58,90.0,9,823.0,7312.0,3,0.32,1,1,Both,Tier 1,1
C07308,51,22.0,10,895.0,10444.0,3,0.17,1,1,Both,Tier 1,0
C07309,10,336.0,0,939.0,0.0,4,0.1,0,0,Store,Tier 3,1
C07310,9,6.0,6,519.0,3590.0,3,0.09,0,1,Store,Tier 1,0
C07311,4,16.0,9,804.0,7563.0,3,0.59,0,0,Both,Tier 1,0
C07312,59,60.0,13,1296.0,18915.0,5,0.22,0,0,Store,Tier 2,0
C07313,2,35.0,14,896.0,13262.0,5,0.63,1,1,Both,Tier 1,1
C07314,40,98.0,7,943.0,5758.0,4,0.22,0,0,Both,Tier 1,1
C07315,4,61.0,9,913.0,9643.0,4,0.48,1,1,Store,Tier 2,0
C07316,34,87.0,18,994.0,18834.0,2,0.23,3,1,Store,Tier 2,1
C07317,57,34.0,14,927.0,14147.0,3,0.31,0,1,Online,Tier 2,0
C07318,15,5.0,11,1122.0,10198.0,6,0.59,0,0,Store,Tier 1,0
C07319,48,34.0,15,1550.0,22027.0,3,0.51,0,0,Online,Tier 1,0
C07320,45,28.0,10,1556.0,12945.0,1,0.57,1,0,Store,Tier 2,0
C07321,42,67.0,6,1350.0,7600.0,4,0.1,0,0,Store,Tier 1,1
C07322,30,33.0,13,863.0,10485.0,5,0.22,0,1,Both,Tier 2,0
C07323,12,48.0,14,923.0,10985.0,4,0.18,1,0,Online,Tier 1,1
C07324,23,93.0,18,706.0,10836.0,6,0.3,2,1,Online,Tier 2,0
C07325,9,112.0,10,957.0,9851.0,3,0.36,0,0,Both,Tier 3,1
C07326,50,39.0,16,1163.0,19431.0,4,0.3,0,1,Store,Tier 3,0
C07327,51,6.0,15,649.0,9226.0,3,0.3,1,0,Both,Tier 3,0
C07328,23,67.0,6,475.0,2710.0,6,0.1,1,0,Store,Tier 1,0
C07329,26,14.0,11,978.0,8990.0,7,0.43,2,1,Both,Tier 1,0
C07330,4,30.0,7,150.0,920.0,4,0.62,1,0,Online,Tier 2,0
C07331,32,8.0,15,998.0,14311.0,3,0.24,1,1,Both,Tier 2,0
C07332,24,40.0,19,583.0,13021.0,3,0.34,0,1,Online,Tier 2,0
C07333,16,43.0,19,1057.0,16571.0,4,0.5,0,0,Both,Tier 2,0
C07334,39,127.0,12,850.0,12063.0,4,0.3,0,0,Both,Tier 2,0
C07335,38,103.0,7,972.0,6630.0,3,0.42,0,0,Both,Tier 2,1
C07336,6,133.0,13,574.0,6942.0,3,0.54,0,1,Store,Tier 2,0
C07337,32,32.0,12,1336.0,18806.0,4,0.49,0,0,Both,Tier 1,0
C07338,37,55.0,8,606.0,4841.0,3,0.39,0,1,Store,Tier 2,1
C07339,45,40.0,18,1315.0,23585.0,1,0.3,0,0,Online,Tier 3,0
C07340,49,2.0,11,642.0,6865.0,2,0.25,2,1,Store,Tier 2,0
C07341,39,58.0,14,843.0,13121.0,5,0.53,0,1,Online,Tier 1,0
C07342,59,79.0,9,517.0,4287.0,4,0.54,1,1,Store,Tier 2,0
C07343,16,65.0,9,618.0,4487.0,3,0.54,1,1,Store,Tier 2,0
C07344,28,91.0,10,1244.0,12827.0,5,0.62,0,1,Store,Tier 2,1
C07345,35,31.0,7,942.0,5819.0,5,0.26,1,1,Both,Tier 1,0
C07346,17,12.0,10,966.0,9167.0,3,0.13,0,1,Both,Tier 1,0
C07347,47,93.0,11,695.0,7153.0,5,0.27,0,1,Store,Tier 3,0
C07348,2,162.0,10,736.0,7350.0,3,0.45,0,0,Online,Tier 1,1
C07349,5,18.0,5,1086.0,6306.0,6,0.22,0,0,Both,Tier 3,0
C07350,37,30.0,13,775.0,11033.0,4,0.15,0,1,Both,Tier 3,1
C07351,60,174.0,8,1372.0,10536.0,4,0.14,1,1,Store,Tier 2,1
C07352,30,37.0,12,649.0,7748.0,3,0.42,0,0,Store,Tier 1,0
C07353,30,199.0,5,561.0,3181.0,5,0.19,1,0,Store,Tier 1,0
C07354,43,27.0,12,982.0,11748.0,1,0.34,0,0,Store,Tier 1,0
C07355,8,112.0,8,1050.0,9719.0,7,0.49,0,0,Online,Tier 1,0
C07356,9,29.0,9,182.0,1820.0,8,0.34,1,0,Store,Tier 2,0
C07357,35,19.0,9,1494.0,12725.0,5,0.12,0,1,Both,Tier 1,0
C07358,35,120.0,12,1169.0,13986.0,3,0.16,0,1,Store,Tier 3,0
C07359,1,16.0,13,992.0,12839.0,8,0.4,0,0,Both,Tier 1,0
C07360,11,159.0,4,1062.0,5073.0,4,0.47,0,1,Online,Tier 2,0
C07361,23,9.0,16,544.0,9835.0,7,0.47,0,0,Both,Tier 3,0
C07362,48,58.0,12,616.0,7047.0,1,0.78,0,1,Both,Tier 1,0
C07363,15,36.0,14,952.0,11831.0,3,0.02,0,0,Store,Tier 1,0
C07364,43,6.0,21,647.0,11367.0,5,0.32,1,0,Both,Tier 2,0
C07365,40,102.0,11,1117.0,10144.0,5,0.17,0,0,Store,Tier 1,0
C07366,56,29.0,11,879.0,10903.0,3,0.11,1,0,Store,Tier 2,1
C07367,46,24.0,7,1001.0,7660.0,1,0.25,0,0,Both,Tier 1,0
C07368,9,35.0,16,810.0,11840.0,3,0.62,0,1,Store,Tier 2,0
C07369,11,115.0,9,1097.0,10935.0,5,0.28,1,0,Both,Tier 2,1
C07370,52,63.0,8,925.0,8359.0,1,0.27,0,1,Store,Tier 2,0
C07371,31,58.0,10,766.0,6879.0,5,0.65,1,1,Both,Tier 2,0
C07372,51,156.0,8,1266.0,11756.0,1,0.49,0,0,Online,Tier 2,0
C07373,48,14.0,19,1094.0,17151.0,5,0.34,0,1,Online,Tier 1,0
C07374,28,27.0,16,1319.0,23398.0,5,0.12,1,1,Store,Tier 2,0
C07375,41,38.0,11,618.0,6436.0,4,0.36,0,1,Store,Tier 2,0
C07376,2,23.0,15,684.0,9719.0,5,0.45,0,0,Both,Tier 2,0
C07377,39,169.0,5,1150.0,6363.0,4,0.41,0,1,Both,Tier 3,1
C07378,27,23.0,12,798.0,8276.0,2,0.37,0,1,Both,Tier 1,0
C07379,39,102.0,8,754.0,6645.0,5,0.84,0,1,Both,Tier 3,1
C07380,21,13.0,11,1310.0,14026.0,2,0.08,0,0,Both,Tier 3,0
C07381,11,46.0,9,431.0,3333.0,5,0.38,0,0,Store,Tier 2,0
C07382,59,49.0,19,865.0,16852.0,3,0.67,0,1,Online,Tier 1,0
C07383,3,89.0,9,1018.0,8037.0,3,0.29,1,0,Store,Tier 1,1
C07384,45,163.0,10,1022.0,9924.0,4,0.8,0,0,Store,Tier 1,0
C07385,46,69.0,13,624.0,9536.0,2,0.27,1,0,Store,Tier 1,0
C07386,18,40.0,17,713.0,13994.0,8,0.51,0,1,Store,Tier 1,0
C07387,21,77.0,14,1071.0,12839.0,5,0.43,0,0,Store,Tier 1,0
C07388,49,2.0,13,167.0,1919.0,2,0.3,1,0,Store,Tier 1,0
C07389,43,64.0,17,757.0,15251.0,5,0.29,1,1,Store,Tier 1,0
C07390,19,50.0,11,1024.0,11919.0,1,0.48,2,0,Both,Tier 2,1
C07391,39,5.0,12,951.0,10996.0,6,0.44,0,0,Store,Tier 3,0
C07392,32,90.0,8,976.0,8778.0,3,0.25,0,1,Both,Tier 1,0
C07393,10,30.0,13,938.0,12704.0,4,0.41,0,0,Store,Tier 1,0
C07394,29,34.0,10,605.0,5658.0,3,0.07,1,0,Online,Tier 1,1
C07395,37,33.0,19,849.0,14264.0,5,0.81,0,0,Store,Tier 1,0
C07396,18,130.0,5,1052.0,5262.0,3,0.26,1,0,Store,Tier 1,1
C07397,20,68.0,8,1333.0,12255.0,2,0.66,0,1,Both,Tier 2,0
C07398,46,76.0,8,817.0,7001.0,7,0.19,0,1,Store,Tier 2,0
C07399,8,35.0,10,473.0,4643.0,3,0.36,1,0,Store,Tier 3,0
C07400,58,11.0,19,1045.0,18219.0,3,0.9,0,1,Store,Tier 3,0
C07401,26,41.0,8,970.0,6735.0,3,0.74,0,1,Store,Tier 1,1
C07402,60,34.0,9,971.0,7940.0,4,0.41,0,1,Store,Tier 2,0
C07403,58,4.0,10,668.0,7228.0,6,0.35,0,1,Online,Tier 2,0
C07404,13,22.0,19,436.0,9864.0,3,0.5,0,1,Online,Tier 2,0
C07405,1,103.0,9,1225.0,12999.0,4,0.39,0,0,Store,Tier 1,1
C07406,20,39.0,12,928.0,10439.0,6,0.53,1,1,Store,Tier 1,0
C07407,49,13.0,15,1142.0,20117.0,6,0.17,1,1,Online,Tier 1,0
C07408,16,111.0,15,701.0,11818.0,5,0.28,1,1,Store,Tier 1,0
C07409,38,212.0,7,781.0,5302.0,8,0.12,1,0,Online,Tier 2,1
C07410,35,65.0,12,800.0,10045.0,4,0.79,0,1,Both,Tier 1,0
C07411,6,154.0,8,491.0,4176.0,6,0.16,0,1,Store,Tier 1,0
C07412,6,28.0,10,953.0,8573.0,2,0.42,0,0,Online,Tier 2,1
C07413,46,38.0,12,698.0,7492.0,2,0.81,0,1,Both,Tier 1,0
C07414,20,6.0,12,797.0,8602.0,6,0.23,1,0,Store,Tier 1,0
C07415,22,90.0,14,1384.0,20447.0,3,0.16,1,0,Store,Tier 3,0
C07416,11,28.0,11,,7022.0,3,0.12,0,0,Store,Tier 2,0
C07417,26,173.0,8,1245.0,11307.0,2,0.23,1,1,Both,Tier 2,1
C07418,2,33.0,11,665.0,8387.0,5,0.34,0,0,Both,Tier 2,0
C07419,21,20.0,19,956.0,16873.0,5,0.18,0,0,Store,Tier 1,0
C07420,7,127.0,8,1444.0,10302.0,2,0.82,1,1,Online,Tier 1,1
C07421,36,191.0,5,1278.0,7331.0,5,0.48,1,1,Store,Tier 1,0
C07422,22,94.0,13,978.0,14627.0,6,0.5,0,1,Both,Tier 2,0
C07423,53,103.0,6,150.0,773.0,4,0.37,0,1,Both,Tier 1,0
C07424,31,48.0,11,695.0,7371.0,7,0.17,0,0,Online,Tier 1,1
C07425,6,103.0,9,1260.0,11479.0,4,0.43,0,0,Store,Tier 1,1
C07426,56,76.0,19,1547.0,33839.0,3,0.1,1,1,Both,Tier 2,0
C07427,20,62.0,7,841.0,6554.0,5,0.08,1,0,Both,Tier 1,0
C07428,15,129.0,6,1459.0,9411.0,8,0.42,0,0,Both,Tier 2,0
C07429,7,3.0,16,891.0,14633.0,7,0.62,0,0,Store,Tier 2,0
C07430,35,19.0,17,896.0,17428.0,5,0.16,0,1,Store,Tier 2,0
C07431,4,72.0,17,1181.0,17410.0,5,0.26,0,0,Store,Tier 1,0
C07432,22,49.0,18,1183.0,21791.0,6,0.31,0,1,Store,Tier 2,1
C07433,39,34.0,10,1436.0,14102.0,2,0.28,2,1,Both,Tier 1,0
C07434,26,56.0,11,694.0,7926.0,6,0.27,2,1,Store,Tier 3,0
C07435,30,11.0,14,652.0,8149.0,3,0.48,0,1,Store,Tier 2,0
C07436,29,20.0,11,150.0,1355.0,2,0.14,0,1,Both,Tier 1,0
C07437,57,70.0,12,1161.0,14700.0,2,0.23,0,0,Store,Tier 2,1
C07438,48,38.0,13,667.0,9774.0,5,0.28,0,0,Store,Tier 1,0
C07439,5,97.0,6,852.0,4865.0,3,0.08,0,0,Store,Tier 2,0
C07440,20,90.0,10,982.0,9878.0,7,0.55,0,0,Store,Tier 2,0
C07441,15,4.0,18,696.0,12487.0,3,0.4,0,0,Both,Tier 1,0
C07442,22,107.0,12,978.0,12740.0,2,0.23,0,1,Store,Tier 3,0
C07443,38,110.0,15,1033.0,15979.0,4,0.62,0,0,Both,Tier 1,1
C07444,47,21.0,11,646.0,6700.0,4,0.65,0,1,Store,,0
C07445,4,210.0,4,635.0,2033.0,1,0.09,0,0,Both,Tier 1,1
C07446,58,14.0,18,948.0,15174.0,2,0.6,0,0,Both,Tier 2,0
C07447,19,90.0,7,897.0,6931.0,7,0.07,1,1,Both,Tier 2,0
C07448,41,30.0,22,461.0,10556.0,8,0.75,0,1,Both,Tier 2,0
C07449,34,72.0,6,890.0,6397.0,1,0.43,0,0,Store,Tier 1,1
C07450,31,106.0,13,1196.0,14006.0,4,0.04,0,1,Store,Tier 1,1
C07451,9,89.0,9,346.0,3592.0,5,0.27,0,0,Both,Tier 2,0
C07452,46,134.0,10,1730.0,16664.0,4,0.08,0,0,Store,Tier 1,1
C07453,49,53.0,16,360.0,5494.0,3,0.34,0,0,Online,Tier 1,0
C07454,11,128.0,14,1130.0,17217.0,3,0.54,0,0,Store,Tier 3,0
C07455,43,53.0,13,453.0,6674.0,5,0.5,1,0,Store,Tier 2,1
C07456,47,32.0,6,967.0,4783.0,4,0.6,0,0,Both,Tier 2,0
C07457,8,238.0,8,812.0,5400.0,7,0.17,0,0,Both,Tier 2,0
C07458,2,58.0,15,1145.0,15712.0,2,0.67,1,0,Both,Tier 2,1
C07459,45,20.0,11,1339.0,15651.0,5,0.3,1,0,Store,Tier 3,0
C07460,39,18.0,13,885.0,13593.0,5,0.45,0,1,Store,Tier 2,0
C07461,48,62.0,13,1136.0,16632.0,1,0.45,0,1,Online,Tier 2,0
C07462,44,104.0,7,1109.0,8837.0,4,0.05,0,1,Both,Tier 1,0
C07463,15,19.0,17,494.0,7838.0,1,0.53,0,0,Store,Tier 1,0
C07464,3,70.0,3,534.0,1879.0,3,0.27,0,0,Store,Tier 1,0
C07465,26,151.0,9,150.0,1208.0,1,0.37,2,0,Store,Tier 3,1
C07466,45,48.0,13,1134.0,14877.0,4,0.46,0,0,Both,Tier 2,0
C07467,56,216.0,5,542.0,2340.0,2,0.3,0,1,Online,Tier 2,0
C07468,28,114.0,7,1206.0,7981.0,5,0.65,0,0,Online,Tier 1,1
C07469,55,65.0,9,1211.0,10360.0,4,0.6,0,1,Both,Tier 1,1
C07470,45,176.0,8,952.0,8049.0,4,0.22,0,1,Both,Tier 1,0
C07471,30,31.0,6,1125.0,7447.0,5,0.66,0,1,Store,Tier 2,0
C07472,8,25.0,10,1753.0,14356.0,6,0.26,0,0,Store,Tier 3,0
C07473,18,35.0,12,582.0,5911.0,5,0.17,0,1,Store,Tier 2,0
C07474,22,57.0,9,1035.0,10723.0,3,0.11,0,0,Both,Tier 3,0
C07475,17,27.0,12,720.0,9474.0,3,0.44,0,0,Both,Tier 2,1
C07476,55,44.0,9,858.0,6612.0,3,0.22,0,1,Store,Tier 1,0
C07477,24,41.0,13,1301.0,19970.0,4,0.43,0,0,Both,Tier 1,1
C07478,21,101.0,4,1730.0,7249.0,2,0.2,0,1,Both,Tier 1,0
C07479,11,95.0,13,964.0,11328.0,5,0.27,1,1,Online,Tier 1,1
C07480,27,23.0,13,805.0,8525.0,3,0.46,0,0,Both,Tier 3,0
C07481,54,91.0,7,451.0,3457.0,5,0.21,0,1,Both,Tier 3,0
C07482,50,104.0,12,1291.0,16610.0,2,0.42,1,1,Both,Tier 1,1
C07483,26,49.0,16,734.0,14037.0,2,0.28,0,1,Store,Tier 1,0
C07484,14,10.0,10,558.0,6061.0,4,0.77,0,0,Online,Tier 1,0
C07485,1,37.0,13,869.0,13448.0,4,0.15,0,0,Store,Tier 2,0
C07486,26,2.0,7,835.0,5210.0,5,0.57,1,0,Online,Tier 3,0
C07487,45,115.0,8,787.0,5500.0,2,0.37,1,1,Store,Tier 1,0
C07488,2,151.0,6,1289.0,9201.0,2,0.29,0,0,Online,Tier 2,1
C07489,18,4.0,11,1014.0,11784.0,3,0.25,0,1,Store,Tier 3,0
C07490,29,120.0,8,1060.0,7694.0,6,0.16,1,1,Store,Tier 1,0
C07491,4,12.0,10,810.0,8100.0,5,0.47,0,0,Both,Tier 1,0
C07492,54,73.0,5,848.0,4543.0,4,0.67,0,1,Store,Tier 1,0
C07493,10,120.0,10,913.0,10222.0,3,0.46,0,0,Store,Tier 1,1
C07494,31,20.0,11,1221.0,10856.0,4,0.78,0,1,Store,Tier 3,0
C07495,23,15.0,14,356.0,4034.0,4,0.51,0,1,Store,Tier 1,0
C07496,3,35.0,11,1019.0,12825.0,8,0.36,0,0,Online,Tier 2,0
C07497,44,16.0,18,838.0,12783.0,2,0.52,0,1,Online,Tier 2,0
C07498,46,86.0,9,1490.0,11607.0,3,0.38,0,0,Store,Tier 2,0
C07499,29,8.0,12,751.0,7877.0,2,0.3,0,1,Both,Tier 1,0
C07500,58,53.0,13,1648.0,19253.0,5,0.66,1,1,Online,Tier 1,0
C07501,59,36.0,16,1451.0,18974.0,2,0.07,0,1,Store,Tier 1,0
C07502,42,168.0,6,825.0,4693.0,2,0.54,0,1,Both,Tier 1,0
C07503,29,4.0,14,601.0,9891.0,5,0.09,1,0,Store,Tier 3,0
C07504,11,43.0,9,967.0,9218.0,5,0.46,0,1,Both,Tier 1,0
C07505,26,63.0,13,883.0,9605.0,4,0.66,0,0,Store,Tier 2,0
C07506,46,19.0,13,1314.0,15505.0,3,0.83,0,0,Online,Tier 2,0
C07507,41,46.0,6,1297.0,6647.0,5,0.06,0,1,Both,Tier 2,0
C07508,22,45.0,9,1108.0,11458.0,4,0.17,1,1,Both,Tier 2,0
C07509,53,16.0,9,1147.0,11046.0,2,0.49,0,0,Online,Tier 1,0
C07510,30,14.0,8,429.0,3224.0,6,0.37,1,1,Store,Tier 3,1
C07511,19,14.0,16,1286.0,18617.0,6,0.74,2,0,Both,Tier 2,0
C07512,36,29.0,14,1370.0,19177.0,1,0.68,1,0,Store,Tier 2,0
C07513,29,48.0,12,1019.0,10092.0,5,0.28,0,1,Store,Tier 3,0
C07514,37,66.0,16,1119.0,20847.0,5,0.72,0,1,Both,Tier 2,1
C07515,20,29.0,12,945.0,11269.0,4,0.73,0,0,Both,Tier 1,0
C07516,16,79.0,8,938.0,8452.0,3,0.53,1,0,Store,Tier 1,0
C07517,46,34.0,13,789.0,10534.0,4,0.39,0,0,Both,Tier 3,0
C07518,41,43.0,15,988.0,17559.0,5,0.34,0,1,Both,Tier 2,0
C07519,38,107.0,10,1064.0,11914.0,7,0.52,0,1,Store,Tier 2,0
C07520,3,99.0,8,1237.0,11187.0,4,0.62,1,0,Store,Tier 1,1
C07521,44,50.0,14,992.0,14597.0,7,0.45,0,0,Online,Tier 1,0
C07522,33,21.0,12,794.0,7637.0,3,0.76,2,1,Both,Tier 1,0
C07523,43,131.0,13,945.0,14652.0,6,0.21,0,1,Both,Tier 2,0
C07524,1,40.0,8,962.0,6297.0,3,0.36,0,0,Both,Tier 3,0
C07525,4,187.0,7,838.0,4800.0,3,0.42,0,0,Store,Tier 2,0
C07526,22,11.0,14,1134.0,14754.0,4,0.52,1,1,Both,Tier 1,0
C07527,2,59.0,11,1332.0,12781.0,8,0.21,1,0,Store,Tier 2,0
C07528,56,65.0,12,693.0,7641.0,4,0.24,0,1,Store,Tier 1,0
C07529,41,7.0,14,1217.0,14378.0,4,0.31,1,1,Online,,0
C07530,6,106.0,8,1029.0,8607.0,2,0.18,1,1,Both,Tier 1,0
C07531,24,69.0,14,1060.0,15374.0,5,0.25,0,1,Store,Tier 1,0
C07532,36,50.0,13,1321.0,14323.0,3,0.31,1,0,Both,Tier 1,1
C07533,46,49.0,18,1118.0,23879.0,2,0.49,0,1,Both,Tier 2,0
C07534,21,35.0,14,597.0,7777.0,5,0.65,0,1,Both,Tier 2,0
C07535,10,20.0,5,916.0,4759.0,5,0.68,1,0,Both,Tier 1,0
C07536,20,33.0,7,917.0,6261.0,8,0.54,0,1,Store,Tier 2,0
C07537,6,39.0,16,830.0,12730.0,3,0.19,0,1,Store,Tier 3,0
C07538,33,11.0,10,873.0,7385.0,3,0.59,1,1,Both,Tier 1,0
C07539,34,24.0,10,709.0,7468.0,3,0.42,1,0,Both,Tier 3,1
C07540,25,50.0,5,1525.0,7283.0,6,0.13,3,1,Online,Tier 3,0
C07541,23,34.0,12,1196.0,14870.0,5,0.82,0,1,Both,Tier 1,0
C07542,56,81.0,13,973.0,13058.0,1,0.49,1,0,Both,Tier 2,0
C07543,35,67.0,9,983.0,9912.0,8,0.46,3,0,Both,Tier 3,1
C07544,25,10.0,15,784.0,13247.0,5,0.35,1,1,Store,Tier 2,0
C07545,55,30.0,8,1353.0,9509.0,2,0.36,0,1,Store,Tier 1,1
C07546,58,22.0,8,1027.0,8117.0,1,0.7,0,1,Online,Tier 2,0
C07547,30,38.0,11,645.0,8169.0,5,0.32,0,0,Online,Tier 3,0
C07548,59,30.0,14,906.0,13163.0,8,0.74,1,1,Store,Tier 1,0
C07549,50,45.0,13,816.0,8950.0,1,0.5,0,1,Both,Tier 2,0
C07550,53,33.0,14,1224.0,17249.0,4,0.73,2,1,Store,Tier 3,0
C07551,5,114.0,3,1546.0,4223.0,2,0.67,1,0,Both,Tier 3,1
C07552,27,63.0,11,1224.0,14662.0,4,0.3,2,0,Online,Tier 3,0
C07553,14,80.0,5,933.0,5262.0,7,0.26,0,1,Online,,0
C07554,7,243.0,9,441.0,4338.0,3,0.07,0,0,Store,Tier 2,1
C07555,46,22.0,13,606.0,7056.0,6,0.45,0,1,Both,Tier 2,0
C07556,27,61.0,10,1223.0,13952.0,3,0.46,0,1,Store,Tier 2,0
C07557,5,159.0,6,,8302.0,4,0.34,1,0,Both,Tier 3,0
C07558,21,49.0,17,424.0,6992.0,3,0.69,0,0,Store,Tier 1,0
C07559,2,165.0,7,284.0,2085.0,3,0.45,0,0,Store,Tier 1,1
C07560,33,32.0,11,584.0,5527.0,6,0.03,0,1,Both,Tier 1,0
C07561,14,166.0,16,1083.0,14323.0,5,0.82,0,1,Store,Tier 2,0
C07562,52,22.0,11,638.0,7496.0,4,0.27,0,1,Store,Tier 1,0
C07563,42,21.0,8,1306.0,8371.0,2,0.3,0,0,Store,Tier 1,0
C07564,20,154.0,10,1098.0,12257.0,5,0.23,0,0,Online,Tier 2,0
C07565,50,72.0,7,752.0,6308.0,3,0.18,1,1,Both,Tier 1,1
C07566,32,2.0,21,414.0,7876.0,3,0.51,1,0,Store,Tier 3,0
C07567,14,20.0,15,828.0,14706.0,3,0.75,1,1,Store,Tier 2,0
C07568,12,20.0,15,1447.0,20618.0,3,0.86,0,1,Both,Tier 3,0
C07569,47,106.0,8,150.0,1292.0,4,0.6,1,0,Online,Tier 3,0
C07570,5,122.0,8,828.0,6751.0,3,0.27,0,0,Both,Tier 2,1
C07571,2,31.0,18,570.0,8547.0,2,0.48,0,0,Store,Tier 3,0
C07572,5,42.0,10,1097.0,9607.0,3,0.53,0,0,Store,Tier 3,0
C07573,8,2.0,14,800.0,9218.0,2,0.07,1,1,Store,Tier 1,0
C07574,39,70.0,11,955.0,11470.0,3,0.1,0,1,Store,Tier 1,0
C07575,37,113.0,3,698.0,2191.0,1,0.22,1,1,Store,Tier 2,1
C07576,1,63.0,10,1202.0,11836.0,4,0.72,2,1,Online,Tier 1,1
C07577,60,38.0,6,925.0,5989.0,6,0.17,0,0,Store,Tier 2,0
C07578,33,106.0,14,967.0,15984.0,4,0.69,1,1,Online,Tier 1,0
C07579,26,85.0,7,1095.0,8997.0,3,0.18,0,0,Store,Tier 2,0
C07580,21,65.0,7,1015.0,7115.0,1,0.31,0,0,Store,Tier 1,0
C07581,42,51.0,11,694.0,7253.0,5,0.12,1,1,Both,Tier 2,0
C07582,45,104.0,4,526.0,2460.0,5,0.34,0,1,Store,Tier 1,1
C07583,16,11.0,4,434.0,1405.0,3,0.07,0,1,Both,Tier 2,0
C07584,12,73.0,8,1038.0,9025.0,7,0.47,1,0,Store,Tier 1,1
C07585,55,69.0,10,846.0,9267.0,3,0.09,0,1,Store,Tier 3,0
C07586,37,124.0,8,1230.0,9297.0,4,0.77,1,1,Store,Tier 1,0
C07587,30,39.0,12,1123.0,16048.0,3,0.27,0,0,Both,Tier 1,0
C07588,56,56.0,11,645.0,7198.0,5,0.53,1,1,Store,Tier 2,0
C07589,26,23.0,14,1012.0,14587.0,5,0.61,1,1,Store,Tier 1,0
C07590,22,7.0,16,1190.0,19817.0,6,0.11,1,1,Online,Tier 3,0
C07591,33,55.0,12,1004.0,13446.0,3,0.1,0,1,Both,Tier 1,0
C07592,34,78.0,9,1029.0,10392.0,6,0.5,1,1,Store,Tier 2,0
C07593,5,18.0,6,1250.0,6601.0,6,0.21,0,0,Store,Tier 3,0
C07594,20,43.0,8,414.0,2997.0,6,0.29,0,0,Online,Tier 2,0
C07595,14,32.0,11,973.0,10007.0,3,0.72,0,1,Store,Tier 2,0
C07596,15,177.0,11,704.0,7753.0,6,0.52,0,0,Both,Tier 3,1
C07597,25,38.0,12,940.0,9851.0,2,0.46,1,1,Both,Tier 3,0
C07598,51,24.0,10,1158.0,12205.0,2,0.39,0,0,Store,Tier 1,1
C07599,58,74.0,14,896.0,13743.0,4,0.66,0,1,Store,Tier 2,0
C07600,1,98.0,10,1019.0,11191.0,3,0.16,1,1,Store,Tier 3,1
C07601,14,34.0,10,1271.0,10549.0,5,0.39,0,0,Store,Tier 2,1
C07602,26,75.0,13,1269.0,15144.0,2,0.12,0,1,Online,Tier 2,0
C07603,47,53.0,9,1125.0,8188.0,4,0.23,0,1,Store,Tier 1,1
C07604,49,40.0,6,927.0,5383.0,6,0.42,0,0,Store,Tier 2,0
C07605,30,44.0,7,1142.0,7207.0,3,0.31,0,1,Store,Tier 2,0
C07606,10,67.0,9,724.0,6359.0,5,0.27,1,1,Store,Tier 1,1
C07607,41,99.0,12,836.0,10390.0,4,0.43,0,1,Store,Tier 1,0
C07608,60,13.0,7,823.0,6475.0,3,0.44,0,0,Store,Tier 1,0
C07609,43,63.0,10,673.0,6425.0,2,0.31,1,0,Both,Tier 2,1
C07610,42,16.0,13,885.0,13552.0,2,0.1,0,1,Both,Tier 1,0
C07611,4,83.0,15,975.0,15252.0,3,0.83,2,0,Online,Tier 3,1
C07612,26,68.0,7,938.0,7339.0,4,0.09,0,0,Store,Tier 2,0
C07613,21,72.0,18,638.0,11840.0,2,0.7,0,0,Store,Tier 3,0
C07614,23,29.0,17,813.0,11624.0,5,0.18,0,0,Store,Tier 2,0
C07615,30,89.0,18,1380.0,28239.0,3,0.26,0,0,Both,Tier 1,0
C07616,58,72.0,17,1043.0,19932.0,4,0.28,0,1,Both,Tier 2,1
C07617,12,53.0,11,1034.0,9204.0,2,0.29,0,0,Store,Tier 1,0
C07618,12,134.0,8,1528.0,13320.0,7,0.21,0,0,Store,Tier 2,1
C07619,55,64.0,9,694.0,6888.0,3,0.27,0,0,Store,Tier 2,0
C07620,33,94.0,13,1678.0,20139.0,4,0.37,1,0,Both,Tier 3,0
C07621,20,112.0,7,798.0,6498.0,3,0.31,0,0,Store,Tier 3,0
C07622,6,59.0,13,841.0,10245.0,5,0.67,0,0,Online,Tier 2,0
C07623,21,13.0,10,584.0,6937.0,3,0.58,1,1,Store,Tier 2,0
C07624,38,320.0,0,1170.0,0.0,3,0.25,0,1,Both,Tier 1,1
C07625,38,39.0,13,491.0,5835.0,5,0.41,1,0,Store,Tier 2,0
C07626,12,36.0,11,778.0,8893.0,3,0.62,1,0,Store,Tier 1,1
C07627,20,74.0,9,614.0,6456.0,3,0.32,1,0,Both,Tier 1,1
C07628,11,70.0,18,630.0,10957.0,5,0.57,0,0,Both,Tier 2,0
C07629,16,176.0,9,1261.0,13545.0,5,0.52,0,1,Store,Tier 2,1
C07630,26,85.0,9,,7223.0,2,0.24,0,1,Online,Tier 2,0
C07631,18,42.0,7,382.0,2696.0,3,0.11,0,0,Store,Tier 2,0
C07632,9,53.0,19,929.0,17693.0,1,0.21,0,1,Store,Tier 3,0
C07633,36,58.0,8,393.0,2810.0,3,0.54,0,1,Both,Tier 2,1
C07634,34,39.0,20,706.0,15651.0,4,0.06,1,1,Store,Tier 1,0
C07635,9,33.0,8,540.0,3459.0,6,0.16,0,1,Store,Tier 3,0
C07636,27,102.0,6,1381.0,8999.0,4,0.33,1,0,Online,Tier 1,1
C07637,24,18.0,13,1130.0,12180.0,4,0.59,0,0,Both,Tier 2,0
C07638,54,6.0,12,517.0,6845.0,7,0.75,0,1,Both,Tier 1,0
C07639,19,46.0,16,256.0,3743.0,4,0.17,0,0,Both,Tier 1,0
C07640,3,6.0,16,806.0,11735.0,3,0.07,0,0,Store,Tier 3,0
C07641,29,52.0,8,597.0,4826.0,3,0.44,0,0,Store,Tier 2,0
C07642,49,27.0,12,692.0,8947.0,6,0.61,0,1,Both,Tier 2,0
C07643,11,37.0,8,772.0,7299.0,1,0.15,0,1,Online,Tier 1,1
C07644,60,172.0,5,949.0,5615.0,3,0.3,0,1,Store,Tier 2,1
C07645,60,23.0,13,407.0,4307.0,5,0.31,0,1,Store,Tier 1,0
C07646,46,106.0,9,605.0,6324.0,4,0.2,1,1,Online,Tier 3,0
C07647,51,6.0,16,794.0,13019.0,5,0.49,0,1,Online,Tier 2,0
C07648,26,6.0,16,1379.0,23563.0,5,0.32,0,1,Online,Tier 1,0
C07649,33,10.0,15,993.0,17400.0,5,0.47,0,0,Store,Tier 2,0
C07650,15,60.0,13,725.0,7883.0,5,0.55,0,0,Both,Tier 3,0
C07651,53,40.0,4,384.0,1793.0,4,0.33,0,0,Store,Tier 2,0
C07652,41,29.0,11,1035.0,11430.0,3,0.06,0,0,Store,Tier 2,1
C07653,8,66.0,7,1174.0,7598.0,4,0.31,0,0,Both,Tier 2,1
C07654,25,17.0,10,1047.0,8529.0,6,0.14,0,1,Store,Tier 3,0
C07655,24,19.0,17,1152.0,18584.0,6,0.29,0,1,Store,Tier 1,0
C07656,28,44.0,7,338.0,2386.0,2,0.29,0,0,Both,Tier 2,0
C07657,41,67.0,9,1049.0,10021.0,5,0.34,0,1,Both,Tier 2,1
C07658,49,18.0,8,728.0,5592.0,4,0.34,1,0,Store,Tier 3,0
C07659,45,89.0,11,981.0,10075.0,6,0.42,0,1,Online,Tier 3,0
C07660,42,35.0,10,1254.0,14050.0,2,0.17,1,1,Store,Tier 2,0
C07661,57,87.0,14,533.0,7698.0,3,0.06,0,1,Store,Tier 3,0
C07662,29,81.0,15,716.0,12030.0,5,0.86,0,1,Both,Tier 1,1
C07663,37,2.0,14,,10666.0,5,0.07,0,0,Store,Tier 1,0
C07664,7,63.0,12,576.0,5809.0,4,0.06,0,0,Both,Tier 2,0
C07665,37,58.0,10,867.0,8432.0,4,0.19,0,0,Online,Tier 3,0
C07666,35,45.0,11,1268.0,14748.0,3,0.16,0,0,Online,Tier 2,0
C07667,40,17.0,11,982.0,12233.0,3,0.25,1,0,Store,Tier 2,0
C07668,11,80.0,9,1278.0,11616.0,3,0.09,0,0,Online,Tier 1,0
C07669,58,40.0,8,745.0,6776.0,4,0.4,1,1,Both,Tier 1,0
C07670,46,47.0,10,692.0,8193.0,3,0.5,0,1,Store,Tier 2,0
C07671,10,14.0,12,822.0,8091.0,8,0.53,0,0,Store,Tier 3,0
C07672,12,46.0,16,966.0,12617.0,4,0.37,0,0,Both,Tier 1,0
C07673,16,59.0,13,993.0,11459.0,6,0.18,0,0,Store,Tier 3,0
C07674,43,17.0,10,770.0,6168.0,3,0.36,0,0,Online,Tier 2,0
C07675,30,4.0,14,1354.0,20447.0,4,0.53,0,0,Store,Tier 1,0
C07676,8,45.0,15,779.0,9914.0,8,0.39,0,0,Store,Tier 3,0
C07677,4,47.0,13,1173.0,14112.0,6,0.5,0,1,Online,Tier 3,0
C07678,48,93.0,9,876.0,6819.0,7,0.5,0,0,Online,Tier 2,0
C07679,27,123.0,7,1040.0,6535.0,5,0.19,0,0,Both,Tier 1,1
C07680,6,69.0,10,1068.0,11634.0,4,0.28,1,0,Store,Tier 2,0
C07681,37,245.0,4,899.0,3957.0,4,0.09,1,0,Store,Tier 2,1
C07682,60,41.0,15,1512.0,24991.0,3,0.55,3,0,Store,Tier 1,0
C07683,43,22.0,16,899.0,16588.0,4,0.63,1,1,Online,Tier 1,0
C07684,57,66.0,10,1102.0,10205.0,6,0.8,0,1,Online,Tier 2,0
C07685,32,116.0,12,735.0,8018.0,4,0.28,1,1,Both,Tier 1,0
C07686,46,21.0,16,582.0,9138.0,8,0.38,0,0,Both,,0
C07687,4,43.0,11,784.0,6939.0,3,0.38,0,0,Store,Tier 2,1
C07688,60,188.0,2,630.0,1029.0,5,0.48,0,1,Both,Tier 3,0
C07689,8,71.0,12,704.0,8481.0,1,0.33,0,0,Online,Tier 3,1
C07690,41,33.0,14,682.0,8412.0,5,0.5,0,1,Store,Tier 2,0
C07691,1,48.0,10,473.0,4846.0,4,0.2,0,0,Store,Tier 1,0
C07692,48,125.0,10,938.0,10611.0,7,0.39,0,0,Store,Tier 1,0
C07693,52,5.0,15,1173.0,17550.0,3,0.74,1,1,Store,Tier 2,0
C07694,7,51.0,7,982.0,6485.0,5,0.5,1,0,Store,Tier 1,0
C07695,1,22.0,6,1046.0,5167.0,3,0.44,1,0,Store,Tier 2,0
C07696,6,72.0,9,1352.0,11242.0,2,0.16,0,1,Store,Tier 2,0
C07697,47,53.0,11,1226.0,11297.0,4,0.67,0,1,Store,Tier 1,0
C07698,33,61.0,10,1239.0,14009.0,8,0.26,0,1,Online,Tier 2,0
C07699,50,61.0,12,740.0,7158.0,5,0.36,0,1,Store,Tier 2,0
C07700,11,84.0,14,1031.0,12378.0,2,0.46,2,1,Store,Tier 1,0
C07701,30,98.0,9,761.0,7976.0,2,0.37,0,1,Both,Tier 2,0
C07702,41,22.0,13,1280.0,16363.0,6,0.11,0,0,Online,Tier 1,0
C07703,3,37.0,13,1012.0,13323.0,5,0.45,0,1,Both,Tier 1,0
C07704,22,31.0,12,697.0,9329.0,6,0.35,1,1,Store,Tier 2,0
C07705,47,102.0,11,1446.0,16048.0,7,0.23,0,1,Both,Tier 2,0
C07706,4,20.0,14,1414.0,22548.0,4,0.27,2,1,Store,Tier 1,0
C07707,23,26.0,17,1208.0,20805.0,2,0.18,0,0,Both,Tier 2,0
C07708,57,30.0,9,947.0,8075.0,3,0.29,0,1,Store,Tier 2,0
C07709,47,7.0,13,1184.0,16331.0,4,0.25,0,0,Both,Tier 2,0
C07710,38,68.0,8,744.0,6434.0,4,0.32,0,0,Both,Tier 2,0
C07711,7,20.0,21,678.0,14669.0,4,0.47,0,0,Both,Tier 2,0
C07712,46,47.0,12,873.0,8697.0,6,0.36,0,1,Both,Tier 2,0
C07713,42,63.0,13,1440.0,19560.0,4,0.68,1,0,Store,Tier 2,0
C07714,35,195.0,4,,4165.0,3,0.53,2,1,Store,Tier 1,1
C07715,26,38.0,8,1139.0,10846.0,4,0.14,0,0,Store,Tier 2,0
C07716,30,25.0,11,1042.0,13298.0,2,0.58,0,1,Store,Tier 1,0
C07717,18,104.0,11,920.0,11159.0,4,0.37,0,1,Store,Tier 3,0
C07718,6,54.0,9,602.0,4676.0,4,0.09,0,0,Store,Tier 1,1
C07719,19,142.0,10,232.0,2672.0,4,0.42,1,0,Online,Tier 1,1
C07720,42,188.0,9,986.0,9280.0,4,0.51,0,1,Online,Tier 1,0
C07721,53,18.0,9,1055.0,8151.0,4,0.69,0,1,Store,Tier 2,0
C07722,21,101.0,7,1000.0,7719.0,2,0.65,0,1,Both,Tier 3,0
C07723,35,41.0,12,750.0,10336.0,2,0.42,0,0,Store,Tier 1,0
C07724,35,15.0,13,362.0,4288.0,4,0.65,0,0,Both,Tier 2,0
C07725,26,32.0,11,610.0,6568.0,6,0.32,0,1,Store,Tier 2,0
C07726,2,18.0,12,482.0,6589.0,6,0.13,0,0,Both,Tier 1,0
C07727,17,3.0,16,1366.0,17565.0,7,0.22,1,0,Store,Tier 3,0
C07728,55,43.0,20,897.0,18285.0,3,0.6,0,1,Store,Tier 2,0
C07729,35,62.0,16,398.0,5667.0,4,0.56,0,1,Store,Tier 2,0
C07730,34,181.0,5,1220.0,5486.0,5,0.68,0,0,Both,Tier 2,0
C07731,18,191.0,4,941.0,3846.0,6,0.16,1,1,Online,Tier 3,1
C07732,58,67.0,11,864.0,7613.0,2,0.6,0,1,Online,Tier 1,0
C07733,57,89.0,11,1110.0,11971.0,1,0.41,0,0,Store,Tier 1,1
C07734,58,89.0,14,443.0,5863.0,5,0.19,1,1,Store,Tier 2,0
C07735,26,89.0,6,426.0,2932.0,6,0.71,0,0,Store,Tier 2,0
C07736,40,52.0,15,708.0,11883.0,3,0.29,0,1,Store,Tier 2,0
C07737,37,310.0,1,1286.0,1205.0,6,0.48,2,1,Online,Tier 2,1
C07738,25,44.0,13,980.0,10990.0,3,0.23,0,1,Store,Tier 1,0
C07739,10,40.0,13,811.0,9432.0,1,0.12,0,0,Online,Tier 1,0
C07740,28,39.0,14,1666.0,26298.0,3,0.68,1,0,Store,Tier 2,1
C07741,37,11.0,14,370.0,5363.0,2,0.2,0,0,Store,Tier 1,0
C07742,27,175.0,4,1036.0,4218.0,2,0.28,0,1,Store,Tier 2,1
C07743,51,11.0,18,920.0,13397.0,6,0.17,0,1,Both,Tier 3,1
C07744,38,39.0,14,1055.0,15726.0,4,0.69,2,1,Both,Tier 3,0
C07745,21,21.0,13,881.0,11203.0,3,0.52,0,0,Store,Tier 1,0
C07746,45,34.0,16,1219.0,19571.0,4,0.48,0,1,Store,Tier 2,0
C07747,59,74.0,12,1108.0,14864.0,2,0.47,1,0,Both,Tier 3,1
C07748,21,104.0,6,1175.0,8118.0,4,0.36,1,1,Store,Tier 1,0
C07749,48,39.0,13,923.0,11266.0,4,0.15,0,1,Online,Tier 2,0
C07750,46,4.0,19,481.0,8955.0,5,0.35,0,1,Both,Tier 3,0
C07751,34,25.0,10,1165.0,11042.0,2,0.36,0,0,Online,Tier 3,0
C07752,33,40.0,15,1207.0,14930.0,3,0.56,0,0,Store,Tier 1,0
C07753,16,65.0,11,1063.0,10057.0,4,0.07,0,0,Store,Tier 1,0
C07754,20,88.0,5,1138.0,6373.0,3,0.56,0,1,Store,Tier 2,1
C07755,45,10.0,18,810.0,14100.0,5,0.74,0,1,Store,Tier 1,0
C07756,48,46.0,9,1270.0,13121.0,8,0.51,1,1,Online,Tier 1,1
C07757,21,168.0,6,783.0,5311.0,1,0.25,0,1,Store,Tier 2,1
C07758,40,145.0,7,1300.0,7720.0,4,0.27,1,0,Both,Tier 2,1
C07759,28,20.0,11,988.0,10109.0,2,0.36,0,0,Store,Tier 3,0
C07760,1,31.0,14,786.0,9893.0,4,0.08,0,0,Store,Tier 2,0
C07761,15,98.0,8,1085.0,10025.0,4,0.48,0,1,Both,Tier 1,0
C07762,58,140.0,3,763.0,2508.0,7,0.64,0,1,Store,Tier 3,0
C07763,5,70.0,9,930.0,7805.0,4,0.33,1,0,Store,Tier 2,1
C07764,23,6.0,14,1432.0,18099.0,6,0.37,0,0,Online,Tier 2,0
C07765,20,18.0,14,1236.0,20309.0,3,0.24,0,1,Store,Tier 1,0
C07766,13,71.0,9,632.0,5869.0,3,0.37,2,0,Both,Tier 1,0
C07767,29,26.0,9,821.0,7706.0,3,0.24,0,1,Store,Tier 1,1
C07768,21,22.0,13,1189.0,12905.0,4,0.55,0,0,Online,Tier 1,0
C07769,44,65.0,7,1094.0,6571.0,5,0.34,0,1,Both,Tier 2,0
C07770,18,5.0,14,1149.0,13804.0,6,0.12,1,1,Both,Tier 1,0
C07771,3,161.0,7,1362.0,10263.0,6,0.39,0,0,Store,Tier 2,1
C07772,31,33.0,18,491.0,8537.0,3,0.24,0,0,Store,Tier 1,0
C07773,16,41.0,10,150.0,1324.0,4,0.3,0,1,Store,Tier 1,0
C07774,9,17.0,15,648.0,9365.0,3,0.57,1,0,Store,Tier 3,0
C07775,35,48.0,8,1178.0,10594.0,4,0.39,0,1,Store,Tier 2,0
C07776,15,33.0,13,279.0,3549.0,4,0.33,0,1,Store,Tier 2,0
C07777,2,57.0,11,839.0,8376.0,3,0.46,1,1,Both,Tier 3,0
C07778,27,156.0,10,1090.0,9060.0,4,0.49,2,1,Both,Tier 1,1
C07779,23,16.0,10,637.0,7082.0,3,0.23,1,1,Online,Tier 3,0
C07780,16,30.0,16,835.0,13227.0,3,0.19,1,1,Both,Tier 1,0
C07781,50,2.0,8,1553.0,10809.0,2,0.23,1,0,Store,Tier 2,0
C07782,42,254.0,4,1321.0,4616.0,3,0.31,0,1,Online,Tier 1,1
C07783,52,17.0,12,1448.0,15422.0,3,0.69,1,1,Both,Tier 1,0
C07784,46,41.0,11,,12085.0,3,0.5,0,0,Store,Tier 2,0
C07785,22,16.0,10,637.0,6860.0,4,0.17,0,1,Both,Tier 1,0
C07786,12,29.0,15,1084.0,14002.0,3,0.55,1,0,Store,Tier 3,0
C07787,51,28.0,13,1145.0,12586.0,3,0.26,0,0,Store,Tier 2,0
C07788,17,37.0,8,1045.0,9828.0,3,0.76,0,0,Online,Tier 3,0
C07789,47,16.0,13,851.0,11592.0,3,0.44,1,0,Both,Tier 1,0
C07790,36,39.0,15,1027.0,13479.0,2,0.36,0,0,Online,Tier 1,0
C07791,24,5.0,12,740.0,8804.0,2,0.56,0,1,Online,Tier 3,0
C07792,1,43.0,15,552.0,9324.0,3,0.4,0,0,Store,Tier 1,1
C07793,12,12.0,12,999.0,11934.0,2,0.69,1,0,Store,Tier 3,0
C07794,35,197.0,8,334.0,3055.0,4,0.01,0,1,Both,Tier 1,0
C07795,18,19.0,11,407.0,3775.0,3,0.69,1,1,Store,Tier 3,1
C07796,14,149.0,6,1216.0,8391.0,6,0.24,0,0,Both,Tier 1,0
C07797,10,46.0,15,677.0,11464.0,3,0.48,0,1,Store,,0
C07798,51,45.0,6,553.0,2892.0,3,0.11,0,0,Store,Tier 3,0
C07799,31,81.0,6,1073.0,6691.0,4,0.64,0,0,Online,Tier 2,1
C07800,12,56.0,10,1355.0,14037.0,4,0.25,1,0,Both,Tier 2,1
C07801,13,192.0,5,1170.0,4964.0,1,0.33,1,0,Store,Tier 2,1
C07802,28,116.0,12,1256.0,16102.0,6,0.04,0,1,Both,Tier 2,1
C07803,19,96.0,15,420.0,5111.0,1,0.6,0,0,Both,Tier 2,0
C07804,35,33.0,17,739.0,10970.0,5,0.67,0,1,Store,Tier 2,0
C07805,22,26.0,12,619.0,7497.0,5,0.18,0,0,Store,Tier 2,0
C07806,11,92.0,16,960.0,15665.0,4,0.54,0,0,Store,Tier 2,0
C07807,47,58.0,10,999.0,11795.0,8,0.19,1,1,Both,Tier 2,0
C07808,38,36.0,14,559.0,7981.0,5,0.23,1,1,Store,Tier 3,0
C07809,59,73.0,13,1256.0,13924.0,3,0.59,0,1,Store,Tier 1,0
C07810,18,77.0,15,462.0,5825.0,2,0.07,1,1,Both,Tier 1,0
C07811,21,145.0,1,781.0,927.0,4,0.35,0,0,Online,Tier 2,1
C07812,20,97.0,10,1017.0,8687.0,3,0.67,1,0,Store,Tier 2,0
C07813,21,130.0,8,1067.0,8105.0,6,0.02,1,1,Store,Tier 2,0
C07814,45,19.0,15,781.0,11539.0,4,0.29,1,1,Store,Tier 3,0
C07815,24,119.0,9,1253.0,10026.0,3,0.76,0,0,Both,Tier 1,0
C07816,10,50.0,17,590.0,8650.0,2,0.88,0,0,Store,Tier 3,0
C07817,58,14.0,8,1372.0,9510.0,3,0.32,1,1,Online,Tier 1,0
C07818,45,35.0,19,1336.0,23178.0,5,0.65,0,1,Store,Tier 2,0
C07819,36,167.0,6,1201.0,7120.0,2,0.16,1,0,Both,Tier 3,1
C07820,37,70.0,12,921.0,11111.0,3,0.88,0,0,Both,Tier 2,1
C07821,35,30.0,21,1027.0,23641.0,1,0.63,1,0,Store,Tier 2,0
C07822,59,84.0,10,547.0,6443.0,4,0.51,1,1,Store,Tier 3,0
C07823,54,37.0,17,865.0,14041.0,4,0.22,1,1,Store,Tier 1,0
C07824,55,17.0,13,1108.0,16933.0,3,0.67,0,0,Store,Tier 3,0
C07825,17,17.0,17,417.0,8401.0,7,0.33,0,1,Both,Tier 2,0
C07826,24,59.0,9,1065.0,9562.0,7,0.56,0,0,Store,Tier 3,0
C07827,8,116.0,4,1151.0,4548.0,3,0.51,1,1,Both,Tier 2,1
C07828,46,150.0,8,936.0,7751.0,3,0.17,0,1,Store,Tier 2,0
C07829,48,22.0,9,644.0,6913.0,5,0.51,0,1,Both,Tier 3,0
C07830,45,26.0,16,992.0,14106.0,1,0.06,0,1,Both,Tier 2,0
C07831,38,66.0,15,994.0,17703.0,8,0.48,0,1,Store,Tier 2,0
C07832,32,22.0,17,954.0,14162.0,7,0.56,0,0,Online,Tier 1,0
C07833,48,67.0,15,1323.0,19028.0,4,0.33,2,0,Online,Tier 2,1
C07834,52,198.0,5,1017.0,4203.0,5,0.29,0,1,Online,Tier 1,1
C07835,3,41.0,12,958.0,10485.0,8,0.5,1,1,Online,Tier 2,0
C07836,21,16.0,18,980.0,17476.0,4,0.52,1,1,Store,Tier 3,0
C07837,33,18.0,13,1238.0,13533.0,2,0.01,0,1,Both,Tier 2,0
C07838,15,46.0,15,341.0,4844.0,3,0.21,0,1,Store,Tier 1,0
C07839,58,17.0,12,969.0,12214.0,5,0.44,0,1,Store,Tier 1,0
C07840,24,32.0,8,726.0,6730.0,3,0.71,1,0,Store,Tier 3,0
C07841,52,68.0,13,1053.0,14967.0,7,0.38,0,0,Both,Tier 3,0
C07842,45,141.0,6,1217.0,7403.0,3,0.36,0,1,Both,Tier 2,1
C07843,14,4.0,16,969.0,17181.0,2,0.36,1,0,Store,Tier 2,0
C07844,29,7.0,6,1624.0,10308.0,5,0.39,0,1,Online,Tier 3,0
C07845,48,24.0,10,538.0,4805.0,7,0.38,0,1,Online,Tier 1,0
C07846,45,36.0,13,825.0,9518.0,3,0.79,0,1,Online,Tier 3,0
C07847,35,148.0,7,594.0,4299.0,3,0.51,2,1,Both,Tier 2,0
C07848,6,1.0,11,892.0,10995.0,3,0.43,0,0,Store,Tier 2,0
C07849,41,68.0,16,172.0,3196.0,6,0.46,0,0,Both,Tier 3,0
C07850,27,113.0,14,910.0,15172.0,5,0.79,0,1,Store,Tier 1,1
C07851,41,24.0,14,1294.0,16870.0,5,0.13,1,0,Both,Tier 2,0
C07852,31,19.0,15,1006.0,12861.0,5,0.44,1,1,Store,Tier 1,1
C07853,16,104.0,10,698.0,7397.0,3,0.07,0,0,Online,Tier 1,1
C07854,32,15.0,10,1175.0,9891.0,4,0.05,1,0,Store,Tier 1,0
C07855,57,113.0,15,1185.0,15339.0,4,0.26,0,1,Store,Tier 2,0
C07856,13,82.0,8,1061.0,6950.0,5,0.24,0,0,Online,Tier 3,0
C07857,38,15.0,13,770.0,10747.0,3,0.28,1,1,Both,Tier 2,0
C07858,2,41.0,12,818.0,9939.0,4,0.31,0,0,Both,Tier 2,0
C07859,47,69.0,11,1038.0,13352.0,5,0.12,0,1,Store,Tier 2,0
C07860,54,56.0,8,600.0,5570.0,2,0.54,1,0,Store,Tier 1,0
C07861,15,29.0,11,970.0,11500.0,3,0.38,1,0,Store,Tier 1,0
C07862,39,57.0,15,1035.0,17764.0,3,0.11,0,0,Both,Tier 2,0
C07863,15,14.0,19,431.0,7761.0,3,0.64,1,1,Both,Tier 1,0
C07864,38,52.0,12,1090.0,12165.0,3,0.33,0,1,Store,Tier 2,0
C07865,19,43.0,13,995.0,14092.0,4,0.81,0,1,Store,Tier 2,0
C07866,30,1.0,11,319.0,2967.0,1,0.6,1,1,Store,Tier 3,0
C07867,54,116.0,12,939.0,12026.0,5,0.1,1,0,Store,Tier 3,0
C07868,55,76.0,11,990.0,10140.0,6,0.6,0,0,Both,Tier 2,0
C07869,35,67.0,9,1290.0,10782.0,1,0.37,0,0,Both,Tier 2,0
C07870,56,32.0,11,1218.0,14642.0,7,0.57,0,0,Online,Tier 2,0
C07871,39,34.0,14,478.0,6818.0,3,0.71,0,1,Both,Tier 2,0
C07872,40,54.0,14,978.0,13184.0,4,0.53,0,0,Online,Tier 2,0
C07873,17,140.0,7,392.0,2805.0,4,0.44,0,0,Both,Tier 3,1
C07874,7,21.0,17,860.0,13808.0,5,0.7,0,1,Store,Tier 1,0
C07875,5,32.0,14,976.0,11860.0,6,0.29,0,0,Online,Tier 2,0
C07876,26,15.0,14,699.0,11663.0,4,0.31,0,0,Store,Tier 1,0
C07877,50,80.0,8,1036.0,7229.0,2,0.67,0,0,Store,Tier 1,0
C07878,60,113.0,11,1271.0,13361.0,7,0.51,1,1,Online,Tier 2,0
C07879,47,61.0,11,667.0,7513.0,3,0.2,1,1,Online,Tier 2,0
C07880,27,51.0,14,1425.0,22455.0,2,0.05,0,0,Both,Tier 1,0
C07881,34,60.0,11,685.0,6658.0,3,0.49,0,0,Store,Tier 1,0
C07882,59,19.0,14,1228.0,17892.0,5,0.63,1,1,Store,Tier 1,0
C07883,24,78.0,9,1036.0,8798.0,3,0.29,0,0,Store,Tier 2,1
C07884,3,48.0,17,496.0,8852.0,4,0.2,0,0,Both,Tier 1,0
C07885,44,70.0,16,1312.0,18861.0,4,0.09,0,1,Store,Tier 3,0
C07886,8,161.0,6,150.0,969.0,7,0.07,0,1,Both,Tier 1,0
C07887,11,69.0,11,1526.0,17480.0,3,0.19,0,1,Online,Tier 1,0
C07888,57,33.0,13,746.0,10635.0,8,0.42,0,1,Store,Tier 1,0
C07889,44,31.0,10,631.0,7364.0,6,0.15,0,1,Store,Tier 1,0
C07890,8,51.0,16,757.0,10258.0,4,0.53,0,1,Store,Tier 1,0
C07891,46,19.0,22,976.0,19668.0,4,0.13,0,1,Store,Tier 1,1
C07892,13,93.0,9,1188.0,9898.0,4,0.26,1,0,Both,,1
C07893,34,127.0,4,410.0,1852.0,3,0.43,0,1,Store,Tier 2,0
C07894,39,17.0,13,457.0,6044.0,4,0.4,0,0,Both,Tier 1,0
C07895,45,14.0,10,1284.0,15077.0,7,0.21,0,0,Store,Tier 1,0
C07896,22,19.0,10,963.0,11111.0,6,0.37,1,0,Store,,0
C07897,3,42.0,9,1017.0,9406.0,4,0.35,0,1,Online,Tier 2,0
C07898,44,105.0,9,607.0,6511.0,4,0.17,0,1,Both,Tier 1,0
C07899,39,96.0,11,851.0,8395.0,3,0.12,0,1,Both,Tier 2,0
C07900,55,88.0,10,642.0,6689.0,5,0.32,0,1,Both,Tier 2,0
C07901,43,48.0,16,988.0,16766.0,2,0.4,0,1,Store,Tier 1,0
C07902,39,19.0,10,459.0,4244.0,4,0.67,1,1,Both,Tier 3,0
C07903,28,24.0,18,896.0,16169.0,4,0.47,0,0,Store,Tier 2,0
C07904,11,87.0,15,807.0,10883.0,3,0.28,0,1,Online,Tier 1,0
C07905,19,128.0,11,1131.0,13727.0,3,0.57,0,0,Online,Tier 2,1
C07906,51,58.0,18,402.0,7500.0,4,0.14,0,1,Store,Tier 3,0
C07907,37,30.0,12,851.0,10285.0,2,0.55,1,1,Online,Tier 1,0
C07908,4,108.0,6,606.0,3552.0,6,0.49,1,0,Store,Tier 2,1
C07909,44,143.0,3,1072.0,2796.0,3,0.51,0,1,Both,Tier 1,0
C07910,27,65.0,7,760.0,5377.0,4,0.67,0,0,Both,Tier 1,0
C07911,26,9.0,15,229.0,2902.0,4,0.46,0,0,Both,Tier 2,0
C07912,33,71.0,16,882.0,16651.0,3,0.36,0,1,Both,Tier 3,1
C07913,34,6.0,9,992.0,10611.0,4,0.77,0,1,Store,Tier 3,0
C07914,10,42.0,15,1253.0,21911.0,5,0.34,2,0,Store,Tier 3,1
C07915,20,52.0,18,1209.0,18751.0,6,0.39,1,0,Both,Tier 1,0
C07916,16,70.0,13,816.0,12004.0,4,0.25,0,0,Store,Tier 1,0
C07917,28,45.0,15,715.0,12711.0,3,0.27,0,0,Both,Tier 1,0
C07918,47,11.0,11,498.0,6413.0,6,0.17,1,1,Store,Tier 1,0
C07919,49,92.0,18,862.0,16780.0,2,0.42,0,0,Store,Tier 2,1
C07920,44,86.0,9,507.0,4110.0,5,0.34,0,1,Online,Tier 1,1
C07921,49,25.0,17,754.0,10921.0,2,0.3,0,0,Both,Tier 1,0
C07922,26,133.0,7,723.0,5545.0,4,0.47,2,1,Store,Tier 1,0
C07923,40,83.0,16,1116.0,17552.0,2,0.44,0,0,Both,Tier 1,0
C07924,43,138.0,13,1180.0,18314.0,2,0.48,0,0,Online,Tier 2,0
C07925,28,24.0,13,1135.0,12090.0,5,0.48,0,0,Store,Tier 2,0
C07926,10,13.0,21,1002.0,24882.0,3,0.7,0,0,Both,Tier 2,0
C07927,42,20.0,12,825.0,10456.0,5,0.48,0,1,Store,Tier 2,0
C07928,27,17.0,8,899.0,6359.0,1,0.47,0,1,Online,Tier 1,0
C07929,24,72.0,5,675.0,2735.0,2,0.61,0,0,Both,Tier 1,1
C07930,45,109.0,7,1538.0,12885.0,5,0.56,0,1,Store,Tier 1,1
C07931,18,14.0,11,1110.0,10692.0,3,0.66,0,1,Store,Tier 1,0
C07932,54,24.0,9,,2477.0,4,0.89,1,1,Store,Tier 1,0
C07933,52,99.0,4,758.0,2493.0,6,0.8,1,1,Online,Tier 1,0
C07934,15,23.0,7,577.0,3762.0,3,0.29,0,1,Both,Tier 1,0
C07935,51,111.0,11,539.0,6219.0,7,0.4,0,1,Store,Tier 1,0
C07936,48,93.0,5,704.0,3796.0,1,0.5,0,0,Both,Tier 1,0
C07937,7,51.0,12,446.0,4610.0,7,0.37,0,0,Store,Tier 3,0
C07938,1,52.0,9,1172.0,8595.0,3,0.44,0,0,Store,Tier 3,0
C07939,7,52.0,14,1125.0,17387.0,2,0.92,0,1,Store,Tier 3,0
C07940,18,28.0,14,656.0,10325.0,3,0.3,0,0,Store,Tier 1,1
C07941,52,73.0,9,1190.0,9341.0,5,0.58,0,0,Both,Tier 2,0
C07942,21,90.0,13,950.0,12079.0,3,0.21,1,0,Both,Tier 2,1
C07943,11,64.0,10,1458.0,13564.0,4,0.44,0,1,Online,Tier 2,1
C07944,9,18.0,8,1576.0,10401.0,7,0.43,0,0,Both,Tier 2,0
C07945,54,72.0,8,445.0,3630.0,4,0.35,1,1,Both,,1
C07946,31,170.0,5,1156.0,6433.0,3,0.18,0,0,Store,Tier 2,1
C07947,50,43.0,11,920.0,10079.0,4,0.61,0,1,Both,Tier 1,0
C07948,55,165.0,14,667.0,10800.0,4,0.13,0,1,Store,Tier 1,0
C07949,7,35.0,12,733.0,8216.0,5,0.27,0,0,Both,Tier 1,0
C07950,10,32.0,13,1121.0,16271.0,5,0.82,0,0,Online,Tier 3,0
C07951,49,40.0,19,1452.0,27111.0,6,0.34,0,1,Store,Tier 1,0
C07952,51,81.0,12,520.0,6916.0,5,0.72,0,1,Both,Tier 1,0
C07953,30,26.0,5,1488.0,6483.0,5,0.2,0,1,Store,Tier 1,0
C07954,24,71.0,15,956.0,15983.0,3,0.55,0,1,Both,Tier 1,1
C07955,18,47.0,14,822.0,11006.0,3,0.39,0,1,Both,,0
C07956,28,62.0,15,640.0,9837.0,6,0.31,0,1,Store,Tier 2,0
C07957,49,118.0,12,1631.0,20602.0,4,0.82,0,1,Both,Tier 1,1
C07958,60,83.0,8,746.0,6058.0,6,0.15,0,0,Store,Tier 1,1
C07959,42,54.0,10,972.0,8412.0,4,0.21,0,1,Store,Tier 2,0
C07960,53,3.0,21,1451.0,28452.0,5,0.64,0,0,Online,Tier 2,0
C07961,34,132.0,9,870.0,8876.0,6,0.13,1,1,Store,Tier 1,0
C07962,16,92.0,11,957.0,11222.0,5,0.7,1,0,Online,Tier 2,0
C07963,9,5.0,16,708.0,10018.0,5,0.76,1,0,Both,Tier 2,0
C07964,43,64.0,11,1200.0,13213.0,5,0.74,0,1,Store,Tier 3,0
C07965,24,182.0,4,620.0,2754.0,7,0.4,0,0,Store,Tier 2,0
C07966,26,57.0,10,454.0,4296.0,2,0.62,0,1,Online,Tier 1,0
C07967,33,39.0,7,1443.0,10525.0,3,0.46,0,0,Store,Tier 1,1
C07968,56,1.0,11,659.0,6306.0,5,0.83,0,0,Both,Tier 1,0
C07969,24,43.0,21,588.0,12986.0,3,0.09,0,0,Online,Tier 1,0
C07970,39,127.0,12,832.0,8992.0,4,0.39,0,0,Store,Tier 1,0
C07971,48,169.0,9,1514.0,13134.0,1,0.54,1,1,Both,Tier 1,0
C07972,3,104.0,9,953.0,10002.0,4,0.36,0,0,Online,Tier 1,1
C07973,37,29.0,12,879.0,9081.0,8,0.22,0,1,Online,Tier 3,0
C07974,16,4.0,16,470.0,8083.0,1,0.39,1,1,Store,Tier 2,0
C07975,24,65.0,11,1211.0,12952.0,4,0.13,0,1,Store,Tier 2,0
C07976,26,44.0,13,724.0,9795.0,4,0.52,1,0,Online,Tier 1,0
C07977,55,8.0,15,1853.0,23473.0,2,0.49,1,1,Store,Tier 2,0
C07978,18,13.0,17,530.0,8792.0,5,0.23,0,0,Store,Tier 2,0
C07979,38,4.0,8,868.0,5676.0,4,0.14,0,0,Store,Tier 1,0
C07980,16,72.0,10,516.0,4292.0,5,0.36,0,0,Store,Tier 2,1
C07981,39,68.0,5,724.0,4029.0,3,0.2,1,1,Both,Tier 2,0
C07982,56,42.0,11,1160.0,12979.0,3,0.07,0,1,Store,Tier 1,0
C07983,13,57.0,19,929.0,19915.0,5,0.49,0,0,Both,Tier 3,0
C07984,31,94.0,7,978.0,6663.0,6,0.17,0,1,Store,Tier 2,0
C07985,6,85.0,16,1166.0,19151.0,3,0.54,1,1,Store,Tier 3,1
C07986,19,134.0,7,747.0,5107.0,4,0.28,0,0,Both,Tier 1,1
C07987,36,14.0,14,1183.0,16262.0,3,0.63,1,1,Store,Tier 2,0
C07988,23,122.0,9,677.0,5449.0,6,0.74,0,0,Online,Tier 3,1
C07989,33,73.0,11,368.0,3888.0,6,0.63,0,0,Online,Tier 3,0
C07990,60,121.0,6,1205.0,6000.0,6,0.55,1,0,Online,Tier 1,0
C07991,11,66.0,10,844.0,10100.0,6,0.55,1,0,Store,Tier 2,0
C07992,4,203.0,7,1154.0,7002.0,4,0.24,2,0,Online,Tier 2,1
C07993,17,10.0,16,655.0,9901.0,3,0.55,0,0,Both,Tier 1,1
C07994,16,39.0,18,1417.0,20867.0,4,0.45,0,0,Store,Tier 2,0
C07995,1,33.0,12,877.0,12480.0,6,0.16,0,0,Both,Tier 2,0
C07996,38,50.0,9,1324.0,13643.0,3,0.25,1,1,Store,Tier 3,0
C07997,28,58.0,8,1861.0,15422.0,3,0.14,0,1,Store,Tier 2,0
C07998,43,118.0,12,529.0,7130.0,4,0.35,0,1,Store,Tier 2,0
C07999,45,70.0,12,1084.0,13896.0,3,0.17,0,0,Store,Tier 3,0
C08000,40,75.0,13,579.0,7593.0,4,0.49,1,0,Both,Tier 1,0
C08001,14,14.0,14,812.0,10608.0,5,0.13,0,0,Both,Tier 2,0
C08002,58,16.0,7,1321.0,7559.0,6,0.23,0,1,Store,Tier 1,0
C08003,17,15.0,14,881.0,10582.0,3,0.62,0,0,Online,Tier 1,0
C08004,48,17.0,18,921.0,18916.0,4,0.65,0,0,Online,Tier 2,0
C08005,52,41.0,6,476.0,3104.0,4,0.34,0,1,Both,Tier 2,0
C08006,6,118.0,8,594.0,3971.0,4,0.53,0,0,Store,Tier 1,1
C08007,32,40.0,14,664.0,8804.0,5,0.18,0,1,Store,Tier 1,0
C08008,27,12.0,10,805.0,8309.0,3,0.32,0,0,Both,Tier 1,1
C08009,6,59.0,11,737.0,7458.0,2,0.03,0,1,Online,Tier 1,0
C08010,41,2.0,15,1082.0,16735.0,5,0.41,0,0,Store,Tier 2,0
C08011,36,38.0,16,,14328.0,2,0.5,0,1,Store,Tier 1,0
C08012,12,97.0,8,696.0,5091.0,1,0.02,0,0,Store,Tier 1,0
C08013,31,118.0,8,743.0,6782.0,5,0.42,1,0,Store,Tier 3,1
C08014,17,53.0,7,905.0,5552.0,8,0.11,0,0,Both,Tier 1,0
C08015,28,44.0,11,526.0,6157.0,4,0.64,0,1,Both,Tier 1,0
C08016,3,37.0,7,379.0,2443.0,4,0.33,0,1,Online,Tier 2,0
C08017,34,75.0,13,222.0,2400.0,5,0.76,0,0,Store,Tier 1,0
C08018,30,63.0,15,766.0,13171.0,3,0.5,0,1,Store,Tier 1,0
C08019,51,126.0,9,1248.0,9494.0,5,0.12,0,1,Both,Tier 1,1
C08020,56,89.0,7,950.0,7436.0,3,0.16,0,1,Store,Tier 1,1
C08021,36,8.0,12,1189.0,14531.0,6,0.51,0,1,Online,Tier 1,0
C08022,41,108.0,8,490.0,4513.0,5,0.22,0,1,Store,Tier 3,0
C08023,45,106.0,17,1514.0,29079.0,8,0.49,1,1,Store,Tier 2,0
C08024,18,35.0,11,1199.0,12549.0,3,0.7,1,1,Online,Tier 1,0
C08025,56,16.0,12,747.0,10609.0,6,0.23,1,1,Both,Tier 2,0
C08026,18,36.0,17,1318.0,25546.0,4,0.42,0,1,Store,Tier 1,0
C08027,35,176.0,10,902.0,10718.0,5,0.35,0,0,Store,Tier 1,1
C08028,26,53.0,9,1229.0,11488.0,2,0.11,0,1,Store,Tier 2,0
C08029,36,11.0,15,1142.0,13866.0,6,0.19,0,1,Online,Tier 2,0
C08030,51,45.0,19,460.0,7501.0,4,0.35,0,0,Both,Tier 1,0
C08031,21,34.0,20,1119.0,26709.0,6,0.5,1,0,Both,Tier 2,0
C08032,53,26.0,25,596.0,17682.0,2,0.38,0,0,Store,Tier 2,0
C08033,9,35.0,11,883.0,10963.0,4,0.16,0,0,Store,Tier 2,0
C08034,34,119.0,10,928.0,9274.0,2,0.36,0,1,Both,Tier 2,0
C08035,11,32.0,16,1449.0,21865.0,4,0.52,1,1,Store,Tier 1,0
C08036,28,11.0,9,1005.0,10519.0,4,0.44,1,1,Store,Tier 2,0
C08037,54,144.0,9,902.0,7080.0,2,0.4,0,1,Both,Tier 2,0
C08038,43,11.0,12,1181.0,13091.0,5,0.13,0,1,Store,Tier 1,0
C08039,31,135.0,5,1140.0,6509.0,8,0.71,0,0,Store,Tier 2,0
C08040,35,50.0,8,472.0,4476.0,5,0.36,0,0,Store,Tier 1,0
C08041,58,38.0,18,345.0,6998.0,5,0.38,0,1,Both,Tier 1,0
C08042,14,28.0,13,1479.0,16733.0,3,0.67,1,0,Online,Tier 3,1
C08043,18,9.0,13,1107.0,16126.0,2,0.52,0,0,Store,Tier 2,0
C08044,12,66.0,9,383.0,3064.0,3,0.34,0,0,Both,Tier 3,0
C08045,29,19.0,8,1122.0,7730.0,5,0.12,1,0,Both,,0
C08046,32,72.0,14,434.0,6302.0,5,0.37,2,1,Store,Tier 1,0
C08047,59,4.0,11,571.0,5771.0,5,0.34,0,1,Online,Tier 2,0
C08048,55,25.0,13,772.0,10501.0,7,0.66,0,0,Online,Tier 1,1
C08049,7,46.0,16,945.0,16270.0,3,0.29,1,1,Both,Tier 2,0
C08050,30,85.0,6,164.0,1135.0,5,0.37,1,0,Store,Tier 1,0
C08051,50,99.0,8,827.0,7007.0,4,0.04,0,1,Store,Tier 1,0
C08052,36,21.0,11,958.0,10544.0,4,0.36,0,1,Store,Tier 1,0
C08053,23,85.0,13,637.0,6793.0,3,0.57,1,0,Store,Tier 3,0
C08054,14,27.0,13,1446.0,18828.0,5,0.28,1,1,Store,Tier 1,0
C08055,6,76.0,6,851.0,5074.0,5,0.64,0,0,Store,Tier 1,0
C08056,13,18.0,11,1139.0,12633.0,1,0.1,0,0,Both,Tier 3,0
C08057,30,28.0,9,992.0,9504.0,3,0.55,0,1,Online,Tier 3,0
C08058,13,88.0,14,848.0,13241.0,1,0.24,1,0,Store,Tier 2,0
C08059,38,55.0,10,1160.0,11412.0,2,0.51,0,0,Both,Tier 1,0
C08060,55,12.0,13,1062.0,12119.0,6,0.06,0,0,Store,Tier 1,0
C08061,29,16.0,14,925.0,14159.0,2,0.61,0,0,Store,Tier 3,0
C08062,52,24.0,16,,17786.0,5,0.39,1,0,Store,Tier 1,0
C08063,21,3.0,20,634.0,12688.0,6,0.27,0,1,Store,Tier 1,0
C08064,20,143.0,7,356.0,2230.0,3,0.56,0,1,Both,Tier 2,0
C08065,12,6.0,13,552.0,7009.0,6,0.41,0,0,Both,Tier 1,1
C08066,48,23.0,16,1165.0,21976.0,4,0.12,0,0,Store,Tier 3,0
C08067,19,35.0,12,1040.0,13700.0,2,0.75,1,1,Online,Tier 3,0
C08068,8,12.0,20,497.0,8399.0,5,0.64,0,0,Online,Tier 3,0
C08069,6,89.0,12,487.0,5261.0,6,0.42,0,0,Both,Tier 1,0
C08070,22,33.0,21,816.0,18846.0,3,0.26,1,0,Online,Tier 2,1
C08071,9,98.0,16,718.0,13036.0,8,0.31,1,0,Online,Tier 2,0
C08072,33,114.0,7,799.0,4749.0,6,0.45,0,1,Both,Tier 2,0
C08073,7,13.0,15,965.0,16416.0,5,0.43,1,0,Store,Tier 2,0
C08074,7,81.0,15,563.0,8861.0,3,0.75,0,0,Store,Tier 3,1
C08075,5,91.0,12,749.0,10539.0,6,0.23,1,1,Store,Tier 1,0
C08076,35,37.0,13,1320.0,14617.0,8,0.34,1,1,Store,Tier 1,0
C08077,20,142.0,11,648.0,6208.0,5,0.19,0,1,Both,Tier 3,0
C08078,29,131.0,7,916.0,7608.0,3,0.55,0,1,Online,Tier 1,0
C08079,2,23.0,15,475.0,7124.0,4,0.2,0,0,Store,Tier 3,0
C08080,59,90.0,10,790.0,8902.0,4,0.03,1,0,Store,Tier 2,0
C08081,34,27.0,17,1173.0,19320.0,5,0.44,0,1,Store,Tier 1,1
C08082,60,20.0,13,991.0,12405.0,2,0.07,1,1,Both,Tier 3,0
C08083,40,8.0,10,745.0,8646.0,3,0.06,0,1,Online,Tier 2,0
C08084,3,31.0,18,588.0,8966.0,4,0.19,1,1,Both,Tier 3,0
C08085,33,15.0,12,697.0,7523.0,1,0.16,1,1,Store,Tier 2,0
C08086,51,60.0,16,1095.0,16784.0,1,0.82,1,0,Store,Tier 1,1
C08087,34,38.0,10,317.0,2828.0,4,0.29,0,0,Store,Tier 2,0
C08088,23,23.0,24,766.0,21913.0,6,0.13,0,0,Online,Tier 1,1
C08089,51,12.0,12,916.0,9952.0,2,0.77,1,0,Store,Tier 3,0
C08090,12,17.0,13,1185.0,15982.0,4,0.25,0,0,Store,Tier 1,0
C08091,37,15.0,19,1578.0,24795.0,6,0.28,1,1,Online,Tier 2,0
C08092,38,236.0,6,734.0,4058.0,2,0.38,0,1,Online,Tier 2,1
C08093,9,55.0,16,433.0,7146.0,4,0.46,0,0,Both,Tier 2,0
C08094,52,48.0,20,1199.0,22114.0,3,0.43,0,0,Both,Tier 2,0
C08095,53,65.0,12,1075.0,11830.0,4,0.23,1,1,Both,Tier 2,0
C08096,11,43.0,18,1146.0,19131.0,4,0.27,0,1,Online,Tier 2,0
C08097,32,130.0,4,861.0,3284.0,1,0.06,1,0,Both,Tier 2,1
C08098,24,38.0,19,821.0,13292.0,4,0.37,0,1,Store,Tier 1,0
C08099,51,14.0,18,943.0,19200.0,3,0.34,0,1,Both,Tier 1,0
C08100,44,8.0,11,955.0,12158.0,2,0.41,0,0,Both,Tier 1,0
C08101,13,75.0,7,886.0,6769.0,3,0.52,0,1,Both,Tier 1,0
C08102,7,41.0,16,957.0,13936.0,3,0.28,3,0,Online,Tier 1,1
C08103,25,59.0,10,1317.0,10659.0,6,0.05,0,1,Online,Tier 3,0
C08104,19,59.0,11,1107.0,13676.0,5,0.28,0,0,Both,Tier 2,0
C08105,58,82.0,13,1278.0,13930.0,2,0.42,0,1,Both,Tier 2,0
C08106,36,52.0,9,1107.0,9202.0,3,0.48,0,0,Store,Tier 2,1
C08107,17,54.0,16,924.0,14352.0,2,0.6,0,0,Online,Tier 2,0
C08108,55,95.0,12,1334.0,19110.0,3,0.41,0,0,Both,Tier 2,0
C08109,32,110.0,11,455.0,4251.0,3,0.7,1,0,Both,Tier 2,1
C08110,60,64.0,7,1514.0,9486.0,2,0.3,1,1,Store,Tier 2,0
C08111,37,21.0,13,1098.0,12392.0,4,0.45,0,0,Online,Tier 3,0
C08112,36,64.0,8,518.0,3883.0,7,0.32,0,1,Online,Tier 2,0
C08113,22,16.0,8,215.0,1680.0,2,0.33,0,1,Online,Tier 1,0
C08114,45,12.0,19,895.0,13628.0,4,0.87,0,1,Store,Tier 2,0
C08115,40,43.0,9,830.0,8636.0,3,0.44,0,1,Store,Tier 2,0
C08116,3,32.0,12,902.0,9830.0,4,0.34,0,0,Online,Tier 2,0
C08117,60,66.0,12,498.0,6739.0,6,0.46,0,1,Store,Tier 3,0
C08118,53,31.0,11,843.0,10327.0,2,0.49,0,1,Both,Tier 2,1
C08119,60,57.0,15,951.0,14069.0,7,0.17,1,1,Store,Tier 2,0
C08120,22,26.0,12,957.0,10226.0,4,0.34,1,1,Online,Tier 3,0
C08121,2,3.0,13,1053.0,15647.0,2,0.14,0,0,Store,Tier 1,0
C08122,49,67.0,12,1054.0,12210.0,6,0.35,0,0,Both,Tier 3,0
C08123,33,24.0,11,990.0,12886.0,3,0.33,1,1,Store,Tier 3,0
C08124,43,72.0,6,500.0,2477.0,4,0.32,0,1,Store,Tier 2,0
C08125,19,166.0,14,686.0,10438.0,1,0.41,1,1,Both,Tier 1,1
C08126,7,60.0,5,816.0,3458.0,2,0.66,1,0,Store,Tier 1,0
C08127,34,99.0,9,797.0,7572.0,3,0.3,0,0,Both,Tier 2,0
C08128,4,47.0,10,636.0,6031.0,2,0.3,1,1,Store,Tier 2,0
C08129,13,47.0,14,880.0,14039.0,4,0.38,0,0,Both,Tier 3,0
C08130,50,26.0,7,1018.0,6227.0,3,0.36,0,1,Store,Tier 2,1
C08131,30,63.0,5,1358.0,5875.0,1,0.25,0,0,Both,Tier 2,1
C08132,45,152.0,13,720.0,8888.0,4,0.5,0,0,Online,Tier 2,0
C08133,20,55.0,14,967.0,11425.0,6,0.75,0,0,Both,Tier 2,0
C08134,35,45.0,8,770.0,6285.0,3,0.41,1,0,Store,Tier 3,0
C08135,43,28.0,13,1268.0,15583.0,6,0.11,1,1,Both,Tier 3,0
C08136,33,83.0,9,1079.0,10744.0,6,0.43,0,1,Store,Tier 2,0
C08137,25,82.0,12,505.0,5968.0,4,0.62,0,0,Store,Tier 2,0
C08138,8,34.0,14,978.0,11051.0,5,0.17,3,1,Both,Tier 3,0
C08139,56,33.0,14,1493.0,17124.0,3,0.32,0,1,Both,Tier 1,0
C08140,17,41.0,14,904.0,14428.0,3,0.41,0,0,Online,Tier 2,0
C08141,32,35.0,14,1551.0,25752.0,5,0.06,1,1,Both,Tier 3,0
C08142,3,33.0,12,602.0,8254.0,2,0.3,0,0,Both,Tier 2,0
C08143,38,64.0,13,1470.0,19845.0,5,0.35,2,1,Online,Tier 2,1
C08144,45,65.0,6,1084.0,7329.0,2,0.4,0,1,Online,Tier 1,0
C08145,28,24.0,13,1052.0,13458.0,3,0.4,0,0,Store,Tier 1,0
C08146,45,8.0,10,1017.0,10703.0,2,0.63,1,0,Store,Tier 3,1
C08147,12,1.0,14,609.0,7039.0,8,0.41,0,0,Store,Tier 3,0
C08148,41,75.0,12,955.0,11616.0,3,0.28,0,1,Store,Tier 2,0
C08149,24,38.0,10,492.0,5551.0,4,0.05,0,0,Online,Tier 1,0
C08150,24,18.0,10,899.0,9724.0,8,0.5,0,1,Online,Tier 2,0
C08151,3,38.0,10,869.0,7638.0,1,0.35,3,0,Both,Tier 2,1
C08152,35,139.0,10,610.0,7246.0,4,0.06,3,1,Store,Tier 2,0
C08153,45,178.0,6,1177.0,7102.0,5,0.46,0,1,Both,Tier 2,0
C08154,38,30.0,16,883.0,14658.0,5,0.19,0,1,Store,Tier 1,0
C08155,1,67.0,16,817.0,14680.0,3,0.77,0,0,Store,Tier 1,0
C08156,28,90.0,8,,9115.0,3,0.2,0,0,Both,Tier 2,0
C08157,20,36.0,12,953.0,13443.0,5,0.38,0,1,Store,Tier 1,0
C08158,39,18.0,12,1147.0,11912.0,3,0.14,0,1,Store,Tier 1,0
C08159,6,69.0,12,691.0,7015.0,7,0.37,2,0,Store,Tier 2,0
C08160,7,94.0,16,859.0,12899.0,2,0.27,0,0,Both,Tier 2,0
C08161,25,85.0,8,918.0,6177.0,6,0.1,0,0,Store,Tier 2,0
C08162,58,7.0,9,1256.0,10923.0,4,0.35,2,1,Both,Tier 1,1
C08163,28,29.0,17,468.0,7473.0,3,0.59,0,0,Store,Tier 3,0
C08164,8,21.0,13,528.0,6871.0,4,0.37,0,0,Both,Tier 2,0
C08165,14,85.0,14,1157.0,15430.0,4,0.07,0,0,Store,Tier 3,0
C08166,30,40.0,16,773.0,10327.0,2,0.28,0,1,Store,Tier 1,0
C08167,50,39.0,12,890.0,9370.0,1,0.21,1,1,Both,Tier 3,1
C08168,28,47.0,12,819.0,11521.0,6,0.44,1,1,Online,Tier 2,0
C08169,38,86.0,10,868.0,9675.0,4,0.07,0,0,Store,Tier 1,1
C08170,20,9.0,13,786.0,8395.0,3,0.32,2,0,Store,Tier 1,0
C08171,21,21.0,17,980.0,13525.0,7,0.62,0,0,Store,Tier 1,0
C08172,43,86.0,13,944.0,10257.0,4,0.65,0,1,Online,,1
C08173,58,36.0,12,1277.0,18073.0,2,0.58,0,1,Both,Tier 1,1
C08174,48,9.0,18,467.0,9463.0,2,0.47,3,1,Online,Tier 2,0
C08175,48,13.0,18,1063.0,19625.0,5,0.31,0,1,Both,Tier 3,0
C08176,27,84.0,8,691.0,4450.0,2,0.36,0,1,Online,Tier 2,0
C08177,59,56.0,11,793.0,8747.0,3,0.22,0,1,Online,Tier 2,0
C08178,22,4.0,13,977.0,12919.0,3,0.6,0,1,Online,Tier 1,0
C08179,53,33.0,12,463.0,5132.0,5,0.14,0,0,Store,Tier 3,0
C08180,1,41.0,10,1468.0,13790.0,3,0.44,0,1,Store,Tier 2,0
C08181,30,11.0,13,1013.0,15494.0,5,0.12,2,1,Both,Tier 2,0
C08182,18,160.0,9,746.0,5663.0,1,0.12,0,0,Store,Tier 1,1
C08183,52,34.0,12,1171.0,15024.0,3,0.8,0,0,Both,Tier 3,0
C08184,21,33.0,9,1271.0,12284.0,4,0.28,1,1,Store,Tier 1,0
C08185,8,5.0,16,856.0,11965.0,6,0.19,1,0,Store,Tier 2,0
C08186,1,29.0,15,852.0,12253.0,5,0.51,0,1,Store,Tier 1,0
C08187,59,43.0,18,553.0,8076.0,2,0.7,1,1,Store,Tier 1,0
C08188,29,238.0,6,1078.0,7203.0,5,0.42,0,1,Store,Tier 2,1
C08189,6,67.0,12,1273.0,15480.0,3,0.84,0,0,Store,Tier 2,1
C08190,34,36.0,16,784.0,11001.0,7,0.29,0,0,Both,Tier 1,0
C08191,24,6.0,12,913.0,11287.0,3,0.38,0,1,Both,Tier 3,0
C08192,46,7.0,16,782.0,10787.0,5,0.37,0,1,Store,Tier 1,0
C08193,27,17.0,12,364.0,3805.0,4,0.31,0,1,Store,Tier 1,0
C08194,48,209.0,4,767.0,2670.0,4,0.55,0,0,Store,Tier 2,1
C08195,35,17.0,12,1252.0,12823.0,2,0.36,0,1,Both,Tier 1,0
C08196,14,48.0,13,1266.0,19628.0,7,0.22,1,0,Store,Tier 3,0
C08197,13,13.0,19,1069.0,19908.0,4,0.2,0,0,Store,Tier 3,0
C08198,33,62.0,14,996.0,13733.0,5,0.76,1,0,Store,Tier 3,0
C08199,27,154.0,7,886.0,6442.0,3,0.61,1,0,Store,Tier 3,1
C08200,7,34.0,13,1240.0,18713.0,2,0.52,0,0,Both,Tier 1,1
C08201,59,47.0,10,1169.0,10742.0,7,0.91,0,0,Both,Tier 1,0
C08202,5,15.0,14,932.0,13619.0,7,0.42,1,0,Online,Tier 3,0
C08203,6,71.0,9,,6829.0,3,0.38,0,0,Both,Tier 3,1
C08204,19,39.0,12,325.0,4565.0,5,0.45,0,1,Online,Tier 2,0
C08205,55,17.0,12,1037.0,12838.0,3,0.42,0,1,Online,Tier 2,0
C08206,38,132.0,10,932.0,8528.0,5,0.62,0,1,Store,Tier 2,0
C08207,4,23.0,10,976.0,8587.0,5,0.37,1,1,Store,Tier 2,0
C08208,22,31.0,21,964.0,19610.0,2,0.31,1,0,Online,Tier 2,0
C08209,58,15.0,17,791.0,11575.0,4,0.42,0,1,Store,Tier 2,0
C08210,21,39.0,12,449.0,6300.0,5,0.63,0,0,Both,Tier 2,0
C08211,40,47.0,7,723.0,5759.0,4,0.65,0,0,Store,Tier 2,0
C08212,15,56.0,9,952.0,7629.0,5,0.5,0,0,Both,Tier 1,1
C08213,48,112.0,8,1038.0,7788.0,4,0.6,0,1,Store,Tier 3,0
C08214,20,11.0,12,950.0,11697.0,5,0.31,0,0,Both,Tier 2,0
C08215,55,81.0,17,1051.0,21191.0,4,0.31,0,1,Both,Tier 1,0
C08216,14,26.0,11,891.0,8446.0,6,0.28,0,0,Store,Tier 1,0
C08217,57,25.0,5,986.0,3951.0,5,0.44,0,0,Store,Tier 2,0
C08218,3,8.0,12,555.0,6790.0,4,0.19,0,0,Online,Tier 2,0
C08219,2,40.0,10,1140.0,12513.0,3,0.39,0,1,Online,Tier 2,1
C08220,16,86.0,7,380.0,2407.0,3,0.68,1,0,Online,Tier 1,1
C08221,28,54.0,12,878.0,8622.0,6,0.06,1,1,Online,Tier 2,0
C08222,58,25.0,19,582.0,12902.0,4,0.48,1,1,Both,Tier 3,0
C08223,37,59.0,9,1535.0,12724.0,3,0.18,2,1,Store,Tier 3,1
C08224,25,30.0,13,998.0,10812.0,3,0.34,0,0,Online,Tier 2,0
C08225,13,32.0,14,907.0,10931.0,5,0.64,0,1,Store,Tier 2,1
C08226,11,79.0,10,528.0,5917.0,4,0.06,0,0,Both,Tier 2,0
C08227,20,83.0,11,1486.0,14125.0,6,0.69,0,0,Online,Tier 2,0
C08228,37,82.0,12,150.0,1685.0,4,0.29,0,0,Store,Tier 1,0
C08229,4,171.0,6,1023.0,6102.0,5,0.07,0,0,Both,Tier 1,0
C08230,34,31.0,10,745.0,7067.0,4,0.26,1,0,Store,Tier 3,0
C08231,2,33.0,8,822.0,6183.0,4,0.37,0,0,Store,Tier 3,0
C08232,4,23.0,17,442.0,7415.0,5,0.78,0,0,Online,Tier 3,1
C08233,8,52.0,12,1162.0,15497.0,7,0.3,1,0,Store,Tier 2,0
C08234,35,22.0,14,1255.0,21049.0,4,0.54,0,0,Store,Tier 2,0
C08235,56,16.0,16,1075.0,15573.0,5,0.45,0,1,Both,Tier 3,0
C08236,3,27.0,14,757.0,11987.0,7,0.66,0,1,Both,Tier 1,0
C08237,56,26.0,17,843.0,13313.0,8,0.5,0,1,Store,Tier 1,1
C08238,11,97.0,10,171.0,1547.0,4,0.23,1,0,Both,Tier 1,0
C08239,50,114.0,9,1350.0,11064.0,3,0.39,1,1,Store,Tier 2,0
C08240,44,99.0,7,1145.0,9202.0,2,0.07,1,1,Store,Tier 2,1
C08241,58,10.0,12,1171.0,12356.0,4,0.38,0,1,Store,Tier 1,0
C08242,60,107.0,9,1230.0,11140.0,6,0.28,0,0,Online,Tier 1,0
C08243,11,11.0,12,597.0,7470.0,4,0.66,1,0,Both,Tier 2,0
C08244,9,50.0,9,1301.0,13036.0,4,0.53,0,1,Store,Tier 1,0
C08245,57,59.0,7,510.0,3367.0,3,0.21,0,1,Online,Tier 1,0
C08246,60,39.0,11,150.0,1332.0,3,0.24,1,1,Both,Tier 1,0
C08247,60,86.0,11,488.0,5577.0,2,0.74,0,1,Store,Tier 2,1
C08248,28,82.0,7,1301.0,7602.0,4,0.11,1,0,Online,Tier 3,0
C08249,51,156.0,7,821.0,5241.0,4,0.23,0,0,Both,Tier 1,1
C08250,44,15.0,16,743.0,9947.0,6,0.48,0,1,Online,Tier 1,0
C08251,58,80.0,13,1139.0,16501.0,3,0.45,0,1,Online,Tier 1,0
C08252,8,266.0,2,864.0,1781.0,5,0.43,0,1,Store,Tier 3,1
C08253,24,30.0,12,1543.0,16845.0,1,0.48,2,1,Store,Tier 3,1
C08254,50,115.0,16,727.0,9471.0,3,0.04,0,1,Store,Tier 2,1
C08255,44,23.0,13,748.0,10543.0,4,0.36,1,0,Both,Tier 2,0
C08256,60,77.0,12,976.0,11429.0,3,0.44,1,1,Store,Tier 1,0
C08257,54,33.0,12,966.0,10128.0,7,0.32,0,1,Store,Tier 3,0
C08258,46,50.0,15,797.0,14042.0,3,0.07,0,1,Store,Tier 1,1
C08259,50,71.0,11,1765.0,22467.0,3,0.49,1,1,Online,Tier 1,1
C08260,29,48.0,12,886.0,9124.0,4,0.4,0,0,Both,Tier 2,0
C08261,27,126.0,6,625.0,3221.0,6,0.72,0,1,Both,Tier 2,0
C08262,41,88.0,14,930.0,15400.0,3,0.34,1,1,Store,Tier 2,0
C08263,29,4.0,14,326.0,5096.0,2,0.14,2,1,Store,Tier 1,0
C08264,9,113.0,7,639.0,5312.0,2,0.23,0,0,Store,Tier 2,1
C08265,23,14.0,8,862.0,7972.0,5,0.25,0,0,Both,Tier 3,0
C08266,36,63.0,11,918.0,9701.0,2,0.5,1,1,Store,Tier 2,1
C08267,10,37.0,12,286.0,4045.0,8,0.36,0,0,Online,Tier 2,1
C08268,16,162.0,7,670.0,4093.0,3,0.43,0,0,Store,Tier 2,0
C08269,35,55.0,18,819.0,15309.0,2,0.62,0,1,Online,Tier 3,0
C08270,20,26.0,16,1089.0,17027.0,4,0.68,0,0,Online,Tier 3,0
C08271,16,108.0,6,1076.0,6265.0,2,0.72,0,0,Both,Tier 1,1
C08272,9,211.0,7,775.0,4651.0,3,0.27,1,0,Online,Tier 1,1
C08273,45,67.0,15,1131.0,18587.0,1,0.37,1,1,Store,Tier 1,0
C08274,41,38.0,10,1154.0,9722.0,4,0.54,0,1,Store,Tier 2,0
C08275,58,56.0,7,898.0,6545.0,6,0.35,0,1,Store,Tier 2,0
C08276,4,67.0,13,863.0,11291.0,4,0.46,0,0,Online,Tier 2,0
C08277,55,72.0,9,803.0,7471.0,3,0.38,0,0,Store,Tier 2,0
C08278,59,29.0,14,395.0,5972.0,4,0.21,1,0,Online,Tier 2,0
C08279,59,56.0,8,818.0,7558.0,4,0.5,2,0,Store,Tier 1,0
C08280,49,22.0,8,1067.0,9010.0,6,0.33,0,0,Store,Tier 3,0
C08281,38,12.0,10,1392.0,15413.0,2,0.37,0,1,Store,Tier 2,0
C08282,31,30.0,6,862.0,6191.0,4,0.24,1,1,Store,Tier 1,0
C08283,11,80.0,12,1033.0,14621.0,6,0.33,0,0,Online,Tier 2,1
C08284,28,73.0,14,1260.0,16466.0,4,0.64,0,0,Store,Tier 3,1
C08285,8,51.0,8,840.0,7878.0,8,0.61,0,0,Store,Tier 1,0
C08286,40,65.0,15,612.0,8150.0,3,0.01,1,0,Store,Tier 1,0
C08287,22,46.0,14,735.0,9942.0,2,0.75,1,1,Store,Tier 1,1
C08288,34,56.0,8,915.0,7981.0,3,0.36,0,1,Online,Tier 1,0
C08289,18,20.0,12,752.0,7673.0,5,0.29,1,0,Store,Tier 2,0
C08290,11,101.0,8,507.0,4649.0,2,0.32,2,0,Both,Tier 3,1
C08291,2,47.0,14,1071.0,14580.0,2,0.18,1,0,Store,Tier 3,0
C08292,29,71.0,14,1111.0,12740.0,4,0.08,0,0,Store,Tier 1,0
C08293,39,88.0,10,811.0,6728.0,4,0.35,1,1,Store,Tier 1,0
C08294,11,13.0,13,1100.0,15260.0,3,0.08,0,0,Both,Tier 2,0
C08295,60,158.0,12,1292.0,16044.0,5,0.38,0,1,Store,Tier 3,0
C08296,47,44.0,11,702.0,7529.0,3,0.45,1,1,Store,Tier 1,0
C08297,45,35.0,12,860.0,8460.0,3,0.87,2,1,Store,Tier 3,0
C08298,44,69.0,8,1054.0,9064.0,2,0.5,0,0,Both,Tier 3,0
C08299,58,58.0,17,1347.0,24793.0,4,0.35,0,1,Store,Tier 2,0
C08300,43,104.0,9,944.0,9903.0,6,0.26,0,0,Store,Tier 2,0
C08301,51,45.0,11,983.0,12932.0,4,0.04,2,1,Store,Tier 3,0
C08302,23,73.0,9,1343.0,11995.0,3,0.37,1,1,Store,Tier 2,0
C08303,6,103.0,10,1051.0,10158.0,4,0.05,1,0,Online,Tier 1,0
C08304,53,60.0,7,1751.0,12495.0,4,0.71,0,1,Store,Tier 1,0
C08305,60,77.0,9,1291.0,12090.0,3,0.58,1,1,Online,Tier 2,0
C08306,45,80.0,9,941.0,7945.0,1,0.44,0,1,Both,Tier 2,0
C08307,14,10.0,11,794.0,9578.0,2,0.04,0,0,Store,Tier 2,0
C08308,30,2.0,13,757.0,11617.0,4,0.35,0,1,Both,Tier 2,0
C08309,33,119.0,7,1281.0,9514.0,5,0.28,0,0,Both,Tier 2,1
C08310,18,28.0,14,1235.0,19693.0,3,0.67,1,1,Store,Tier 1,1
C08311,4,189.0,8,928.0,8262.0,5,0.26,0,0,Online,Tier 2,1
C08312,12,45.0,7,813.0,6404.0,3,0.38,0,0,Store,Tier 2,0
C08313,7,51.0,12,743.0,7641.0,3,0.69,0,0,Online,Tier 1,0
C08314,53,37.0,15,1318.0,21118.0,1,0.35,0,1,Store,Tier 1,0
C08315,32,70.0,17,1063.0,17468.0,2,0.69,0,0,Online,Tier 1,0
C08316,50,32.0,12,1210.0,12481.0,4,0.19,0,0,Store,Tier 1,0
C08317,12,114.0,6,953.0,5404.0,4,0.14,0,1,Store,Tier 2,1
C08318,26,49.0,13,570.0,8890.0,8,0.47,1,1,Online,Tier 2,0
C08319,24,148.0,9,312.0,3021.0,4,0.23,0,1,Store,Tier 2,1
C08320,38,19.0,10,411.0,4307.0,1,0.63,2,0,Store,Tier 1,0
C08321,26,19.0,12,686.0,9406.0,3,0.28,0,0,Store,Tier 2,0
C08322,17,12.0,14,580.0,7395.0,3,0.57,0,1,Store,Tier 2,1
C08323,37,68.0,16,828.0,14625.0,5,0.16,1,0,Store,Tier 1,1
C08324,56,7.0,19,828.0,16595.0,3,0.23,0,1,Both,Tier 3,0
C08325,38,69.0,13,736.0,9574.0,6,0.41,1,1,Store,Tier 1,0
C08326,25,103.0,11,295.0,2744.0,1,0.37,1,1,Store,Tier 3,1
C08327,37,121.0,8,1054.0,8873.0,5,0.27,0,1,Online,Tier 1,0
C08328,28,29.0,15,828.0,13810.0,2,0.3,1,0,Online,Tier 1,1
C08329,17,122.0,9,1030.0,10565.0,3,0.75,0,0,Store,Tier 2,1
C08330,5,25.0,13,651.0,7363.0,7,0.73,0,1,Store,Tier 3,0
C08331,26,36.0,8,524.0,3775.0,2,0.14,0,0,Both,Tier 2,1
C08332,32,14.0,12,1033.0,10909.0,4,0.24,2,0,Online,Tier 1,1
C08333,25,91.0,15,275.0,4181.0,4,0.07,0,1,Online,Tier 3,0
C08334,8,19.0,7,1042.0,7443.0,7,0.01,0,0,Store,Tier 2,0
C08335,59,16.0,16,806.0,11160.0,7,0.78,0,1,Store,Tier 3,0
C08336,27,16.0,14,,10944.0,4,0.26,1,0,Online,Tier 2,0
C08337,6,49.0,9,614.0,5339.0,7,0.75,0,1,Store,Tier 1,1
C08338,50,33.0,10,,4513.0,7,0.45,1,1,Store,Tier 2,0
C08339,30,32.0,9,1007.0,10649.0,4,0.61,1,1,Store,Tier 2,0
C08340,11,121.0,10,1221.0,12399.0,7,0.63,0,0,Store,Tier 2,1
C08341,43,86.0,13,860.0,10510.0,7,0.52,0,1,Store,Tier 2,0
C08342,52,24.0,7,1454.0,11592.0,5,0.32,0,1,Both,Tier 1,0
C08343,4,98.0,7,1348.0,11029.0,3,0.38,0,0,Store,Tier 1,0
C08344,21,14.0,12,1134.0,14942.0,3,0.67,1,0,Both,Tier 3,0
C08345,49,33.0,14,544.0,6839.0,4,0.28,0,0,Both,Tier 2,0
C08346,19,17.0,15,426.0,5940.0,2,0.49,0,1,Store,Tier 2,0
C08347,32,49.0,7,781.0,4555.0,4,0.41,0,1,Store,Tier 1,0
C08348,17,37.0,15,1055.0,18156.0,2,0.79,1,0,Online,Tier 3,1
C08349,36,48.0,12,1302.0,15466.0,3,0.58,0,0,Store,Tier 1,1
C08350,40,50.0,8,1064.0,9666.0,5,0.5,1,1,Store,Tier 1,0
C08351,39,89.0,10,1290.0,14534.0,5,0.25,0,1,Store,Tier 2,0
C08352,6,82.0,16,876.0,16668.0,6,0.4,1,0,Online,Tier 3,0
C08353,9,12.0,12,916.0,11775.0,5,0.16,0,1,Store,Tier 2,0
C08354,21,211.0,7,1030.0,5921.0,6,0.44,0,1,Both,Tier 1,1
C08355,25,51.0,12,1148.0,11076.0,2,0.1,0,0,Online,Tier 2,0
C08356,52,27.0,18,865.0,12545.0,6,0.62,0,0,Both,Tier 2,1
C08357,18,33.0,15,789.0,12591.0,3,0.33,0,1,Online,Tier 1,0
C08358,33,19.0,7,1118.0,7444.0,1,0.87,0,0,Both,Tier 1,0
C08359,35,23.0,13,944.0,10585.0,5,0.25,2,0,Store,Tier 1,0
C08360,21,18.0,12,1271.0,15537.0,3,0.68,0,0,Store,Tier 3,0
C08361,31,8.0,20,1489.0,31123.0,6,0.3,0,1,Store,Tier 2,0
C08362,29,38.0,13,1127.0,12800.0,5,0.34,0,1,Online,Tier 1,0
C08363,2,240.0,4,807.0,3796.0,3,0.59,1,0,Online,Tier 2,1
C08364,12,23.0,16,1418.0,19514.0,6,0.07,0,0,Online,Tier 1,0
C08365,41,18.0,15,972.0,17487.0,3,0.27,0,1,Both,Tier 2,0
C08366,26,55.0,11,875.0,11114.0,5,0.56,1,1,Store,Tier 1,0
C08367,20,41.0,13,622.0,6521.0,5,0.4,0,0,Both,Tier 1,0
C08368,20,96.0,10,1094.0,11373.0,2,0.31,0,0,Store,Tier 2,0
C08369,43,11.0,12,792.0,11285.0,3,0.25,0,1,Store,Tier 1,0
C08370,47,59.0,9,412.0,3084.0,1,0.21,1,1,Online,Tier 2,0
C08371,55,36.0,9,1007.0,9146.0,4,0.28,1,0,Online,Tier 1,0
C08372,12,43.0,14,1021.0,12624.0,6,0.48,0,0,Store,Tier 2,0
C08373,22,132.0,7,891.0,6744.0,5,0.28,0,1,Both,Tier 1,0
C08374,39,55.0,11,1250.0,16370.0,6,0.35,1,0,Online,Tier 3,1
C08375,21,24.0,9,842.0,8257.0,3,0.47,0,0,Online,Tier 2,0
C08376,9,60.0,11,998.0,11444.0,2,0.23,0,0,Store,Tier 2,0
C08377,39,64.0,2,389.0,890.0,4,0.18,0,1,Store,Tier 2,0
C08378,50,15.0,10,592.0,6220.0,5,0.72,0,1,Online,Tier 1,0
C08379,22,70.0,13,613.0,6670.0,4,0.49,0,0,Store,Tier 2,0
C08380,6,126.0,7,928.0,7762.0,6,0.27,0,1,Online,Tier 1,0
C08381,31,42.0,14,316.0,4835.0,3,0.45,0,0,Online,Tier 1,0
C08382,36,40.0,9,1102.0,9668.0,4,0.26,0,1,Store,Tier 3,1
C08383,31,119.0,9,1163.0,10391.0,3,0.39,0,1,Online,Tier 1,0
C08384,53,63.0,10,555.0,6080.0,3,0.63,0,1,Both,Tier 2,0
C08385,16,21.0,15,882.0,11430.0,5,0.16,0,0,Store,Tier 3,1
C08386,56,85.0,7,1080.0,8549.0,2,0.38,0,0,Online,Tier 2,0
C08387,34,80.0,11,470.0,5492.0,5,0.41,1,1,Store,Tier 2,1
C08388,52,39.0,21,685.0,13317.0,4,0.37,0,1,Both,Tier 2,0
C08389,45,7.0,11,419.0,3980.0,2,0.52,1,1,Both,Tier 1,0
C08390,23,169.0,9,1212.0,10374.0,6,0.14,0,1,Store,Tier 1,1
C08391,7,25.0,8,1328.0,9045.0,3,0.72,0,0,Both,Tier 2,1
C08392,60,36.0,10,1212.0,10377.0,5,0.27,1,1,Store,Tier 1,0
C08393,8,28.0,9,1169.0,11825.0,6,0.55,0,1,Both,Tier 3,0
C08394,7,42.0,11,851.0,8038.0,6,0.7,0,0,Store,Tier 1,1
C08395,37,35.0,11,898.0,9965.0,4,0.23,0,0,Both,Tier 2,0
C08396,44,30.0,11,564.0,6075.0,4,0.57,0,1,Store,Tier 3,0
C08397,30,84.0,9,528.0,5538.0,4,0.41,1,1,Online,Tier 3,0
C08398,29,69.0,18,1161.0,18005.0,3,0.22,0,0,Store,Tier 3,0
C08399,56,52.0,8,1494.0,9799.0,2,0.21,0,1,Store,Tier 2,0
C08400,4,83.0,17,1294.0,24797.0,2,0.36,0,0,Online,Tier 1,0
C08401,45,16.0,9,981.0,7480.0,5,0.44,1,0,Both,Tier 3,0
C08402,32,236.0,3,545.0,1683.0,3,0.36,1,1,Store,Tier 3,1
C08403,34,102.0,11,795.0,8452.0,4,0.73,0,1,Both,Tier 1,0
C08404,5,18.0,10,584.0,6074.0,3,0.62,1,0,Online,Tier 1,0
C08405,43,28.0,3,1071.0,3687.0,5,0.37,0,1,Store,Tier 3,0
C08406,31,31.0,12,851.0,8759.0,4,0.51,1,1,Both,Tier 1,0
C08407,34,39.0,12,1227.0,12498.0,8,0.48,0,1,Online,Tier 2,0
C08408,29,25.0,12,630.0,9061.0,1,0.76,0,1,Store,Tier 2,0
C08409,20,65.0,8,795.0,5291.0,8,0.65,1,1,Store,Tier 1,1
C08410,42,34.0,13,1345.0,18334.0,4,0.08,0,1,Store,Tier 3,0
C08411,13,37.0,9,1276.0,12585.0,2,0.36,0,0,Both,Tier 1,0
C08412,19,56.0,12,970.0,11545.0,3,0.06,0,1,Store,Tier 2,1
C08413,35,81.0,5,1472.0,7814.0,4,0.09,0,1,Store,Tier 3,1
C08414,55,18.0,24,,19507.0,3,0.58,0,1,Store,Tier 2,0
C08415,38,34.0,8,1102.0,7638.0,6,0.2,0,0,Store,Tier 1,1
C08416,16,104.0,12,792.0,10358.0,6,0.25,1,0,Store,Tier 3,0
C08417,15,59.0,13,1328.0,20408.0,1,0.33,0,1,Both,Tier 3,1
C08418,12,184.0,10,748.0,7473.0,7,0.55,2,1,Store,Tier 2,0
C08419,30,84.0,11,865.0,8801.0,3,0.43,0,0,Store,Tier 3,0
C08420,9,32.0,12,688.0,9807.0,3,0.22,0,0,Both,Tier 3,1
C08421,42,69.0,11,605.0,7417.0,3,0.18,0,0,Store,Tier 2,0
C08422,58,134.0,8,422.0,3573.0,3,0.78,0,1,Store,Tier 3,1
C08423,37,18.0,13,712.0,9339.0,3,0.36,0,1,Both,Tier 1,0
C08424,48,12.0,14,221.0,3086.0,4,0.54,0,1,Both,Tier 2,0
C08425,13,16.0,8,534.0,4642.0,2,0.34,0,0,Store,Tier 2,1
C08426,37,79.0,9,764.0,7347.0,5,0.28,1,1,Store,Tier 3,0
C08427,11,11.0,14,562.0,7426.0,6,0.61,1,0,Online,Tier 2,0
C08428,46,54.0,12,939.0,13196.0,3,0.52,0,1,Online,Tier 3,0
C08429,48,55.0,11,291.0,3045.0,7,0.41,0,1,Store,Tier 1,0
C08430,16,70.0,9,389.0,3689.0,2,0.17,0,0,Both,Tier 3,0
C08431,12,13.0,12,1048.0,13416.0,6,0.36,1,0,Online,Tier 3,0
C08432,33,105.0,13,981.0,13474.0,2,0.39,0,1,Store,Tier 1,0
C08433,52,16.0,14,992.0,14295.0,8,0.35,0,1,Store,Tier 2,0
C08434,14,4.0,13,1026.0,15590.0,8,0.16,0,0,Both,Tier 1,0
C08435,17,26.0,15,740.0,12595.0,5,0.65,0,1,Store,Tier 2,0
C08436,17,61.0,8,1398.0,12904.0,3,0.56,0,1,Online,Tier 1,0
C08437,28,28.0,16,1009.0,18364.0,1,0.09,0,1,Both,Tier 3,0
C08438,14,79.0,7,491.0,3873.0,3,0.55,2,1,Store,Tier 2,0
C08439,48,108.0,10,700.0,6601.0,4,0.16,1,0,Store,Tier 3,0
C08440,59,89.0,10,1232.0,11141.0,5,0.66,0,1,Store,Tier 2,0
C08441,7,51.0,15,407.0,6828.0,4,0.1,0,0,Both,Tier 2,0
C08442,21,104.0,17,618.0,11551.0,3,0.16,0,0,Store,Tier 1,0
C08443,6,10.0,24,699.0,17476.0,5,0.78,0,0,Store,Tier 3,0
C08444,43,118.0,12,564.0,7614.0,1,0.47,0,0,Store,Tier 1,0
C08445,39,35.0,12,627.0,8934.0,2,0.15,0,1,Both,Tier 1,0
C08446,7,91.0,11,998.0,11642.0,2,0.62,1,0,Store,Tier 2,1
C08447,18,83.0,12,713.0,8856.0,5,0.37,1,1,Online,Tier 1,0
C08448,23,6.0,22,998.0,22333.0,7,0.03,0,1,Store,Tier 2,0
C08449,42,21.0,14,1010.0,15246.0,3,0.59,0,0,Store,Tier 1,0
C08450,24,49.0,13,760.0,10464.0,2,0.17,2,1,Store,Tier 2,0
C08451,44,161.0,5,1112.0,5850.0,3,0.66,1,1,Online,Tier 2,1
C08452,48,25.0,15,760.0,13644.0,6,0.46,0,1,Online,Tier 3,0
C08453,3,15.0,12,938.0,10025.0,5,0.81,0,0,Store,Tier 1,0
C08454,39,89.0,6,1412.0,9802.0,5,0.52,0,1,Both,Tier 2,1
C08455,51,17.0,18,157.0,2423.0,5,0.42,0,1,Store,Tier 2,0
C08456,17,44.0,14,878.0,11459.0,5,0.42,1,1,Store,Tier 1,0
C08457,16,43.0,9,805.0,6562.0,1,0.39,0,0,Both,Tier 2,1
C08458,57,40.0,12,1344.0,18883.0,1,0.01,0,1,Store,Tier 3,1
C08459,58,67.0,10,888.0,9541.0,5,0.22,0,1,Store,Tier 1,0
C08460,56,126.0,9,1015.0,8459.0,3,0.45,2,1,Store,Tier 2,1
C08461,46,62.0,7,506.0,3040.0,8,0.53,1,0,Both,Tier 1,1
C08462,3,52.0,15,150.0,2122.0,5,0.29,1,0,Online,Tier 1,1
C08463,51,169.0,5,1152.0,5454.0,6,0.46,0,1,Store,Tier 3,0
C08464,33,77.0,7,1248.0,8555.0,3,0.8,0,1,Store,Tier 2,1
C08465,16,109.0,11,1027.0,9660.0,5,0.22,0,0,Both,Tier 3,0
C08466,34,48.0,10,1183.0,10673.0,7,0.18,0,0,Both,Tier 2,0
C08467,48,105.0,15,415.0,7464.0,5,0.32,0,0,Store,Tier 1,0
C08468,36,252.0,5,892.0,4693.0,5,0.31,1,0,Both,Tier 3,1
C08469,54,77.0,12,,6159.0,4,0.7,2,1,Store,Tier 2,0
C08470,37,124.0,9,1421.0,12521.0,2,0.47,1,1,Both,Tier 2,0
C08471,25,11.0,20,870.0,19033.0,7,0.3,1,1,Store,Tier 2,0
C08472,60,84.0,8,1451.0,13405.0,5,0.74,1,0,Online,Tier 1,1
C08473,11,52.0,12,1502.0,15937.0,7,0.37,0,1,Both,Tier 3,0
C08474,58,132.0,13,385.0,4780.0,2,0.66,0,1,Store,Tier 2,0
C08475,22,55.0,12,854.0,12094.0,2,0.35,0,1,Both,Tier 3,0
C08476,32,75.0,14,1026.0,15153.0,2,0.61,0,1,Store,Tier 2,1
C08477,9,14.0,16,985.0,14017.0,4,0.69,0,0,Both,Tier 2,0
C08478,3,116.0,11,310.0,2993.0,2,0.41,0,0,Online,Tier 1,1
C08479,48,46.0,6,806.0,4782.0,6,0.33,0,0,Store,Tier 3,0
C08480,45,108.0,9,1190.0,10724.0,2,0.19,0,1,Both,Tier 3,1
C08481,34,73.0,16,552.0,7763.0,5,0.7,0,0,Both,Tier 1,0
C08482,1,59.0,14,944.0,15045.0,7,0.32,1,1,Store,Tier 2,0
C08483,21,94.0,10,1027.0,8809.0,4,0.26,0,0,Both,Tier 1,0
C08484,48,86.0,11,869.0,8533.0,3,0.3,1,0,Store,Tier 1,0
C08485,49,2.0,14,698.0,11491.0,5,0.7,0,1,Both,Tier 3,0
C08486,38,51.0,10,668.0,7111.0,4,0.38,0,1,Both,Tier 1,0
C08487,57,62.0,8,638.0,5916.0,2,0.29,0,1,Both,Tier 2,0
C08488,5,136.0,6,464.0,3101.0,6,0.45,0,0,Both,Tier 2,0
C08489,41,129.0,5,1007.0,5399.0,4,0.14,0,0,Online,Tier 1,1
C08490,28,40.0,11,371.0,4220.0,2,0.69,0,0,Online,Tier 1,0
C08491,59,11.0,8,1436.0,11726.0,3,0.23,2,0,Store,Tier 2,0
C08492,25,38.0,13,984.0,11453.0,3,0.57,1,0,Both,Tier 2,0
C08493,32,38.0,9,1220.0,11479.0,5,0.1,0,0,Online,Tier 2,0
C08494,49,21.0,16,1035.0,14675.0,4,0.13,1,1,Both,Tier 3,0
C08495,20,31.0,16,960.0,13203.0,5,0.15,0,1,Both,Tier 3,0
C08496,6,32.0,17,683.0,13001.0,6,0.3,0,0,Online,Tier 3,0
C08497,44,21.0,10,185.0,1504.0,2,0.54,1,0,Store,Tier 2,0
C08498,35,51.0,11,1239.0,14451.0,6,0.51,2,1,Online,Tier 1,0
C08499,35,55.0,9,384.0,3715.0,4,0.34,0,1,Online,Tier 1,0
C08500,52,39.0,9,1387.0,14074.0,5,0.5,0,1,Online,Tier 2,0
C08501,38,72.0,18,633.0,12075.0,5,0.44,1,1,Both,Tier 1,0
C08502,54,126.0,5,1867.0,7967.0,5,0.09,0,0,Store,Tier 3,0
C08503,43,121.0,8,1114.0,8140.0,4,0.57,1,1,Online,Tier 3,1
C08504,8,17.0,15,,10889.0,4,0.5,0,0,Store,Tier 2,0
C08505,42,75.0,9,906.0,7154.0,3,0.6,0,1,Store,Tier 2,0
C08506,39,71.0,5,1016.0,5424.0,4,0.07,0,0,Store,Tier 1,1
C08507,27,1.0,14,438.0,5178.0,6,0.15,1,1,Store,Tier 2,0
C08508,24,158.0,7,1362.0,8417.0,4,0.1,0,1,Both,Tier 1,1
C08509,31,18.0,7,940.0,6595.0,8,0.52,0,0,Both,Tier 1,0
C08510,55,30.0,12,686.0,7546.0,4,0.51,0,1,Both,Tier 3,1
C08511,41,16.0,11,815.0,10438.0,3,0.19,0,1,Both,Tier 2,0
C08512,25,50.0,6,920.0,6490.0,3,0.21,0,0,Online,Tier 2,1
C08513,49,45.0,13,1489.0,21262.0,1,0.17,0,0,Both,Tier 1,0
C08514,14,52.0,13,1256.0,16609.0,3,0.15,1,0,Both,Tier 1,0
C08515,50,75.0,13,1906.0,26168.0,7,0.11,1,1,Store,Tier 2,0
C08516,25,149.0,9,,7154.0,4,0.5,0,0,Store,Tier 2,1
C08517,20,45.0,10,598.0,4906.0,5,0.36,0,1,Both,Tier 1,0
C08518,2,90.0,10,1326.0,14328.0,4,0.18,0,1,Store,Tier 3,0
C08519,18,6.0,16,1192.0,16853.0,5,0.44,1,0,Store,Tier 2,0
C08520,47,28.0,12,839.0,9505.0,3,0.15,0,1,Store,Tier 2,0
C08521,59,16.0,6,491.0,2539.0,4,0.21,1,1,Store,Tier 1,0
C08522,60,35.0,15,376.0,6757.0,3,0.17,1,1,Store,Tier 1,0
C08523,59,165.0,7,838.0,6610.0,7,0.49,0,1,Both,Tier 1,0
C08524,16,129.0,12,677.0,7572.0,4,0.3,0,1,Both,Tier 2,1
C08525,28,22.0,16,1043.0,20020.0,5,0.53,0,0,Store,Tier 2,0
C08526,36,24.0,10,864.0,7181.0,5,0.12,0,0,Store,Tier 2,0
C08527,30,13.0,16,413.0,6495.0,5,0.72,0,1,Store,Tier 2,0
C08528,47,69.0,8,799.0,6445.0,2,0.63,0,1,Store,Tier 3,0
C08529,14,48.0,6,727.0,4437.0,6,0.51,2,0,Store,Tier 3,1
C08530,29,36.0,7,637.0,4612.0,5,0.6,0,0,Store,Tier 1,0
C08531,35,46.0,7,1047.0,8106.0,5,0.43,0,1,Both,Tier 2,0
C08532,52,105.0,9,793.0,7865.0,3,0.72,1,1,Both,Tier 3,0
C08533,17,202.0,9,709.0,6217.0,8,0.48,1,0,Both,Tier 2,1
C08534,3,39.0,16,886.0,13209.0,3,0.5,0,0,Store,Tier 1,0
C08535,9,19.0,18,967.0,20568.0,4,0.37,0,0,Store,Tier 2,0
C08536,40,8.0,24,1182.0,30252.0,2,0.31,0,1,Store,,0
C08537,42,39.0,9,1026.0,8514.0,4,0.36,1,0,Store,Tier 1,0
C08538,7,58.0,14,1453.0,23913.0,4,0.18,0,0,Store,Tier 1,0
C08539,11,113.0,10,1141.0,11212.0,1,0.53,0,0,Both,Tier 1,1
C08540,58,80.0,11,1187.0,13968.0,2,0.56,0,0,Store,Tier 1,0
C08541,2,80.0,9,1065.0,9822.0,3,0.23,0,0,Online,Tier 2,0
C08542,57,74.0,8,1111.0,7780.0,5,0.23,0,0,Store,Tier 2,0
C08543,11,14.0,16,1188.0,22087.0,3,0.31,0,0,Both,Tier 1,0
C08544,36,11.0,17,1101.0,20306.0,5,0.13,0,1,Online,Tier 1,0
C08545,15,45.0,15,426.0,6411.0,2,0.22,0,0,Both,Tier 2,0
C08546,18,28.0,15,444.0,6489.0,3,0.3,0,0,Online,Tier 1,1
C08547,6,123.0,10,1013.0,11590.0,1,0.45,0,0,Store,Tier 1,1
C08548,25,31.0,20,1442.0,34436.0,2,0.62,0,1,Both,Tier 1,0
C08549,29,49.0,14,1125.0,14321.0,2,0.36,0,0,Store,Tier 2,0
C08550,44,108.0,9,1221.0,10157.0,4,0.45,0,0,Store,Tier 2,1
C08551,38,57.0,11,583.0,5881.0,5,0.29,1,1,Store,Tier 3,0
C08552,58,48.0,13,,11287.0,5,0.31,0,1,Store,Tier 1,0
C08553,13,29.0,10,845.0,9346.0,7,0.61,1,0,Store,Tier 2,1
C08554,50,23.0,11,780.0,7877.0,3,0.41,0,0,Both,Tier 2,0
C08555,28,31.0,11,1091.0,12334.0,2,0.82,0,1,Online,Tier 1,0
C08556,1,60.0,16,948.0,12513.0,4,0.22,0,0,Store,Tier 1,0
C08557,29,62.0,9,1129.0,11471.0,6,0.6,0,1,Store,Tier 1,0
C08558,32,39.0,13,1448.0,16060.0,4,0.31,0,1,Both,Tier 1,0
C08559,7,112.0,8,884.0,6425.0,2,0.28,0,0,Both,Tier 2,0
C08560,47,222.0,6,721.0,3589.0,2,0.34,0,1,Both,Tier 1,1
C08561,51,68.0,5,846.0,3388.0,5,0.7,0,1,Store,Tier 3,0
C08562,50,52.0,10,633.0,6037.0,4,0.6,0,1,Store,Tier 3,0
C08563,7,140.0,9,1487.0,15330.0,2,0.28,0,1,Both,Tier 1,1
C08564,26,35.0,8,1466.0,11135.0,4,0.69,0,0,Store,Tier 3,1
C08565,29,124.0,9,473.0,3827.0,4,0.35,1,1,Both,Tier 3,1
C08566,22,32.0,9,859.0,6377.0,5,0.44,0,1,Online,Tier 1,0
C08567,19,166.0,10,788.0,6353.0,1,0.51,0,0,Online,Tier 1,0
C08568,7,23.0,13,553.0,5762.0,3,0.52,1,1,Both,Tier 2,0
C08569,33,96.0,11,1359.0,14982.0,2,0.32,0,0,Both,Tier 3,0
C08570,20,73.0,6,895.0,4410.0,3,0.76,0,0,Both,Tier 1,1
C08571,29,34.0,19,610.0,13570.0,3,0.28,0,1,Both,Tier 1,0
C08572,19,14.0,16,1058.0,19498.0,1,0.5,0,0,Online,Tier 2,0
C08573,44,102.0,13,1202.0,13765.0,4,0.39,0,1,Online,Tier 2,0
C08574,3,90.0,10,,13067.0,3,0.59,1,0,Store,Tier 1,1
C08575,59,10.0,14,627.0,8376.0,3,0.64,1,0,Store,Tier 1,0
C08576,9,56.0,19,879.0,17751.0,6,0.28,0,1,Online,Tier 1,0
C08577,56,6.0,11,859.0,10072.0,5,0.87,0,1,Both,Tier 2,0
C08578,27,18.0,14,716.0,10438.0,4,0.22,0,1,Online,Tier 1,0
C08579,39,123.0,11,1255.0,13354.0,3,0.34,0,0,Store,Tier 2,0
C08580,23,69.0,16,602.0,10218.0,1,0.2,0,0,Store,Tier 3,0
C08581,8,67.0,11,456.0,5192.0,5,0.25,0,0,Both,Tier 3,0
C08582,9,152.0,5,674.0,3081.0,6,0.36,1,1,Store,Tier 2,1
C08583,8,79.0,12,899.0,10406.0,1,0.55,0,1,Both,Tier 3,0
C08584,59,72.0,7,1080.0,6057.0,4,0.12,1,1,Both,Tier 2,1
C08585,36,70.0,14,882.0,14416.0,2,0.48,0,1,Both,Tier 1,0
C08586,24,86.0,10,739.0,8325.0,2,0.43,1,1,Both,Tier 2,0
C08587,9,29.0,15,582.0,10137.0,6,0.7,0,1,Both,Tier 1,0
C08588,5,32.0,8,764.0,6731.0,4,0.37,3,0,Store,Tier 3,1
C08589,47,44.0,12,1738.0,18977.0,4,0.25,1,1,Store,Tier 2,1
C08590,47,27.0,11,803.0,7411.0,1,0.32,0,0,Online,Tier 2,0
C08591,24,98.0,9,882.0,7408.0,4,0.6,0,1,Store,Tier 2,1
C08592,37,7.0,16,957.0,18282.0,2,0.14,0,1,Store,Tier 1,0
C08593,18,12.0,13,443.0,6054.0,4,0.83,1,0,Store,Tier 2,0
C08594,31,55.0,9,597.0,5361.0,5,0.71,0,1,Both,Tier 1,0
C08595,25,29.0,11,1277.0,13403.0,6,0.34,0,1,Store,Tier 1,0
C08596,11,68.0,10,962.0,11049.0,4,0.6,0,0,Store,Tier 3,0
C08597,50,33.0,13,762.0,11070.0,3,0.34,2,1,Both,Tier 1,0
C08598,33,137.0,11,933.0,8654.0,4,0.48,0,0,Store,Tier 2,0
C08599,48,50.0,12,666.0,8488.0,1,0.03,0,1,Online,Tier 2,0
C08600,39,84.0,11,804.0,7943.0,4,0.46,2,0,Store,Tier 3,0
C08601,10,96.0,11,1146.0,14893.0,5,0.47,0,1,Store,Tier 2,1
C08602,40,65.0,14,412.0,6544.0,7,0.55,0,0,Store,Tier 1,0
C08603,57,37.0,12,,15281.0,6,0.34,0,1,Store,Tier 2,0
C08604,58,43.0,10,1064.0,8782.0,3,0.55,0,1,Store,Tier 2,0
C08605,14,94.0,10,1534.0,16879.0,3,0.66,0,0,Online,Tier 3,1
C08606,38,90.0,7,1148.0,9350.0,5,0.29,2,1,Online,Tier 2,0
C08607,10,36.0,7,700.0,4583.0,6,0.42,0,1,Both,Tier 3,0
C08608,50,19.0,16,1328.0,20216.0,5,0.65,0,1,Store,,0
C08609,21,64.0,10,709.0,6861.0,4,0.15,1,0,Store,Tier 2,0
C08610,3,109.0,10,765.0,6514.0,5,0.31,0,1,Both,Tier 1,0
C08611,12,54.0,17,725.0,13736.0,2,0.06,1,0,Both,Tier 2,0
C08612,14,12.0,11,1388.0,17901.0,3,0.64,0,0,Store,Tier 3,1
C08613,8,23.0,11,1072.0,12294.0,4,0.77,1,1,Store,Tier 2,0
C08614,7,39.0,13,870.0,10968.0,1,0.38,0,0,Online,Tier 3,1
C08615,2,44.0,12,1107.0,12386.0,4,0.44,1,0,Store,Tier 1,0
C08616,59,92.0,11,862.0,9693.0,8,0.39,1,1,Both,Tier 2,0
C08617,10,67.0,8,687.0,6575.0,1,0.39,0,1,Both,Tier 1,0
C08618,33,103.0,7,702.0,5652.0,8,0.39,0,0,Store,Tier 2,0
C08619,47,26.0,9,819.0,6310.0,4,0.47,0,1,Online,Tier 1,1
C08620,2,57.0,12,985.0,10717.0,8,0.43,0,0,Store,Tier 1,0
C08621,6,59.0,15,741.0,10138.0,4,0.47,0,0,Store,Tier 3,1
C08622,13,99.0,10,542.0,4612.0,3,0.28,0,1,Store,Tier 3,0
C08623,47,94.0,4,456.0,1581.0,1,0.3,0,1,Online,Tier 2,1
C08624,21,95.0,8,1098.0,9561.0,6,0.14,1,0,Store,Tier 1,0
C08625,22,29.0,12,1159.0,11291.0,2,0.02,1,0,Both,Tier 2,1
C08626,4,187.0,5,1605.0,8990.0,1,0.7,0,0,Store,Tier 3,1
C08627,41,188.0,5,1255.0,6730.0,4,0.78,0,1,Store,Tier 1,1
C08628,52,73.0,15,1021.0,18122.0,5,0.2,0,1,Store,Tier 1,0
C08629,8,15.0,22,880.0,16555.0,5,0.11,0,0,Both,Tier 2,0
C08630,44,27.0,9,915.0,6690.0,4,0.77,0,0,Both,Tier 2,0
C08631,38,56.0,13,1211.0,12840.0,7,0.41,1,1,Online,Tier 1,0
C08632,17,103.0,10,874.0,7163.0,5,0.23,1,0,Store,Tier 1,0
C08633,7,21.0,16,1673.0,22792.0,4,0.28,0,0,Online,Tier 1,0
C08634,5,71.0,10,150.0,1370.0,6,0.64,0,0,Store,Tier 1,1
C08635,43,22.0,13,150.0,1697.0,5,0.49,2,0,Online,Tier 1,0
C08636,4,25.0,13,1125.0,12761.0,5,0.36,0,1,Both,Tier 2,0
C08637,49,72.0,7,677.0,4393.0,4,0.55,0,1,Store,Tier 2,0
C08638,51,156.0,9,589.0,4899.0,1,0.07,1,1,Store,Tier 3,1
C08639,34,34.0,7,909.0,7407.0,4,0.68,1,1,Both,Tier 1,1
C08640,50,63.0,13,800.0,9952.0,4,0.23,0,1,Store,Tier 1,0
C08641,14,45.0,11,655.0,7191.0,4,0.31,0,0,Store,Tier 2,1
C08642,28,94.0,16,347.0,4454.0,3,0.21,0,1,Store,Tier 2,0
C08643,4,85.0,12,1391.0,16558.0,3,0.27,0,0,Store,Tier 2,1
C08644,44,34.0,12,1223.0,15933.0,6,0.25,0,0,Store,Tier 3,0
C08645,50,43.0,14,670.0,10296.0,8,0.53,0,1,Both,Tier 2,0
C08646,52,119.0,10,752.0,8901.0,7,0.3,0,1,Both,Tier 1,0
C08647,37,23.0,8,888.0,6987.0,2,0.2,2,1,Online,Tier 1,0
C08648,10,133.0,11,1065.0,9770.0,3,0.68,0,0,Store,Tier 1,1
C08649,25,91.0,7,704.0,5739.0,5,0.49,0,1,Both,Tier 2,0
C08650,10,207.0,3,634.0,2030.0,4,0.07,0,0,Store,Tier 2,1
C08651,6,60.0,7,654.0,4145.0,3,0.31,0,0,Store,Tier 3,0
C08652,19,17.0,21,401.0,6989.0,3,0.36,0,0,Online,Tier 1,0
C08653,14,11.0,16,657.0,11656.0,4,0.19,0,1,Online,Tier 3,0
C08654,37,152.0,8,1351.0,11594.0,4,0.16,0,0,Store,Tier 3,1
C08655,8,27.0,13,909.0,9715.0,2,0.42,2,0,Store,Tier 3,0
C08656,4,76.0,13,606.0,8310.0,7,0.34,1,0,Store,Tier 1,0
C08657,8,80.0,7,403.0,2934.0,3,0.45,0,0,Both,Tier 3,0
C08658,42,40.0,11,1248.0,11996.0,3,0.5,0,1,Store,Tier 1,0
C08659,37,97.0,9,925.0,9496.0,4,0.58,0,1,Store,Tier 1,1
C08660,47,26.0,11,792.0,7363.0,8,0.09,0,0,Online,Tier 1,0
C08661,47,58.0,15,542.0,6629.0,7,0.79,0,0,Both,Tier 2,0
C08662,5,39.0,14,517.0,7492.0,3,0.14,0,1,Online,Tier 3,0
C08663,28,36.0,11,760.0,7607.0,3,0.05,0,0,Online,Tier 2,0
C08664,23,45.0,16,1077.0,19270.0,3,0.14,1,1,Store,Tier 1,0
C08665,42,23.0,15,1067.0,18583.0,3,0.41,1,0,Both,Tier 1,0
C08666,53,84.0,7,1406.0,11337.0,2,0.55,0,0,Both,Tier 2,1
C08667,29,27.0,12,1064.0,11602.0,3,0.53,0,1,Store,Tier 1,0
C08668,17,40.0,14,290.0,4665.0,3,0.21,0,1,Online,Tier 1,0
C08669,4,30.0,11,1444.0,15147.0,3,0.12,0,1,Store,Tier 1,0
C08670,7,35.0,9,1353.0,12417.0,5,0.13,2,0,Both,Tier 2,0
C08671,11,16.0,15,1118.0,15326.0,5,0.57,0,1,Both,Tier 2,0
C08672,39,128.0,8,386.0,3514.0,1,0.37,0,0,Both,Tier 1,1
C08673,46,4.0,14,809.0,11734.0,2,0.12,0,1,Store,Tier 2,0
C08674,47,78.0,13,941.0,12169.0,3,0.76,1,1,Both,Tier 1,0
C08675,21,29.0,13,509.0,6329.0,6,0.68,0,1,Both,Tier 3,0
C08676,49,72.0,7,888.0,6653.0,3,0.41,0,1,Both,Tier 3,0
C08677,22,158.0,8,1003.0,6586.0,3,0.45,1,0,Store,Tier 3,0
C08678,57,74.0,12,1256.0,16946.0,2,0.32,0,1,Store,Tier 2,0
C08679,13,108.0,12,873.0,11673.0,2,0.44,0,0,Store,Tier 1,1
C08680,1,38.0,13,931.0,13697.0,4,0.31,0,1,Online,Tier 2,0
C08681,1,12.0,19,824.0,17007.0,3,0.37,1,1,Store,Tier 3,0
C08682,27,154.0,3,1441.0,4059.0,3,0.53,2,1,Both,Tier 1,1
C08683,42,95.0,6,880.0,4332.0,3,0.23,0,1,Store,Tier 2,1
C08684,57,135.0,13,1126.0,12979.0,5,0.56,0,0,Store,Tier 3,0
C08685,40,58.0,5,703.0,2897.0,4,0.31,0,1,Store,Tier 1,0
C08686,32,51.0,4,727.0,3402.0,5,0.69,0,1,Store,Tier 1,0
C08687,2,67.0,9,1233.0,12321.0,6,0.28,1,0,Store,Tier 2,0
C08688,2,60.0,14,436.0,5870.0,4,0.43,0,1,Both,Tier 1,0
C08689,14,102.0,11,574.0,6669.0,2,0.19,0,0,Online,Tier 3,0
C08690,4,28.0,13,817.0,10582.0,2,0.43,0,0,Both,Tier 3,0
C08691,56,90.0,16,1154.0,17768.0,6,0.32,0,1,Online,Tier 3,0
C08692,34,43.0,9,1024.0,10116.0,6,0.3,0,1,Online,Tier 3,0
C08693,18,77.0,14,792.0,9215.0,2,0.38,1,1,Online,Tier 2,1
C08694,57,24.0,14,385.0,5097.0,5,0.49,0,1,Store,Tier 3,0
C08695,6,33.0,9,1132.0,11063.0,6,0.42,0,0,Store,Tier 1,0
C08696,49,19.0,13,486.0,6248.0,4,0.36,0,1,Both,Tier 1,0
C08697,52,17.0,18,983.0,15326.0,2,0.19,0,1,Store,Tier 2,1
C08698,29,130.0,11,827.0,9105.0,2,0.59,1,1,Store,Tier 1,1
C08699,56,23.0,15,964.0,14169.0,2,0.15,0,1,Store,Tier 1,1
C08700,12,28.0,14,666.0,11158.0,4,0.24,0,0,Online,Tier 1,0
C08701,28,159.0,7,886.0,4966.0,3,0.61,0,0,Both,Tier 1,1
C08702,11,56.0,9,1229.0,10402.0,4,0.55,0,1,Store,Tier 1,0
C08703,6,30.0,11,912.0,8675.0,3,0.6,0,0,Online,Tier 2,0
C08704,33,157.0,5,698.0,3842.0,6,0.68,0,1,Both,Tier 2,1
C08705,45,164.0,7,1392.0,10704.0,3,0.77,2,1,Online,Tier 2,1
C08706,58,13.0,9,1093.0,10938.0,8,0.49,1,0,Store,Tier 1,0
C08707,27,77.0,13,1527.0,18085.0,3,0.22,0,1,Online,Tier 2,0
C08708,38,50.0,12,763.0,9100.0,8,0.18,0,0,Store,Tier 1,0
C08709,49,38.0,4,889.0,2888.0,7,0.57,0,1,Both,Tier 1,0
C08710,12,105.0,11,869.0,9519.0,3,0.54,0,1,Store,Tier 2,0
C08711,46,106.0,8,668.0,5139.0,5,0.22,0,1,Store,Tier 1,0
C08712,9,13.0,10,722.0,7661.0,5,0.68,0,0,Online,Tier 1,0
C08713,5,43.0,10,1015.0,9621.0,4,0.22,1,1,Online,Tier 3,0
C08714,23,25.0,12,1141.0,14746.0,3,0.41,0,1,Online,Tier 1,0
C08715,21,48.0,13,1159.0,14198.0,3,0.53,0,1,Both,Tier 2,0
C08716,37,110.0,6,805.0,5096.0,3,0.31,1,1,Online,Tier 2,1
C08717,59,192.0,3,,2906.0,7,0.2,0,1,Both,Tier 3,0
C08718,53,17.0,19,486.0,10199.0,5,0.52,1,0,Store,Tier 2,0
C08719,32,32.0,19,791.0,14586.0,2,0.28,0,0,Online,Tier 1,0
C08720,43,92.0,9,896.0,7422.0,5,0.28,1,0,Both,Tier 3,1
C08721,24,32.0,11,1261.0,12425.0,4,0.48,0,0,Online,Tier 1,0
C08722,4,95.0,9,504.0,4223.0,6,0.31,1,0,Store,Tier 3,1
C08723,46,99.0,12,904.0,12998.0,3,0.27,0,1,Store,Tier 1,1
C08724,40,38.0,14,1348.0,18802.0,5,0.32,0,1,Both,Tier 2,0
C08725,14,47.0,13,648.0,9228.0,3,0.29,0,1,Store,Tier 1,0
C08726,7,171.0,19,841.0,15139.0,5,0.26,0,0,Both,Tier 3,1
C08727,30,32.0,18,722.0,12203.0,3,0.44,2,1,Both,Tier 2,0
C08728,28,157.0,12,718.0,9295.0,1,0.64,0,1,Store,Tier 2,0
C08729,34,70.0,10,793.0,8136.0,3,0.28,0,1,Store,Tier 2,0
C08730,26,14.0,8,974.0,7668.0,8,0.51,1,1,Online,Tier 2,1
C08731,23,36.0,11,874.0,9583.0,3,0.3,0,0,Store,Tier 2,0
C08732,1,129.0,12,838.0,10497.0,2,0.39,2,0,Store,Tier 1,1
C08733,60,15.0,16,1255.0,21186.0,6,0.1,0,1,Store,Tier 1,0
C08734,34,30.0,15,793.0,10956.0,5,0.23,0,1,Both,Tier 3,0
C08735,1,85.0,12,504.0,6823.0,4,0.44,0,0,Store,Tier 1,1
C08736,54,16.0,12,909.0,9647.0,2,0.29,2,1,Store,Tier 2,1
C08737,14,43.0,11,919.0,9822.0,4,0.71,0,0,Both,Tier 2,0
C08738,39,25.0,10,671.0,7956.0,5,0.45,0,1,Both,Tier 3,0
C08739,52,62.0,11,1278.0,11371.0,1,0.5,0,0,Both,Tier 1,1
C08740,15,64.0,16,890.0,14978.0,2,0.2,1,1,Online,Tier 1,0
C08741,8,53.0,11,964.0,11392.0,4,0.15,2,1,Both,Tier 1,0
C08742,46,13.0,19,1028.0,18963.0,5,0.57,0,0,Store,Tier 3,0
C08743,58,205.0,3,601.0,1903.0,2,0.31,1,1,Both,Tier 1,0
C08744,56,52.0,8,792.0,6556.0,3,0.5,0,1,Both,Tier 1,0
C08745,6,11.0,21,770.0,16391.0,7,0.27,0,0,Store,Tier 2,0
C08746,52,3.0,23,523.0,12341.0,2,0.43,0,1,Store,Tier 1,0
C08747,56,51.0,17,150.0,2564.0,3,0.25,0,1,Store,Tier 2,0
C08748,20,36.0,8,1028.0,9065.0,8,0.64,0,1,Store,Tier 1,0
C08749,50,92.0,8,814.0,6157.0,5,0.37,0,1,Both,Tier 1,0
C08750,34,45.0,7,1355.0,10459.0,6,0.21,1,1,Store,Tier 2,0
C08751,60,161.0,7,1621.0,13198.0,5,0.49,1,1,Online,Tier 3,0
C08752,18,1.0,8,1278.0,12012.0,8,0.26,0,0,Both,Tier 2,0
C08753,7,10.0,14,,16466.0,4,0.14,1,0,Both,Tier 2,0
C08754,54,96.0,6,1177.0,8238.0,5,0.04,0,0,Store,Tier 3,1
C08755,50,38.0,8,570.0,4494.0,2,0.27,0,1,Store,Tier 2,0
C08756,9,7.0,20,1244.0,29715.0,2,0.37,2,0,Online,Tier 2,0
C08757,41,50.0,14,679.0,8491.0,4,0.46,0,1,Store,Tier 1,0
C08758,21,133.0,14,1001.0,12253.0,3,0.05,0,0,Both,Tier 3,1
C08759,45,15.0,17,557.0,10294.0,3,0.21,1,1,Store,Tier 3,0
C08760,31,33.0,7,1249.0,7847.0,2,0.32,0,1,Store,Tier 2,1
C08761,8,100.0,13,1456.0,17190.0,3,0.39,0,1,Both,Tier 2,1
C08762,26,29.0,16,807.0,13234.0,5,0.15,0,1,Store,Tier 3,0
C08763,54,2.0,14,903.0,11540.0,6,0.07,0,0,Online,Tier 3,0
C08764,55,134.0,7,1104.0,7257.0,2,0.53,0,1,Store,Tier 1,0
C08765,35,78.0,11,511.0,5071.0,4,0.59,0,1,Both,,0
C08766,30,24.0,15,736.0,10112.0,1,0.15,0,1,Both,Tier 3,0
C08767,1,61.0,8,1045.0,8596.0,6,0.85,1,0,Store,Tier 2,1
C08768,33,20.0,14,675.0,10595.0,5,0.38,0,1,Store,Tier 1,0
C08769,45,28.0,15,954.0,13830.0,3,0.26,0,0,Store,Tier 1,0
C08770,14,92.0,12,,4923.0,2,0.18,0,0,Online,Tier 3,0
C08771,23,8.0,15,419.0,6396.0,3,0.26,0,0,Both,Tier 2,0
C08772,30,18.0,15,614.0,10384.0,5,0.33,0,1,Store,Tier 1,0
C08773,50,61.0,13,617.0,8320.0,2,0.43,1,1,Store,Tier 2,0
C08774,58,99.0,9,802.0,8629.0,8,0.54,0,1,Store,Tier 3,0
C08775,3,51.0,10,921.0,8083.0,4,0.31,0,0,Store,Tier 1,0
C08776,50,95.0,7,925.0,6760.0,5,0.26,0,1,Online,Tier 1,1
C08777,53,45.0,8,872.0,6666.0,7,0.48,0,1,Online,Tier 3,0
C08778,58,80.0,14,1104.0,17579.0,4,0.8,0,1,Online,Tier 1,0
C08779,24,43.0,17,1094.0,16111.0,8,0.49,0,1,Both,,0
C08780,18,3.0,11,907.0,9792.0,3,0.14,0,1,Online,Tier 2,0
C08781,15,2.0,13,748.0,8600.0,4,0.42,2,0,Store,Tier 1,0
C08782,7,70.0,11,637.0,6645.0,4,0.86,2,0,Store,Tier 2,1
C08783,21,44.0,10,1131.0,10672.0,4,0.79,1,0,Store,Tier 3,0
C08784,50,18.0,10,1184.0,11227.0,4,0.44,0,1,Online,Tier 1,0
C08785,58,66.0,17,1110.0,16900.0,3,0.15,0,0,Both,Tier 3,0
C08786,23,28.0,12,1538.0,21521.0,2,0.54,0,0,Store,Tier 2,0
C08787,22,154.0,9,560.0,5926.0,3,0.22,0,0,Both,Tier 1,0
C08788,27,51.0,10,868.0,7042.0,4,0.15,1,1,Store,Tier 2,1
C08789,15,142.0,10,542.0,4503.0,7,0.31,2,1,Online,Tier 2,0
C08790,36,47.0,11,900.0,8944.0,8,0.66,0,1,Online,Tier 2,0
C08791,23,109.0,13,947.0,11841.0,2,0.02,0,0,Online,Tier 1,0
C08792,30,60.0,14,840.0,9921.0,5,0.21,0,1,Both,Tier 1,0
C08793,35,51.0,8,1140.0,8816.0,5,0.3,0,1,Online,Tier 3,0
C08794,11,51.0,12,,17352.0,8,0.27,2,0,Store,Tier 3,0
C08795,5,62.0,3,845.0,2565.0,4,0.18,0,1,Store,Tier 3,0
C08796,46,97.0,8,738.0,7062.0,4,0.48,1,1,Store,Tier 1,0
C08797,28,13.0,13,1059.0,12197.0,4,0.76,1,0,Store,Tier 1,0
C08798,20,16.0,14,1066.0,15960.0,6,0.05,0,1,Both,Tier 2,0
C08799,25,80.0,12,819.0,11495.0,5,0.71,0,0,Store,Tier 2,0
C08800,37,35.0,7,461.0,2977.0,3,0.09,0,0,Store,Tier 1,0
C08801,53,102.0,12,1233.0,14893.0,4,0.64,0,0,Store,Tier 2,0
C08802,3,85.0,13,681.0,10248.0,2,0.43,0,1,Store,Tier 2,0
C08803,40,33.0,20,1009.0,19756.0,7,0.3,0,1,Store,Tier 1,0
C08804,48,78.0,6,654.0,3549.0,4,0.58,0,0,Online,Tier 1,0
C08805,37,70.0,10,938.0,9207.0,3,0.53,0,0,Both,Tier 1,0
C08806,33,28.0,12,918.0,9712.0,2,0.11,0,0,Online,Tier 1,0
C08807,59,71.0,6,1386.0,9711.0,3,0.19,1,1,Online,Tier 3,1
C08808,45,75.0,11,1783.0,18387.0,3,0.73,1,0,Online,Tier 2,0
C08809,25,13.0,14,150.0,2261.0,1,0.14,0,0,Store,Tier 3,0
C08810,17,179.0,4,1283.0,5077.0,1,0.37,0,0,Both,Tier 1,1
C08811,22,66.0,8,789.0,5957.0,4,0.3,0,0,Store,Tier 1,0
C08812,47,37.0,11,497.0,4716.0,8,0.71,0,1,Both,Tier 1,1
C08813,36,71.0,13,1045.0,11365.0,4,0.23,0,1,Store,Tier 2,0
C08814,36,88.0,10,857.0,8514.0,3,0.76,1,1,Online,Tier 2,0
C08815,40,27.0,11,710.0,6558.0,1,0.65,0,1,Both,Tier 1,0
C08816,15,102.0,15,1308.0,17844.0,5,0.53,1,0,Store,Tier 3,0
C08817,40,52.0,13,1270.0,16047.0,5,0.54,1,1,Online,Tier 2,0
C08818,26,95.0,18,801.0,12784.0,6,0.11,0,1,Both,Tier 3,0
C08819,30,90.0,15,1023.0,12459.0,4,0.06,0,1,Online,Tier 1,0
C08820,44,67.0,8,377.0,2531.0,4,0.57,1,1,Both,Tier 2,0
C08821,48,67.0,10,906.0,9967.0,2,0.27,0,1,Online,Tier 2,0
C08822,31,113.0,6,,4687.0,2,0.31,0,0,Store,Tier 1,1
C08823,19,29.0,13,1338.0,18042.0,5,0.46,0,0,Both,Tier 3,0
C08824,29,66.0,15,950.0,11503.0,3,0.36,0,1,Store,Tier 1,0
C08825,34,82.0,14,804.0,12225.0,3,0.54,0,1,Both,Tier 2,0
C08826,47,11.0,22,1457.0,28840.0,4,0.45,1,1,Store,Tier 1,0
C08827,25,33.0,12,911.0,12076.0,8,0.76,0,0,Store,Tier 2,0
C08828,6,10.0,4,1137.0,5183.0,4,0.22,2,0,Both,Tier 2,0
C08829,13,88.0,7,786.0,5801.0,6,0.29,0,1,Both,Tier 2,0
C08830,52,163.0,11,1231.0,13906.0,4,0.31,0,1,Both,Tier 1,0
C08831,55,25.0,12,901.0,8822.0,4,0.39,0,1,Store,Tier 3,0
C08832,21,57.0,6,1160.0,6241.0,5,0.36,0,0,Online,Tier 2,0
C08833,44,40.0,12,929.0,10201.0,6,0.08,0,1,Online,Tier 3,0
C08834,2,50.0,9,1410.0,11771.0,1,0.22,0,0,Online,Tier 3,0
C08835,46,45.0,15,1238.0,15672.0,5,0.18,0,0,Store,,1
C08836,47,34.0,7,669.0,5240.0,3,0.72,1,1,Store,Tier 2,1
C08837,55,18.0,12,895.0,11229.0,6,0.63,1,1,Both,Tier 2,0
C08838,34,197.0,7,1382.0,10104.0,4,0.51,0,1,Store,Tier 2,1
C08839,56,93.0,11,570.0,5237.0,2,0.07,0,1,Store,Tier 2,0
C08840,56,3.0,3,1313.0,3764.0,2,0.36,0,1,Store,Tier 2,0
C08841,13,86.0,12,886.0,8882.0,3,0.57,1,1,Store,Tier 3,0
C08842,26,51.0,11,353.0,3456.0,1,0.13,0,1,Both,Tier 2,0
C08843,39,52.0,18,641.0,10414.0,5,0.12,1,1,Both,Tier 2,0
C08844,27,78.0,15,1090.0,14371.0,3,0.29,1,1,Store,Tier 3,0
C08845,47,37.0,13,667.0,8858.0,4,0.31,1,0,Online,Tier 2,1
C08846,31,89.0,17,686.0,11195.0,3,0.12,0,0,Store,Tier 2,0
C08847,6,36.0,18,1034.0,20562.0,6,0.47,0,0,Store,Tier 1,0
C08848,17,31.0,16,309.0,4926.0,1,0.73,0,0,Both,Tier 2,0
C08849,22,62.0,13,594.0,8266.0,5,0.39,1,0,Store,Tier 2,0
C08850,35,179.0,7,1233.0,8882.0,7,0.03,0,1,Store,Tier 3,0
C08851,56,17.0,16,1046.0,17428.0,3,0.46,0,1,Store,Tier 1,0
C08852,14,113.0,8,539.0,4741.0,3,0.3,0,0,Both,Tier 2,1
C08853,55,49.0,17,855.0,11656.0,2,0.39,1,0,Both,Tier 2,0
C08854,24,138.0,12,934.0,9189.0,5,0.24,2,0,Store,Tier 1,1
C08855,60,40.0,15,1023.0,17468.0,2,0.06,0,1,Store,Tier 2,0
C08856,44,96.0,9,1012.0,8621.0,4,0.26,0,0,Store,Tier 2,1
C08857,38,28.0,14,1416.0,16437.0,6,0.45,0,1,Both,Tier 3,0
C08858,2,259.0,5,1153.0,6453.0,3,0.44,0,0,Both,Tier 1,1
C08859,11,28.0,23,1064.0,21517.0,3,0.35,0,0,Online,Tier 2,0
C08860,29,12.0,10,934.0,10622.0,1,0.35,0,0,Both,Tier 2,0
C08861,14,60.0,8,821.0,5682.0,4,0.63,1,0,Store,Tier 2,1
C08862,30,33.0,8,706.0,5860.0,4,0.55,0,1,Store,Tier 2,0
C08863,16,4.0,18,515.0,10208.0,3,0.4,1,0,Store,Tier 3,1
C08864,19,107.0,5,992.0,4827.0,6,0.23,1,1,Both,Tier 1,1
C08865,32,7.0,12,840.0,8562.0,2,0.46,0,1,Store,Tier 2,0
C08866,5,63.0,8,917.0,5883.0,4,0.43,1,1,Online,Tier 1,0
C08867,2,33.0,17,906.0,17381.0,2,0.34,0,1,Both,Tier 1,0
C08868,47,236.0,7,1380.0,10699.0,5,0.08,0,0,Online,Tier 2,1
C08869,1,57.0,9,697.0,5637.0,4,0.24,0,0,Store,Tier 3,0
C08870,18,185.0,5,850.0,4392.0,5,0.59,0,0,Online,Tier 3,0
C08871,10,73.0,17,1160.0,18795.0,5,0.48,1,1,Both,Tier 1,0
C08872,24,5.0,12,190.0,2541.0,5,0.26,0,1,Online,Tier 2,0
C08873,11,86.0,12,836.0,9677.0,2,0.17,0,0,Both,Tier 2,1
C08874,18,65.0,9,867.0,7979.0,3,0.49,3,1,Store,Tier 2,1
C08875,59,48.0,13,1525.0,16666.0,5,0.41,0,0,Store,Tier 1,0
C08876,38,48.0,12,890.0,11273.0,5,0.08,0,1,Store,Tier 1,0
C08877,2,62.0,15,453.0,7854.0,2,0.56,0,0,Both,Tier 2,1
C08878,52,10.0,12,1413.0,20259.0,4,0.44,0,1,Both,Tier 1,0
C08879,36,20.0,15,1379.0,20121.0,2,0.32,0,1,Store,Tier 1,0
C08880,5,71.0,21,553.0,11811.0,1,0.47,0,1,Store,Tier 2,0
C08881,21,15.0,22,1281.0,30945.0,3,0.16,0,1,Online,Tier 3,0
C08882,51,15.0,15,877.0,12995.0,4,0.23,1,1,Store,Tier 1,0
C08883,19,13.0,12,917.0,10427.0,2,0.23,0,0,Store,Tier 2,0
C08884,9,10.0,15,,8747.0,2,0.57,0,0,Online,Tier 2,0
C08885,15,145.0,7,709.0,5681.0,4,0.06,1,0,Store,Tier 1,1
C08886,5,19.0,12,1031.0,11891.0,2,0.74,0,0,Both,Tier 2,0
C08887,18,71.0,10,864.0,6997.0,3,0.59,1,1,Both,Tier 1,0
C08888,25,34.0,16,1509.0,22911.0,3,0.18,1,1,Online,Tier 1,0
C08889,2,41.0,15,502.0,6353.0,2,0.39,1,0,Both,Tier 2,0
C08890,38,266.0,2,702.0,1446.0,4,0.34,0,0,Online,Tier 1,1
C08891,35,96.0,5,1539.0,8888.0,5,0.05,0,1,Store,Tier 1,0
C08892,37,32.0,7,846.0,4941.0,3,0.2,0,1,Store,Tier 1,0
C08893,58,82.0,8,1066.0,8646.0,3,0.62,0,1,Online,Tier 3,0
C08894,26,27.0,12,837.0,10161.0,3,0.14,0,1,Store,Tier 1,0
C08895,15,88.0,14,411.0,5519.0,4,0.09,0,0,Both,Tier 1,0
C08896,10,49.0,12,785.0,9736.0,2,0.38,0,1,Both,Tier 1,0
C08897,8,33.0,7,1467.0,9920.0,3,0.54,0,0,Online,Tier 2,1
C08898,33,17.0,12,,11262.0,5,0.26,2,0,Both,Tier 1,0
C08899,50,74.0,15,528.0,7734.0,8,0.32,0,1,Both,Tier 1,0
C08900,39,127.0,9,930.0,6821.0,4,0.67,1,1,Both,Tier 2,0
C08901,24,82.0,9,872.0,7200.0,4,0.38,0,0,Online,Tier 2,1
C08902,35,24.0,13,882.0,11029.0,5,0.35,0,1,Both,Tier 2,0
C08903,17,45.0,12,879.0,11227.0,4,0.34,0,0,Both,Tier 3,0
C08904,14,7.0,12,267.0,3737.0,4,0.36,1,0,Both,Tier 2,1
C08905,15,49.0,14,343.0,3842.0,2,0.77,0,1,Both,Tier 2,0
C08906,43,25.0,17,986.0,14724.0,4,0.19,0,1,Store,Tier 1,0
C08907,7,75.0,9,991.0,7518.0,4,0.45,0,0,Both,Tier 2,1
C08908,2,19.0,10,824.0,9007.0,5,0.12,1,0,Both,Tier 2,0
C08909,2,38.0,15,1134.0,16217.0,5,0.6,1,0,Store,Tier 2,0
C08910,8,17.0,13,509.0,7101.0,3,0.33,0,0,Store,Tier 2,0
C08911,3,181.0,3,891.0,3006.0,3,0.37,0,0,Both,Tier 1,1
C08912,42,77.0,11,1100.0,14389.0,4,0.51,1,1,Both,Tier 1,1
C08913,12,165.0,4,420.0,1871.0,3,0.39,0,0,Store,,1
C08914,25,19.0,8,1068.0,7195.0,2,0.54,1,1,Both,Tier 2,0
C08915,31,36.0,6,645.0,3194.0,2,0.67,0,1,Store,Tier 3,1
C08916,17,32.0,15,448.0,6063.0,1,0.25,0,0,Online,Tier 1,0
C08917,42,133.0,12,1295.0,13380.0,4,0.19,0,1,Store,Tier 1,0
C08918,32,129.0,7,1040.0,8630.0,5,0.02,1,1,Store,Tier 2,0
C08919,39,49.0,6,1428.0,7997.0,2,0.6,2,1,Both,Tier 1,1
C08920,18,9.0,13,316.0,4696.0,5,0.29,0,0,Both,Tier 1,0
C08921,1,214.0,5,1303.0,7037.0,2,0.35,0,0,Store,Tier 3,1
C08922,14,55.0,9,1304.0,10148.0,7,0.35,0,1,Both,Tier 1,0
C08923,35,54.0,12,731.0,8190.0,7,0.15,0,1,Store,Tier 3,0
C08924,31,80.0,13,1348.0,15805.0,2,0.16,1,0,Store,Tier 1,0
C08925,17,198.0,4,1179.0,3991.0,3,0.24,0,0,Online,Tier 1,1
C08926,19,47.0,19,1208.0,25249.0,3,0.34,0,0,Both,Tier 2,0
C08927,30,16.0,11,690.0,6510.0,3,0.74,0,0,Store,Tier 1,0
C08928,37,79.0,6,150.0,786.0,4,0.38,1,0,Both,Tier 1,1
C08929,34,76.0,10,1116.0,11964.0,2,0.34,1,1,Online,Tier 2,0
C08930,17,18.0,15,1182.0,21157.0,4,0.54,0,0,Online,Tier 1,0
C08931,1,22.0,6,794.0,5379.0,4,0.33,0,0,Online,Tier 3,0
C08932,33,76.0,12,1010.0,12230.0,5,0.16,3,1,Online,Tier 2,0
C08933,4,152.0,8,656.0,6106.0,3,0.37,1,1,Store,Tier 2,1
C08934,56,40.0,14,601.0,8357.0,8,0.5,0,1,Both,Tier 1,0
C08935,44,48.0,8,886.0,8378.0,1,0.71,1,1,Both,Tier 1,1
C08936,2,66.0,11,632.0,8053.0,2,0.38,0,0,Store,Tier 3,0
C08937,46,19.0,13,1667.0,19036.0,5,0.08,0,1,Online,Tier 1,0
C08938,1,26.0,10,1117.0,9105.0,2,0.55,0,0,Online,Tier 2,0
C08939,15,46.0,12,813.0,9578.0,4,0.47,0,0,Both,Tier 2,0
C08940,14,74.0,7,676.0,4752.0,3,0.05,0,1,Store,Tier 1,0
C08941,26,151.0,4,560.0,2186.0,2,0.58,1,0,Store,Tier 2,1
C08942,34,56.0,13,876.0,10020.0,6,0.61,0,1,Online,Tier 1,0
C08943,40,28.0,10,1936.0,21785.0,3,0.49,0,0,Both,Tier 1,0
C08944,40,96.0,9,1582.0,13321.0,4,0.51,0,1,Store,Tier 2,0
C08945,13,134.0,7,1087.0,8349.0,6,0.45,0,1,Store,Tier 1,1
C08946,13,29.0,17,,21782.0,7,0.15,0,0,Store,Tier 1,0
C08947,34,34.0,7,913.0,5889.0,2,0.2,1,0,Store,Tier 1,0
C08948,30,162.0,9,806.0,8489.0,6,0.54,0,0,Both,Tier 2,0
C08949,11,19.0,14,1279.0,15382.0,3,0.71,1,0,Store,Tier 1,0
C08950,55,4.0,13,627.0,6805.0,4,0.61,0,1,Store,Tier 2,0
C08951,5,86.0,6,952.0,5993.0,4,0.38,0,0,Store,Tier 2,0
C08952,55,94.0,12,827.0,7962.0,6,0.27,0,1,Store,Tier 2,0
C08953,39,103.0,8,1051.0,9809.0,2,0.52,0,0,Store,Tier 2,1
C08954,30,31.0,11,804.0,9161.0,3,0.08,0,0,Store,Tier 2,0
C08955,58,160.0,6,1320.0,7817.0,6,0.43,2,1,Online,Tier 2,1
C08956,16,42.0,15,796.0,12006.0,4,0.67,1,1,Store,Tier 1,0
C08957,45,104.0,15,758.0,12296.0,6,0.16,0,1,Store,Tier 3,1
C08958,51,142.0,5,1425.0,5732.0,2,0.27,0,0,Store,Tier 1,1
C08959,57,72.0,13,1100.0,11487.0,4,0.48,0,0,Both,Tier 1,0
C08960,34,40.0,14,1840.0,28259.0,1,0.22,0,0,Online,Tier 3,0
C08961,36,24.0,14,688.0,9828.0,5,0.58,1,1,Both,Tier 1,0
C08962,28,81.0,9,1004.0,9293.0,6,0.17,0,1,Store,Tier 1,0
C08963,53,3.0,7,534.0,4360.0,5,0.51,0,1,Store,Tier 1,0
C08964,11,90.0,6,1006.0,6039.0,5,0.16,1,1,Both,Tier 1,0
C08965,57,73.0,8,703.0,5464.0,2,0.5,0,1,Online,Tier 2,1
C08966,31,67.0,14,788.0,10114.0,4,0.31,0,0,Online,Tier 3,1
C08967,19,44.0,7,1210.0,6913.0,2,0.71,2,0,Store,Tier 1,0
C08968,33,66.0,14,452.0,5851.0,4,0.25,1,1,Store,Tier 3,0
C08969,2,16.0,23,1156.0,26707.0,4,0.24,1,0,Store,Tier 1,0
C08970,27,116.0,14,517.0,8132.0,6,0.34,0,0,Store,Tier 3,0
C08971,11,169.0,11,574.0,6805.0,4,0.34,1,0,Store,Tier 2,1
C08972,34,23.0,14,1268.0,20080.0,5,0.89,0,0,Store,Tier 1,1
C08973,32,33.0,16,1151.0,16679.0,4,0.33,0,0,Store,Tier 1,0
C08974,2,60.0,18,1398.0,27585.0,4,0.77,0,1,Store,Tier 1,0
C08975,31,54.0,20,501.0,10887.0,6,0.43,1,0,Store,Tier 2,0
C08976,30,90.0,12,991.0,11771.0,4,0.03,0,1,Online,Tier 1,0
C08977,60,17.0,16,1146.0,15149.0,4,0.7,0,1,Both,Tier 1,0
C08978,18,86.0,14,689.0,8115.0,3,0.56,1,1,Both,Tier 1,0
C08979,11,74.0,11,1415.0,18135.0,3,0.13,1,0,Both,Tier 2,0
C08980,53,34.0,19,150.0,3395.0,4,0.51,0,1,Online,Tier 1,0
C08981,59,20.0,15,179.0,2237.0,4,0.52,0,1,Store,Tier 2,0
C08982,25,30.0,16,951.0,17533.0,4,0.26,0,0,Store,Tier 2,0
C08983,14,54.0,8,1404.0,12956.0,2,0.05,1,0,Store,Tier 1,0
C08984,48,50.0,15,797.0,13711.0,5,0.83,1,1,Online,Tier 2,0
C08985,58,49.0,9,623.0,4964.0,6,0.04,1,0,Store,Tier 3,0
C08986,43,88.0,12,522.0,5998.0,6,0.64,0,0,Store,Tier 1,1
C08987,25,70.0,8,651.0,4936.0,4,0.54,0,1,Both,Tier 1,0
C08988,3,64.0,14,1366.0,21481.0,3,0.32,0,1,Store,Tier 1,0
C08989,60,60.0,11,752.0,7299.0,7,0.65,0,1,Store,Tier 3,0
C08990,30,26.0,15,629.0,10852.0,5,0.63,0,0,Store,Tier 2,0
C08991,28,70.0,6,1870.0,13026.0,2,0.6,1,1,Both,Tier 1,0
C08992,4,29.0,19,892.0,18650.0,3,0.1,0,0,Both,Tier 2,0
C08993,22,12.0,10,454.0,3788.0,3,0.42,0,0,Store,Tier 1,0
C08994,39,99.0,9,906.0,7639.0,3,0.42,1,1,Store,Tier 1,1
C08995,60,49.0,11,1619.0,19398.0,5,0.47,0,0,Store,Tier 3,0
C08996,32,53.0,13,661.0,8407.0,4,0.74,1,0,Online,Tier 2,0
C08997,58,85.0,19,341.0,7464.0,8,0.72,0,1,Store,Tier 1,0
C08998,30,29.0,11,759.0,7686.0,2,0.53,0,1,Both,Tier 2,0
C08999,57,77.0,13,1163.0,15569.0,4,0.28,0,1,Both,Tier 1,0
C09000,28,87.0,10,1233.0,10995.0,4,0.87,0,0,Online,Tier 2,0
C09001,54,160.0,9,624.0,6047.0,2,0.59,0,1,Both,Tier 2,1
C09002,19,23.0,10,1488.0,13624.0,8,0.07,0,1,Store,Tier 3,0
C09003,4,5.0,15,1506.0,19032.0,4,0.19,1,1,Store,Tier 1,0
C09004,50,31.0,7,635.0,4282.0,3,0.34,0,0,Store,Tier 3,0
C09005,41,89.0,15,755.0,11951.0,6,0.73,0,1,Store,Tier 1,0
C09006,13,70.0,7,667.0,3943.0,4,0.35,0,0,Online,Tier 1,0
C09007,6,10.0,16,917.0,15974.0,3,0.35,0,1,Store,Tier 1,0
C09008,5,167.0,9,716.0,6846.0,2,0.26,1,0,Store,Tier 2,1
C09009,44,64.0,13,766.0,10181.0,3,0.13,0,1,Both,Tier 3,0
C09010,39,150.0,6,773.0,4477.0,2,0.41,0,1,Store,Tier 2,1
C09011,40,75.0,10,1132.0,10160.0,5,0.49,0,1,Online,Tier 1,0
C09012,47,33.0,13,1166.0,17585.0,3,0.3,1,1,Both,Tier 1,0
C09013,4,50.0,18,658.0,10108.0,6,0.71,1,0,Store,Tier 2,0
C09014,28,7.0,14,1532.0,21289.0,4,0.76,0,1,Store,Tier 1,0
C09015,33,36.0,6,957.0,5906.0,2,0.69,0,1,Store,Tier 1,0
C09016,46,19.0,15,1334.0,23693.0,3,0.68,0,1,Online,Tier 3,1
C09017,25,18.0,10,876.0,9733.0,3,0.14,1,0,Store,Tier 1,0
C09018,59,4.0,21,764.0,19210.0,4,0.51,0,1,Store,Tier 1,0
C09019,54,26.0,18,916.0,15654.0,5,0.22,0,1,Both,Tier 1,0
C09020,32,100.0,4,1145.0,4936.0,1,0.77,1,0,Both,Tier 1,1
C09021,41,35.0,12,964.0,10491.0,4,0.33,0,1,Both,Tier 2,0
C09022,55,69.0,11,1162.0,12048.0,2,0.95,1,0,Store,Tier 2,0
C09023,29,17.0,20,1264.0,28658.0,5,0.86,1,0,Store,Tier 2,0
C09024,10,29.0,11,1078.0,13367.0,2,0.35,0,1,Store,Tier 1,0
C09025,58,29.0,17,1011.0,14020.0,3,0.56,2,1,Both,Tier 2,0
C09026,36,29.0,11,930.0,10102.0,1,0.6,0,1,Both,Tier 3,0
C09027,39,143.0,8,1245.0,11641.0,3,0.88,0,0,Store,Tier 2,1
C09028,14,41.0,12,1489.0,18768.0,6,0.53,0,1,Store,Tier 1,0
C09029,29,22.0,19,796.0,12808.0,5,0.22,0,1,Online,Tier 2,0
C09030,48,35.0,9,637.0,5159.0,3,0.58,0,1,Store,Tier 2,0
C09031,54,209.0,4,,2006.0,5,0.72,0,1,Store,Tier 1,1
C09032,35,25.0,14,1003.0,13428.0,2,0.07,0,1,Store,Tier 2,0
C09033,40,36.0,13,1029.0,13223.0,4,0.04,1,1,Both,Tier 1,0
C09034,25,57.0,12,1085.0,13607.0,5,0.25,0,1,Store,Tier 3,0
C09035,6,85.0,14,1588.0,22062.0,2,0.22,0,0,Online,Tier 1,0
C09036,24,87.0,11,1110.0,13513.0,4,0.28,1,0,Online,Tier 2,1
C09037,43,65.0,11,1120.0,10187.0,1,0.31,0,1,Store,Tier 3,0
C09038,52,73.0,11,1306.0,15642.0,3,0.56,0,1,Store,Tier 1,0
C09039,39,19.0,13,377.0,3936.0,3,0.56,1,1,Online,Tier 1,0
C09040,3,14.0,15,860.0,14674.0,3,0.35,0,0,Both,Tier 1,0
C09041,42,82.0,12,150.0,2147.0,3,0.44,0,0,Store,Tier 1,0
C09042,1,21.0,9,710.0,5716.0,3,0.39,0,0,Online,Tier 2,1
C09043,46,123.0,10,917.0,7779.0,4,0.4,1,1,Online,Tier 1,0
C09044,55,73.0,9,777.0,7329.0,3,0.41,0,1,Both,Tier 1,0
C09045,52,86.0,14,719.0,9827.0,4,0.4,0,1,Store,Tier 1,0
C09046,35,38.0,17,150.0,2996.0,3,0.37,1,0,Store,Tier 1,0
C09047,2,25.0,10,1255.0,11571.0,6,0.17,0,0,Online,Tier 2,1
C09048,18,26.0,14,1363.0,20364.0,3,0.05,0,1,Store,Tier 2,0
C09049,45,65.0,6,789.0,5270.0,4,0.37,0,1,Store,,0
C09050,55,20.0,16,1474.0,23047.0,4,0.54,1,1,Store,Tier 2,0
C09051,20,33.0,11,1252.0,15065.0,3,0.49,0,0,Both,Tier 2,0
C09052,17,38.0,15,301.0,3883.0,3,0.66,1,1,Store,Tier 1,0
C09053,59,24.0,13,848.0,8908.0,4,0.57,1,0,Both,Tier 2,0
C09054,36,16.0,11,1271.0,15960.0,4,0.49,0,1,Store,Tier 1,0
C09055,6,9.0,13,1105.0,16808.0,2,0.75,1,0,Online,Tier 2,1
C09056,12,29.0,12,1133.0,11293.0,3,0.39,0,0,Store,Tier 1,0
C09057,24,118.0,12,1222.0,12666.0,2,0.83,0,0,Store,Tier 2,0
C09058,37,103.0,12,748.0,10530.0,4,0.17,0,0,Online,Tier 1,1
C09059,49,65.0,15,371.0,5986.0,5,0.58,0,1,Store,Tier 1,1
C09060,20,9.0,21,790.0,18850.0,2,0.22,0,0,Both,Tier 2,0
C09061,58,185.0,6,813.0,4897.0,4,0.77,0,1,Store,Tier 3,1
C09062,11,58.0,13,1084.0,13388.0,3,0.57,0,0,Store,Tier 2,0
C09063,40,28.0,12,,13105.0,3,0.37,0,0,Both,Tier 1,0
C09064,7,63.0,10,1062.0,11320.0,2,0.55,0,1,Online,Tier 3,0
C09065,27,10.0,20,1059.0,25105.0,7,0.07,0,0,Online,Tier 2,0
C09066,21,139.0,8,444.0,3956.0,5,0.4,0,0,Store,Tier 2,0
C09067,53,7.0,11,601.0,7761.0,3,0.31,0,1,Store,Tier 2,0
C09068,12,163.0,4,886.0,3855.0,3,0.65,1,1,Online,Tier 3,1
C09069,38,193.0,8,969.0,6215.0,2,0.23,2,1,Store,Tier 2,0
C09070,9,74.0,11,1151.0,14167.0,3,0.34,0,0,Both,Tier 2,0
C09071,47,44.0,8,556.0,5301.0,4,0.29,0,0,Store,Tier 2,0
C09072,4,36.0,12,1157.0,15259.0,1,0.72,1,0,Both,Tier 1,1
C09073,33,39.0,18,816.0,13604.0,3,0.57,1,1,Both,Tier 1,0
C09074,53,30.0,11,620.0,5826.0,2,0.05,0,1,Store,Tier 2,0
C09075,15,116.0,4,715.0,3412.0,5,0.65,0,1,Online,Tier 2,1
C09076,18,52.0,22,1483.0,31141.0,2,0.5,1,0,Both,Tier 3,0
C09077,21,10.0,13,1130.0,15442.0,6,0.58,2,1,Store,Tier 2,0
C09078,28,64.0,14,621.0,7495.0,3,0.12,0,1,Store,Tier 2,0
C09079,50,163.0,5,1519.0,6624.0,4,0.29,0,1,Store,Tier 1,0
C09080,55,41.0,13,1005.0,12506.0,3,0.43,1,0,Both,Tier 2,0
C09081,55,56.0,11,1056.0,9731.0,7,0.08,0,1,Both,Tier 2,0
C09082,15,28.0,30,952.0,33719.0,4,0.25,0,1,Store,Tier 2,0
C09083,46,57.0,15,885.0,14559.0,5,0.28,1,0,Store,Tier 2,0
C09084,12,26.0,10,651.0,5209.0,8,0.24,0,0,Online,Tier 1,0
C09085,3,40.0,14,811.0,11116.0,2,0.36,0,0,Store,Tier 3,1
C09086,30,37.0,16,1186.0,22014.0,5,0.46,0,0,Both,Tier 2,0
C09087,39,17.0,14,1087.0,12234.0,6,0.35,0,0,Both,Tier 1,0
C09088,11,28.0,10,699.0,8039.0,6,0.48,0,0,Store,Tier 2,1
C09089,58,50.0,20,788.0,17082.0,2,0.53,0,1,Store,Tier 1,0
C09090,49,87.0,10,753.0,8139.0,4,0.67,0,0,Store,Tier 2,1
C09091,34,6.0,10,1558.0,14467.0,2,0.7,0,0,Store,Tier 2,0
C09092,22,203.0,7,989.0,6910.0,4,0.47,0,0,Both,Tier 1,1
C09093,34,143.0,8,417.0,3253.0,7,0.51,0,0,Store,Tier 1,1
C09094,15,328.0,0,1051.0,0.0,3,0.39,0,0,Store,Tier 3,1
C09095,26,58.0,13,813.0,11785.0,4,0.26,1,1,Store,Tier 2,0
C09096,6,63.0,6,1042.0,5048.0,2,0.27,0,0,Online,Tier 2,0
C09097,14,64.0,12,1016.0,9993.0,6,0.46,0,0,Store,Tier 2,0
C09098,7,14.0,13,426.0,5148.0,2,0.5,1,0,Store,Tier 2,1
C09099,12,32.0,11,1064.0,11179.0,6,0.6,2,0,Both,Tier 3,0
C09100,43,99.0,13,1113.0,12766.0,3,0.73,0,0,Store,Tier 2,1
C09101,50,98.0,10,1543.0,17077.0,4,0.3,1,0,Both,Tier 1,1
C09102,25,33.0,17,1219.0,20188.0,4,0.4,0,0,Store,Tier 2,0
C09103,23,38.0,15,1011.0,13942.0,3,0.26,1,1,Store,Tier 2,0
C09104,11,10.0,17,791.0,12538.0,4,0.22,0,0,Both,Tier 2,0
C09105,47,41.0,13,888.0,9596.0,2,0.22,0,1,Store,Tier 1,0
C09106,17,91.0,12,1030.0,13254.0,5,0.66,0,0,Store,Tier 2,0
C09107,16,66.0,10,934.0,10896.0,5,0.56,0,1,Both,Tier 2,0
C09108,34,30.0,11,1015.0,11197.0,2,0.6,0,0,Store,Tier 1,0
C09109,10,41.0,7,893.0,7380.0,3,0.1,0,1,Store,Tier 2,0
C09110,39,25.0,14,423.0,7012.0,3,0.74,0,1,Store,Tier 3,0
C09111,9,61.0,13,943.0,12110.0,5,0.39,0,1,Store,Tier 2,0
C09112,42,105.0,8,260.0,2114.0,4,0.4,1,1,Store,Tier 2,0
C09113,33,29.0,12,912.0,10894.0,3,0.22,2,0,Both,Tier 1,0
C09114,45,113.0,8,1320.0,9531.0,3,0.4,0,1,Both,Tier 2,1
C09115,60,43.0,8,968.0,8159.0,2,0.7,0,1,Store,Tier 3,0
C09116,53,32.0,12,689.0,7500.0,2,0.17,0,1,Both,Tier 1,0
C09117,59,123.0,5,621.0,2511.0,4,0.08,0,1,Store,Tier 1,0
C09118,41,169.0,5,1038.0,5334.0,7,0.74,0,0,Store,Tier 2,0
C09119,28,74.0,12,1490.0,20837.0,3,0.78,0,0,Both,Tier 1,0
C09120,27,97.0,16,1018.0,13477.0,3,0.79,0,1,Store,Tier 1,0
C09121,59,76.0,7,726.0,5860.0,6,0.7,0,1,Online,Tier 1,0
C09122,29,92.0,13,910.0,10600.0,2,0.13,0,1,Store,Tier 1,0
C09123,32,17.0,22,1357.0,31721.0,2,0.56,0,1,Store,Tier 3,0
C09124,44,81.0,10,790.0,6710.0,2,0.5,0,0,Both,Tier 2,0
C09125,17,107.0,10,527.0,6230.0,2,0.83,1,1,Store,Tier 1,0
C09126,12,8.0,14,1015.0,15431.0,4,0.17,0,0,Both,Tier 2,0
C09127,3,77.0,13,827.0,12870.0,6,0.65,2,0,Online,Tier 2,0
C09128,25,42.0,13,643.0,9871.0,3,0.11,0,0,Both,Tier 2,0
C09129,32,41.0,5,878.0,4715.0,4,0.63,1,1,Both,Tier 2,1
C09130,44,11.0,13,479.0,5338.0,3,0.12,0,1,Store,Tier 1,0
C09131,20,23.0,17,1319.0,20719.0,4,0.4,0,0,Both,Tier 3,0
C09132,40,60.0,11,774.0,7665.0,4,0.47,1,1,Store,Tier 2,1
C09133,19,17.0,16,806.0,10701.0,2,0.2,0,0,Store,Tier 1,0
C09134,29,168.0,4,956.0,3347.0,5,0.31,0,1,Both,Tier 3,0
C09135,14,21.0,16,477.0,7528.0,4,0.55,0,0,Online,Tier 1,0
C09136,39,60.0,10,516.0,6152.0,5,0.3,0,0,Store,Tier 2,0
C09137,52,101.0,13,944.0,11009.0,3,0.1,0,1,Store,Tier 2,1
C09138,3,67.0,12,916.0,9911.0,6,0.73,1,0,Store,Tier 1,0
C09139,49,26.0,16,478.0,6240.0,1,0.45,1,1,Store,Tier 1,0
C09140,50,66.0,8,665.0,5507.0,2,0.05,0,1,Store,Tier 2,0
C09141,8,78.0,12,1435.0,19958.0,3,0.93,1,1,Store,Tier 3,1
C09142,15,25.0,12,1036.0,14533.0,3,0.62,0,0,Both,Tier 1,0
C09143,60,39.0,10,447.0,4050.0,7,0.15,0,1,Online,Tier 2,0
C09144,20,68.0,11,668.0,6512.0,2,0.18,0,1,Online,Tier 1,0
C09145,30,36.0,11,855.0,10883.0,5,0.47,0,0,Store,Tier 3,1
C09146,12,287.0,5,686.0,3979.0,6,0.32,0,1,Both,Tier 2,0
C09147,32,63.0,13,1113.0,12145.0,5,0.22,2,1,Online,Tier 2,0
C09148,60,51.0,4,769.0,3353.0,2,0.49,0,1,Both,Tier 3,0
C09149,17,19.0,13,1661.0,19990.0,5,0.39,1,0,Store,Tier 1,0
C09150,38,108.0,6,,3790.0,2,0.55,0,0,Both,Tier 2,1
C09151,49,23.0,13,1151.0,14944.0,3,0.42,0,0,Store,Tier 2,0
C09152,59,64.0,18,196.0,3280.0,2,0.52,0,1,Online,Tier 3,1
C09153,42,66.0,10,769.0,8808.0,6,0.11,0,1,Store,Tier 3,0
C09154,29,30.0,14,970.0,15147.0,5,0.6,0,1,Both,Tier 2,0
C09155,29,32.0,19,,14641.0,2,0.31,0,1,Online,Tier 1,1
C09156,29,32.0,15,636.0,11203.0,3,0.38,0,0,Both,Tier 1,0
C09157,34,27.0,12,818.0,9715.0,3,0.4,1,0,Store,Tier 3,0
C09158,20,178.0,6,848.0,5520.0,5,0.34,1,0,Store,Tier 1,1
C09159,53,20.0,21,941.0,20133.0,4,0.43,0,1,Store,Tier 2,0
C09160,56,84.0,5,836.0,4852.0,6,0.41,0,1,Store,Tier 2,0
C09161,40,104.0,5,686.0,3885.0,3,0.47,1,0,Store,Tier 1,1
C09162,24,8.0,13,505.0,6488.0,4,0.3,0,0,Online,Tier 2,0
C09163,53,25.0,17,701.0,12429.0,4,0.38,1,1,Both,Tier 2,1
C09164,59,196.0,9,706.0,5422.0,3,0.76,0,0,Online,Tier 1,1
C09165,16,20.0,13,540.0,6430.0,3,0.93,0,0,Store,Tier 3,0
C09166,48,41.0,10,961.0,9087.0,4,0.23,0,1,Both,Tier 2,0
C09167,6,11.0,11,793.0,9439.0,3,0.35,0,0,Store,Tier 2,0
C09168,37,90.0,11,744.0,8005.0,8,0.35,0,0,Both,Tier 3,0
C09169,60,39.0,11,951.0,11163.0,6,0.14,0,0,Store,Tier 1,0
C09170,28,77.0,19,862.0,13884.0,6,0.32,0,1,Online,Tier 1,0
C09171,28,152.0,7,603.0,4172.0,3,0.24,1,1,Both,Tier 2,0
C09172,44,81.0,10,1148.0,9216.0,4,0.26,0,0,Online,Tier 2,0
C09173,18,51.0,17,729.0,10735.0,6,0.43,0,0,Both,Tier 2,0
C09174,40,14.0,11,279.0,2976.0,2,0.16,0,1,Store,Tier 1,0
C09175,53,19.0,19,1445.0,29320.0,6,0.44,0,1,Store,Tier 1,0
C09176,43,274.0,4,979.0,3742.0,5,0.59,0,0,Store,Tier 2,1
C09177,54,50.0,10,1627.0,15697.0,5,0.26,0,1,Both,Tier 1,0
C09178,45,42.0,11,715.0,9401.0,6,0.34,0,0,Store,Tier 2,0
C09179,19,9.0,11,893.0,10953.0,5,0.3,0,1,Both,Tier 2,0
C09180,20,4.0,9,957.0,10153.0,3,0.32,0,1,Online,Tier 2,0
C09181,2,26.0,15,956.0,16284.0,3,0.47,0,1,Both,Tier 1,0
C09182,4,67.0,13,1070.0,15451.0,3,0.51,0,0,Store,Tier 2,1
C09183,49,63.0,10,1128.0,10472.0,6,0.14,1,1,Both,Tier 1,0
C09184,45,35.0,11,1238.0,12812.0,4,0.07,0,0,Store,Tier 1,0
C09185,38,42.0,12,1073.0,11579.0,5,0.26,0,0,Store,Tier 1,0
C09186,20,26.0,9,1232.0,11496.0,4,0.39,0,1,Online,Tier 3,0
C09187,28,31.0,13,929.0,11476.0,3,0.2,0,1,Store,Tier 1,0
C09188,43,85.0,13,1920.0,23647.0,4,0.51,0,1,Store,Tier 2,0
C09189,31,18.0,11,1521.0,19730.0,7,0.25,0,0,Store,Tier 1,0
C09190,21,14.0,13,664.0,7340.0,2,0.38,0,0,Store,Tier 2,0
C09191,48,128.0,11,1253.0,15742.0,2,0.16,0,1,Online,Tier 1,0
C09192,4,159.0,6,1159.0,7716.0,5,0.71,0,1,Store,Tier 2,0
C09193,23,32.0,14,830.0,11553.0,4,0.13,0,1,Store,Tier 3,0
C09194,33,11.0,8,683.0,5131.0,5,0.41,0,0,Online,Tier 2,1
C09195,3,43.0,9,417.0,3228.0,4,0.36,0,0,Online,Tier 1,0
C09196,11,78.0,12,760.0,10283.0,5,0.52,0,0,Both,Tier 2,0
C09197,6,15.0,18,628.0,10379.0,6,0.24,0,1,Both,Tier 2,1
C09198,10,98.0,14,690.0,10982.0,7,0.56,0,1,Both,Tier 2,0
C09199,11,50.0,16,861.0,11233.0,2,0.18,0,0,Store,Tier 2,1
C09200,10,35.0,12,748.0,9070.0,7,0.55,0,0,Both,Tier 1,0
C09201,27,54.0,8,640.0,5920.0,5,0.74,0,0,Store,Tier 3,0
C09202,25,70.0,14,780.0,10498.0,4,0.42,0,0,Both,Tier 3,0
C09203,57,81.0,10,1370.0,13487.0,5,0.31,0,1,Store,Tier 3,0
C09204,42,101.0,8,1315.0,11097.0,5,0.95,0,1,Both,Tier 1,0
C09205,17,17.0,9,886.0,8560.0,3,0.26,0,0,Store,Tier 1,0
C09206,6,168.0,8,673.0,6016.0,4,0.05,0,0,Store,Tier 1,1
C09207,37,166.0,8,611.0,4705.0,4,0.42,2,1,Store,Tier 1,0
C09208,37,39.0,14,1100.0,18222.0,1,0.15,0,1,Store,Tier 2,0
C09209,20,15.0,10,916.0,8991.0,7,0.49,0,0,Store,Tier 3,0
C09210,54,25.0,18,1277.0,23739.0,1,0.7,0,1,Store,Tier 2,0
C09211,9,30.0,6,843.0,4694.0,5,0.55,0,0,Store,Tier 2,1
C09212,15,43.0,10,1087.0,12603.0,2,0.67,0,0,Online,Tier 1,0
C09213,2,12.0,15,811.0,10227.0,1,0.22,0,0,Store,Tier 2,1
C09214,39,55.0,13,1023.0,11587.0,5,0.28,2,0,Store,Tier 2,0
C09215,45,128.0,11,903.0,11193.0,4,0.22,2,1,Online,Tier 3,0
C09216,36,30.0,17,357.0,7124.0,2,0.34,0,0,Store,Tier 1,0
C09217,31,44.0,17,1366.0,24547.0,3,0.46,2,0,Both,Tier 2,1
C09218,56,75.0,12,1027.0,14786.0,5,0.32,0,1,Store,Tier 1,0
C09219,8,80.0,16,888.0,12690.0,5,0.82,0,0,Both,Tier 2,0
C09220,18,28.0,11,796.0,7805.0,4,0.3,0,0,Both,Tier 3,0
C09221,6,29.0,12,983.0,11978.0,4,0.28,0,0,Online,Tier 3,1
C09222,34,32.0,9,718.0,6220.0,5,0.44,0,1,Store,Tier 2,0
C09223,25,50.0,14,974.0,13774.0,6,0.15,0,0,Store,Tier 2,0
C09224,54,17.0,14,791.0,10590.0,5,0.69,0,1,Both,Tier 2,1
C09225,29,56.0,9,855.0,6221.0,3,0.2,1,0,Store,Tier 1,0
C09226,18,73.0,13,852.0,11373.0,3,0.1,0,1,Store,Tier 1,0
C09227,40,70.0,14,1291.0,14623.0,6,0.1,1,0,Store,Tier 3,0
C09228,58,72.0,16,1051.0,15522.0,3,0.57,1,1,Store,Tier 2,0
C09229,47,55.0,6,1050.0,5074.0,3,0.35,0,0,Both,Tier 2,0
C09230,43,17.0,14,825.0,12101.0,4,0.45,0,0,Store,Tier 1,0
C09231,23,222.0,5,1378.0,8185.0,4,0.44,0,0,Store,Tier 2,1
C09232,2,7.0,15,921.0,15193.0,4,0.72,0,0,Store,Tier 2,0
C09233,1,71.0,10,678.0,8092.0,3,0.83,0,0,Store,Tier 3,1
C09234,1,20.0,14,896.0,14539.0,2,0.44,0,0,Online,Tier 2,0
C09235,20,4.0,21,1392.0,26661.0,5,0.01,0,1,Store,Tier 3,0
C09236,38,51.0,7,937.0,5932.0,2,0.8,0,1,Store,Tier 1,1
C09237,14,27.0,15,1180.0,16927.0,6,0.24,0,0,Online,Tier 1,0
C09238,20,73.0,19,814.0,17559.0,4,0.27,0,1,Online,Tier 1,0
C09239,50,48.0,11,804.0,8462.0,4,0.07,0,0,Both,Tier 1,0
C09240,47,56.0,8,735.0,4826.0,2,0.12,0,1,Online,Tier 1,0
C09241,18,90.0,7,531.0,3065.0,2,0.29,0,1,Both,Tier 1,0
C09242,28,167.0,9,306.0,3258.0,3,0.41,0,1,Online,Tier 1,0
C09243,37,101.0,10,881.0,8579.0,3,0.86,1,1,Both,Tier 1,0
C09244,26,48.0,16,544.0,9827.0,4,0.05,1,0,Store,Tier 1,0
C09245,18,30.0,14,980.0,12039.0,4,0.67,0,1,Both,Tier 1,0
C09246,12,34.0,13,931.0,14318.0,1,0.23,1,0,Both,Tier 2,0
C09247,59,49.0,15,846.0,10903.0,4,0.64,1,0,Store,Tier 1,0
C09248,29,39.0,14,1640.0,19386.0,3,0.05,2,0,Store,Tier 2,0
C09249,4,44.0,14,1121.0,18396.0,4,0.38,0,0,Store,Tier 2,0
C09250,2,15.0,12,623.0,5988.0,8,0.02,0,0,Both,Tier 2,0
C09251,26,22.0,13,,19844.0,6,0.68,1,0,Online,Tier 1,0
C09252,6,5.0,13,809.0,11305.0,5,0.72,0,0,Store,Tier 3,0
C09253,13,79.0,8,662.0,4338.0,8,0.42,0,0,Online,Tier 1,1
C09254,55,21.0,12,997.0,10792.0,4,0.49,2,1,Store,Tier 3,0
C09255,2,50.0,12,564.0,7983.0,2,0.28,4,0,Online,Tier 1,1
C09256,10,49.0,13,652.0,9522.0,5,0.2,0,0,Online,Tier 2,1
C09257,40,40.0,13,,11008.0,6,0.59,0,0,Both,Tier 3,0
C09258,8,118.0,11,858.0,10906.0,4,0.12,0,0,Online,Tier 1,1
C09259,11,143.0,9,1041.0,8874.0,2,0.63,0,0,Store,Tier 2,1
C09260,42,66.0,15,1219.0,16022.0,5,0.72,0,1,Both,Tier 1,0
C09261,60,1.0,18,1262.0,24686.0,3,0.26,0,0,Both,Tier 1,0
C09262,60,96.0,14,779.0,11771.0,4,0.43,0,1,Store,Tier 2,0
C09263,2,92.0,7,848.0,6970.0,4,0.76,0,1,Both,Tier 2,1
C09264,12,22.0,15,964.0,16595.0,4,0.05,0,0,Store,Tier 1,0
C09265,39,32.0,13,361.0,5441.0,1,0.18,0,0,Both,Tier 1,1
C09266,52,53.0,15,626.0,7914.0,4,0.55,0,1,Both,Tier 2,0
C09267,54,38.0,14,739.0,8834.0,3,0.17,1,1,Store,Tier 2,0
C09268,56,4.0,16,1583.0,29244.0,4,0.41,0,1,Store,Tier 3,0
C09269,4,143.0,7,904.0,7448.0,3,0.08,2,0,Store,Tier 3,1
C09270,52,21.0,13,987.0,10380.0,2,0.59,0,1,Store,Tier 3,0
C09271,17,78.0,8,315.0,2084.0,4,0.56,0,1,Both,Tier 2,0
C09272,24,43.0,13,771.0,10816.0,5,0.59,1,1,Both,Tier 3,0
C09273,43,109.0,10,721.0,8206.0,6,0.52,1,1,Store,Tier 3,0
C09274,9,38.0,10,1017.0,8189.0,5,0.34,0,0,Both,Tier 3,1
C09275,58,78.0,5,1148.0,5811.0,2,0.42,2,1,Store,Tier 1,0
C09276,26,44.0,11,,7290.0,3,0.35,1,1,Both,Tier 3,1
C09277,10,96.0,12,1240.0,17096.0,2,0.33,0,0,Store,Tier 3,0
C09278,60,36.0,17,967.0,16358.0,3,0.36,1,1,Store,Tier 1,0
C09279,44,5.0,10,1094.0,12613.0,5,0.9,0,1,Online,Tier 3,1
C09280,32,40.0,11,761.0,7862.0,4,0.49,0,0,Both,Tier 1,1
C09281,38,17.0,14,511.0,6992.0,3,0.52,0,0,Online,Tier 1,0
C09282,54,204.0,6,615.0,3401.0,5,0.63,0,1,Store,Tier 1,0
C09283,57,98.0,10,1636.0,13175.0,7,0.49,0,1,Online,Tier 2,0
C09284,40,97.0,9,580.0,4974.0,3,0.05,0,0,Store,Tier 1,0
C09285,39,43.0,13,480.0,5848.0,3,0.43,1,1,Store,Tier 2,0
C09286,56,43.0,13,1012.0,15316.0,4,0.32,1,0,Store,Tier 1,0
C09287,49,11.0,11,792.0,7488.0,5,0.37,1,1,Online,Tier 2,1
C09288,43,30.0,8,878.0,6131.0,4,0.14,1,1,Store,Tier 2,0
C09289,2,64.0,9,650.0,4695.0,5,0.54,0,0,Store,Tier 3,0
C09290,30,44.0,12,1278.0,17372.0,3,0.73,0,1,Both,Tier 1,0
C09291,43,148.0,11,485.0,5562.0,1,0.34,1,0,Both,Tier 1,1
C09292,15,53.0,8,503.0,3932.0,4,0.24,0,1,Store,Tier 1,0
C09293,14,157.0,10,706.0,7958.0,3,0.32,0,0,Online,Tier 1,1
C09294,59,60.0,14,746.0,10836.0,2,0.19,0,1,Online,Tier 1,0
C09295,7,28.0,11,1144.0,12067.0,1,0.28,0,1,Store,Tier 2,0
C09296,47,106.0,8,785.0,6028.0,3,0.23,0,0,Both,Tier 2,0
C09297,21,3.0,13,536.0,6781.0,2,0.47,0,1,Store,Tier 1,0
C09298,57,8.0,17,838.0,13244.0,3,0.17,0,0,Both,Tier 2,0
C09299,40,64.0,6,1147.0,7161.0,5,0.44,0,0,Store,Tier 2,0
C09300,18,15.0,14,1114.0,13046.0,4,0.28,0,0,Online,Tier 2,0
C09301,10,17.0,18,775.0,15023.0,5,0.73,1,0,Store,Tier 1,0
C09302,35,66.0,10,987.0,9995.0,4,0.38,0,0,Store,Tier 2,0
C09303,18,36.0,11,970.0,12304.0,7,0.84,1,0,Store,Tier 2,1
C09304,24,26.0,16,775.0,10025.0,1,0.33,0,0,Online,Tier 2,1
C09305,13,52.0,8,596.0,5710.0,4,0.54,0,0,Both,Tier 1,1
C09306,15,21.0,11,1254.0,16550.0,4,0.32,2,0,Store,Tier 1,1
C09307,25,16.0,15,731.0,11318.0,2,0.39,0,0,Store,Tier 3,0
C09308,38,34.0,17,826.0,14651.0,5,0.18,0,1,Store,Tier 1,0
C09309,32,152.0,8,663.0,5438.0,1,0.28,1,0,Both,Tier 3,0
C09310,42,40.0,14,946.0,14706.0,5,0.48,2,0,Online,Tier 2,0
C09311,8,60.0,13,640.0,9126.0,4,0.16,0,0,Both,,1
C09312,7,19.0,14,963.0,15262.0,5,0.18,0,1,Store,Tier 1,0
C09313,6,10.0,21,483.0,8874.0,4,0.09,0,1,Both,Tier 2,0
C09314,34,12.0,22,590.0,14801.0,7,0.31,0,1,Store,Tier 2,0
C09315,37,95.0,11,862.0,9077.0,2,0.7,0,1,Store,Tier 1,0
C09316,59,38.0,5,1006.0,4266.0,7,0.77,2,1,Online,Tier 1,0
C09317,49,13.0,7,954.0,6324.0,7,0.43,1,0,Both,Tier 3,1
C09318,35,172.0,6,1099.0,7680.0,6,0.42,0,0,Both,Tier 2,0
C09319,53,60.0,12,1169.0,12023.0,2,0.5,1,1,Both,Tier 3,0
C09320,3,28.0,14,784.0,12599.0,2,0.45,0,0,Online,Tier 3,0
C09321,28,53.0,10,679.0,5773.0,5,0.36,1,0,Store,Tier 3,0
C09322,60,70.0,19,775.0,17201.0,4,0.47,0,1,Store,Tier 2,0
C09323,18,94.0,10,891.0,8991.0,4,0.57,0,1,Store,Tier 2,0
C09324,52,138.0,8,821.0,7797.0,4,0.37,1,1,Store,Tier 3,0
C09325,57,38.0,16,893.0,14743.0,2,0.27,0,1,Store,Tier 2,0
C09326,56,182.0,7,777.0,6193.0,4,0.36,0,0,Online,Tier 2,1
C09327,19,49.0,17,1452.0,21651.0,2,0.54,2,0,Store,Tier 2,1
C09328,36,48.0,8,937.0,6331.0,5,0.53,0,1,Store,Tier 2,0
C09329,15,17.0,19,185.0,2983.0,5,0.54,0,1,Both,Tier 2,0
C09330,20,133.0,9,419.0,3795.0,6,0.07,0,0,Store,Tier 1,0
C09331,21,64.0,13,1337.0,14064.0,3,0.42,0,1,Store,Tier 1,0
C09332,55,80.0,13,871.0,10062.0,3,0.27,0,0,Both,Tier 2,0
C09333,1,140.0,7,1158.0,9708.0,7,0.4,0,0,Store,Tier 3,0
C09334,56,87.0,11,316.0,3490.0,5,0.56,0,1,Both,Tier 1,0
C09335,14,116.0,11,1141.0,12341.0,2,0.5,0,1,Online,Tier 2,1
C09336,28,31.0,18,904.0,18285.0,3,0.26,1,1,Online,Tier 3,0
C09337,44,89.0,11,1686.0,19566.0,2,0.66,0,0,Both,Tier 2,1
C09338,27,130.0,11,500.0,5715.0,5,0.3,0,0,Store,Tier 1,0
C09339,42,132.0,12,1511.0,17370.0,5,0.67,0,1,Online,Tier 1,1
C09340,38,59.0,11,1130.0,9991.0,2,0.56,0,1,Store,Tier 1,0
C09341,32,58.0,12,1279.0,15735.0,5,0.75,0,1,Both,Tier 2,0
C09342,1,80.0,13,1184.0,17411.0,4,0.36,2,0,Online,Tier 2,0
C09343,42,1.0,15,1125.0,18895.0,3,0.18,0,1,Both,Tier 1,0
C09344,18,36.0,8,894.0,6565.0,4,0.11,2,0,Both,Tier 1,0
C09345,36,15.0,17,1008.0,15125.0,3,0.44,0,1,Both,Tier 1,0
C09346,26,22.0,15,1307.0,19353.0,4,0.3,0,1,Online,Tier 2,0
C09347,18,76.0,11,1042.0,12238.0,4,0.52,1,1,Both,Tier 2,0
C09348,8,23.0,13,862.0,10385.0,6,0.39,0,0,Store,Tier 1,0
C09349,17,109.0,6,834.0,4244.0,3,0.35,0,0,Store,Tier 1,0
C09350,26,10.0,16,631.0,9405.0,2,0.76,1,0,Store,Tier 1,0
C09351,53,49.0,11,1018.0,12363.0,3,0.19,0,1,Store,Tier 3,0
C09352,23,66.0,14,150.0,1850.0,4,0.17,0,0,Store,Tier 3,0
C09353,45,29.0,15,561.0,7955.0,2,0.37,0,0,Store,Tier 2,0
C09354,28,91.0,9,884.0,8817.0,2,0.4,0,0,Both,Tier 2,1
C09355,55,4.0,9,369.0,2984.0,4,0.49,0,0,Both,Tier 3,0
C09356,40,16.0,16,591.0,7719.0,4,0.21,0,0,Store,Tier 2,0
C09357,20,44.0,9,355.0,2654.0,4,0.27,0,0,Online,Tier 1,0
C09358,6,15.0,15,864.0,14754.0,1,0.28,0,0,Online,Tier 3,0
C09359,17,44.0,14,884.0,11578.0,6,0.15,0,0,Online,Tier 1,0
C09360,31,49.0,20,1080.0,24773.0,3,0.51,0,1,Both,Tier 1,0
C09361,56,109.0,7,1227.0,7331.0,1,0.42,0,1,Store,Tier 2,0
C09362,24,120.0,7,1187.0,7597.0,2,0.06,0,0,Store,Tier 3,0
C09363,26,35.0,9,1174.0,10121.0,5,0.33,0,1,Store,Tier 1,0
C09364,56,95.0,14,674.0,9325.0,3,0.44,0,1,Store,Tier 2,0
C09365,52,33.0,10,1139.0,12444.0,5,0.26,0,0,Both,Tier 2,0
C09366,56,13.0,14,1139.0,14424.0,3,0.37,0,0,Store,Tier 2,0
C09367,13,23.0,14,604.0,7783.0,4,0.42,0,1,Online,Tier 1,0
C09368,25,50.0,16,546.0,10052.0,3,0.12,0,0,Store,Tier 2,0
C09369,7,31.0,10,993.0,8680.0,5,0.67,0,1,Both,Tier 2,0
C09370,42,40.0,10,1162.0,9501.0,7,0.21,1,1,Both,Tier 1,0
C09371,1,5.0,13,1122.0,16068.0,4,0.4,1,0,Store,Tier 2,1
C09372,16,39.0,12,902.0,12536.0,3,0.29,0,0,Store,Tier 2,0
C09373,31,55.0,9,1312.0,10320.0,5,0.19,2,1,Store,Tier 2,0
C09374,43,16.0,13,1129.0,13927.0,5,0.28,1,1,Store,Tier 2,0
C09375,24,171.0,7,628.0,4029.0,4,0.52,0,1,Store,Tier 1,0
C09376,51,7.0,15,1126.0,19673.0,3,0.44,1,1,Store,Tier 3,0
C09377,4,114.0,8,1014.0,8716.0,4,0.14,0,1,Store,Tier 1,0
C09378,22,86.0,13,492.0,6725.0,4,0.11,1,1,Online,Tier 2,0
C09379,54,72.0,19,987.0,19104.0,3,0.36,0,0,Online,,0
C09380,23,98.0,9,1321.0,12484.0,5,0.35,0,1,Store,Tier 2,0
C09381,29,54.0,10,1376.0,12690.0,3,0.31,1,1,Store,Tier 1,0
C09382,49,24.0,14,1280.0,14746.0,2,0.68,1,0,Store,Tier 1,0
C09383,43,72.0,13,764.0,10135.0,3,0.13,1,1,Store,Tier 2,0
C09384,15,38.0,15,816.0,11921.0,5,0.34,1,0,Online,Tier 2,0
C09385,35,39.0,10,893.0,9755.0,3,0.27,0,1,Both,Tier 2,1
C09386,32,43.0,5,660.0,3363.0,5,0.19,0,1,Both,Tier 1,0
C09387,24,3.0,10,1577.0,17784.0,1,0.25,1,0,Online,Tier 2,1
C09388,36,198.0,2,1416.0,2641.0,4,0.32,0,0,Store,Tier 1,1
C09389,7,136.0,7,1331.0,9048.0,8,0.17,0,0,Store,Tier 2,0
C09390,15,87.0,9,723.0,6901.0,4,0.31,1,0,Store,Tier 2,0
C09391,33,54.0,17,1287.0,18811.0,5,0.43,0,1,Store,Tier 1,0
C09392,44,38.0,11,582.0,7207.0,2,0.42,0,0,Both,Tier 2,0
C09393,19,13.0,10,1540.0,16995.0,2,0.19,1,1,Store,Tier 1,0
C09394,27,18.0,19,528.0,8555.0,5,0.31,1,1,Both,Tier 3,0
C09395,45,21.0,7,914.0,6185.0,5,0.26,0,0,Store,Tier 1,0
C09396,41,72.0,9,1103.0,8674.0,5,0.36,0,0,Both,Tier 1,0
C09397,60,19.0,22,1347.0,30214.0,4,0.49,0,1,Online,Tier 1,0
C09398,54,66.0,11,977.0,9504.0,4,0.29,0,1,Online,Tier 1,0
C09399,25,36.0,15,1255.0,19666.0,3,0.61,0,1,Both,Tier 2,0
C09400,33,36.0,6,1192.0,7469.0,4,0.19,0,0,Online,Tier 3,0
C09401,46,211.0,5,772.0,3599.0,6,0.7,0,1,Both,Tier 1,0
C09402,4,70.0,14,654.0,9743.0,8,0.15,0,0,Store,Tier 1,0
C09403,14,7.0,11,1176.0,13748.0,4,0.73,0,1,Online,Tier 2,0
C09404,22,48.0,8,1500.0,12865.0,4,0.16,0,1,Online,Tier 2,1
C09405,19,134.0,7,1126.0,6651.0,3,0.16,0,0,Both,Tier 3,0
C09406,10,46.0,14,996.0,16653.0,8,0.61,0,0,Both,Tier 2,0
C09407,38,185.0,10,1132.0,10313.0,6,0.85,0,1,Online,Tier 2,0
C09408,25,144.0,18,925.0,17963.0,1,0.53,0,0,Both,Tier 2,1
C09409,53,40.0,12,414.0,5781.0,8,0.06,0,0,Online,Tier 1,0
C09410,19,16.0,15,1292.0,18557.0,4,0.18,0,1,Online,Tier 2,0
C09411,35,90.0,9,911.0,7408.0,2,0.14,0,0,Store,Tier 1,0
C09412,34,42.0,8,150.0,1116.0,1,0.49,0,1,Store,Tier 3,0
C09413,21,28.0,12,1057.0,11719.0,6,0.47,0,0,Store,Tier 2,0
C09414,25,15.0,14,1240.0,14366.0,5,0.49,0,1,Online,Tier 2,0
C09415,39,63.0,15,1024.0,14198.0,4,0.32,1,1,Store,Tier 3,0
C09416,58,151.0,4,981.0,4470.0,3,0.39,0,1,Both,Tier 1,0
C09417,21,19.0,13,459.0,6758.0,3,0.23,1,1,Store,Tier 2,0
C09418,25,67.0,15,363.0,6198.0,2,0.45,0,0,Both,Tier 1,0
C09419,2,46.0,16,749.0,10131.0,1,0.6,0,1,Store,Tier 3,0
C09420,49,29.0,6,799.0,4943.0,5,0.09,0,1,Store,Tier 3,0
C09421,2,152.0,8,692.0,5026.0,2,0.32,0,0,Both,Tier 2,1
C09422,16,11.0,14,1074.0,17358.0,4,0.59,0,1,Store,Tier 3,0
C09423,58,91.0,11,804.0,7667.0,3,0.47,0,0,Both,Tier 2,0
C09424,33,13.0,14,993.0,12646.0,6,0.83,1,0,Both,Tier 1,0
C09425,44,32.0,20,1146.0,22746.0,4,0.44,0,1,Store,Tier 2,0
C09426,20,123.0,4,1194.0,5724.0,4,0.48,0,0,Store,Tier 1,1
C09427,39,80.0,12,1187.0,14147.0,7,0.14,0,1,Online,Tier 2,0
C09428,23,58.0,11,1314.0,13103.0,5,0.19,1,0,Both,Tier 1,1
C09429,39,53.0,6,,7333.0,1,0.75,1,1,Both,Tier 2,0
C09430,20,13.0,15,859.0,11421.0,6,0.56,1,0,Store,Tier 1,0
C09431,26,44.0,15,,11251.0,6,0.64,0,0,Both,Tier 2,0
C09432,16,99.0,8,994.0,7594.0,3,0.14,0,1,Online,Tier 2,0
C09433,55,11.0,15,973.0,16147.0,6,0.72,1,1,Store,Tier 2,0
C09434,15,30.0,12,722.0,7815.0,3,0.3,0,0,Online,Tier 2,0
C09435,42,103.0,9,967.0,7302.0,8,0.45,0,0,Both,Tier 1,0
C09436,32,62.0,13,660.0,7037.0,2,0.32,0,1,Online,Tier 2,0
C09437,12,77.0,10,522.0,6092.0,3,0.59,1,0,Store,Tier 3,0
C09438,39,40.0,9,669.0,6300.0,5,0.42,0,1,Store,Tier 1,0
C09439,8,127.0,9,935.0,6874.0,3,0.66,0,0,Store,Tier 1,1
C09440,22,34.0,11,773.0,7668.0,4,0.08,0,0,Both,Tier 2,1
C09441,22,54.0,17,1441.0,22535.0,5,0.09,0,1,Store,Tier 1,0
C09442,7,61.0,6,843.0,4200.0,7,0.18,0,0,Both,Tier 3,0
C09443,13,193.0,5,790.0,4316.0,5,0.31,0,1,Store,Tier 2,1
C09444,4,101.0,7,641.0,4791.0,4,0.31,0,1,Online,Tier 1,1
C09445,46,26.0,18,1270.0,25297.0,3,0.27,0,1,Store,Tier 1,0
C09446,2,231.0,6,963.0,5594.0,2,0.37,0,0,Store,Tier 3,1
C09447,14,73.0,6,822.0,5541.0,2,0.35,1,0,Online,Tier 2,1
C09448,11,5.0,11,785.0,9876.0,8,0.21,2,1,Both,Tier 3,0
C09449,2,48.0,15,793.0,9945.0,3,0.68,0,1,Store,Tier 2,1
C09450,2,43.0,16,1318.0,23471.0,3,0.44,0,0,Both,Tier 1,0
C09451,1,261.0,4,1097.0,4403.0,6,0.38,0,0,Both,Tier 3,1
C09452,10,16.0,13,952.0,13655.0,4,0.55,0,0,Store,Tier 1,0
C09453,31,8.0,15,277.0,4462.0,3,0.65,0,0,Store,Tier 2,0
C09454,24,79.0,10,569.0,4818.0,1,0.72,0,1,Online,Tier 1,0
C09455,34,109.0,10,856.0,10108.0,2,0.08,0,0,Store,Tier 1,1
C09456,47,103.0,10,489.0,4044.0,2,0.45,0,1,Store,Tier 2,1
C09457,37,97.0,8,680.0,5693.0,4,0.86,0,1,Store,Tier 2,0
C09458,43,21.0,12,565.0,8079.0,8,0.8,0,1,Both,Tier 3,0
C09459,32,63.0,13,,24224.0,4,0.47,0,1,Both,Tier 2,0
C09460,29,53.0,15,720.0,11584.0,5,0.35,0,1,Online,Tier 2,0
C09461,49,110.0,6,626.0,4444.0,3,0.3,0,1,Store,Tier 2,1
C09462,18,58.0,14,991.0,13865.0,3,0.42,0,0,Both,Tier 3,0
C09463,53,60.0,7,908.0,5382.0,4,0.18,0,1,Store,Tier 3,0
C09464,49,105.0,10,1135.0,9818.0,6,0.79,1,1,Store,Tier 1,1
C09465,54,36.0,6,1026.0,6383.0,5,0.17,1,1,Store,Tier 1,0
C09466,45,61.0,13,1070.0,14570.0,4,0.18,0,1,Both,Tier 1,0
C09467,37,82.0,4,578.0,1952.0,3,0.29,0,1,Store,Tier 1,0
C09468,52,24.0,16,1253.0,20636.0,5,0.38,0,1,Store,Tier 2,0
C09469,56,67.0,11,1104.0,11744.0,3,0.16,0,1,Store,Tier 1,0
C09470,26,17.0,18,708.0,13597.0,3,0.17,0,0,Store,Tier 1,0
C09471,39,1.0,10,562.0,5463.0,7,0.44,0,1,Store,Tier 2,0
C09472,25,9.0,15,755.0,12349.0,5,0.44,1,0,Store,Tier 2,0
C09473,14,107.0,5,860.0,4482.0,4,0.3,0,1,Both,Tier 2,0
C09474,56,73.0,14,815.0,9466.0,3,0.46,1,0,Store,Tier 3,0
C09475,52,97.0,7,709.0,5952.0,1,0.08,2,1,Online,Tier 2,1
C09476,6,19.0,13,850.0,12249.0,4,0.24,0,0,Store,Tier 1,1
C09477,41,71.0,16,900.0,16625.0,4,0.54,0,1,Both,Tier 1,0
C09478,3,35.0,10,1047.0,9458.0,2,0.34,0,0,Online,Tier 1,0
C09479,38,65.0,12,1170.0,14199.0,4,0.25,0,1,Store,Tier 2,1
C09480,10,16.0,9,905.0,7951.0,7,0.7,0,0,Both,Tier 2,0
C09481,22,22.0,22,403.0,7870.0,5,0.31,0,0,Both,Tier 2,0
C09482,45,26.0,13,1207.0,17218.0,3,0.71,0,1,Store,Tier 1,0
C09483,37,28.0,14,510.0,7943.0,6,0.18,0,1,Store,Tier 2,0
C09484,37,53.0,12,804.0,10275.0,4,0.06,0,0,Online,Tier 1,0
C09485,15,51.0,9,919.0,7184.0,3,0.66,1,0,Online,Tier 1,0
C09486,53,20.0,15,746.0,10668.0,1,0.26,0,1,Store,Tier 2,0
C09487,42,62.0,14,777.0,12551.0,3,0.43,0,1,Both,Tier 2,0
C09488,59,22.0,14,1015.0,11489.0,5,0.4,0,1,Store,Tier 1,0
C09489,16,37.0,15,1023.0,12896.0,3,0.59,2,1,Online,Tier 1,1
C09490,37,28.0,9,796.0,7065.0,4,0.44,2,1,Store,Tier 1,0
C09491,43,85.0,12,1116.0,12142.0,3,0.61,0,1,Both,,0
C09492,45,27.0,14,493.0,6045.0,3,0.89,1,1,Both,Tier 1,0
C09493,26,40.0,15,1147.0,15710.0,3,0.52,0,1,Store,Tier 2,0
C09494,10,119.0,10,1219.0,12602.0,3,0.37,1,0,Both,Tier 2,1
C09495,42,85.0,11,1259.0,11582.0,3,0.76,0,0,Both,Tier 3,0
C09496,37,61.0,15,1412.0,20506.0,6,0.38,1,0,Both,Tier 2,0
C09497,21,38.0,15,545.0,7565.0,5,0.08,0,0,Store,Tier 2,0
C09498,57,101.0,6,1445.0,7691.0,4,0.19,0,1,Both,Tier 1,0
C09499,5,21.0,15,973.0,14545.0,3,0.15,0,0,Online,Tier 1,0
C09500,29,36.0,15,1201.0,18577.0,4,0.22,0,0,Online,Tier 2,1
C09501,58,322.0,0,965.0,0.0,2,0.6,1,1,Store,Tier 3,1
C09502,43,60.0,13,901.0,10678.0,3,0.81,0,1,Store,Tier 1,0
C09503,54,6.0,18,1470.0,24365.0,1,0.57,1,1,Store,Tier 2,0
C09504,7,9.0,9,1231.0,11592.0,3,0.24,1,0,Store,Tier 1,0
C09505,22,32.0,19,524.0,8019.0,4,0.17,0,1,Both,Tier 2,0
C09506,8,181.0,7,1367.0,10074.0,5,0.47,0,0,Online,Tier 2,1
C09507,27,35.0,14,938.0,13167.0,7,0.43,1,1,Store,Tier 2,0
C09508,33,24.0,9,1105.0,11212.0,2,0.38,0,1,Store,Tier 3,0
C09509,30,35.0,11,587.0,6921.0,2,0.17,0,1,Online,Tier 2,0
C09510,52,11.0,16,747.0,9567.0,4,0.56,0,1,Both,Tier 2,1
C09511,21,10.0,11,617.0,5554.0,4,0.35,1,0,Both,Tier 1,0
C09512,43,207.0,4,1598.0,5145.0,4,0.7,0,0,Store,Tier 1,0
C09513,9,90.0,9,1241.0,12271.0,3,0.5,0,1,Store,Tier 1,0
C09514,38,36.0,14,872.0,13699.0,1,0.32,0,1,Both,Tier 1,0
C09515,50,52.0,9,805.0,7975.0,3,0.66,1,1,Both,Tier 1,0
C09516,48,134.0,9,1250.0,11769.0,4,0.53,0,0,Both,Tier 1,0
C09517,10,15.0,18,936.0,17476.0,4,0.42,2,0,Store,Tier 2,0
C09518,54,76.0,13,1373.0,15832.0,5,0.58,0,0,Online,Tier 2,0
C09519,6,25.0,7,802.0,5323.0,3,0.43,0,1,Store,Tier 2,0
C09520,7,52.0,11,1035.0,12587.0,4,0.06,0,1,Store,Tier 1,0
C09521,48,65.0,14,929.0,10728.0,3,0.63,0,1,Store,Tier 1,1
C09522,6,46.0,8,755.0,6592.0,4,0.35,0,0,Both,Tier 1,0
C09523,39,66.0,5,818.0,4134.0,2,0.48,0,1,Online,Tier 1,0
C09524,14,63.0,17,803.0,12639.0,2,0.19,1,0,Both,Tier 2,0
C09525,40,23.0,12,538.0,5654.0,2,0.76,0,1,Store,Tier 2,0
C09526,48,32.0,20,1140.0,19711.0,6,0.22,0,1,Store,Tier 1,0
C09527,5,138.0,4,429.0,1978.0,3,0.32,0,0,Both,Tier 1,1
C09528,12,67.0,9,1021.0,8938.0,4,0.4,0,0,Online,Tier 2,1
C09529,46,5.0,12,1210.0,16126.0,3,0.15,0,1,Both,Tier 3,0
C09530,32,59.0,10,899.0,9452.0,5,0.18,1,0,Online,Tier 2,0
C09531,1,23.0,12,1041.0,11149.0,4,0.27,0,1,Both,Tier 1,0
C09532,23,90.0,14,1049.0,15142.0,2,0.32,0,0,Both,Tier 1,0
C09533,9,30.0,13,1473.0,17050.0,3,0.02,1,0,Store,Tier 1,0
C09534,52,62.0,10,621.0,5867.0,4,0.05,0,1,Store,Tier 1,0
C09535,39,204.0,4,1673.0,6971.0,4,0.2,0,0,Store,Tier 1,1
C09536,42,90.0,8,150.0,1284.0,2,0.58,0,0,Both,Tier 2,0
C09537,52,12.0,11,904.0,8363.0,2,0.6,0,1,Both,Tier 3,0
C09538,15,60.0,9,1228.0,12936.0,3,0.24,1,0,Online,Tier 2,0
C09539,52,65.0,9,1335.0,13667.0,4,0.41,0,1,Online,Tier 3,0
C09540,21,54.0,13,243.0,3385.0,6,0.56,1,0,Store,Tier 2,1
C09541,19,64.0,10,637.0,7295.0,4,0.58,0,1,Store,Tier 2,1
C09542,7,64.0,5,942.0,4546.0,4,0.47,0,1,Store,Tier 1,0
C09543,2,22.0,10,723.0,7602.0,4,0.45,0,0,Both,Tier 1,0
C09544,25,18.0,12,871.0,11261.0,4,0.54,1,1,Both,Tier 1,0
C09545,1,19.0,11,1237.0,16196.0,2,0.49,0,0,Both,Tier 1,1
C09546,23,95.0,9,539.0,5508.0,5,0.15,1,0,Both,Tier 3,1
C09547,10,39.0,12,804.0,8112.0,6,0.28,0,0,Store,Tier 1,0
C09548,49,5.0,18,518.0,8159.0,4,0.54,0,1,Store,Tier 1,0
C09549,24,29.0,11,1403.0,15639.0,3,0.17,0,0,Online,Tier 2,0
C09550,14,45.0,14,1427.0,23248.0,3,0.45,0,0,Store,Tier 2,0
C09551,52,19.0,16,1292.0,20523.0,2,0.59,0,1,Store,Tier 3,0
C09552,28,26.0,10,906.0,7806.0,6,0.52,0,0,Online,Tier 3,0
C09553,20,70.0,10,951.0,10712.0,8,0.74,0,0,Online,Tier 1,0
C09554,42,2.0,12,1460.0,16960.0,6,0.36,0,1,Both,Tier 1,0
C09555,25,73.0,14,528.0,7370.0,5,0.51,0,0,Online,Tier 1,0
C09556,16,81.0,13,1083.0,14728.0,4,0.26,0,1,Online,Tier 2,1
C09557,40,8.0,14,936.0,11071.0,5,0.15,1,1,Both,Tier 1,0
C09558,29,30.0,12,1358.0,17494.0,3,0.71,0,0,Online,Tier 1,1
C09559,40,10.0,11,877.0,8101.0,4,0.53,1,1,Online,Tier 2,0
C09560,23,76.0,9,991.0,9565.0,4,0.12,0,1,Store,Tier 2,0
C09561,17,71.0,7,1069.0,8282.0,4,0.59,0,1,Both,Tier 1,1
C09562,10,30.0,14,836.0,12428.0,5,0.47,0,0,Both,Tier 2,0
C09563,43,149.0,9,1701.0,16346.0,4,0.15,0,1,Both,Tier 1,0
C09564,25,59.0,8,1060.0,9569.0,8,0.55,0,0,Store,Tier 2,0
C09565,31,54.0,20,1063.0,18827.0,1,0.51,0,1,Both,Tier 2,0
C09566,24,68.0,17,561.0,10639.0,3,0.22,0,1,Both,Tier 1,0
C09567,34,59.0,18,1372.0,23359.0,2,0.66,0,0,Store,Tier 3,0
C09568,33,133.0,12,830.0,8040.0,4,0.27,0,1,Store,Tier 1,0
C09569,10,56.0,13,1109.0,16083.0,3,0.25,1,0,Both,Tier 1,0
C09570,20,59.0,9,1010.0,10132.0,7,0.43,1,1,Online,Tier 2,0
C09571,22,29.0,14,574.0,6524.0,2,0.21,0,1,Online,Tier 1,0
C09572,15,80.0,15,809.0,10786.0,5,0.47,0,1,Store,Tier 3,1
C09573,26,17.0,15,,23114.0,5,0.44,0,0,Both,Tier 1,1
C09574,24,17.0,7,886.0,6059.0,5,0.59,0,0,Store,Tier 2,0
C09575,13,31.0,16,1229.0,22874.0,7,0.15,0,0,Store,Tier 3,0
C09576,53,51.0,14,,7704.0,4,0.18,0,1,Online,Tier 1,0
C09577,11,48.0,13,1570.0,19510.0,6,0.67,1,1,Both,Tier 3,0
C09578,40,28.0,16,1042.0,13551.0,2,0.34,0,1,Both,Tier 1,0
C09579,30,113.0,5,1517.0,8574.0,5,0.76,1,0,Both,Tier 2,1
C09580,48,23.0,20,944.0,16227.0,3,0.41,0,1,Both,Tier 2,0
C09581,36,31.0,15,564.0,7473.0,3,0.33,1,1,Both,Tier 2,0
C09582,13,165.0,11,1272.0,12440.0,4,0.1,0,0,Store,Tier 3,0
C09583,29,129.0,5,1147.0,5766.0,3,0.23,0,1,Both,Tier 3,0
C09584,19,23.0,13,1451.0,22244.0,3,0.15,0,0,Store,Tier 3,0
C09585,2,76.0,12,1328.0,13240.0,6,0.28,0,0,Both,Tier 1,0
C09586,20,86.0,9,606.0,5030.0,4,0.47,1,1,Both,Tier 1,1
C09587,36,54.0,10,997.0,11286.0,3,0.48,1,1,Store,Tier 1,0
C09588,20,10.0,13,,2421.0,2,0.19,1,1,Store,Tier 2,0
C09589,53,16.0,12,1096.0,12508.0,5,0.59,0,1,Store,Tier 1,0
C09590,11,39.0,10,867.0,9270.0,2,0.06,0,1,Online,Tier 1,0
C09591,18,31.0,12,683.0,7466.0,1,0.29,0,0,Store,Tier 1,1
C09592,38,52.0,19,1340.0,24075.0,1,0.65,1,0,Store,Tier 1,1
C09593,13,43.0,12,1260.0,12123.0,4,0.52,0,1,Both,Tier 1,0
C09594,30,84.0,6,1097.0,6317.0,2,0.57,1,0,Store,Tier 1,0
C09595,50,16.0,18,827.0,14029.0,4,0.82,0,1,Online,Tier 2,0
C09596,12,73.0,15,1494.0,23604.0,3,0.56,1,1,Store,Tier 1,0
C09597,24,26.0,11,611.0,7645.0,8,0.36,0,1,Both,Tier 1,0
C09598,14,51.0,17,552.0,8640.0,4,0.34,0,0,Store,Tier 1,0
C09599,11,19.0,12,1218.0,17419.0,4,0.46,0,1,Both,Tier 1,0
C09600,48,33.0,15,982.0,15925.0,1,0.2,0,1,Online,Tier 1,1
C09601,13,71.0,6,1379.0,8033.0,2,0.31,0,0,Both,Tier 2,0
C09602,55,91.0,8,890.0,7331.0,4,0.29,0,1,Store,Tier 2,0
C09603,22,137.0,5,636.0,3216.0,7,0.33,1,1,Store,Tier 2,1
C09604,57,77.0,16,706.0,12771.0,3,0.16,0,1,Store,Tier 3,1
C09605,36,26.0,15,718.0,12162.0,4,0.58,0,1,Online,Tier 2,0
C09606,2,116.0,13,,5744.0,6,0.46,1,0,Both,Tier 1,1
C09607,43,102.0,13,593.0,7143.0,3,0.56,0,0,Both,Tier 2,0
C09608,20,68.0,7,603.0,3607.0,7,0.57,1,1,Online,Tier 1,1
C09609,30,28.0,15,1082.0,16571.0,4,0.38,0,1,Store,Tier 2,0
C09610,36,55.0,18,895.0,15022.0,8,0.34,0,0,Store,Tier 3,1
C09611,40,42.0,5,1208.0,5994.0,2,0.34,0,1,Store,Tier 1,0
C09612,9,63.0,20,1324.0,25265.0,4,0.56,0,0,Both,Tier 3,1
C09613,13,76.0,12,865.0,11379.0,5,0.57,0,0,Both,Tier 2,0
C09614,31,83.0,14,970.0,11675.0,4,0.25,2,0,Online,Tier 2,0
C09615,15,67.0,16,722.0,11754.0,3,0.26,0,1,Store,Tier 2,0
C09616,21,3.0,12,707.0,7299.0,6,0.3,1,1,Online,Tier 3,0
C09617,56,138.0,4,1067.0,3912.0,6,0.1,1,1,Both,Tier 2,1
C09618,17,224.0,11,639.0,6470.0,1,0.69,0,1,Both,Tier 1,0
C09619,55,100.0,7,968.0,7614.0,5,0.14,0,1,Both,Tier 3,0
C09620,34,36.0,14,1035.0,16275.0,4,0.2,0,0,Store,Tier 1,0
C09621,20,45.0,12,602.0,7913.0,4,0.34,1,0,Both,Tier 1,0
C09622,10,237.0,1,1159.0,1308.0,3,0.41,0,1,Store,Tier 1,1
C09623,22,246.0,4,801.0,3803.0,5,0.09,1,0,Store,Tier 2,1
C09624,57,54.0,17,150.0,2681.0,4,0.2,1,1,Online,Tier 2,1
C09625,39,155.0,6,686.0,4792.0,2,0.65,1,1,Store,Tier 3,1
C09626,13,110.0,8,644.0,5943.0,1,0.24,1,0,Online,Tier 2,1
C09627,16,20.0,12,837.0,11598.0,5,0.51,1,1,Both,Tier 2,0
C09628,24,141.0,11,1263.0,12526.0,5,0.22,0,0,Online,Tier 2,0
C09629,44,79.0,13,1813.0,24059.0,3,0.53,0,0,Online,Tier 2,0
C09630,20,49.0,12,1224.0,15396.0,2,0.46,0,0,Store,Tier 1,0
C09631,55,42.0,9,274.0,1979.0,3,0.26,0,1,Online,Tier 3,0
C09632,38,48.0,7,509.0,3322.0,5,0.02,0,0,Store,Tier 2,0
C09633,49,6.0,18,357.0,7682.0,3,0.38,0,1,Store,Tier 3,0
C09634,4,29.0,13,1378.0,15563.0,6,0.19,1,0,Both,Tier 2,0
C09635,45,18.0,15,428.0,6679.0,4,0.23,0,0,Online,Tier 2,0
C09636,23,76.0,9,1475.0,11176.0,3,0.39,1,0,Store,Tier 2,0
C09637,28,9.0,13,872.0,13110.0,4,0.54,1,0,Online,Tier 3,0
C09638,59,19.0,9,1130.0,9436.0,2,0.5,0,1,Store,Tier 2,0
C09639,49,14.0,13,793.0,12345.0,4,0.1,0,1,Both,Tier 2,0
C09640,25,57.0,11,1079.0,10199.0,6,0.24,1,1,Store,Tier 3,0
C09641,37,114.0,8,855.0,6055.0,5,0.63,0,0,Store,Tier 2,1
C09642,45,35.0,11,809.0,8395.0,6,0.2,0,0,Store,Tier 2,0
C09643,6,95.0,7,495.0,2893.0,2,0.55,1,0,Store,Tier 2,1
C09644,4,101.0,10,732.0,6691.0,4,0.39,1,0,Both,Tier 1,0
C09645,45,173.0,9,603.0,4722.0,2,0.34,1,1,Both,Tier 2,0
C09646,14,131.0,9,1193.0,12565.0,3,0.33,0,0,Both,Tier 3,1
C09647,9,94.0,10,756.0,8243.0,2,0.66,0,0,Both,Tier 3,1
C09648,56,215.0,5,697.0,3518.0,6,0.55,2,1,Both,Tier 1,1
C09649,46,73.0,10,206.0,1760.0,3,0.4,0,1,Store,Tier 3,0
C09650,25,45.0,13,659.0,8000.0,5,0.22,1,1,Online,Tier 1,0
C09651,30,57.0,9,1034.0,8774.0,2,0.16,0,0,Store,Tier 2,0
C09652,30,31.0,7,1091.0,7305.0,2,0.52,0,1,Store,Tier 1,0
C09653,58,38.0,17,676.0,13417.0,1,0.2,1,1,Store,Tier 1,0
C09654,12,146.0,13,679.0,7515.0,6,0.08,1,0,Both,Tier 3,0
C09655,23,56.0,7,549.0,3484.0,3,0.37,2,1,Store,Tier 1,1
C09656,42,110.0,15,1122.0,20132.0,2,0.25,0,1,Online,Tier 3,1
C09657,18,45.0,16,1272.0,20511.0,4,0.47,0,0,Online,Tier 2,0
C09658,26,47.0,11,973.0,10603.0,2,0.28,1,1,Store,Tier 1,0
C09659,5,74.0,11,908.0,11425.0,5,0.36,0,0,Both,Tier 2,0
C09660,51,150.0,6,882.0,5169.0,2,0.5,0,1,Store,Tier 3,1
C09661,2,57.0,14,1218.0,14808.0,4,0.58,0,1,Store,Tier 2,1
C09662,56,71.0,16,450.0,7973.0,1,0.46,1,1,Store,Tier 2,0
C09663,25,95.0,9,645.0,6336.0,8,0.44,0,1,Store,Tier 1,0
C09664,35,62.0,11,1064.0,13852.0,3,0.41,1,1,Store,Tier 3,0
C09665,9,8.0,17,814.0,12405.0,7,0.22,1,0,Both,Tier 2,0
C09666,7,114.0,8,1159.0,9817.0,3,0.08,0,1,Store,Tier 2,0
C09667,10,45.0,10,1222.0,13112.0,3,0.43,0,1,Online,Tier 1,0
C09668,39,75.0,14,1247.0,20085.0,2,0.56,1,0,Store,Tier 2,0
C09669,13,69.0,8,967.0,8367.0,5,0.75,0,1,Store,Tier 2,0
C09670,15,40.0,10,1028.0,9561.0,6,0.4,1,0,Online,Tier 1,0
C09671,47,88.0,15,852.0,15145.0,2,0.38,1,1,Store,Tier 1,0
C09672,51,101.0,7,975.0,7301.0,3,0.28,1,0,Both,Tier 2,0
C09673,49,50.0,15,1163.0,17382.0,2,0.17,0,1,Store,Tier 1,0
C09674,27,98.0,12,1051.0,12126.0,4,0.46,0,1,Store,Tier 1,0
C09675,22,59.0,10,713.0,8388.0,2,0.6,0,1,Online,Tier 2,1
C09676,31,76.0,15,940.0,15167.0,3,0.63,0,1,Store,Tier 3,0
C09677,35,67.0,9,1223.0,9860.0,5,0.7,1,1,Store,Tier 2,0
C09678,55,51.0,14,748.0,10638.0,6,0.24,0,1,Store,Tier 1,0
C09679,27,23.0,14,1048.0,12481.0,3,0.07,0,0,Both,Tier 1,0
C09680,11,14.0,8,608.0,5446.0,3,0.25,0,0,Store,Tier 1,0
C09681,37,14.0,13,1625.0,17654.0,1,0.16,1,0,Store,Tier 2,0
C09682,4,59.0,7,895.0,6992.0,5,0.78,0,0,Store,Tier 3,0
C09683,33,15.0,16,906.0,15706.0,5,0.33,0,0,Both,Tier 2,0
C09684,39,31.0,9,1229.0,9093.0,5,0.41,0,0,Both,Tier 2,0
C09685,54,62.0,12,1005.0,10896.0,4,0.51,0,1,Online,Tier 2,1
C09686,10,62.0,7,793.0,6034.0,3,0.33,0,0,Store,Tier 3,0
C09687,48,4.0,13,1057.0,16036.0,4,0.32,0,1,Both,Tier 3,0
C09688,60,66.0,12,1218.0,12970.0,4,0.22,0,0,Store,Tier 2,0
C09689,30,33.0,9,1269.0,12801.0,4,0.17,0,1,Store,Tier 1,0
C09690,31,49.0,8,573.0,5068.0,4,0.1,1,0,Store,Tier 1,0
C09691,52,16.0,14,956.0,14838.0,2,0.13,0,0,Both,Tier 2,0
C09692,23,27.0,18,1280.0,18587.0,1,0.92,0,0,Store,Tier 1,0
C09693,38,6.0,10,400.0,3943.0,4,0.55,0,0,Store,Tier 2,1
C09694,4,17.0,12,997.0,11483.0,3,0.61,0,1,Store,Tier 2,1
C09695,2,34.0,11,808.0,10459.0,5,0.23,1,1,Store,Tier 1,0
C09696,51,54.0,10,1080.0,12330.0,6,0.46,0,1,Store,Tier 3,0
C09697,22,10.0,13,168.0,2418.0,5,0.16,1,0,Store,Tier 3,1
C09698,56,26.0,14,1143.0,15546.0,6,0.33,0,0,Both,Tier 1,0
C09699,54,121.0,13,1315.0,19968.0,4,0.39,0,1,Both,Tier 2,0
C09700,22,27.0,8,263.0,2292.0,3,0.5,2,1,Store,Tier 1,1
C09701,23,46.0,12,773.0,9375.0,5,0.51,0,0,Store,Tier 2,1
C09702,15,16.0,13,1344.0,14944.0,5,0.31,2,0,Store,Tier 1,0
C09703,15,95.0,8,898.0,8069.0,2,0.85,1,1,Store,Tier 1,1
C09704,22,22.0,18,921.0,16889.0,3,0.61,1,1,Store,Tier 3,0
C09705,22,93.0,10,1285.0,14451.0,6,0.02,0,0,Store,Tier 1,1
C09706,38,73.0,12,351.0,5025.0,4,0.33,1,1,Online,Tier 2,1
C09707,22,19.0,7,911.0,6949.0,2,0.28,0,0,Store,Tier 2,1
C09708,13,63.0,7,376.0,3100.0,6,0.1,0,1,Online,Tier 1,0
C09709,26,38.0,11,854.0,9646.0,5,0.57,0,1,Online,Tier 1,0
C09710,47,17.0,15,894.0,15245.0,5,0.44,0,1,Store,Tier 1,0
C09711,4,7.0,17,681.0,11796.0,4,0.07,0,1,Both,Tier 3,1
C09712,54,10.0,13,766.0,10495.0,3,0.29,0,1,Both,Tier 1,0
C09713,23,17.0,16,1215.0,17757.0,3,0.66,1,1,Store,Tier 3,0
C09714,20,162.0,11,980.0,12390.0,5,0.37,0,0,Store,Tier 1,1
C09715,60,6.0,19,766.0,15296.0,3,0.27,1,1,Both,Tier 2,0
C09716,42,47.0,14,1526.0,24600.0,2,0.37,0,0,Both,Tier 2,0
C09717,45,83.0,7,851.0,6240.0,4,0.55,1,1,Store,Tier 2,0
C09718,2,49.0,13,,1811.0,1,0.33,1,0,Store,Tier 3,0
C09719,12,85.0,14,1168.0,18556.0,4,0.56,0,0,Both,Tier 2,1
C09720,5,34.0,13,910.0,12927.0,2,0.36,2,0,Store,Tier 2,1
C09721,49,11.0,15,1174.0,15489.0,4,0.73,1,0,Both,Tier 2,0
C09722,43,22.0,14,895.0,10202.0,3,0.69,0,1,Store,Tier 1,0
C09723,58,162.0,6,377.0,2166.0,5,0.11,1,1,Both,Tier 2,1
C09724,56,49.0,11,827.0,8948.0,3,0.53,0,0,Both,Tier 2,0
C09725,51,21.0,21,563.0,11392.0,4,0.09,0,0,Online,Tier 2,0
C09726,54,13.0,12,403.0,5220.0,4,0.25,2,1,Store,Tier 3,0
C09727,28,22.0,7,1263.0,8211.0,4,0.5,1,0,Store,Tier 2,0
C09728,4,69.0,12,885.0,11260.0,7,0.19,0,1,Store,Tier 2,0
C09729,44,47.0,14,664.0,10824.0,6,0.46,0,1,Both,Tier 2,0
C09730,37,23.0,11,495.0,4688.0,5,0.62,1,0,Store,Tier 2,0
C09731,13,66.0,12,1133.0,13498.0,3,0.27,0,0,Store,Tier 1,0
C09732,22,45.0,18,1127.0,19423.0,5,0.77,0,1,Both,Tier 2,0
C09733,21,103.0,12,565.0,6823.0,5,0.64,1,1,Store,Tier 1,0
C09734,7,133.0,8,891.0,8481.0,3,0.24,0,1,Online,Tier 2,0
C09735,6,41.0,12,1175.0,11979.0,3,0.71,2,0,Store,Tier 1,1
C09736,29,19.0,11,1005.0,9971.0,2,0.56,0,0,Store,Tier 2,0
C09737,56,17.0,8,463.0,3358.0,6,0.46,1,1,Online,Tier 2,0
C09738,8,43.0,16,1010.0,13588.0,7,0.55,0,0,Store,Tier 1,0
C09739,6,37.0,5,760.0,4298.0,5,0.4,0,1,Store,Tier 1,1
C09740,60,28.0,10,823.0,6687.0,4,0.25,1,0,Online,Tier 1,1
C09741,51,50.0,10,1035.0,9331.0,4,0.03,0,0,Online,Tier 3,0
C09742,55,166.0,9,1026.0,8220.0,4,0.31,1,0,Both,Tier 2,1
C09743,26,27.0,13,718.0,10394.0,7,0.3,0,1,Both,Tier 1,0
C09744,58,60.0,13,1165.0,12211.0,2,0.17,1,0,Both,Tier 2,1
C09745,24,59.0,13,1036.0,15765.0,3,0.52,0,0,Both,Tier 1,0
C09746,17,47.0,14,1005.0,15412.0,6,0.25,2,0,Both,Tier 2,0
C09747,4,41.0,10,584.0,4729.0,2,0.37,0,0,Both,Tier 3,1
C09748,37,96.0,10,707.0,6864.0,1,0.33,0,1,Online,Tier 1,0
C09749,33,22.0,15,932.0,12026.0,6,0.29,0,1,Both,Tier 1,0
C09750,52,36.0,16,1167.0,21469.0,6,0.17,0,0,Both,Tier 1,0
C09751,44,78.0,13,793.0,11182.0,2,0.38,0,0,Store,Tier 2,1
C09752,17,160.0,5,1226.0,6855.0,5,0.56,0,1,Online,Tier 1,0
C09753,20,16.0,16,1020.0,18825.0,1,0.19,1,1,Store,Tier 2,0
C09754,58,90.0,11,,7161.0,5,0.41,1,1,Online,Tier 1,0
C09755,51,41.0,9,760.0,7153.0,5,0.32,0,1,Store,Tier 1,1
C09756,18,28.0,15,560.0,7332.0,3,0.59,2,0,Online,Tier 1,0
C09757,24,26.0,14,652.0,7809.0,7,0.33,0,0,Both,Tier 3,0
C09758,13,23.0,10,812.0,7115.0,4,0.28,0,1,Online,Tier 2,0
C09759,39,129.0,5,575.0,2929.0,4,0.33,1,1,Store,Tier 1,1
C09760,35,93.0,4,944.0,4254.0,3,0.25,0,0,Online,Tier 3,1
C09761,16,53.0,17,1020.0,15442.0,3,0.46,0,1,Online,Tier 1,0
C09762,23,80.0,11,691.0,6748.0,2,0.74,0,0,Store,Tier 2,0
C09763,19,30.0,14,644.0,9220.0,2,0.66,0,1,Store,Tier 3,0
C09764,10,46.0,7,1204.0,8485.0,1,0.43,1,1,Online,Tier 1,0
C09765,49,93.0,9,1246.0,10573.0,2,0.47,0,1,Both,Tier 1,1
C09766,35,20.0,16,1344.0,21902.0,3,0.21,1,0,Store,Tier 2,1
C09767,40,77.0,13,959.0,10822.0,4,0.4,0,1,Both,Tier 1,0
C09768,28,63.0,11,1043.0,10621.0,5,0.68,0,1,Store,Tier 2,0
C09769,59,39.0,8,1151.0,9347.0,4,0.46,1,0,Store,Tier 1,0
C09770,41,68.0,17,1466.0,20808.0,3,0.4,0,0,Online,Tier 3,0
C09771,36,68.0,6,340.0,1956.0,6,0.17,0,0,Store,Tier 3,0
C09772,4,21.0,13,936.0,12469.0,2,0.36,0,0,Both,Tier 3,0
C09773,39,97.0,15,520.0,8611.0,4,0.53,0,0,Both,Tier 1,0
C09774,43,22.0,24,1565.0,37787.0,6,0.44,1,1,Store,Tier 1,0
C09775,52,139.0,11,697.0,7750.0,2,0.29,1,1,Both,,0
C09776,9,156.0,7,529.0,4166.0,5,0.72,0,0,Store,Tier 3,1
C09777,4,136.0,11,151.0,1856.0,3,0.26,1,0,Store,Tier 1,1
C09778,19,31.0,11,959.0,9132.0,1,0.15,0,0,Both,Tier 1,0
C09779,4,76.0,18,626.0,12579.0,5,0.48,0,0,Store,Tier 2,0
C09780,8,74.0,9,325.0,2350.0,3,0.54,0,1,Both,Tier 2,0
C09781,13,26.0,16,743.0,11579.0,2,0.25,0,0,Online,Tier 1,0
C09782,60,77.0,8,919.0,6875.0,3,0.71,0,1,Store,Tier 2,1
C09783,24,94.0,12,577.0,7219.0,2,0.31,0,0,Both,Tier 1,0
C09784,26,74.0,12,1109.0,10909.0,5,0.57,1,1,Both,Tier 1,1
C09785,17,105.0,11,,11790.0,3,0.45,0,1,Both,Tier 3,0
C09786,44,75.0,10,1274.0,12742.0,8,0.59,0,0,Online,Tier 3,0
C09787,45,31.0,10,1299.0,13161.0,1,0.62,0,1,Both,Tier 1,0
C09788,39,37.0,17,237.0,4412.0,6,0.72,0,0,Online,Tier 3,0
C09789,51,55.0,11,1270.0,12973.0,5,0.26,0,1,Store,Tier 2,0
C09790,40,25.0,17,831.0,13951.0,3,0.76,0,1,Online,Tier 1,0
C09791,1,1.0,20,546.0,11156.0,6,0.13,0,0,Store,Tier 2,0
C09792,10,41.0,10,803.0,9085.0,4,0.51,0,1,Both,Tier 2,0
C09793,8,13.0,13,,11874.0,6,0.61,0,0,Both,Tier 2,0
C09794,4,34.0,12,1519.0,20538.0,3,0.16,0,0,Both,Tier 1,0
C09795,56,41.0,17,278.0,5022.0,2,0.36,0,1,Store,Tier 1,0
C09796,51,60.0,12,556.0,5841.0,7,0.7,1,1,Store,Tier 3,0
C09797,41,49.0,10,980.0,11444.0,3,0.14,2,1,Store,Tier 3,0
C09798,32,25.0,12,1455.0,14128.0,2,0.35,0,0,Store,Tier 2,0
C09799,24,126.0,7,,4542.0,6,0.14,0,1,Store,Tier 2,0
C09800,23,30.0,13,1046.0,16048.0,5,0.34,0,1,Store,Tier 1,0
C09801,10,22.0,11,516.0,6680.0,2,0.42,0,1,Online,Tier 1,0
C09802,24,89.0,10,710.0,6991.0,3,0.27,1,0,Both,Tier 2,0
C09803,14,38.0,14,1130.0,17501.0,3,0.71,0,1,Both,Tier 3,0
C09804,48,58.0,13,1116.0,15291.0,2,0.15,0,1,Online,Tier 2,0
C09805,58,7.0,13,757.0,8137.0,5,0.15,0,1,Online,Tier 2,0
C09806,28,140.0,5,1306.0,7193.0,5,0.88,0,1,Store,Tier 3,0
C09807,40,33.0,12,868.0,12217.0,6,0.32,1,0,Both,Tier 1,1
C09808,8,7.0,11,607.0,7918.0,2,0.45,0,0,Online,Tier 2,0
C09809,42,24.0,11,150.0,1437.0,4,0.25,0,0,Store,Tier 1,0
C09810,42,16.0,14,864.0,11654.0,3,0.33,0,1,Store,Tier 1,0
C09811,49,23.0,15,1280.0,19861.0,2,0.76,0,1,Both,Tier 3,0
C09812,31,100.0,14,1246.0,16533.0,1,0.36,0,1,Store,Tier 3,1
C09813,37,104.0,11,1588.0,16193.0,3,0.22,1,0,Online,Tier 2,1
C09814,18,169.0,8,672.0,5605.0,3,0.1,1,0,Store,Tier 3,1
C09815,32,54.0,15,754.0,9895.0,4,0.47,1,0,Store,Tier 2,0
C09816,26,28.0,9,554.0,4722.0,4,0.41,0,1,Store,Tier 1,0
C09817,20,31.0,5,875.0,5139.0,8,0.6,1,0,Online,Tier 2,0
C09818,1,51.0,14,540.0,6075.0,1,0.28,0,0,Both,Tier 2,0
C09819,15,20.0,11,864.0,8898.0,3,0.7,3,0,Store,Tier 2,1
C09820,52,189.0,7,731.0,5818.0,2,0.69,0,1,Both,Tier 1,0
C09821,42,36.0,16,571.0,8178.0,3,0.51,1,0,Store,Tier 1,0
C09822,49,56.0,11,962.0,10200.0,4,0.39,0,1,Store,Tier 3,0
C09823,28,39.0,14,903.0,10610.0,2,0.26,0,1,Store,Tier 1,0
C09824,11,231.0,3,1289.0,4097.0,6,0.23,0,1,Store,Tier 3,1
C09825,11,58.0,15,942.0,12604.0,4,0.55,0,1,Online,Tier 2,0
C09826,36,85.0,15,746.0,10985.0,8,0.22,0,0,Both,Tier 1,0
C09827,50,41.0,14,1312.0,14943.0,3,0.32,1,0,Store,Tier 3,0
C09828,26,68.0,10,1874.0,15351.0,7,0.54,1,0,Store,Tier 3,1
C09829,56,43.0,22,1365.0,33115.0,2,0.44,0,1,Store,Tier 1,0
C09830,10,78.0,13,1146.0,14683.0,5,0.59,0,1,Store,Tier 1,0
C09831,22,22.0,14,644.0,10509.0,4,0.23,2,1,Both,Tier 3,0
C09832,40,229.0,8,1401.0,11680.0,2,0.44,0,1,Both,Tier 2,1
C09833,16,102.0,10,1393.0,11725.0,5,0.67,0,0,Online,Tier 1,1
C09834,57,153.0,10,970.0,8436.0,3,0.53,0,0,Store,Tier 1,1
C09835,33,32.0,10,1018.0,8382.0,2,0.06,0,1,Store,Tier 2,0
C09836,11,179.0,7,1060.0,8871.0,7,0.61,0,0,Store,Tier 1,1
C09837,24,28.0,17,959.0,17820.0,5,0.15,0,1,Store,Tier 1,0
C09838,39,142.0,6,752.0,4165.0,3,0.28,0,1,Store,Tier 2,0
C09839,33,26.0,13,929.0,10354.0,6,0.13,2,1,Both,Tier 1,0
C09840,18,147.0,2,749.0,1224.0,5,0.39,0,0,Online,Tier 3,1
C09841,32,320.0,3,564.0,1880.0,5,0.72,0,1,Store,Tier 3,1
C09842,45,97.0,12,1098.0,12650.0,3,0.11,0,1,Store,Tier 1,0
C09843,56,61.0,11,437.0,4703.0,6,0.56,0,1,Store,Tier 2,0
C09844,29,82.0,6,1103.0,5779.0,1,0.44,2,1,Store,Tier 1,0
C09845,17,44.0,9,1145.0,9385.0,4,0.3,0,0,Both,Tier 3,1
C09846,37,98.0,14,411.0,6479.0,5,0.65,0,1,Both,Tier 2,0
C09847,50,83.0,10,544.0,4881.0,4,0.38,0,1,Store,Tier 2,1
C09848,51,24.0,9,461.0,4394.0,3,0.87,0,0,Store,Tier 2,0
C09849,33,134.0,12,1748.0,23505.0,4,0.33,0,0,Store,Tier 2,1
C09850,60,86.0,5,979.0,5431.0,6,0.33,1,1,Both,Tier 3,0
C09851,42,34.0,15,437.0,5468.0,3,0.26,1,0,Store,Tier 1,1
C09852,43,117.0,13,979.0,13103.0,3,0.5,0,1,Store,Tier 3,0
C09853,2,41.0,7,838.0,6931.0,3,0.83,1,1,Both,Tier 2,1
C09854,39,28.0,6,828.0,5104.0,5,0.12,0,0,Store,Tier 3,0
C09855,38,69.0,15,619.0,8208.0,3,0.16,1,1,Online,Tier 3,0
C09856,27,99.0,8,887.0,7107.0,4,0.41,1,1,Online,Tier 3,1
C09857,6,10.0,18,234.0,4698.0,2,0.03,0,0,Online,Tier 2,0
C09858,19,198.0,6,917.0,6381.0,1,0.07,0,0,Both,Tier 2,1
C09859,6,22.0,6,804.0,5529.0,5,0.22,0,0,Online,Tier 1,0
C09860,45,157.0,8,865.0,6098.0,4,0.11,0,1,Store,Tier 2,0
C09861,40,4.0,14,448.0,5336.0,3,0.2,1,0,Store,Tier 1,0
C09862,35,17.0,17,638.0,11855.0,3,0.46,1,0,Both,Tier 2,0
C09863,28,23.0,13,758.0,9690.0,3,0.56,0,1,Store,Tier 2,1
C09864,57,60.0,9,1101.0,9132.0,3,0.68,0,0,Online,Tier 2,0
C09865,43,45.0,7,576.0,4758.0,2,0.51,2,0,Online,Tier 1,0
C09866,58,124.0,13,342.0,4657.0,5,0.51,0,1,Store,Tier 3,1
C09867,21,156.0,5,880.0,5039.0,4,0.44,0,1,Both,Tier 3,0
C09868,58,42.0,16,1051.0,14494.0,4,0.36,0,1,Online,Tier 1,0
C09869,26,85.0,13,1418.0,19318.0,5,0.33,0,1,Online,Tier 2,0
C09870,5,98.0,9,853.0,6338.0,3,0.71,1,1,Online,Tier 1,1
C09871,52,1.0,15,852.0,14511.0,3,0.59,0,1,Store,Tier 3,0
C09872,11,11.0,12,948.0,13186.0,6,0.23,2,0,Store,Tier 2,0
C09873,45,45.0,12,1198.0,15439.0,4,0.05,0,1,Online,Tier 2,0
C09874,3,3.0,16,898.0,17135.0,4,0.23,0,0,Store,Tier 3,1
C09875,17,161.0,7,956.0,6656.0,2,0.4,0,1,Store,Tier 1,0
C09876,16,14.0,17,1363.0,20893.0,6,0.36,0,0,Store,Tier 1,0
C09877,7,52.0,5,1047.0,6125.0,8,0.44,0,1,Online,Tier 1,0
C09878,21,45.0,10,1273.0,10835.0,5,0.54,0,0,Store,Tier 2,0
C09879,37,30.0,11,845.0,9660.0,4,0.44,1,1,Both,Tier 3,0
C09880,1,119.0,12,1178.0,13513.0,6,0.19,0,0,Online,Tier 2,0
C09881,56,29.0,9,927.0,9604.0,5,0.13,1,1,Both,Tier 2,0
C09882,7,31.0,10,1089.0,9955.0,6,0.67,1,0,Store,Tier 2,0
C09883,2,73.0,16,581.0,10738.0,5,0.71,0,0,Online,Tier 2,0
C09884,44,5.0,11,1184.0,14525.0,5,0.35,1,1,Store,Tier 2,0
C09885,8,72.0,15,758.0,12315.0,6,0.69,2,1,Store,,1
C09886,54,80.0,10,887.0,9515.0,2,0.24,0,0,Store,Tier 1,0
C09887,7,66.0,6,423.0,2575.0,6,0.54,0,0,Both,Tier 2,0
C09888,44,1.0,12,1005.0,12214.0,6,0.69,0,0,Store,Tier 2,0
C09889,58,44.0,15,895.0,15121.0,3,0.32,1,0,Both,Tier 1,0
C09890,12,67.0,15,542.0,6938.0,2,0.14,1,1,Online,Tier 3,1
C09891,18,13.0,17,438.0,8173.0,1,0.34,1,1,Store,Tier 2,0
C09892,23,21.0,18,880.0,15939.0,3,0.41,0,1,Both,Tier 1,0
C09893,24,51.0,17,935.0,15684.0,8,0.06,0,1,Both,Tier 1,0
C09894,2,39.0,14,1283.0,17672.0,5,0.34,0,0,Both,Tier 2,0
C09895,22,7.0,11,674.0,7821.0,5,0.74,0,1,Store,Tier 2,0
C09896,13,85.0,11,645.0,6738.0,3,0.68,1,0,Store,Tier 2,1
C09897,22,79.0,12,985.0,11133.0,3,0.17,0,1,Both,Tier 1,0
C09898,4,74.0,12,1276.0,14450.0,4,0.19,1,0,Both,Tier 2,0
C09899,27,57.0,16,615.0,10110.0,4,0.25,2,0,Both,Tier 2,0
C09900,13,57.0,9,937.0,9042.0,8,0.53,0,1,Both,Tier 1,0
C09901,21,48.0,12,821.0,10681.0,4,0.6,0,0,Store,Tier 1,0
C09902,10,25.0,12,1058.0,15181.0,1,0.72,0,1,Store,Tier 2,0
C09903,21,21.0,17,862.0,11727.0,5,0.32,0,1,Both,Tier 1,0
C09904,8,73.0,10,916.0,9054.0,4,0.71,0,0,Store,Tier 2,0
C09905,37,51.0,13,779.0,9299.0,2,0.12,0,0,Store,Tier 1,0
C09906,41,54.0,9,772.0,7779.0,8,0.57,1,1,Store,Tier 2,0
C09907,34,19.0,13,1145.0,14955.0,5,0.56,0,0,Store,Tier 3,0
C09908,46,31.0,17,979.0,19891.0,2,0.46,1,1,Store,Tier 3,0
C09909,11,5.0,12,585.0,7455.0,6,0.3,2,0,Both,Tier 1,0
C09910,31,24.0,9,789.0,7151.0,6,0.25,0,1,Store,Tier 1,0
C09911,3,105.0,12,1007.0,12427.0,1,0.57,0,0,Online,Tier 1,0
C09912,20,1.0,15,856.0,12780.0,3,0.64,2,0,Store,Tier 1,0
C09913,35,35.0,13,637.0,7570.0,1,0.5,1,1,Store,Tier 2,1
C09914,7,66.0,15,501.0,6116.0,4,0.11,0,0,Store,Tier 1,0
C09915,30,32.0,10,1001.0,8621.0,3,0.39,0,1,Both,Tier 2,0
C09916,15,20.0,20,1129.0,25315.0,4,0.39,0,0,Store,Tier 1,0
C09917,3,128.0,11,452.0,4642.0,8,0.46,1,0,Online,Tier 2,1
C09918,30,23.0,9,462.0,4827.0,4,0.66,0,0,Store,Tier 3,0
C09919,56,78.0,12,795.0,10058.0,1,0.38,0,1,Both,Tier 2,0
C09920,12,12.0,11,961.0,12552.0,2,0.77,1,0,Both,Tier 3,1
C09921,48,37.0,16,150.0,2339.0,4,0.3,0,1,Store,Tier 3,0
C09922,21,11.0,15,863.0,10803.0,3,0.71,0,0,Both,Tier 1,0
C09923,34,19.0,12,295.0,4099.0,4,0.74,0,0,Store,Tier 2,0
C09924,35,95.0,11,885.0,10933.0,1,0.49,0,1,Both,Tier 2,0
C09925,27,226.0,3,873.0,2441.0,5,0.21,1,0,Both,Tier 3,1
C09926,18,11.0,19,428.0,8555.0,5,0.4,0,0,Both,Tier 2,0
C09927,30,31.0,14,524.0,8258.0,3,0.33,1,0,Both,Tier 2,0
C09928,9,106.0,4,540.0,2563.0,2,0.13,1,0,Store,Tier 3,1
C09929,41,78.0,14,1382.0,16641.0,4,0.51,0,0,Both,Tier 2,0
C09930,33,66.0,9,367.0,3211.0,1,0.67,0,1,Online,Tier 2,0
C09931,17,10.0,12,1270.0,13572.0,3,0.54,0,0,Online,Tier 3,0
C09932,19,26.0,12,751.0,8806.0,4,0.21,1,0,Store,Tier 3,0
C09933,45,40.0,12,859.0,10687.0,3,0.86,0,0,Both,Tier 1,0
C09934,38,163.0,14,554.0,9100.0,1,0.37,0,1,Store,Tier 1,0
C09935,31,66.0,18,,11364.0,7,0.21,0,0,Both,Tier 3,0
C09936,59,53.0,4,418.0,1759.0,3,0.45,1,0,Both,Tier 3,0
C09937,58,24.0,13,444.0,6249.0,5,0.62,0,0,Store,Tier 1,1
C09938,8,3.0,11,,13039.0,2,0.34,0,1,Both,Tier 3,0
C09939,25,64.0,10,251.0,2946.0,1,0.4,0,0,Both,Tier 1,0
C09940,37,23.0,12,,9792.0,4,0.13,2,1,Store,Tier 3,0
C09941,27,118.0,9,644.0,5624.0,3,0.09,0,1,Store,Tier 1,0
C09942,49,26.0,10,655.0,6574.0,3,0.52,0,0,Both,Tier 2,0
C09943,33,22.0,8,1414.0,11878.0,3,0.28,0,1,Online,Tier 3,0
C09944,2,48.0,10,844.0,6982.0,2,0.25,0,1,Store,Tier 2,0
C09945,24,111.0,15,1317.0,20720.0,3,0.32,0,1,Online,Tier 3,0
C09946,51,16.0,22,926.0,22225.0,5,0.12,0,0,Online,Tier 1,0
C09947,12,51.0,7,742.0,4877.0,2,0.15,0,1,Store,Tier 2,0
C09948,20,47.0,13,1160.0,12381.0,3,0.62,0,0,Store,Tier 2,0
C09949,57,16.0,15,736.0,11441.0,3,0.63,0,1,Store,Tier 2,0
C09950,28,67.0,14,1386.0,17233.0,6,0.06,1,1,Both,Tier 3,0
C09951,25,81.0,10,1116.0,11768.0,8,0.43,1,0,Online,Tier 3,0
C09952,34,173.0,9,1547.0,12935.0,4,0.17,1,1,Both,Tier 1,0
C09953,15,30.0,10,1138.0,10316.0,3,0.39,0,1,Both,Tier 1,0
C09954,48,95.0,13,950.0,9950.0,4,0.51,1,0,Store,Tier 1,1
C09955,28,23.0,11,713.0,8594.0,6,0.37,0,0,Store,Tier 2,0
C09956,26,8.0,12,1135.0,15927.0,5,0.39,0,1,Both,Tier 2,0
C09957,2,51.0,14,573.0,6465.0,4,0.65,0,0,Store,Tier 2,0
C09958,49,55.0,15,668.0,8450.0,3,0.51,0,0,Both,Tier 3,0
C09959,39,11.0,9,949.0,8530.0,2,0.49,2,1,Both,Tier 2,0
C09960,11,150.0,9,979.0,9043.0,3,0.61,1,1,Online,Tier 2,0
C09961,56,107.0,9,1260.0,12511.0,2,0.38,0,1,Both,Tier 2,0
C09962,22,79.0,7,1073.0,8622.0,3,0.15,0,0,Store,Tier 2,1
C09963,2,248.0,3,1283.0,3959.0,1,0.2,0,0,Online,Tier 2,1
C09964,49,45.0,7,1003.0,6977.0,2,0.22,0,1,Both,Tier 1,0
C09965,31,32.0,14,1186.0,14314.0,2,0.22,1,0,Store,Tier 3,0
C09966,58,24.0,7,1107.0,8090.0,5,0.54,1,0,Both,Tier 2,1
C09967,6,86.0,7,750.0,5228.0,7,0.17,1,0,Both,Tier 1,0
C09968,44,29.0,10,622.0,6036.0,2,0.28,0,0,Online,Tier 2,1
C09969,4,40.0,5,1134.0,5171.0,2,0.38,0,0,Online,Tier 2,0
C09970,53,37.0,16,986.0,18433.0,5,0.18,0,1,Store,Tier 3,0
C09971,4,81.0,11,517.0,4798.0,7,0.31,2,0,Online,Tier 2,1
C09972,6,20.0,18,1069.0,18657.0,3,0.31,0,0,Both,Tier 3,1
C09973,5,61.0,10,545.0,4846.0,2,0.23,0,0,Online,Tier 2,0
C09974,19,32.0,11,765.0,9132.0,3,0.34,1,0,Online,Tier 2,0
C09975,5,15.0,15,851.0,12589.0,4,0.54,0,0,Both,Tier 1,0
C09976,27,33.0,14,1101.0,13319.0,4,0.19,1,1,Both,Tier 1,0
C09977,35,80.0,5,1071.0,4525.0,1,0.03,1,0,Both,Tier 1,1
C09978,24,158.0,8,482.0,3943.0,3,0.52,1,1,Store,Tier 2,0
C09979,26,12.0,16,397.0,6791.0,5,0.06,0,0,Both,Tier 2,0
C09980,19,52.0,12,1127.0,14715.0,3,0.29,0,1,Online,Tier 3,1
C09981,49,44.0,11,856.0,10928.0,4,0.54,0,1,Both,Tier 3,0
C09982,5,73.0,10,1055.0,11797.0,3,0.82,1,0,Store,Tier 3,1
C09983,12,274.0,1,892.0,907.0,4,0.16,1,1,Store,Tier 1,1
C09984,6,81.0,9,699.0,5040.0,4,0.23,0,0,Store,Tier 1,0
C09985,42,67.0,13,1226.0,13660.0,3,0.04,0,0,Online,Tier 1,0
C09986,43,2.0,8,839.0,6081.0,6,0.33,0,1,Store,Tier 1,0
C09987,42,42.0,9,1331.0,11663.0,3,0.02,0,0,Store,Tier 2,0
C09988,40,61.0,12,184.0,2161.0,5,0.14,0,0,Store,Tier 1,0
C09989,3,25.0,14,1219.0,15893.0,7,0.49,0,0,Store,Tier 3,0
C09990,7,103.0,9,477.0,4215.0,2,0.09,1,0,Store,Tier 2,1
C09991,38,77.0,11,786.0,7167.0,2,0.51,0,1,Online,Tier 2,1
C09992,43,25.0,13,734.0,9731.0,2,0.35,0,0,Online,Tier 2,0
C09993,53,22.0,16,,4485.0,3,0.14,0,1,Store,Tier 3,0
C09994,40,8.0,13,1123.0,12348.0,6,0.4,0,1,Store,Tier 1,0
C09995,21,37.0,15,686.0,8635.0,3,0.6,1,1,Store,Tier 2,0
C09996,23,48.0,10,568.0,5411.0,3,0.3,0,1,Store,Tier 2,0
C09997,14,139.0,5,557.0,2547.0,5,0.54,1,0,Both,Tier 2,0
C09998,43,6.0,16,1012.0,15300.0,6,0.25,0,1,Online,Tier 1,0
C09999,28,52.0,14,699.0,9052.0,4,0.58,1,1,Both,Tier 2,0
C10000,15,35.0,13,670.0,10296.0,2,0.34,0,0,Online,Tier 2,1
C10001,49,32.0,12,1202.0,16866.0,5,0.19,0,1,Store,Tier 3,0
C10002,23,9.0,16,1449.0,27650.0,2,0.27,1,1,Store,Tier 2,0
C10003,33,100.0,6,730.0,5254.0,5,0.41,0,1,Store,Tier 2,0
C10004,30,54.0,9,830.0,6343.0,6,0.29,1,1,Both,Tier 2,0
C10005,55,50.0,13,,6965.0,6,0.34,0,0,Online,Tier 3,0
C10006,50,73.0,10,1263.0,12237.0,6,0.32,1,1,Online,Tier 1,0
C10007,60,63.0,9,990.0,9940.0,3,0.14,0,1,Both,Tier 2,0
C10008,12,33.0,5,150.0,898.0,4,0.41,2,0,Store,Tier 1,1
C10009,3,48.0,14,1224.0,16891.0,7,0.42,0,0,Both,Tier 3,1
C10010,4,21.0,14,970.0,16053.0,2,0.68,0,0,Store,Tier 1,0
C10011,1,31.0,8,670.0,4711.0,5,0.29,1,0,Store,Tier 1,1
C10012,34,101.0,3,1110.0,3891.0,2,0.19,0,1,Both,Tier 2,0
C10013,38,23.0,9,1387.0,14882.0,4,0.4,1,1,Both,Tier 1,0
C10014,35,32.0,11,1289.0,15400.0,2,0.31,0,0,Both,Tier 1,0
C10015,9,164.0,10,825.0,9020.0,3,0.17,0,1,Store,Tier 1,1
C10016,9,82.0,13,952.0,14110.0,1,0.41,1,0,Store,Tier 1,0
C10017,20,20.0,13,1191.0,12910.0,7,0.39,0,1,Both,Tier 2,0
C10018,51,115.0,3,778.0,1894.0,4,0.59,1,1,Online,Tier 1,1
C10019,26,97.0,15,1176.0,20236.0,4,0.15,0,1,Online,Tier 1,1
C10020,33,165.0,6,1030.0,6380.0,3,0.22,0,0,Store,Tier 2,0
C10021,60,63.0,7,996.0,6826.0,6,0.4,0,1,Store,Tier 2,0
C10022,29,90.0,12,230.0,2714.0,1,0.61,0,0,Store,,0
C10023,2,37.0,8,857.0,6559.0,3,0.58,0,1,Both,Tier 2,0
C10024,20,24.0,14,348.0,5680.0,4,0.21,0,1,Store,Tier 2,0
C10025,56,8.0,19,682.0,14557.0,1,0.4,0,1,Store,Tier 2,0
C10026,56,88.0,7,1044.0,7892.0,3,0.38,1,1,Store,Tier 3,0
C10027,53,48.0,12,885.0,10386.0,7,0.07,0,0,Online,Tier 2,0
C10028,27,32.0,11,1089.0,10108.0,2,0.44,0,1,Online,Tier 2,0
C10029,14,125.0,10,735.0,6893.0,4,0.51,1,1,Store,Tier 3,0
C10030,11,43.0,12,869.0,8701.0,2,0.21,0,0,Store,Tier 1,0
C10031,18,5.0,12,1402.0,19836.0,2,0.21,1,1,Both,Tier 1,0
C10032,51,4.0,13,809.0,9072.0,5,0.37,0,1,Both,Tier 2,0
C10033,17,70.0,5,1130.0,6707.0,4,0.25,0,0,Store,Tier 2,0
C10034,41,29.0,14,856.0,10366.0,4,0.66,0,0,Both,Tier 1,0
C10035,8,33.0,10,1337.0,13353.0,4,0.78,0,0,Online,Tier 1,0
C10036,33,21.0,15,729.0,12527.0,2,0.49,1,1,Both,Tier 1,0
C10037,7,27.0,19,678.0,11660.0,5,0.72,0,0,Both,Tier 1,0
C10038,55,60.0,4,596.0,2588.0,2,0.05,1,1,Online,Tier 1,1
C10039,46,174.0,7,945.0,6424.0,3,0.85,0,1,Online,Tier 3,0
C10040,53,48.0,10,299.0,2678.0,4,0.45,0,1,Store,Tier 1,0
C10041,22,66.0,12,947.0,10623.0,7,0.37,0,1,Both,Tier 1,0
C10042,45,107.0,12,1168.0,12730.0,5,0.45,0,1,Store,Tier 2,0
C10043,45,3.0,22,1303.0,34310.0,3,0.4,0,1,Store,Tier 3,0
C10044,35,10.0,9,1341.0,14393.0,3,0.45,1,0,Store,Tier 3,0
C10045,40,5.0,8,968.0,7221.0,5,0.52,0,0,Both,Tier 1,1
C10046,56,89.0,11,1317.0,11846.0,3,0.48,0,1,Online,Tier 1,0
C10047,33,48.0,15,1350.0,23617.0,8,0.51,0,1,Store,Tier 2,0
C10048,51,31.0,12,905.0,9533.0,4,0.46,0,1,Online,Tier 2,0
C10049,49,98.0,9,989.0,10162.0,5,0.16,0,0,Online,Tier 3,0
C10050,50,217.0,3,826.0,2439.0,3,0.45,0,0,Store,Tier 1,1
C10051,8,38.0,7,1083.0,8395.0,4,0.67,0,0,Online,Tier 2,1
C10052,54,87.0,12,831.0,10809.0,4,0.3,1,1,Online,Tier 1,0
C10053,41,181.0,7,811.0,4907.0,6,0.44,0,0,Both,Tier 2,1
C10054,10,12.0,13,750.0,10048.0,3,0.33,0,1,Both,Tier 1,0
C10055,26,19.0,13,1230.0,17489.0,2,0.56,1,0,Store,Tier 3,1
C10056,11,40.0,10,1187.0,10109.0,6,0.4,1,0,Online,Tier 1,1
C10057,53,87.0,8,1294.0,11854.0,3,0.67,0,1,Store,Tier 2,0
C10058,50,49.0,15,1103.0,14079.0,4,0.26,1,1,Store,Tier 3,0
C10059,15,43.0,11,705.0,9142.0,7,0.36,0,1,Store,Tier 2,0
C10060,30,25.0,17,905.0,15186.0,4,0.17,1,1,Both,Tier 2,0
C10061,20,5.0,9,712.0,5648.0,5,0.66,0,0,Both,Tier 2,0
C10062,35,66.0,13,527.0,5963.0,3,0.35,1,1,Store,Tier 1,0
C10063,54,24.0,18,991.0,20185.0,5,0.54,1,1,Store,Tier 1,0
C10064,4,57.0,10,1394.0,14505.0,4,0.47,0,0,Online,Tier 1,0
C10065,53,29.0,7,990.0,7736.0,6,0.33,0,1,Online,Tier 1,0
C10066,20,58.0,13,1142.0,14699.0,4,0.42,0,1,Online,,0
C10067,25,107.0,9,1561.0,15390.0,3,0.22,0,1,Store,Tier 1,1
C10068,10,49.0,9,1429.0,13549.0,5,0.22,1,0,Store,Tier 1,0
C10069,40,57.0,8,946.0,8540.0,5,0.18,0,1,Both,Tier 1,0
C10070,47,28.0,10,854.0,9212.0,2,0.27,2,1,Store,Tier 2,1
C10071,49,82.0,12,900.0,9432.0,8,0.73,0,1,Store,Tier 1,0
C10072,15,4.0,22,150.0,3435.0,6,0.14,1,1,Both,Tier 2,0
C10073,4,9.0,10,799.0,7134.0,3,0.32,0,0,Both,Tier 3,0
C10074,18,31.0,10,726.0,8604.0,4,0.09,0,0,Store,Tier 1,0
C10075,10,37.0,17,1108.0,18577.0,3,0.36,0,1,Store,Tier 2,1
C10076,42,86.0,10,650.0,6739.0,3,0.6,1,1,Both,Tier 2,0
C10077,56,20.0,18,582.0,10144.0,4,0.38,1,1,Online,Tier 1,0
C10078,60,46.0,13,635.0,8309.0,3,0.57,0,1,Store,Tier 2,0
C10079,51,57.0,7,750.0,5562.0,4,0.19,0,1,Store,Tier 3,0
C10080,26,163.0,9,715.0,6334.0,2,0.49,0,0,Both,Tier 2,1
C10081,6,38.0,15,842.0,10985.0,3,0.45,0,1,Store,Tier 2,1
C10082,56,27.0,18,704.0,12596.0,4,0.25,0,1,Both,Tier 2,0
C10083,12,156.0,9,,8659.0,4,0.22,1,1,Store,Tier 2,1
C10084,46,38.0,12,1261.0,12811.0,3,0.39,0,1,Online,Tier 1,0
C10085,34,87.0,15,1121.0,17678.0,4,0.72,0,0,Both,Tier 1,0
C10086,15,5.0,16,1639.0,21937.0,3,0.37,1,1,Online,Tier 2,0
C10087,38,34.0,12,835.0,10713.0,3,0.15,1,0,Store,Tier 2,0
C10088,44,102.0,13,1101.0,13582.0,2,0.73,1,1,Both,Tier 2,0
C10089,53,107.0,7,876.0,5618.0,5,0.33,0,0,Both,Tier 1,0
C10090,2,43.0,12,1815.0,21802.0,4,0.3,1,0,Both,Tier 1,1
C10091,36,50.0,12,643.0,7163.0,4,0.58,1,1,Online,Tier 2,0
C10092,22,35.0,12,888.0,10854.0,8,0.19,0,0,Store,Tier 3,0
C10093,11,146.0,4,459.0,1751.0,3,0.63,0,0,Store,Tier 3,1
C10094,1,39.0,11,1113.0,10464.0,2,0.56,0,1,Online,Tier 2,0
C10095,6,45.0,24,908.0,25069.0,3,0.16,0,1,Online,Tier 3,0
C10096,40,247.0,3,971.0,2866.0,3,0.16,0,0,Store,Tier 1,1
C10097,50,89.0,9,1562.0,13414.0,4,0.16,0,1,Store,Tier 1,0
C10098,46,29.0,5,1029.0,4331.0,8,0.23,0,1,Both,Tier 3,1
C10099,23,34.0,7,803.0,5038.0,3,0.33,0,0,Store,Tier 2,0
C10100,24,24.0,12,959.0,11460.0,3,0.29,0,0,Store,Tier 1,0
C10101,39,52.0,12,870.0,9820.0,6,0.46,0,1,Online,Tier 2,0
C10102,49,15.0,10,547.0,4466.0,4,0.5,1,1,Both,Tier 2,0
C10103,16,3.0,10,738.0,7196.0,5,0.11,1,1,Online,Tier 2,0
C10104,48,53.0,15,707.0,8496.0,6,0.76,0,0,Store,Tier 2,0
C10105,20,69.0,11,778.0,9701.0,4,0.7,1,0,Store,Tier 3,0
C10106,15,41.0,11,1258.0,12879.0,8,0.65,1,1,Store,Tier 2,0
C10107,44,51.0,12,1506.0,17259.0,2,0.67,0,1,Store,Tier 1,0
C10108,43,107.0,11,621.0,6909.0,4,0.42,0,1,Store,Tier 3,0
C10109,17,107.0,8,188.0,1252.0,6,0.61,0,0,Store,Tier 3,0
C10110,17,37.0,18,851.0,12626.0,6,0.37,0,1,Both,Tier 2,0
C10111,10,88.0,13,776.0,10539.0,4,0.35,0,1,Both,Tier 1,0
C10112,15,41.0,14,989.0,15555.0,3,0.42,0,1,Store,Tier 1,0
C10113,19,23.0,17,1301.0,25299.0,3,0.33,0,0,Both,Tier 2,0
C10114,36,55.0,9,554.0,4834.0,4,0.46,1,0,Both,Tier 2,0
C10115,10,49.0,11,896.0,10526.0,6,0.65,0,1,Store,Tier 2,0
C10116,29,141.0,13,1118.0,12333.0,3,0.5,0,1,Both,Tier 1,0
C10117,13,32.0,12,792.0,11233.0,2,0.29,0,0,Store,Tier 1,0
C10118,37,52.0,10,810.0,7460.0,3,0.82,0,0,Store,Tier 3,1
C10119,48,77.0,3,744.0,1869.0,4,0.32,0,0,Store,Tier 1,0
C10120,27,89.0,5,1074.0,5728.0,1,0.49,1,1,Both,Tier 2,0
C10121,19,147.0,8,845.0,6954.0,3,0.07,2,1,Store,Tier 2,0
C10122,57,18.0,12,859.0,11781.0,7,0.34,0,1,Store,Tier 2,0
C10123,44,29.0,11,777.0,9966.0,5,0.23,1,1,Store,Tier 1,1
C10124,4,20.0,16,974.0,18458.0,4,0.44,1,0,Store,Tier 2,1
C10125,51,76.0,10,1098.0,10344.0,3,0.67,0,1,Store,Tier 3,0
C10126,11,67.0,9,1201.0,10563.0,4,0.82,0,1,Online,Tier 1,0
C10127,8,63.0,16,859.0,15377.0,3,0.13,3,0,Online,Tier 1,0
C10128,11,36.0,6,1291.0,8734.0,5,0.45,1,1,Store,Tier 2,0
C10129,59,62.0,8,640.0,5995.0,6,0.43,1,1,Store,Tier 3,0
C10130,57,233.0,5,1034.0,5198.0,6,0.21,1,1,Store,Tier 2,1
C10131,42,90.0,13,267.0,2906.0,2,0.3,0,1,Both,Tier 1,0
C10132,52,41.0,8,1338.0,9487.0,3,0.23,0,1,Online,Tier 2,0
C10133,13,23.0,16,799.0,12613.0,2,0.46,1,0,Store,Tier 1,0
C10134,1,141.0,6,858.0,5034.0,6,0.31,1,1,Both,Tier 1,0
C10135,19,28.0,14,599.0,8347.0,4,0.3,0,1,Both,Tier 1,0
C10136,12,56.0,16,999.0,13987.0,7,0.5,2,1,Online,Tier 2,0
C10137,10,49.0,12,1021.0,13419.0,2,0.22,0,0,Store,Tier 2,0
C10138,6,57.0,11,768.0,7864.0,2,0.25,0,0,Store,Tier 1,1
C10139,45,48.0,13,515.0,6145.0,5,0.85,0,1,Store,Tier 1,0
C10140,11,35.0,14,680.0,11087.0,2,0.46,0,0,Both,Tier 1,0
C10141,10,51.0,12,949.0,12705.0,3,0.28,1,0,Online,Tier 1,1
C10142,26,97.0,11,1152.0,12268.0,2,0.1,0,1,Store,Tier 1,0
C10143,41,16.0,8,913.0,8517.0,4,0.74,0,0,Both,Tier 1,0
C10144,43,42.0,13,1091.0,15808.0,2,0.2,0,0,Both,Tier 2,0
C10145,57,30.0,8,1166.0,10736.0,4,0.82,1,1,Store,Tier 1,1
C10146,14,61.0,15,941.0,13933.0,7,0.63,0,0,Both,Tier 3,0
C10147,46,153.0,10,150.0,1651.0,2,0.13,1,0,Online,Tier 2,0
C10148,60,51.0,16,416.0,7504.0,5,0.43,0,0,Store,Tier 1,0
C10149,18,42.0,14,535.0,7036.0,7,0.07,0,0,Online,Tier 1,1
C10150,17,51.0,10,975.0,8459.0,2,0.55,0,1,Store,Tier 3,0
C10151,10,65.0,10,1344.0,10893.0,2,0.64,2,0,Store,Tier 1,1
C10152,23,75.0,7,1274.0,8774.0,2,0.19,0,1,Online,Tier 1,1
C10153,14,73.0,13,493.0,5162.0,4,0.55,0,1,Store,Tier 3,0
C10154,44,8.0,12,1050.0,13795.0,5,0.31,0,0,Store,Tier 1,1
C10155,39,200.0,6,580.0,3520.0,3,0.41,0,1,Online,Tier 2,1
C10156,22,63.0,14,1459.0,17702.0,7,0.49,0,1,Store,Tier 3,0
C10157,20,32.0,8,685.0,6085.0,4,0.06,0,0,Store,Tier 1,0
C10158,27,51.0,8,806.0,7193.0,3,0.23,0,0,Store,Tier 1,1
C10159,11,20.0,14,1246.0,18909.0,2,0.22,0,0,Both,Tier 2,0
C10160,43,101.0,9,1196.0,9401.0,2,0.53,0,1,Store,Tier 1,0
C10161,47,34.0,17,327.0,4738.0,3,0.25,0,1,Store,Tier 3,0
C10162,14,17.0,20,847.0,15262.0,7,0.81,0,1,Store,Tier 1,0
C10163,47,119.0,13,592.0,6334.0,3,0.8,2,1,Store,Tier 1,0
C10164,11,31.0,15,441.0,5949.0,3,0.08,1,1,Store,Tier 1,0
C10165,35,102.0,7,813.0,4697.0,6,0.43,0,1,Store,Tier 1,1
C10166,24,3.0,9,1205.0,12497.0,3,0.24,2,0,Both,Tier 3,0
C10167,14,7.0,13,984.0,11832.0,1,0.58,2,1,Store,Tier 2,0
C10168,45,39.0,11,1034.0,12732.0,7,0.0,2,1,Online,Tier 3,0
C10169,25,33.0,14,680.0,10483.0,5,0.7,0,1,Store,Tier 1,0
C10170,46,6.0,15,927.0,14067.0,2,0.57,0,1,Store,Tier 1,0
C10171,51,97.0,10,746.0,6592.0,3,0.35,1,1,Store,Tier 1,0
C10172,2,99.0,5,417.0,1804.0,4,0.56,0,0,Online,Tier 2,1
C10173,14,237.0,6,684.0,3855.0,2,0.18,1,1,Online,Tier 2,1
C10174,57,20.0,20,845.0,14310.0,5,0.14,1,1,Store,Tier 1,0
C10175,21,26.0,14,1056.0,17206.0,5,0.21,0,0,Both,Tier 1,0
C10176,21,59.0,15,1081.0,18271.0,4,0.37,1,1,Both,Tier 3,0
C10177,34,32.0,14,1080.0,12107.0,2,0.56,0,1,Store,Tier 1,0
C10178,55,74.0,10,1388.0,12997.0,3,0.43,0,0,Store,Tier 1,0
C10179,13,174.0,6,921.0,4639.0,8,0.43,0,1,Online,Tier 2,1
C10180,41,90.0,12,938.0,10343.0,3,0.38,0,1,Store,Tier 2,0
C10181,23,10.0,17,940.0,15477.0,3,0.42,1,1,Store,Tier 2,0
C10182,6,95.0,7,1521.0,11242.0,6,0.27,0,0,Store,Tier 1,1
C10183,10,48.0,10,1274.0,11462.0,4,0.66,0,0,Both,Tier 2,0
C10184,17,98.0,7,1073.0,6034.0,5,0.5,0,0,Store,Tier 1,0
C10185,3,2.0,9,845.0,7589.0,5,0.64,1,0,Both,,0
C10186,5,52.0,12,957.0,13217.0,4,0.46,0,0,Store,Tier 2,0
C10187,39,92.0,14,602.0,8370.0,5,0.14,0,1,Online,Tier 2,0
C10188,43,98.0,9,437.0,3271.0,2,0.21,0,1,Store,Tier 1,1
C10189,12,38.0,10,1084.0,11118.0,5,0.46,2,0,Store,Tier 2,1
C10190,42,89.0,8,1349.0,11595.0,6,0.25,0,0,Store,Tier 2,1
C10191,2,25.0,17,723.0,10857.0,3,0.14,1,0,Online,Tier 3,0
C10192,48,80.0,9,705.0,6111.0,6,0.24,1,1,Online,Tier 2,0
C10193,17,25.0,11,671.0,7483.0,3,0.16,0,1,Store,Tier 2,0
C10194,8,31.0,7,150.0,1105.0,5,0.56,1,0,Store,Tier 3,0
C10195,37,16.0,16,1311.0,22421.0,3,0.27,2,1,Store,Tier 1,0
C10196,30,160.0,7,1093.0,6975.0,5,0.62,0,0,Store,Tier 3,1
C10197,30,30.0,22,1522.0,29689.0,4,0.23,0,1,Both,Tier 2,0
C10198,18,16.0,9,1034.0,8799.0,2,0.15,0,0,Both,Tier 1,0
C10199,20,140.0,8,1258.0,9360.0,3,0.51,1,0,Both,Tier 2,1
C10200,45,45.0,18,927.0,19947.0,1,0.1,0,1,Store,Tier 3,0
C10201,3,57.0,11,696.0,7493.0,2,0.23,0,1,Store,Tier 1,1
C10202,27,21.0,10,1254.0,13822.0,2,0.06,0,0,Store,Tier 2,0
C10203,16,71.0,9,1265.0,10310.0,4,0.45,0,0,Both,Tier 2,1
C10204,22,5.0,16,1076.0,15029.0,4,0.27,0,1,Online,Tier 1,0
C10205,44,49.0,6,1088.0,6329.0,5,0.37,1,0,Store,Tier 1,1
C10206,39,43.0,14,1167.0,17158.0,2,0.67,2,1,Both,Tier 2,0
C10207,22,32.0,13,,7612.0,5,0.46,0,1,Both,Tier 3,0
C10208,8,80.0,12,1156.0,13390.0,3,0.35,0,0,Store,Tier 3,0
C10209,56,119.0,7,960.0,7666.0,2,0.53,1,1,Both,Tier 2,0
C10210,3,16.0,18,902.0,13279.0,4,0.15,0,0,Store,Tier 1,0
C10211,46,14.0,15,1696.0,24025.0,3,0.37,0,0,Both,Tier 3,0
C10212,12,166.0,10,1206.0,13431.0,3,0.32,1,1,Online,Tier 1,0
C10213,2,38.0,7,1106.0,8443.0,6,0.55,0,0,Store,Tier 2,0
C10214,27,9.0,15,734.0,9341.0,3,0.2,0,1,Store,Tier 2,0
C10215,58,31.0,12,553.0,7429.0,4,0.32,0,1,Online,Tier 2,0
C10216,55,5.0,11,814.0,8255.0,4,0.63,0,0,Store,Tier 3,0
C10217,25,51.0,13,1126.0,12867.0,7,0.05,0,0,Store,Tier 2,0
C10218,34,177.0,6,706.0,3754.0,4,0.65,1,1,Both,Tier 3,1
C10219,14,314.0,2,335.0,563.0,4,0.21,0,0,Store,Tier 2,1
C10220,4,57.0,8,1437.0,9266.0,2,0.47,0,0,Both,Tier 2,0
C10221,6,37.0,13,1114.0,15306.0,3,0.57,0,0,Both,Tier 2,1
C10222,19,41.0,8,839.0,6450.0,2,0.45,0,0,Both,Tier 3,0
C10223,13,6.0,8,920.0,8062.0,4,0.5,1,0,Online,Tier 3,0
C10224,16,72.0,6,990.0,6246.0,3,0.43,0,1,Store,Tier 1,0
C10225,18,153.0,10,643.0,6734.0,2,0.67,1,0,Both,Tier 3,0
C10226,60,13.0,14,679.0,8343.0,5,0.45,0,1,Both,Tier 1,0
C10227,11,58.0,8,367.0,2720.0,5,0.28,0,1,Both,Tier 2,0
C10228,23,19.0,15,718.0,12715.0,5,0.47,0,1,Online,Tier 1,0
C10229,48,139.0,13,929.0,13639.0,2,0.46,0,0,Online,Tier 2,0
C10230,52,31.0,10,917.0,9724.0,5,0.43,0,1,Online,Tier 1,0
C10231,60,47.0,11,909.0,9880.0,3,0.25,0,1,Both,Tier 1,0
C10232,14,20.0,8,1026.0,8559.0,4,0.18,0,1,Store,Tier 2,0
C10233,47,85.0,13,1121.0,11783.0,4,0.5,0,1,Both,Tier 2,0
C10234,52,43.0,12,678.0,9076.0,5,0.24,0,0,Both,Tier 2,0
C10235,49,32.0,13,296.0,3164.0,5,0.44,0,1,Store,Tier 1,0
C10236,27,49.0,11,776.0,9691.0,5,0.38,0,1,Both,Tier 3,0
C10237,32,41.0,12,1266.0,15145.0,3,0.07,1,0,Both,Tier 1,0
C10238,57,55.0,13,875.0,9849.0,5,0.26,1,1,Store,Tier 2,0
C10239,56,22.0,11,1101.0,11064.0,2,0.46,1,1,Online,Tier 2,0
C10240,24,37.0,16,382.0,7326.0,4,0.7,0,1,Store,Tier 2,0
C10241,50,27.0,13,1028.0,11827.0,4,0.32,0,1,Store,Tier 3,0
C10242,10,63.0,20,550.0,11364.0,1,0.66,0,1,Both,Tier 2,0
C10243,55,39.0,15,1158.0,15301.0,2,0.23,1,1,Online,Tier 1,0
C10244,18,44.0,14,972.0,12857.0,2,0.77,1,1,Both,Tier 2,0
C10245,31,22.0,11,797.0,8628.0,4,0.11,0,0,Both,Tier 2,0
C10246,18,68.0,11,637.0,6061.0,4,0.27,0,1,Both,Tier 1,0
C10247,34,58.0,21,865.0,15586.0,4,0.45,0,0,Store,Tier 2,0
C10248,49,65.0,13,923.0,12652.0,4,0.65,0,0,Store,Tier 1,1
C10249,23,18.0,22,926.0,16909.0,3,0.19,1,1,Both,Tier 3,0
C10250,58,32.0,7,972.0,6027.0,6,0.46,0,1,Store,Tier 2,0
C10251,5,111.0,9,936.0,9864.0,5,0.16,1,0,Store,Tier 1,0
C10252,59,74.0,8,,10317.0,5,0.33,0,1,Online,Tier 2,0
C10253,58,9.0,16,917.0,17397.0,5,0.62,1,0,Both,Tier 2,1
C10254,25,20.0,13,1060.0,13867.0,5,0.35,0,0,Both,Tier 1,0
C10255,32,42.0,15,1568.0,24956.0,4,0.09,0,0,Store,Tier 2,1
C10256,33,62.0,7,779.0,5052.0,5,0.18,0,0,Both,Tier 2,0
C10257,60,99.0,10,840.0,9529.0,2,0.35,0,1,Store,Tier 1,0
C10258,38,86.0,9,594.0,5982.0,6,0.09,1,1,Store,Tier 1,1
C10259,40,9.0,12,1427.0,15697.0,4,0.35,0,0,Store,Tier 2,0
C10260,35,52.0,10,1302.0,13843.0,7,0.34,0,1,Online,Tier 2,0
C10261,22,29.0,14,797.0,9769.0,4,0.43,0,0,Store,Tier 2,0
C10262,49,53.0,11,796.0,8136.0,6,0.78,1,0,Store,Tier 1,0
C10263,4,83.0,12,554.0,6443.0,3,0.61,0,0,Store,Tier 3,1
C10264,32,50.0,7,982.0,7646.0,2,0.45,1,0,Both,Tier 2,1
C10265,58,4.0,18,876.0,14800.0,6,0.01,0,0,Online,Tier 2,0
C10266,44,130.0,6,712.0,3800.0,4,0.09,0,1,Store,Tier 3,1
C10267,21,24.0,12,783.0,10054.0,3,0.91,0,0,Store,Tier 1,0
C10268,36,123.0,12,1452.0,15531.0,3,0.34,1,1,Both,Tier 2,0
C10269,14,86.0,12,1166.0,14140.0,4,0.46,1,0,Online,Tier 2,0
C10270,50,85.0,8,860.0,5893.0,3,0.2,1,0,Online,Tier 2,1
C10271,2,65.0,12,1405.0,14867.0,7,0.26,0,1,Store,Tier 1,0
C10272,31,15.0,19,715.0,15605.0,2,0.62,0,1,Both,Tier 3,0
C10273,37,18.0,15,1124.0,16860.0,4,0.32,0,1,Store,Tier 1,0
C10274,15,28.0,12,803.0,10296.0,5,0.2,0,1,Both,Tier 1,0
C10275,57,4.0,12,452.0,6192.0,2,0.25,0,1,Store,Tier 2,0
C10276,11,30.0,9,1010.0,9736.0,6,0.5,0,0,Online,Tier 2,0
C10277,59,35.0,17,1041.0,14901.0,2,0.14,1,0,Store,Tier 1,0
C10278,21,71.0,12,1015.0,12558.0,4,0.19,0,0,Store,Tier 1,0
C10279,2,5.0,16,958.0,12804.0,7,0.38,0,0,Both,Tier 2,0
C10280,1,128.0,7,844.0,6649.0,8,0.59,0,0,Both,Tier 1,0
C10281,31,13.0,14,341.0,3899.0,7,0.51,0,1,Online,Tier 3,0
C10282,24,108.0,12,1241.0,12312.0,4,0.51,0,0,Store,Tier 3,1
C10283,46,34.0,8,753.0,5469.0,3,0.44,0,1,Both,Tier 1,1
C10284,16,8.0,12,924.0,11794.0,6,0.32,0,0,Store,Tier 2,0
C10285,40,116.0,8,1028.0,8584.0,2,0.67,0,0,Store,Tier 1,1
C10286,26,100.0,3,617.0,1964.0,3,0.3,0,0,Store,Tier 1,1
C10287,23,84.0,13,894.0,10068.0,2,0.69,0,1,Store,Tier 1,0
C10288,17,22.0,13,659.0,8123.0,4,0.71,0,1,Both,Tier 1,0
C10289,27,83.0,5,1090.0,5395.0,3,0.25,0,1,Online,Tier 1,1
C10290,4,50.0,6,543.0,2723.0,3,0.47,2,0,Store,Tier 2,1
C10291,7,53.0,14,900.0,14715.0,1,0.35,0,0,Store,Tier 3,0
C10292,8,76.0,11,666.0,6408.0,6,0.8,0,1,Online,Tier 3,0
C10293,45,24.0,10,421.0,3965.0,3,0.19,1,1,Store,Tier 2,0
C10294,4,144.0,10,700.0,7545.0,5,0.21,1,1,Both,Tier 1,1
C10295,51,101.0,4,1066.0,3883.0,4,0.51,0,0,Store,Tier 2,1
C10296,24,23.0,10,843.0,9567.0,2,0.54,0,1,Store,Tier 2,0
C10297,43,35.0,20,423.0,7382.0,6,0.21,1,1,Both,Tier 1,0
C10298,15,33.0,6,1337.0,6837.0,4,0.36,0,1,Store,Tier 1,0
C10299,33,5.0,10,1111.0,12729.0,6,0.32,1,1,Store,Tier 3,0
C10300,55,83.0,7,252.0,2059.0,3,0.64,1,0,Online,Tier 2,1
C10301,32,164.0,7,1192.0,8500.0,3,0.47,0,0,Online,Tier 1,1
C10302,60,43.0,7,914.0,7631.0,5,0.72,0,0,Online,Tier 1,0
C10303,2,62.0,8,1523.0,13633.0,3,0.46,1,0,Both,Tier 1,0
C10304,14,16.0,15,1076.0,18704.0,3,0.61,0,1,Store,Tier 3,0
C10305,8,105.0,10,841.0,9429.0,1,0.16,0,0,Online,Tier 1,1
C10306,44,32.0,13,749.0,9719.0,5,0.57,0,1,Store,Tier 2,0
C10307,25,37.0,13,423.0,6450.0,3,0.37,0,1,Both,Tier 1,0
C10308,60,60.0,17,820.0,13951.0,3,0.21,0,1,Online,Tier 2,0
C10309,7,80.0,7,916.0,6138.0,3,0.32,0,0,Store,Tier 3,0
C10310,40,32.0,7,574.0,4177.0,3,0.02,0,1,Store,Tier 2,0
C10311,18,62.0,13,855.0,12084.0,3,0.34,1,0,Online,Tier 2,0
C10312,19,3.0,20,1006.0,17430.0,3,0.44,0,0,Online,Tier 1,0
C10313,20,125.0,5,500.0,2401.0,5,0.42,0,1,Online,Tier 2,0
C10314,33,48.0,15,673.0,10090.0,3,0.36,1,1,Both,Tier 1,0
C10315,18,84.0,9,884.0,8723.0,3,0.4,1,0,Online,Tier 2,0
C10316,34,160.0,7,998.0,6626.0,4,0.3,0,1,Online,Tier 1,1
C10317,36,86.0,8,682.0,6323.0,1,0.39,0,0,Store,Tier 3,1
C10318,58,10.0,10,906.0,7534.0,7,0.55,0,0,Store,Tier 2,0
C10319,56,82.0,12,411.0,5853.0,4,0.3,0,1,Store,Tier 3,0
C10320,27,39.0,12,394.0,5453.0,5,0.32,0,1,Online,Tier 2,0
C10321,21,10.0,15,1298.0,18868.0,7,0.36,1,1,Both,Tier 2,0
C10322,53,131.0,6,242.0,1239.0,5,0.27,2,1,Both,Tier 3,0
C10323,43,113.0,10,447.0,5323.0,5,0.23,0,0,Store,Tier 1,1
C10324,55,18.0,10,1192.0,13380.0,3,0.14,0,0,Online,Tier 2,0
C10325,53,66.0,14,739.0,10440.0,4,0.68,0,1,Both,Tier 2,0
C10326,28,129.0,11,815.0,7591.0,2,0.61,0,0,Store,Tier 3,1
C10327,2,71.0,10,1384.0,12663.0,5,0.55,1,0,Store,Tier 3,1
C10328,54,73.0,16,763.0,14235.0,2,0.5,0,1,Store,Tier 1,0
C10329,26,64.0,11,1190.0,13349.0,2,0.31,0,0,Store,Tier 1,1
C10330,25,25.0,17,474.0,9218.0,5,0.27,0,1,Both,Tier 2,0
C10331,27,53.0,15,459.0,8062.0,5,0.21,1,1,Both,Tier 1,0
C10332,51,66.0,9,1206.0,9438.0,1,0.4,0,1,Store,Tier 2,0
C10333,18,72.0,8,902.0,5810.0,2,0.08,0,0,Store,Tier 1,0
C10334,45,141.0,7,754.0,4289.0,5,0.5,0,1,Both,Tier 3,0
C10335,5,13.0,13,546.0,7639.0,2,0.07,0,0,Store,Tier 3,0
C10336,11,87.0,14,763.0,9611.0,7,0.52,0,0,Both,Tier 2,1
C10337,32,10.0,15,317.0,4666.0,4,0.44,0,1,Both,Tier 1,0
C10338,28,46.0,4,1474.0,6471.0,2,0.55,0,0,Store,Tier 3,0
C10339,57,57.0,13,1023.0,14715.0,3,0.39,0,1,Store,Tier 3,0
C10340,51,45.0,10,557.0,6201.0,5,0.13,0,1,Store,Tier 1,0
C10341,51,48.0,8,1037.0,8397.0,2,0.33,0,1,Store,Tier 1,0
C10342,47,15.0,9,1184.0,9963.0,5,0.46,1,0,Online,Tier 2,0
C10343,49,72.0,9,602.0,5605.0,6,0.27,0,1,Online,Tier 2,0
C10344,36,37.0,12,699.0,9501.0,4,0.58,1,0,Both,Tier 2,0
C10345,18,60.0,16,1260.0,22745.0,4,0.43,0,1,Online,Tier 1,0
C10346,15,13.0,16,1314.0,16821.0,2,0.3,0,0,Online,Tier 3,0
C10347,20,8.0,11,843.0,10493.0,3,0.66,1,0,Both,Tier 2,0
C10348,60,69.0,10,1187.0,12034.0,5,0.48,0,1,Both,Tier 2,0
C10349,19,50.0,13,945.0,14493.0,6,0.59,0,1,Store,Tier 1,0
C10350,1,35.0,16,620.0,8048.0,3,0.3,0,1,Online,Tier 2,0
C10351,51,34.0,9,870.0,7025.0,3,0.21,0,1,Store,Tier 1,0
C10352,24,87.0,11,612.0,6042.0,4,0.18,0,0,Online,Tier 2,1
C10353,13,145.0,6,868.0,5413.0,3,0.47,0,0,Store,Tier 2,1
C10354,60,62.0,17,,12913.0,2,0.37,1,1,Store,Tier 3,0
C10355,49,80.0,14,768.0,9401.0,5,0.46,1,0,Store,Tier 3,0
C10356,53,105.0,12,,16253.0,4,0.26,0,1,Store,Tier 3,0
C10357,13,31.0,18,1572.0,30405.0,4,0.58,1,1,Online,Tier 2,0
C10358,43,14.0,10,741.0,5945.0,3,0.16,0,1,Store,Tier 1,0
C10359,34,15.0,12,1647.0,17222.0,7,0.22,1,0,Online,Tier 2,0
C10360,21,76.0,10,1425.0,16020.0,5,0.19,0,0,Store,Tier 1,0
C10361,10,8.0,14,838.0,13749.0,2,0.23,0,1,Both,Tier 1,0
C10362,16,106.0,9,1258.0,12355.0,3,0.54,0,1,Store,Tier 1,1
C10363,6,50.0,17,1221.0,17283.0,5,0.22,0,0,Both,Tier 1,0
C10364,20,40.0,13,696.0,9158.0,4,0.17,0,0,Both,Tier 2,0
C10365,57,156.0,9,864.0,8870.0,7,0.7,0,1,Both,Tier 2,0
C10366,2,141.0,9,1046.0,8766.0,6,0.27,0,0,Both,Tier 2,0
C10367,48,51.0,17,799.0,14478.0,5,0.53,0,1,Store,Tier 2,1
C10368,49,150.0,8,1049.0,9834.0,5,0.32,0,1,Online,Tier 1,0
C10369,43,83.0,13,690.0,7651.0,4,0.13,1,0,Store,Tier 1,1
C10370,54,141.0,9,650.0,5203.0,3,0.19,0,1,Store,Tier 2,0
C10371,12,49.0,14,360.0,4261.0,4,0.52,0,0,Store,Tier 3,0
C10372,6,71.0,14,1126.0,16864.0,6,0.25,1,1,Both,Tier 1,0
C10373,31,8.0,17,604.0,8988.0,2,0.81,0,0,Both,Tier 2,0
C10374,11,13.0,7,818.0,6591.0,3,0.56,1,0,Both,Tier 2,0
C10375,55,8.0,13,353.0,5141.0,6,0.5,1,0,Both,Tier 2,0
C10376,9,153.0,5,753.0,4202.0,2,0.24,0,0,Both,Tier 2,1
C10377,11,23.0,11,1231.0,12749.0,3,0.77,0,0,Store,Tier 2,1
C10378,12,7.0,19,1618.0,27502.0,2,0.12,0,0,Store,Tier 2,0
C10379,45,30.0,10,414.0,3984.0,6,0.4,1,1,Store,Tier 1,0
C10380,20,26.0,8,1430.0,12433.0,7,0.44,2,1,Both,Tier 3,1
C10381,36,25.0,6,1176.0,8012.0,4,0.23,1,0,Store,Tier 3,0
C10382,28,60.0,14,859.0,10252.0,3,0.57,0,1,Store,Tier 2,0
C10383,21,79.0,13,453.0,5079.0,6,0.29,0,1,Store,Tier 1,0
C10384,6,50.0,12,1512.0,15284.0,4,0.47,0,0,Store,Tier 1,1
C10385,49,42.0,16,520.0,8610.0,6,0.62,0,1,Store,Tier 3,0
C10386,6,2.0,18,1096.0,21071.0,2,0.71,0,0,Both,Tier 2,0
C10387,42,70.0,11,875.0,9295.0,3,0.6,0,1,Online,Tier 2,0
C10388,43,31.0,19,1380.0,24419.0,4,0.42,0,1,Store,Tier 1,0
C10389,29,57.0,11,942.0,11742.0,2,0.08,0,1,Store,Tier 1,0
C10390,8,163.0,7,1491.0,9881.0,3,0.52,0,1,Online,Tier 3,0
C10391,5,136.0,8,910.0,7015.0,3,0.52,0,1,Online,Tier 2,0
C10392,39,8.0,15,1156.0,20351.0,3,0.25,0,0,Both,Tier 1,0
C10393,27,86.0,9,685.0,7043.0,1,0.38,1,0,Both,Tier 2,1
C10394,16,62.0,12,509.0,6446.0,1,0.34,0,0,Both,Tier 1,0
C10395,13,93.0,10,584.0,6080.0,2,0.52,2,0,Online,Tier 2,0
C10396,3,79.0,9,1174.0,8661.0,6,0.14,0,0,Store,Tier 3,1
C10397,14,37.0,10,1257.0,12972.0,4,0.32,1,0,Store,Tier 1,0
C10398,22,35.0,11,976.0,12045.0,4,0.31,0,0,Online,Tier 3,0
C10399,40,104.0,11,687.0,7943.0,2,0.53,0,1,Store,Tier 2,1
C10400,38,4.0,14,937.0,15301.0,5,0.68,0,0,Store,Tier 2,0
C10401,50,85.0,12,229.0,2665.0,4,0.13,0,1,Both,Tier 1,0
C10402,4,124.0,16,562.0,8089.0,1,0.52,1,1,Store,Tier 3,0
C10403,51,170.0,8,845.0,6140.0,5,0.43,0,1,Both,Tier 3,0
C10404,60,53.0,12,1266.0,17728.0,8,0.23,0,1,Online,Tier 3,0
C10405,57,17.0,20,1244.0,20631.0,5,0.71,0,1,Both,Tier 1,0
C10406,48,165.0,5,865.0,4510.0,5,0.57,0,1,Online,Tier 2,1
C10407,21,124.0,6,1165.0,6230.0,5,0.46,0,1,Both,Tier 2,0
C10408,39,72.0,9,672.0,6371.0,2,0.59,0,1,Both,Tier 1,0
C10409,53,67.0,13,696.0,9081.0,1,0.15,0,1,Both,Tier 1,0
C10410,34,17.0,10,847.0,9715.0,3,0.54,0,0,Both,Tier 1,0
C10411,20,13.0,11,573.0,5589.0,1,0.18,0,0,Both,Tier 1,0
C10412,18,27.0,18,946.0,14444.0,3,0.23,0,0,Store,Tier 1,0
C10413,21,47.0,12,1316.0,17373.0,5,0.66,0,1,Store,Tier 3,0
C10414,41,62.0,14,1416.0,19085.0,2,0.66,0,1,Store,Tier 1,0
C10415,42,34.0,12,887.0,12182.0,7,0.42,0,1,Store,Tier 2,0
C10416,22,69.0,10,1556.0,17589.0,4,0.24,0,0,Store,Tier 3,1
C10417,52,236.0,6,613.0,4364.0,5,0.47,2,0,Store,Tier 2,1
C10418,38,65.0,14,937.0,15708.0,3,0.17,1,1,Store,Tier 1,0
C10419,37,43.0,11,676.0,8555.0,2,0.24,0,1,Both,Tier 1,0
C10420,1,10.0,13,773.0,8263.0,6,0.65,0,0,Online,Tier 1,0
C10421,42,35.0,9,360.0,2716.0,3,0.54,1,0,Online,Tier 3,0
C10422,20,37.0,16,1261.0,22185.0,5,0.38,0,0,Store,Tier 2,0
C10423,30,1.0,8,817.0,7684.0,5,0.24,0,0,Store,Tier 2,0
C10424,54,36.0,10,800.0,8011.0,3,0.5,0,0,Store,Tier 3,0
C10425,4,55.0,11,884.0,10274.0,5,0.6,2,0,Online,Tier 1,1
C10426,20,23.0,13,1335.0,16344.0,6,0.17,0,1,Both,Tier 1,0
C10427,37,53.0,8,785.0,6849.0,4,0.05,1,1,Online,Tier 2,0
C10428,38,52.0,13,1189.0,14550.0,4,0.5,1,1,Store,Tier 2,1
C10429,7,157.0,9,1066.0,9687.0,4,0.65,0,1,Both,Tier 1,0
C10430,49,35.0,13,1017.0,15431.0,2,0.13,0,0,Both,Tier 3,0
C10431,24,103.0,10,673.0,7637.0,3,0.51,1,1,Both,Tier 3,0
C10432,59,201.0,5,694.0,3415.0,1,0.38,0,1,Online,Tier 1,1
C10433,11,53.0,15,548.0,9500.0,3,0.08,3,1,Online,Tier 2,0
C10434,9,157.0,7,819.0,6858.0,2,0.45,0,1,Both,Tier 3,1
C10435,57,51.0,13,899.0,11870.0,1,0.1,1,1,Online,Tier 3,0
C10436,52,49.0,10,718.0,6763.0,1,0.43,0,1,Store,Tier 2,1
C10437,23,81.0,12,1125.0,11216.0,4,0.33,1,1,Both,Tier 2,0
C10438,7,23.0,14,1137.0,15342.0,2,0.22,0,0,Store,Tier 2,0
C10439,21,40.0,16,334.0,4362.0,2,0.27,0,1,Store,Tier 1,0
C10440,55,52.0,11,1117.0,12957.0,7,0.33,0,1,Both,Tier 3,0
C10441,41,44.0,11,727.0,7651.0,7,0.07,0,0,Online,Tier 1,0
C10442,46,25.0,15,1376.0,19934.0,2,0.28,1,1,Both,Tier 3,1
C10443,12,13.0,18,1315.0,26815.0,4,0.76,0,1,Both,Tier 3,0
C10444,42,33.0,8,663.0,5661.0,2,0.44,2,0,Both,Tier 3,0
C10445,7,12.0,11,1329.0,14609.0,7,0.42,1,0,Both,Tier 2,0
C10446,41,48.0,7,1204.0,9800.0,1,0.5,0,1,Store,Tier 2,0
C10447,44,69.0,8,598.0,5018.0,8,0.15,1,1,Store,Tier 1,1
C10448,58,41.0,10,914.0,7497.0,6,0.32,0,1,Both,Tier 2,0
C10449,8,113.0,8,586.0,4203.0,4,0.33,1,1,Store,Tier 3,1
C10450,4,18.0,11,150.0,1394.0,4,0.7,0,1,Online,Tier 2,0
C10451,51,54.0,9,663.0,4880.0,7,0.39,1,1,Store,,0
C10452,12,87.0,8,1057.0,9491.0,2,0.42,0,0,Online,Tier 1,0
C10453,41,125.0,5,1406.0,6457.0,3,0.57,0,1,Store,Tier 3,1
C10454,41,106.0,13,636.0,7273.0,3,0.64,0,0,Store,Tier 1,1
C10455,35,96.0,7,1091.0,8469.0,3,0.16,0,0,Both,Tier 3,0
C10456,19,44.0,9,150.0,1159.0,3,0.77,0,0,Both,Tier 2,0
C10457,22,50.0,12,972.0,11436.0,5,0.33,0,0,Both,Tier 1,0
C10458,13,17.0,13,834.0,10033.0,3,0.49,0,1,Both,Tier 3,0
C10459,38,93.0,10,150.0,1526.0,5,0.37,0,0,Both,Tier 1,0
C10460,52,89.0,8,846.0,7971.0,4,0.44,0,1,Online,Tier 2,0
C10461,36,36.0,14,535.0,8170.0,4,0.37,0,1,Online,Tier 3,0
C10462,43,79.0,13,1055.0,12565.0,4,0.23,0,0,Store,Tier 1,0
C10463,1,41.0,13,1223.0,14285.0,7,0.18,0,0,Store,Tier 1,0
C10464,11,34.0,11,464.0,5459.0,3,0.63,0,1,Online,Tier 2,0
C10465,16,55.0,12,699.0,8901.0,3,0.44,2,0,Store,Tier 2,1
C10466,36,28.0,18,454.0,9628.0,2,0.4,0,0,Store,Tier 2,0
C10467,5,28.0,14,1252.0,16817.0,4,0.62,0,1,Store,Tier 1,0
C10468,40,58.0,6,1164.0,7676.0,3,0.55,1,0,Store,Tier 1,1
C10469,25,26.0,13,1409.0,18394.0,2,0.22,1,0,Online,,0
C10470,35,84.0,10,1366.0,13353.0,4,0.18,1,1,Online,Tier 3,1
C10471,35,62.0,14,874.0,11493.0,3,0.43,1,0,Store,Tier 2,0
C10472,14,56.0,10,545.0,6185.0,6,0.45,0,0,Store,Tier 1,0
C10473,3,125.0,10,933.0,8445.0,4,0.52,0,0,Both,Tier 1,1
C10474,60,21.0,13,1001.0,14708.0,6,0.44,0,0,Online,Tier 2,0
C10475,48,17.0,13,967.0,14521.0,5,0.38,0,0,Both,Tier 2,0
C10476,34,80.0,16,388.0,6979.0,6,0.23,0,1,Store,Tier 1,0
C10477,21,19.0,16,837.0,11552.0,4,0.13,0,0,Online,Tier 2,0
C10478,17,33.0,10,628.0,5763.0,4,0.48,0,0,Store,Tier 2,0
C10479,15,39.0,16,610.0,9800.0,2,0.41,0,0,Online,Tier 1,0
C10480,26,31.0,10,672.0,5417.0,1,0.49,0,1,Both,Tier 3,0
C10481,26,90.0,6,855.0,4779.0,5,0.63,1,0,Both,Tier 2,0
C10482,46,108.0,9,1018.0,9445.0,6,0.32,1,1,Store,Tier 2,1
C10483,43,6.0,10,891.0,10662.0,2,0.36,0,1,Store,Tier 1,0
C10484,12,29.0,11,688.0,7984.0,6,0.35,0,0,Store,Tier 2,0
C10485,9,117.0,7,1367.0,8223.0,6,0.21,0,0,Both,Tier 2,0
C10486,31,27.0,15,837.0,12135.0,2,0.66,1,0,Store,Tier 1,0
C10487,55,19.0,15,827.0,14065.0,2,0.36,0,0,Online,Tier 1,0
C10488,34,77.0,9,454.0,4012.0,5,0.22,0,0,Both,Tier 1,0
C10489,20,34.0,12,900.0,9767.0,6,0.63,0,0,Both,Tier 1,0
C10490,27,35.0,10,570.0,4934.0,2,0.15,0,1,Store,Tier 1,0
C10491,55,89.0,16,1415.0,22986.0,3,0.18,1,1,Store,Tier 1,0
C10492,46,78.0,9,1089.0,8726.0,4,0.26,1,1,Both,Tier 1,1
C10493,46,21.0,14,1149.0,16528.0,3,0.27,0,0,Online,Tier 3,0
C10494,33,142.0,10,1199.0,10677.0,2,0.36,1,1,Both,Tier 1,0
C10495,17,37.0,13,861.0,13151.0,6,0.08,0,0,Store,Tier 2,0
C10496,57,11.0,18,662.0,13792.0,6,0.77,0,1,Store,Tier 1,0
C10497,50,52.0,9,770.0,6563.0,5,0.14,1,1,Store,Tier 1,0
C10498,13,160.0,4,769.0,3151.0,6,0.36,0,0,Store,Tier 1,1
C10499,42,39.0,16,749.0,13788.0,6,0.08,0,1,Both,Tier 2,0
C10500,10,49.0,6,1278.0,6644.0,2,0.27,0,0,Store,Tier 2,0
C10501,29,24.0,12,957.0,13371.0,5,0.26,0,1,Both,Tier 2,0
C10502,8,67.0,16,1031.0,13473.0,5,0.52,0,0,Store,Tier 3,0
C10503,14,95.0,9,558.0,5028.0,3,0.4,1,0,Store,Tier 1,1
C10504,11,29.0,17,427.0,8210.0,6,0.52,0,0,Both,Tier 2,0
C10505,23,37.0,12,551.0,5440.0,6,0.6,0,0,Store,Tier 3,0
C10506,22,123.0,7,621.0,4289.0,2,0.58,1,0,Both,Tier 2,1
C10507,27,69.0,9,673.0,5334.0,4,0.18,0,0,Both,Tier 1,0
C10508,6,105.0,14,749.0,12473.0,3,0.57,0,0,Store,Tier 1,1
C10509,51,53.0,11,933.0,8810.0,5,0.43,0,0,Both,Tier 1,0
C10510,30,157.0,9,780.0,7469.0,6,0.39,0,1,Both,Tier 1,1
C10511,5,103.0,10,583.0,4957.0,4,0.21,0,0,Store,Tier 2,0
C10512,7,35.0,9,974.0,10132.0,8,0.38,0,0,Store,Tier 2,0
C10513,59,80.0,8,1008.0,7626.0,8,0.09,0,1,Store,Tier 2,0
C10514,28,19.0,8,669.0,6056.0,5,0.33,1,0,Store,Tier 1,0
C10515,24,65.0,17,,15670.0,4,0.3,0,0,Online,Tier 2,0
C10516,55,81.0,12,825.0,8532.0,4,0.13,0,0,Both,Tier 3,0
C10517,11,82.0,14,848.0,10021.0,4,0.3,0,1,Both,Tier 2,0
C10518,18,48.0,16,1160.0,20560.0,3,0.66,0,1,Both,Tier 2,0
C10519,21,113.0,15,935.0,11867.0,6,0.77,2,0,Store,Tier 2,0
C10520,60,83.0,9,817.0,6114.0,8,0.94,1,1,Store,Tier 2,1
C10521,52,114.0,5,1085.0,5047.0,5,0.49,0,0,Online,Tier 3,1
C10522,10,47.0,13,693.0,7798.0,4,0.13,0,0,Online,Tier 2,0
C10523,56,241.0,5,350.0,1777.0,3,0.39,0,1,Both,Tier 1,1
C10524,32,15.0,10,807.0,7114.0,2,0.56,1,1,Online,Tier 2,0
C10525,38,59.0,11,560.0,6652.0,8,0.53,0,1,Both,Tier 2,0
C10526,13,48.0,10,807.0,8930.0,4,0.27,0,0,Store,Tier 1,0
C10527,34,48.0,8,1240.0,8705.0,4,0.67,1,1,Online,Tier 1,1
C10528,13,131.0,9,604.0,5016.0,1,0.62,1,0,Store,Tier 1,1
C10529,25,96.0,14,584.0,6649.0,6,0.76,0,1,Both,Tier 2,1
C10530,54,36.0,17,559.0,10769.0,4,0.46,0,1,Both,Tier 1,0
C10531,57,25.0,10,150.0,1267.0,4,0.45,0,0,Online,Tier 1,0
C10532,50,48.0,17,662.0,11216.0,3,0.42,2,1,Store,Tier 2,0
C10533,44,5.0,21,1009.0,18358.0,3,0.14,0,1,Online,Tier 1,0
C10534,23,87.0,9,1576.0,16700.0,2,0.46,1,0,Store,Tier 2,1
C10535,55,41.0,15,757.0,9346.0,4,0.26,1,1,Both,Tier 1,0
C10536,17,34.0,14,646.0,10852.0,5,0.63,1,0,Store,Tier 3,0
C10537,11,101.0,7,1561.0,13069.0,1,0.56,0,0,Both,Tier 3,1
C10538,26,80.0,12,854.0,12237.0,2,0.84,0,1,Store,Tier 2,0
C10539,51,100.0,9,806.0,7876.0,1,0.69,1,1,Store,Tier 2,1
C10540,41,7.0,21,697.0,17215.0,3,0.7,1,1,Both,Tier 3,0
C10541,41,63.0,11,1079.0,13370.0,2,0.15,0,1,Store,Tier 2,0
C10542,26,25.0,13,404.0,4614.0,3,0.3,1,1,Both,Tier 1,1
C10543,35,158.0,6,1349.0,6769.0,3,0.57,0,1,Online,Tier 2,1
C10544,11,75.0,10,1164.0,13427.0,2,0.59,1,0,Both,Tier 1,0
C10545,31,93.0,12,793.0,8029.0,5,0.67,0,1,Store,Tier 2,1
C10546,7,35.0,14,770.0,10980.0,1,0.6,0,1,Store,Tier 1,0
C10547,59,87.0,13,1419.0,15331.0,5,0.05,0,1,Store,Tier 2,0
C10548,46,64.0,14,640.0,10575.0,4,0.43,1,0,Online,Tier 3,0
C10549,27,84.0,9,508.0,4611.0,4,0.2,0,0,Both,Tier 1,0
C10550,58,27.0,14,727.0,10680.0,8,0.51,1,1,Online,Tier 1,0
C10551,35,7.0,17,1150.0,17353.0,1,0.27,0,1,Store,Tier 3,0
C10552,34,50.0,13,730.0,11370.0,7,0.34,1,0,Online,Tier 1,0
C10553,28,19.0,16,811.0,11743.0,5,0.69,0,0,Both,Tier 2,0
C10554,57,47.0,16,395.0,5328.0,3,0.81,0,1,Store,Tier 2,1
C10555,17,83.0,8,,3357.0,5,0.34,0,1,Online,Tier 2,0
C10556,55,81.0,18,1065.0,19517.0,4,0.75,0,1,Store,Tier 1,0
C10557,24,27.0,14,800.0,13060.0,5,0.54,0,0,Both,Tier 2,0
C10558,44,66.0,11,700.0,7315.0,4,0.66,0,0,Both,Tier 1,0
C10559,31,27.0,10,970.0,9564.0,3,0.53,0,1,Store,Tier 2,0
C10560,37,15.0,13,657.0,7656.0,3,0.47,0,0,Store,Tier 1,0
C10561,47,20.0,11,438.0,4288.0,2,0.23,1,1,Store,Tier 1,0
C10562,53,44.0,13,966.0,12959.0,3,0.53,1,0,Store,Tier 2,1
C10563,27,136.0,10,988.0,11339.0,4,0.56,1,0,Both,Tier 2,1
C10564,28,132.0,3,1172.0,3446.0,2,0.27,0,0,Store,Tier 2,1
C10565,3,54.0,12,726.0,9639.0,3,0.37,0,0,Store,Tier 3,0
C10566,58,137.0,12,,8559.0,4,0.31,0,1,Store,Tier 1,0
C10567,40,30.0,12,430.0,5749.0,5,0.44,1,0,Store,Tier 3,0
C10568,35,169.0,6,1140.0,7231.0,5,0.82,0,1,Store,Tier 2,0
C10569,42,32.0,6,491.0,2550.0,2,0.14,0,0,Both,Tier 2,0
C10570,4,29.0,17,808.0,12616.0,7,0.33,0,1,Online,Tier 1,0
C10571,20,73.0,12,996.0,9786.0,7,0.25,1,1,Online,Tier 2,0
C10572,20,5.0,15,1189.0,20886.0,7,0.27,1,1,Store,Tier 2,0
C10573,29,11.0,16,1185.0,16162.0,4,0.4,0,0,Both,Tier 2,0
C10574,60,86.0,12,492.0,5784.0,2,0.21,0,1,Store,Tier 1,0
C10575,55,9.0,12,394.0,4950.0,1,0.3,0,1,Store,Tier 1,0
C10576,17,149.0,4,233.0,857.0,5,0.69,1,0,Store,Tier 1,1
C10577,24,22.0,12,823.0,9798.0,7,0.28,0,0,Online,Tier 1,0
C10578,9,56.0,15,796.0,9675.0,5,0.41,0,1,Both,Tier 1,0
C10579,58,59.0,15,1137.0,16158.0,3,0.05,0,1,Both,Tier 2,0
C10580,38,13.0,11,1155.0,13069.0,2,0.47,0,1,Both,Tier 3,0
C10581,18,78.0,13,735.0,8964.0,1,0.56,1,1,Store,Tier 3,1
C10582,53,3.0,6,1457.0,8719.0,4,0.5,0,1,Both,Tier 1,0
C10583,29,68.0,13,1096.0,16957.0,4,0.55,0,0,Store,Tier 1,0
C10584,53,58.0,9,773.0,6835.0,6,0.42,1,1,Online,Tier 1,0
C10585,19,97.0,6,722.0,5117.0,2,0.8,1,0,Store,Tier 2,1
C10586,33,16.0,18,907.0,15589.0,4,0.46,1,1,Online,Tier 2,0
C10587,40,13.0,12,875.0,11492.0,2,0.33,0,1,Both,Tier 2,0
C10588,20,40.0,12,814.0,10440.0,6,0.33,0,1,Both,Tier 2,0
C10589,6,55.0,18,609.0,11501.0,4,0.3,0,0,Store,Tier 1,1
C10590,4,3.0,14,574.0,8578.0,5,0.03,0,0,Store,Tier 3,0
C10591,35,23.0,14,701.0,10686.0,6,0.15,0,0,Store,Tier 3,0
C10592,45,34.0,16,541.0,9390.0,4,0.22,0,1,Both,Tier 3,0
C10593,51,25.0,10,624.0,6388.0,1,0.41,2,0,Both,Tier 3,1
C10594,57,26.0,9,1364.0,10491.0,2,0.59,0,0,Store,Tier 2,0
C10595,7,50.0,10,839.0,8558.0,5,0.63,0,0,Online,Tier 1,0
C10596,58,34.0,13,887.0,10089.0,3,0.47,0,1,Store,Tier 2,0
C10597,29,149.0,6,162.0,928.0,3,0.33,0,1,Both,Tier 2,0
C10598,28,69.0,10,668.0,6502.0,3,0.25,1,1,Store,Tier 2,1
C10599,57,79.0,9,746.0,7052.0,2,0.21,0,1,Store,Tier 1,0
C10600,35,88.0,5,1130.0,5014.0,3,0.18,0,0,Online,Tier 2,1
C10601,3,78.0,11,1212.0,10739.0,3,0.36,2,0,Online,Tier 1,1
C10602,43,20.0,20,837.0,17791.0,4,0.42,0,1,Store,Tier 1,0
C10603,60,33.0,20,1437.0,29543.0,4,0.22,0,1,Both,Tier 2,0
C10604,59,86.0,9,961.0,7565.0,3,0.36,0,0,Online,Tier 3,1
C10605,14,12.0,14,1079.0,13084.0,3,0.36,1,0,Store,Tier 3,0
C10606,37,7.0,15,353.0,4346.0,5,0.16,0,1,Online,Tier 1,0
C10607,6,39.0,12,1235.0,14364.0,4,0.52,1,1,Both,Tier 2,0
C10608,53,148.0,7,1028.0,7278.0,1,0.26,0,0,Both,Tier 2,1
C10609,2,21.0,13,1231.0,18665.0,3,0.49,1,0,Store,Tier 2,0
C10610,47,71.0,4,685.0,3189.0,4,0.44,0,1,Both,Tier 3,1
C10611,58,98.0,5,562.0,2602.0,2,0.45,0,1,Store,Tier 1,0
C10612,14,42.0,11,953.0,11150.0,2,0.23,0,0,Both,Tier 3,0
C10613,38,16.0,12,539.0,6734.0,7,0.16,0,1,Both,Tier 2,0
C10614,36,54.0,14,791.0,12285.0,1,0.54,0,0,Online,Tier 1,1
C10615,12,18.0,15,1166.0,16469.0,4,0.28,0,0,Both,Tier 2,0
C10616,42,11.0,8,1263.0,9379.0,8,0.18,0,0,Online,Tier 3,0
C10617,15,40.0,11,1272.0,11906.0,4,0.56,0,0,Both,Tier 1,0
C10618,18,32.0,9,561.0,4564.0,3,0.81,0,1,Both,Tier 1,0
C10619,19,42.0,15,886.0,15401.0,1,0.58,0,0,Both,Tier 2,0
C10620,28,150.0,6,994.0,4899.0,3,0.75,0,0,Both,Tier 2,1
C10621,39,62.0,14,1148.0,14407.0,3,0.37,1,1,Store,Tier 2,0
C10622,28,106.0,12,975.0,13100.0,4,0.79,1,0,Store,Tier 1,0
C10623,28,25.0,16,972.0,13146.0,5,0.29,1,1,Store,Tier 2,0
C10624,20,13.0,21,681.0,16172.0,3,0.29,1,0,Both,Tier 1,0
C10625,38,105.0,3,1377.0,3602.0,4,0.33,0,1,Store,Tier 1,1
C10626,7,37.0,11,889.0,11219.0,1,0.28,1,0,Store,Tier 1,1
C10627,33,55.0,15,1170.0,14256.0,2,0.05,0,1,Both,Tier 1,0
C10628,54,27.0,12,348.0,4096.0,2,0.61,0,1,Store,Tier 2,1
C10629,5,48.0,7,905.0,5113.0,2,0.06,0,0,Online,Tier 2,0
C10630,7,39.0,9,1080.0,11082.0,6,0.6,0,0,Both,Tier 1,0
C10631,31,48.0,15,389.0,5617.0,7,0.44,0,1,Store,Tier 2,0
C10632,27,13.0,12,647.0,8771.0,3,0.4,0,0,Both,Tier 1,0
C10633,18,45.0,16,973.0,17601.0,5,0.44,0,1,Store,Tier 1,0
C10634,45,18.0,18,748.0,16098.0,5,0.11,0,1,Store,Tier 1,0
C10635,44,123.0,9,981.0,10513.0,7,0.31,1,0,Online,Tier 1,0
C10636,4,44.0,11,996.0,9679.0,4,0.46,1,0,Store,Tier 3,0
C10637,35,27.0,13,1468.0,15401.0,5,0.09,0,0,Store,Tier 1,0
C10638,52,213.0,7,941.0,6711.0,3,0.32,2,0,Store,Tier 3,1
C10639,51,25.0,7,888.0,6150.0,4,0.1,0,1,Store,Tier 2,0
C10640,4,17.0,12,931.0,10957.0,7,0.42,0,0,Online,Tier 2,0
C10641,57,112.0,15,291.0,3756.0,6,0.38,0,1,Store,Tier 2,0
C10642,10,29.0,13,1813.0,21877.0,4,0.34,0,0,Online,Tier 1,1
C10643,43,52.0,15,910.0,15537.0,4,0.46,1,1,Both,Tier 2,1
C10644,44,53.0,6,816.0,4889.0,2,0.23,1,1,Both,Tier 1,1
C10645,2,46.0,19,844.0,19059.0,2,0.73,0,0,Both,Tier 1,0
C10646,2,131.0,7,1033.0,7091.0,1,0.19,0,0,Store,Tier 2,0
C10647,11,11.0,13,1044.0,15286.0,2,0.51,0,1,Store,Tier 2,0
C10648,31,53.0,16,1275.0,23567.0,5,0.41,0,0,Store,Tier 2,0
C10649,46,3.0,17,672.0,9977.0,5,0.37,0,1,Both,Tier 1,0
C10650,40,71.0,7,,8311.0,3,0.09,0,1,Store,Tier 3,0
C10651,22,67.0,12,1735.0,21627.0,3,0.25,0,0,Both,Tier 2,0
C10652,11,58.0,7,970.0,6813.0,3,0.25,1,0,Store,Tier 1,0
C10653,39,48.0,17,1421.0,22714.0,3,0.18,0,0,Store,Tier 3,0
C10654,29,37.0,15,641.0,9246.0,2,0.59,0,1,Both,Tier 1,0
C10655,40,97.0,12,907.0,12820.0,4,0.27,0,1,Store,,0
C10656,30,19.0,10,487.0,4914.0,5,0.14,1,1,Store,Tier 1,0
C10657,27,21.0,18,732.0,11064.0,6,0.4,0,0,Store,Tier 3,0
C10658,15,24.0,18,752.0,15091.0,3,0.38,0,0,Store,Tier 2,0
C10659,34,63.0,13,1284.0,17882.0,5,0.58,2,1,Store,Tier 2,0
C10660,31,30.0,15,459.0,5800.0,6,0.4,0,1,Online,Tier 2,0
C10661,41,48.0,10,944.0,8673.0,6,0.15,0,0,Online,Tier 2,0
C10662,36,32.0,18,949.0,15821.0,3,0.42,0,1,Store,Tier 2,0
C10663,41,48.0,15,941.0,11949.0,4,0.37,1,0,Store,Tier 1,0
C10664,49,85.0,7,1370.0,8564.0,8,0.07,0,1,Store,Tier 3,0
C10665,13,25.0,11,1007.0,9663.0,3,0.54,0,0,Store,Tier 1,0
C10666,21,24.0,8,1263.0,10974.0,4,0.54,0,1,Both,Tier 2,1
C10667,5,202.0,7,1139.0,9184.0,2,0.63,0,0,Both,Tier 2,1
C10668,50,29.0,17,910.0,14575.0,4,0.33,0,0,Online,Tier 2,0
C10669,17,32.0,16,1044.0,14398.0,3,0.24,0,0,Store,Tier 3,0
C10670,11,33.0,14,1286.0,20146.0,2,0.29,0,1,Store,Tier 2,1
C10671,48,29.0,20,748.0,15663.0,8,0.32,0,1,Store,Tier 1,0
C10672,20,104.0,14,743.0,12286.0,4,0.32,0,1,Store,Tier 1,1
C10673,3,40.0,7,1002.0,5966.0,7,0.51,0,0,Both,Tier 2,1
C10674,49,17.0,14,1095.0,17918.0,5,0.19,0,1,Store,Tier 1,0
C10675,19,49.0,10,1125.0,12371.0,4,0.29,0,0,Online,Tier 1,0
C10676,51,107.0,9,971.0,9051.0,6,0.82,1,1,Online,Tier 1,0
C10677,33,59.0,13,576.0,8704.0,3,0.22,0,1,Both,Tier 1,0
C10678,56,76.0,8,1324.0,12473.0,3,0.44,0,1,Store,Tier 2,0
C10679,52,10.0,18,509.0,8704.0,4,0.47,0,1,Store,Tier 2,0
C10680,45,29.0,11,792.0,8417.0,5,0.66,1,1,Store,Tier 1,0
C10681,19,48.0,10,1159.0,9951.0,1,0.6,1,0,Store,Tier 3,0
C10682,43,21.0,15,988.0,14266.0,6,0.2,1,1,Store,Tier 1,0
C10683,34,61.0,8,980.0,8575.0,5,0.69,0,0,Store,Tier 1,0
C10684,49,35.0,9,871.0,8339.0,2,0.22,0,1,Store,Tier 1,0
C10685,47,44.0,11,910.0,9803.0,4,0.08,1,1,Online,Tier 1,1
C10686,9,21.0,15,915.0,14477.0,5,0.42,1,0,Store,Tier 1,0
C10687,17,37.0,7,842.0,6278.0,5,0.22,0,0,Both,Tier 1,1
C10688,41,44.0,14,1267.0,14215.0,2,0.3,0,1,Store,Tier 1,0
C10689,42,50.0,13,1063.0,12993.0,5,0.18,1,1,Online,Tier 2,0
C10690,16,86.0,12,658.0,7781.0,4,0.44,0,0,Both,Tier 1,1
C10691,8,47.0,15,1159.0,19418.0,5,0.35,0,0,Both,Tier 2,0
C10692,50,5.0,15,950.0,14612.0,5,0.17,0,1,Store,Tier 2,0
C10693,42,86.0,14,637.0,7617.0,6,0.71,0,0,Store,Tier 1,1
C10694,7,204.0,5,819.0,4519.0,4,0.16,1,1,Store,Tier 3,1
C10695,44,117.0,10,1040.0,10896.0,6,0.72,0,1,Store,Tier 1,0
C10696,60,87.0,11,975.0,11573.0,5,0.16,1,0,Store,Tier 1,0
C10697,56,74.0,14,263.0,3822.0,2,0.29,1,1,Both,Tier 2,0
C10698,23,26.0,10,500.0,4495.0,2,0.29,0,1,Both,Tier 2,0
C10699,21,29.0,15,508.0,8539.0,4,0.38,1,1,Online,Tier 2,1
C10700,10,97.0,6,896.0,4980.0,3,0.22,1,0,Both,Tier 2,1
C10701,50,27.0,9,1192.0,9574.0,7,0.2,0,1,Store,Tier 2,0
C10702,59,36.0,11,828.0,7630.0,5,0.07,1,1,Both,Tier 1,0
C10703,34,88.0,7,956.0,6229.0,3,0.55,0,1,Store,Tier 1,0
C10704,27,10.0,14,851.0,9736.0,3,0.22,1,1,Both,Tier 2,0
C10705,34,61.0,11,660.0,6078.0,6,0.19,0,1,Online,Tier 2,0
C10706,44,50.0,13,537.0,7651.0,2,0.53,0,0,Online,Tier 2,0
C10707,16,77.0,8,1314.0,10309.0,7,0.73,1,1,Both,Tier 2,1
C10708,42,43.0,9,1266.0,13496.0,2,0.93,0,1,Both,Tier 2,0
C10709,39,88.0,3,816.0,2014.0,5,0.73,0,1,Online,Tier 1,0
C10710,45,29.0,12,569.0,8084.0,3,0.43,0,0,Store,Tier 2,0
C10711,32,15.0,16,1143.0,21812.0,1,0.32,0,1,Store,Tier 3,0
C10712,14,82.0,13,,7935.0,2,0.22,1,0,Both,Tier 2,1
C10713,39,53.0,8,1599.0,11346.0,4,0.36,1,0,Store,Tier 2,0
C10714,11,15.0,12,482.0,6663.0,4,0.5,0,0,Store,Tier 2,0
C10715,33,17.0,20,515.0,10868.0,6,0.54,1,0,Both,Tier 1,0
C10716,1,65.0,13,188.0,2658.0,7,0.54,0,0,Store,Tier 1,0
C10717,21,35.0,14,746.0,8587.0,5,0.41,0,1,Store,Tier 2,0
C10718,56,51.0,12,1206.0,16353.0,2,0.51,0,0,Store,Tier 1,1
C10719,50,43.0,12,796.0,10553.0,4,0.26,0,1,Store,Tier 1,1
C10720,24,74.0,7,415.0,2502.0,2,0.22,0,1,Online,Tier 1,0
C10721,13,40.0,8,405.0,3502.0,3,0.67,0,1,Store,Tier 3,0
C10722,56,117.0,8,311.0,2377.0,1,0.28,1,0,Online,Tier 2,0
C10723,48,22.0,14,977.0,14051.0,4,0.78,0,0,Store,Tier 1,0
C10724,15,51.0,13,348.0,4148.0,5,0.19,0,0,Store,Tier 1,0
C10725,37,26.0,9,670.0,5959.0,6,0.19,0,0,Store,Tier 2,0
C10726,47,43.0,12,959.0,9869.0,4,0.51,1,1,Store,Tier 2,0
C10727,57,135.0,11,1311.0,12047.0,3,0.26,0,1,Online,Tier 2,1
C10728,5,35.0,11,1131.0,11953.0,3,0.17,0,0,Store,Tier 2,0
C10729,20,14.0,11,959.0,11660.0,6,0.28,0,0,Store,Tier 2,0
C10730,32,88.0,13,1577.0,21855.0,1,0.55,0,0,Store,Tier 2,1
C10731,23,68.0,14,623.0,7222.0,7,0.2,1,0,Online,Tier 2,0
C10732,53,44.0,8,1007.0,7613.0,2,0.14,2,0,Store,Tier 2,0
C10733,45,117.0,6,1054.0,5492.0,7,0.1,1,0,Online,Tier 3,1
C10734,22,158.0,8,688.0,5558.0,3,0.31,0,0,Store,Tier 2,1
C10735,23,96.0,13,618.0,7275.0,5,0.67,1,0,Store,Tier 2,0
C10736,23,35.0,11,844.0,8648.0,4,0.51,2,0,Both,Tier 3,0
C10737,17,37.0,18,877.0,13419.0,4,0.33,0,0,Online,Tier 2,0
C10738,3,2.0,7,351.0,2242.0,2,0.38,1,0,Store,Tier 2,1
C10739,28,79.0,16,724.0,9483.0,6,0.54,0,0,Online,Tier 2,0
C10740,41,59.0,14,1483.0,22236.0,8,0.4,0,1,Online,,0
C10741,10,9.0,18,1245.0,18003.0,5,0.56,2,0,Both,Tier 2,0
C10742,57,98.0,13,698.0,7399.0,2,0.59,1,0,Store,,1
C10743,27,48.0,7,1688.0,10394.0,5,0.49,1,0,Store,Tier 1,0
C10744,13,126.0,11,476.0,5739.0,4,0.23,0,0,Online,Tier 2,0
C10745,5,119.0,6,1315.0,7781.0,2,0.3,0,1,Store,Tier 1,0
C10746,21,192.0,10,1064.0,9141.0,6,0.28,0,1,Both,Tier 2,1
C10747,7,44.0,18,892.0,13047.0,3,0.67,0,0,Both,Tier 2,0
C10748,18,117.0,7,1226.0,8483.0,5,0.38,0,0,Online,Tier 2,0
C10749,49,105.0,10,897.0,8253.0,8,0.53,1,0,Both,Tier 3,1
C10750,41,12.0,13,1146.0,12172.0,8,0.2,1,1,Online,Tier 3,0
C10751,56,106.0,9,1102.0,9129.0,3,0.7,2,1,Online,Tier 1,0
C10752,55,8.0,17,613.0,11547.0,4,0.84,0,0,Store,Tier 1,0
C10753,26,26.0,8,916.0,8361.0,1,0.78,0,0,Both,Tier 3,0
C10754,45,8.0,13,774.0,11529.0,6,0.35,0,0,Store,Tier 2,0
C10755,45,158.0,8,1398.0,10836.0,2,0.19,0,1,Online,Tier 3,0
C10756,32,38.0,17,643.0,10827.0,7,0.45,0,1,Store,Tier 2,0
C10757,11,17.0,12,448.0,5712.0,2,0.7,0,1,Store,Tier 1,0
C10758,6,86.0,11,822.0,10449.0,2,0.17,0,0,Online,Tier 2,1
C10759,13,60.0,12,879.0,9974.0,8,0.16,1,0,Both,Tier 3,0
C10760,25,38.0,10,382.0,3514.0,1,0.26,0,0,Both,Tier 2,0
C10761,50,159.0,7,666.0,5235.0,7,0.66,1,0,Store,Tier 2,1
C10762,21,34.0,12,1429.0,14231.0,6,0.44,2,1,Online,Tier 2,0
C10763,17,148.0,7,732.0,5137.0,4,0.2,0,1,Online,Tier 3,1
C10764,23,65.0,8,985.0,6587.0,3,0.29,0,0,Store,Tier 2,0
C10765,11,99.0,10,1336.0,14153.0,2,0.44,0,1,Store,Tier 2,1
C10766,13,7.0,14,1115.0,13842.0,3,0.06,0,0,Both,Tier 2,0
C10767,17,133.0,8,1099.0,10239.0,3,0.12,0,0,Store,Tier 1,1
C10768,1,7.0,11,920.0,12084.0,4,0.49,0,0,Store,Tier 2,0
C10769,46,31.0,10,1164.0,12999.0,7,0.28,1,1,Store,Tier 1,0
C10770,1,18.0,15,610.0,9024.0,2,0.33,1,1,Store,Tier 2,0
C10771,2,83.0,6,1025.0,5178.0,3,0.16,0,1,Store,Tier 3,0
C10772,45,57.0,12,1019.0,11218.0,3,0.19,0,1,Store,Tier 1,0
C10773,41,81.0,12,982.0,9553.0,8,0.32,0,1,Both,Tier 3,0
C10774,50,45.0,16,1120.0,14742.0,5,0.38,0,1,Online,Tier 2,0
C10775,50,8.0,12,1389.0,16319.0,4,0.72,0,1,Store,Tier 1,0
C10776,49,25.0,9,856.0,8404.0,2,0.35,1,1,Store,Tier 3,0
C10777,44,153.0,3,790.0,2323.0,6,0.38,0,1,Online,Tier 2,1
C10778,39,31.0,17,295.0,5239.0,3,0.45,0,1,Online,Tier 1,0
C10779,23,71.0,13,,14763.0,3,0.37,1,0,Both,Tier 2,0
C10780,17,35.0,17,,8995.0,6,0.39,0,0,Store,Tier 1,0
C10781,46,27.0,14,1261.0,19418.0,5,0.21,0,1,Store,Tier 2,0
C10782,29,27.0,18,1242.0,26204.0,4,0.24,0,0,Store,Tier 1,0
C10783,46,75.0,12,692.0,7266.0,4,0.49,0,0,Store,Tier 1,0
C10784,14,216.0,6,960.0,4809.0,7,0.41,0,1,Store,Tier 1,0
C10785,53,61.0,9,743.0,7091.0,3,0.03,1,1,Store,Tier 1,0
C10786,15,48.0,10,378.0,4092.0,4,0.29,0,1,Online,Tier 2,0
C10787,25,76.0,12,1229.0,15254.0,4,0.92,0,0,Online,Tier 2,0
C10788,32,80.0,14,795.0,9399.0,7,0.9,0,1,Store,Tier 1,0
C10789,4,18.0,14,1282.0,14672.0,4,0.45,0,0,Online,Tier 1,0
C10790,59,14.0,20,1270.0,25944.0,4,0.41,0,1,Store,Tier 3,0
C10791,35,62.0,10,817.0,8771.0,3,0.48,0,0,Store,Tier 3,0
C10792,37,112.0,12,1081.0,11416.0,1,0.77,1,1,Store,Tier 2,1
C10793,31,94.0,13,942.0,13809.0,4,0.77,0,0,Online,Tier 1,1
C10794,18,50.0,12,585.0,8008.0,7,0.49,0,1,Store,Tier 3,0
C10795,41,2.0,12,754.0,8891.0,4,0.68,0,0,Store,Tier 3,0
C10796,24,67.0,13,,4781.0,3,0.34,1,1,Store,Tier 2,0
C10797,48,126.0,8,621.0,5428.0,2,0.42,0,0,Store,Tier 1,0
C10798,16,83.0,11,648.0,7675.0,3,0.25,0,1,Both,Tier 3,0
C10799,14,143.0,11,1336.0,17497.0,1,0.58,0,0,Online,Tier 2,1
C10800,36,163.0,8,1124.0,9439.0,4,0.39,1,0,Store,Tier 3,1
C10801,37,78.0,10,1183.0,13865.0,3,0.19,1,1,Both,Tier 2,0
C10802,21,61.0,20,1335.0,21597.0,2,0.52,1,0,Both,Tier 1,0
C10803,34,177.0,5,879.0,4590.0,2,0.05,2,1,Store,Tier 1,1
C10804,43,128.0,18,1126.0,20095.0,3,0.37,0,0,Store,Tier 2,1
C10805,36,90.0,12,1133.0,13419.0,2,0.64,1,1,Store,Tier 2,0
C10806,60,121.0,6,879.0,5522.0,3,0.32,0,1,Store,Tier 1,1
C10807,3,43.0,11,881.0,8452.0,5,0.43,0,0,Store,Tier 2,0
C10808,51,51.0,16,505.0,6911.0,6,0.42,0,1,Both,Tier 3,0
C10809,9,92.0,9,406.0,4076.0,5,0.57,0,1,Store,Tier 3,0
C10810,59,138.0,11,673.0,6885.0,3,0.53,0,1,Both,Tier 1,1
C10811,40,16.0,16,901.0,13978.0,2,0.59,0,1,Store,Tier 2,0
C10812,5,76.0,5,1066.0,6241.0,4,0.14,0,0,Store,Tier 2,1
C10813,50,10.0,18,1451.0,22258.0,3,0.24,0,1,Online,Tier 3,0
C10814,22,37.0,10,591.0,6731.0,8,0.78,0,0,Store,Tier 1,1
C10815,29,73.0,10,1158.0,10487.0,3,0.49,0,0,Store,Tier 2,1
C10816,19,26.0,11,945.0,9822.0,6,0.46,0,1,Store,Tier 1,0
C10817,34,4.0,10,1008.0,10036.0,4,0.55,0,0,Both,Tier 2,0
C10818,53,4.0,13,1199.0,15788.0,3,0.37,1,1,Store,Tier 2,1
C10819,12,71.0,15,1628.0,27949.0,2,0.56,0,0,Both,Tier 1,0
C10820,5,60.0,16,218.0,3719.0,3,0.77,0,0,Store,Tier 2,0
C10821,36,19.0,12,1189.0,14649.0,4,0.36,0,0,Store,Tier 1,0
C10822,36,34.0,15,1285.0,20448.0,2,0.4,0,0,Store,Tier 2,0
C10823,46,35.0,18,1364.0,28124.0,8,0.17,0,1,Both,Tier 1,0
C10824,57,2.0,17,423.0,5777.0,5,0.15,0,0,Store,Tier 3,0
C10825,17,6.0,17,1301.0,18047.0,2,0.7,0,0,Store,Tier 1,0
C10826,36,45.0,14,1237.0,16438.0,4,0.41,0,1,Store,Tier 2,0
C10827,52,80.0,18,1534.0,27891.0,3,0.8,0,1,Online,Tier 2,0
C10828,53,95.0,5,1183.0,6094.0,2,0.37,0,0,Store,Tier 1,1
C10829,51,117.0,9,779.0,7212.0,4,0.23,1,1,Online,Tier 3,0
C10830,56,4.0,14,802.0,11727.0,4,0.49,0,0,Both,Tier 3,0
C10831,15,81.0,12,1128.0,12696.0,2,0.51,0,1,Both,Tier 1,0
C10832,18,16.0,13,1084.0,15971.0,4,0.39,0,1,Both,Tier 1,0
C10833,27,16.0,17,1084.0,21922.0,7,0.38,0,0,Store,Tier 2,0
C10834,60,114.0,11,1168.0,10483.0,8,0.21,0,1,Store,Tier 2,0
C10835,54,145.0,14,807.0,10771.0,5,0.23,0,1,Both,Tier 2,0
C10836,22,18.0,19,699.0,13436.0,3,0.35,1,1,Online,Tier 2,0
C10837,40,8.0,8,1443.0,13378.0,5,0.26,0,0,Online,Tier 1,0
C10838,42,13.0,13,463.0,5773.0,3,0.28,0,0,Store,Tier 1,0
C10839,43,24.0,19,1481.0,27509.0,8,0.23,1,1,Both,Tier 1,0
C10840,18,14.0,13,709.0,8930.0,4,0.15,0,0,Both,Tier 1,0
C10841,60,8.0,13,983.0,10574.0,3,0.46,1,1,Store,Tier 2,0
C10842,4,91.0,11,952.0,9116.0,2,0.28,0,0,Both,Tier 3,1
C10843,23,131.0,4,1465.0,4977.0,3,0.38,0,1,Store,Tier 2,0
C10844,2,97.0,9,964.0,9128.0,4,0.39,0,0,Both,Tier 1,0
C10845,1,34.0,11,1055.0,12459.0,5,0.29,1,0,Store,Tier 3,0
C10846,6,1.0,11,410.0,3999.0,4,0.09,0,0,Both,Tier 2,0
C10847,5,24.0,13,967.0,13683.0,3,0.24,0,0,Both,Tier 1,0
C10848,10,94.0,7,1020.0,5857.0,7,0.5,0,1,Online,Tier 1,0
C10849,44,6.0,10,1273.0,13498.0,7,0.25,0,0,Store,Tier 3,1
C10850,6,71.0,8,679.0,4999.0,2,0.8,1,1,Both,Tier 1,1
C10851,2,68.0,7,1704.0,13436.0,6,0.2,0,1,Store,Tier 2,0
C10852,20,54.0,11,660.0,7695.0,1,0.34,0,0,Store,Tier 1,1
C10853,42,34.0,19,556.0,11702.0,5,0.51,0,1,Store,Tier 2,0
C10854,17,35.0,10,830.0,8674.0,7,0.42,0,0,Store,Tier 1,0
C10855,33,80.0,8,926.0,8791.0,1,0.53,0,0,Store,Tier 1,0
C10856,51,93.0,11,728.0,9608.0,8,0.21,0,0,Both,Tier 2,1
C10857,8,2.0,16,1027.0,19661.0,4,0.43,0,1,Online,Tier 1,0
C10858,28,38.0,12,1090.0,10805.0,4,0.6,0,0,Online,Tier 3,0
C10859,31,71.0,14,1316.0,15117.0,6,0.6,1,0,Both,Tier 1,1
C10860,45,29.0,18,1227.0,22431.0,6,0.1,0,1,Online,Tier 2,0
C10861,33,10.0,16,1360.0,24911.0,2,0.56,0,1,Both,Tier 2,0
C10862,18,104.0,8,1110.0,9678.0,2,0.81,0,0,Store,Tier 2,1
C10863,50,70.0,7,963.0,7892.0,6,0.29,1,1,Online,Tier 2,1
C10864,55,72.0,9,,8089.0,3,0.58,0,0,Both,Tier 3,0
C10865,55,10.0,12,1200.0,14034.0,5,0.27,0,0,Both,Tier 1,0
C10866,44,34.0,18,614.0,9987.0,3,0.23,1,1,Online,Tier 1,0
C10867,56,12.0,12,1406.0,18100.0,8,0.86,0,1,Store,Tier 1,0
C10868,38,17.0,11,1170.0,10570.0,2,0.49,3,1,Store,Tier 1,0
C10869,51,17.0,15,884.0,13609.0,2,0.87,0,0,Both,Tier 1,0
C10870,56,126.0,11,982.0,9341.0,4,0.26,1,1,Both,Tier 1,1
C10871,15,86.0,8,833.0,6110.0,4,0.61,1,0,Store,Tier 2,1
C10872,52,53.0,12,562.0,7838.0,3,0.31,0,1,Online,Tier 3,0
C10873,41,128.0,4,803.0,3648.0,3,0.12,0,0,Both,Tier 1,0
C10874,33,69.0,13,949.0,13636.0,6,0.09,1,1,Store,Tier 1,0
C10875,3,19.0,12,935.0,9335.0,1,0.45,0,0,Store,Tier 2,0
C10876,20,74.0,17,1259.0,20845.0,4,0.4,0,1,Store,Tier 1,0
C10877,7,132.0,8,838.0,7891.0,4,0.29,0,0,Online,Tier 2,0
C10878,1,69.0,9,687.0,5561.0,4,0.48,1,0,Store,Tier 2,0
C10879,6,32.0,14,1210.0,15797.0,1,0.54,0,1,Online,Tier 2,0
C10880,48,10.0,11,323.0,4232.0,5,0.13,0,1,Store,Tier 3,0
C10881,49,124.0,9,591.0,5156.0,4,0.44,1,1,Both,Tier 1,0
C10882,42,47.0,13,467.0,5463.0,4,0.86,0,1,Online,Tier 3,0
C10883,6,254.0,6,1031.0,6975.0,3,0.64,0,1,Online,Tier 2,1
C10884,40,126.0,12,889.0,9584.0,6,0.18,1,1,Store,Tier 2,1
C10885,8,20.0,17,959.0,14925.0,7,0.49,0,0,Store,Tier 3,1
C10886,38,128.0,14,1162.0,15062.0,1,0.71,0,0,Store,Tier 1,0
C10887,15,109.0,7,996.0,7134.0,3,0.26,0,0,Store,Tier 3,1
C10888,50,40.0,14,855.0,13722.0,6,0.5,0,0,Store,Tier 2,1
C10889,1,57.0,18,1123.0,19570.0,6,0.6,1,1,Store,Tier 2,0
C10890,5,6.0,13,1172.0,15258.0,3,0.25,0,0,Online,Tier 2,0
C10891,52,98.0,10,1035.0,8805.0,5,0.18,2,1,Store,Tier 1,1
C10892,48,72.0,10,886.0,7195.0,1,0.33,0,1,Both,Tier 2,1
C10893,59,19.0,13,829.0,10590.0,1,0.47,1,1,Both,Tier 1,0
C10894,14,19.0,16,436.0,6626.0,5,0.31,0,1,Store,Tier 2,0
C10895,41,161.0,7,985.0,6369.0,4,0.58,1,0,Both,Tier 2,0
C10896,23,13.0,15,1435.0,20279.0,4,0.24,1,1,Both,Tier 2,0
C10897,45,76.0,14,799.0,11710.0,3,0.14,0,1,Store,Tier 1,0
C10898,25,117.0,10,748.0,6358.0,5,0.1,0,0,Both,Tier 1,0
C10899,30,72.0,12,936.0,11649.0,5,0.12,2,0,Store,Tier 2,0
C10900,3,53.0,12,,14496.0,1,0.36,0,0,Online,Tier 3,1
C10901,24,49.0,9,915.0,9485.0,7,0.5,0,1,Both,Tier 1,0
C10902,28,50.0,15,752.0,10292.0,6,0.61,0,1,Store,Tier 2,0
C10903,28,34.0,11,929.0,9880.0,2,0.39,0,0,Store,Tier 2,0
C10904,22,51.0,11,525.0,6700.0,1,0.29,0,0,Both,Tier 2,1
C10905,54,18.0,8,629.0,5185.0,4,0.41,0,0,Store,Tier 3,1
C10906,19,23.0,10,1495.0,14010.0,5,0.35,0,0,Both,Tier 2,0
C10907,9,11.0,18,1277.0,26933.0,4,0.13,0,1,Store,Tier 1,0
C10908,18,18.0,19,672.0,12444.0,4,0.68,0,1,Online,Tier 1,0
C10909,25,79.0,9,1443.0,12345.0,5,0.6,0,0,Store,Tier 3,0
C10910,18,97.0,11,543.0,5546.0,4,0.46,0,1,Store,Tier 2,0
C10911,39,77.0,5,,6545.0,5,0.21,0,1,Both,Tier 3,1
C10912,31,37.0,13,931.0,10165.0,6,0.51,1,0,Store,Tier 3,0
C10913,52,98.0,7,991.0,6542.0,5,0.66,0,1,Store,Tier 1,1
C10914,13,15.0,9,760.0,6408.0,5,0.57,0,0,Store,Tier 1,0
C10915,24,1.0,13,1300.0,14944.0,3,0.17,0,1,Both,Tier 1,0
C10916,3,94.0,8,890.0,6628.0,2,0.42,1,0,Both,Tier 1,1
C10917,30,80.0,11,639.0,8221.0,1,0.48,0,0,Online,Tier 2,0
C10918,17,42.0,17,424.0,8119.0,2,0.52,0,1,Store,Tier 1,0
C10919,16,27.0,10,875.0,9813.0,2,0.25,0,0,Online,Tier 2,0
C10920,49,42.0,17,398.0,6286.0,4,0.7,0,1,Store,Tier 3,0
C10921,9,45.0,8,1213.0,11449.0,5,0.39,0,0,Store,Tier 1,0
C10922,53,122.0,4,1578.0,7490.0,3,0.64,0,1,Store,Tier 1,1
C10923,13,93.0,9,1223.0,10421.0,6,0.72,0,1,Store,,0
C10924,19,18.0,12,1023.0,12480.0,6,0.46,0,0,Store,Tier 2,0
C10925,53,54.0,16,945.0,16137.0,4,0.17,0,1,Both,Tier 1,0
C10926,58,19.0,12,1060.0,11458.0,3,0.29,0,1,Both,Tier 1,0
C10927,49,55.0,7,1060.0,5979.0,4,0.46,0,1,Store,Tier 1,0
C10928,54,42.0,14,1176.0,13692.0,4,0.04,0,1,Store,Tier 2,0
C10929,58,87.0,11,1142.0,10942.0,8,0.26,0,1,Online,,1
C10930,22,29.0,16,1211.0,18313.0,4,0.5,0,1,Both,Tier 1,0
C10931,35,10.0,18,1147.0,16927.0,3,0.15,0,0,Both,Tier 1,0
C10932,59,64.0,10,944.0,7702.0,8,0.17,0,1,Both,Tier 2,0
C10933,59,16.0,11,975.0,9649.0,6,0.97,0,1,Store,Tier 2,0
C10934,6,76.0,9,886.0,8376.0,3,0.45,1,0,Both,Tier 1,0
C10935,45,62.0,13,1677.0,22513.0,3,0.32,1,1,Store,Tier 2,0
C10936,9,76.0,11,510.0,5365.0,4,0.31,0,0,Store,Tier 1,1
C10937,5,144.0,8,1083.0,9915.0,2,0.41,0,0,Online,Tier 1,1
C10938,5,10.0,11,,8783.0,5,0.3,1,0,Both,Tier 1,0
C10939,39,47.0,10,1342.0,11306.0,5,0.31,0,0,Store,Tier 3,0
C10940,35,51.0,10,755.0,6980.0,3,0.1,0,1,Store,Tier 3,0
C10941,34,22.0,8,1184.0,9998.0,5,0.23,0,1,Store,Tier 2,0
C10942,35,102.0,14,1186.0,17592.0,5,0.48,0,1,Both,Tier 1,0
C10943,32,37.0,13,824.0,11276.0,2,0.39,0,1,Store,Tier 1,0
C10944,21,72.0,12,899.0,9841.0,3,0.32,0,1,Store,Tier 2,0
C10945,41,40.0,16,150.0,2798.0,2,0.45,0,1,Both,Tier 2,0
C10946,23,16.0,11,1148.0,14129.0,2,0.4,1,0,Store,Tier 3,0
C10947,5,64.0,11,414.0,4634.0,6,0.49,0,0,Store,Tier 2,0
C10948,23,65.0,7,201.0,1210.0,5,0.9,0,0,Store,Tier 1,1
C10949,40,14.0,10,1103.0,11602.0,6,0.23,0,0,Store,Tier 2,0
C10950,44,35.0,17,1158.0,22769.0,5,0.76,0,1,Online,Tier 1,0
C10951,59,34.0,13,1499.0,15712.0,2,0.2,0,1,Store,Tier 1,0
C10952,10,14.0,16,518.0,8005.0,3,0.64,2,0,Both,Tier 3,1
C10953,7,142.0,9,794.0,5917.0,5,0.51,0,1,Store,Tier 3,1
C10954,42,37.0,9,1117.0,8799.0,5,0.49,0,0,Store,Tier 2,0
C10955,45,25.0,10,643.0,7638.0,5,0.41,0,1,Both,Tier 2,0
C10956,18,5.0,13,1448.0,21500.0,3,0.04,0,0,Both,Tier 2,0
C10957,18,23.0,11,672.0,6452.0,5,0.15,0,1,Online,Tier 2,0
C10958,33,97.0,12,,7596.0,3,0.43,0,0,Store,Tier 2,0
C10959,30,28.0,14,698.0,7923.0,4,0.16,0,0,Store,Tier 3,0
C10960,17,81.0,10,882.0,7241.0,5,0.46,0,0,Store,Tier 1,0
C10961,37,22.0,14,1280.0,18326.0,4,0.23,1,1,Both,Tier 1,0
C10962,60,167.0,7,659.0,4609.0,6,0.56,0,1,Store,Tier 2,1
C10963,40,134.0,8,917.0,6878.0,7,0.59,0,0,Store,Tier 2,0
C10964,7,2.0,13,1776.0,21552.0,5,0.23,0,1,Store,Tier 1,0
C10965,59,69.0,11,531.0,4723.0,3,0.53,0,1,Both,Tier 2,0
C10966,60,15.0,16,913.0,14143.0,4,0.15,0,0,Store,Tier 1,0
C10967,55,1.0,13,718.0,7796.0,3,0.42,0,0,Both,Tier 2,0
C10968,13,51.0,13,1302.0,14886.0,3,0.18,1,0,Store,Tier 2,0
C10969,43,45.0,14,699.0,11065.0,4,0.21,1,1,Online,Tier 2,0
C10970,2,58.0,13,1085.0,13976.0,5,0.67,1,0,Both,Tier 2,0
C10971,39,37.0,12,1648.0,23466.0,5,0.4,0,1,Both,Tier 2,0
C10972,22,30.0,14,561.0,7160.0,6,0.69,1,0,Store,Tier 1,0
C10973,28,19.0,11,405.0,4677.0,4,0.2,2,0,Online,Tier 2,0
C10974,48,55.0,10,577.0,5159.0,5,0.37,0,1,Store,Tier 2,0
C10975,41,24.0,15,1434.0,19530.0,1,0.66,0,1,Both,Tier 1,0
C10976,35,52.0,7,765.0,5950.0,3,0.77,0,0,Store,Tier 1,0
C10977,55,37.0,12,992.0,13856.0,4,0.46,0,1,Store,Tier 3,0
C10978,25,193.0,7,1193.0,9459.0,4,0.16,0,1,Store,Tier 2,1
C10979,12,81.0,13,1343.0,17951.0,4,0.37,0,1,Store,Tier 2,0
C10980,39,42.0,9,1250.0,11853.0,4,0.36,0,1,Both,Tier 1,1
C10981,12,64.0,12,1338.0,12857.0,3,0.23,0,0,Online,Tier 2,0
C10982,39,17.0,13,998.0,12208.0,6,0.51,2,1,Both,,0
C10983,44,87.0,10,1527.0,16689.0,3,0.06,1,1,Both,Tier 2,1
C10984,3,27.0,8,1271.0,10247.0,3,0.14,1,0,Store,Tier 3,0
C10985,33,5.0,15,1167.0,18989.0,3,0.12,0,0,Both,Tier 3,0
C10986,19,86.0,15,857.0,14213.0,8,0.25,0,1,Store,Tier 3,0
C10987,30,17.0,12,218.0,2717.0,5,0.13,0,1,Store,Tier 1,1
C10988,39,121.0,11,585.0,7170.0,4,0.4,0,1,Store,Tier 3,0
C10989,17,63.0,14,639.0,10070.0,3,0.24,0,0,Store,Tier 2,0
C10990,54,79.0,12,,13232.0,8,0.56,1,0,Online,Tier 2,0
C10991,51,80.0,12,1211.0,14470.0,8,0.55,0,1,Store,Tier 3,1
C10992,51,28.0,8,642.0,4907.0,2,0.39,2,1,Both,Tier 2,0
C10993,31,100.0,7,678.0,5565.0,7,0.14,0,1,Both,Tier 1,0
C10994,42,18.0,13,1391.0,18280.0,8,0.25,0,1,Both,Tier 3,0
C10995,1,133.0,11,982.0,10993.0,2,0.63,0,0,Store,Tier 3,1
C10996,1,131.0,6,,5416.0,4,0.5,0,0,Store,Tier 2,1
C10997,33,70.0,14,714.0,10905.0,2,0.59,0,1,Store,Tier 3,0
C10998,39,23.0,15,685.0,9033.0,1,0.39,0,0,Store,Tier 2,0
C10999,53,32.0,17,1357.0,22681.0,3,0.42,1,1,Both,Tier 2,0
C11000,24,13.0,6,649.0,3419.0,4,0.49,0,0,Store,Tier 2,0
C11001,46,76.0,8,1386.0,9505.0,5,0.13,1,0,Store,Tier 1,0
C11002,21,20.0,10,1328.0,12826.0,2,0.35,0,1,Store,Tier 2,0
C11003,36,12.0,12,,8655.0,4,0.71,0,0,Store,Tier 3,0
C11004,53,41.0,11,1091.0,14224.0,3,0.66,0,1,Store,Tier 1,0
C11005,34,237.0,4,989.0,4362.0,6,0.34,0,1,Store,Tier 2,1
C11006,7,21.0,11,1216.0,12394.0,8,0.52,1,0,Store,Tier 1,0
C11007,38,12.0,13,1153.0,16910.0,5,0.36,0,0,Online,Tier 3,0
C11008,43,30.0,14,392.0,6520.0,6,0.52,0,1,Store,Tier 2,0
C11009,50,75.0,11,1156.0,10704.0,4,0.27,0,1,Store,Tier 3,0
C11010,59,52.0,12,573.0,6443.0,5,0.39,0,0,Both,Tier 1,1
C11011,50,32.0,17,1031.0,15298.0,3,0.53,0,0,Store,Tier 3,0
C11012,57,87.0,11,1357.0,13154.0,4,0.93,1,1,Store,Tier 1,1
C11013,11,5.0,6,860.0,4865.0,1,0.43,0,1,Store,Tier 2,1
C11014,58,24.0,19,1175.0,20433.0,3,0.39,0,1,Store,Tier 2,0
C11015,16,132.0,10,214.0,1923.0,4,0.57,1,1,Store,Tier 1,0
C11016,10,40.0,12,888.0,12483.0,4,0.53,1,0,Store,Tier 2,1
C11017,45,59.0,17,686.0,11050.0,5,0.48,0,1,Both,Tier 2,0
C11018,35,42.0,6,627.0,3874.0,5,0.41,1,1,Online,Tier 2,0
C11019,36,2.0,22,,23940.0,4,0.54,0,0,Store,Tier 1,0
C11020,33,3.0,17,1142.0,21096.0,6,0.56,0,1,Both,Tier 2,0
C11021,13,86.0,8,1171.0,7693.0,4,0.32,0,1,Store,Tier 2,1
C11022,43,45.0,7,1154.0,9449.0,2,0.24,0,1,Store,Tier 3,0
C11023,4,17.0,13,1527.0,21366.0,3,0.49,0,1,Online,Tier 1,0
C11024,23,120.0,12,1091.0,12389.0,5,0.2,0,0,Store,Tier 2,0
C11025,17,60.0,15,909.0,12735.0,6,0.37,0,1,Online,Tier 1,0
C11026,13,112.0,14,991.0,13924.0,4,0.47,0,1,Store,Tier 1,0
C11027,59,14.0,9,1018.0,8159.0,5,0.38,0,1,Store,Tier 1,0
C11028,47,114.0,10,825.0,7640.0,6,0.83,0,1,Online,Tier 1,1
C11029,56,59.0,15,1008.0,17664.0,6,0.31,0,1,Store,Tier 1,0
C11030,18,41.0,7,887.0,5738.0,5,0.65,0,1,Online,Tier 3,0
C11031,47,111.0,9,831.0,7026.0,5,0.36,0,0,Online,Tier 2,1
C11032,30,71.0,12,646.0,6970.0,3,0.8,0,0,Store,Tier 2,0
C11033,45,47.0,10,1013.0,10053.0,1,0.17,1,1,Online,Tier 2,0
C11034,53,41.0,13,813.0,10884.0,3,0.41,1,0,Store,Tier 2,0
C11035,23,57.0,14,1302.0,19573.0,4,0.41,1,0,Both,Tier 1,0
C11036,18,148.0,12,1346.0,19372.0,5,0.41,0,1,Online,Tier 2,0
C11037,18,98.0,13,,1841.0,3,0.31,0,0,Both,Tier 3,0
C11038,19,63.0,16,737.0,9930.0,3,0.55,0,0,Online,Tier 1,1
C11039,41,37.0,10,666.0,7188.0,3,0.07,1,0,Store,Tier 3,0
C11040,42,60.0,9,619.0,5921.0,7,0.33,1,1,Store,Tier 2,0
C11041,57,79.0,8,449.0,3378.0,3,0.15,0,1,Store,Tier 1,1
C11042,51,52.0,10,817.0,9035.0,6,0.4,1,1,Online,Tier 1,0
C11043,43,40.0,12,572.0,6125.0,2,0.37,2,0,Store,Tier 3,1
C11044,46,30.0,9,746.0,5472.0,5,0.64,0,1,Online,Tier 2,0
C11045,50,67.0,14,1070.0,13167.0,1,0.31,0,1,Both,Tier 1,1
C11046,28,9.0,13,727.0,9494.0,2,0.3,0,0,Store,Tier 1,0
C11047,44,17.0,11,,5368.0,2,0.26,0,0,Both,Tier 1,0
C11048,34,97.0,16,866.0,14896.0,7,0.26,0,0,Both,,0
C11049,54,162.0,9,1193.0,10195.0,2,0.41,1,0,Both,Tier 3,0
C11050,54,54.0,12,512.0,4932.0,5,0.54,1,0,Online,Tier 1,0
C11051,7,81.0,11,575.0,6373.0,7,0.79,1,0,Both,Tier 2,1
C11052,5,53.0,13,635.0,7435.0,7,0.3,0,0,Both,Tier 3,0
C11053,22,31.0,9,1344.0,14057.0,2,0.61,1,0,Store,Tier 1,0
C11054,4,80.0,14,971.0,13101.0,3,0.51,0,0,Store,Tier 3,0
C11055,23,87.0,10,1377.0,16057.0,4,0.18,1,0,Online,Tier 3,0
C11056,52,90.0,9,990.0,9521.0,2,0.53,0,0,Both,Tier 1,0
C11057,20,24.0,9,1067.0,8749.0,5,0.26,0,0,Store,Tier 1,0
C11058,27,19.0,17,1247.0,25316.0,3,0.29,0,0,Store,Tier 3,0
C11059,47,48.0,12,1091.0,12279.0,5,0.32,0,1,Store,Tier 2,0
C11060,36,52.0,8,1141.0,8991.0,2,0.56,0,1,Store,Tier 2,0
C11061,34,24.0,14,1199.0,19027.0,2,0.46,0,0,Store,Tier 2,1
C11062,23,148.0,8,1276.0,9187.0,2,0.25,0,0,Store,Tier 1,1
C11063,13,30.0,11,993.0,9165.0,3,0.16,0,1,Store,Tier 1,0
C11064,51,16.0,15,595.0,7584.0,5,0.75,0,1,Store,Tier 1,0
C11065,39,5.0,15,1061.0,13385.0,5,0.02,0,1,Both,Tier 1,0
C11066,59,150.0,6,800.0,4323.0,3,0.22,1,1,Store,Tier 2,1
C11067,44,11.0,12,1000.0,13943.0,1,0.42,0,0,Store,Tier 1,0
C11068,41,31.0,15,792.0,11406.0,4,0.39,1,1,Store,Tier 1,0
C11069,7,217.0,9,970.0,10415.0,7,0.5,0,1,Both,Tier 1,1
C11070,5,51.0,4,717.0,3064.0,1,0.74,0,1,Online,Tier 1,1
C11071,23,55.0,16,614.0,8893.0,4,0.56,0,1,Online,Tier 2,0
C11072,26,21.0,9,1261.0,12133.0,4,0.44,1,1,Store,Tier 2,0
C11073,44,27.0,12,940.0,12478.0,2,0.17,0,1,Both,Tier 1,0
C11074,18,77.0,8,762.0,7010.0,6,0.47,0,0,Online,Tier 1,0
C11075,12,238.0,5,860.0,5135.0,2,0.13,0,0,Online,Tier 2,1
C11076,2,62.0,9,548.0,4720.0,3,0.21,0,0,Both,Tier 2,0
C11077,57,49.0,10,840.0,7856.0,2,0.3,0,1,Store,Tier 2,0
C11078,55,129.0,5,545.0,3183.0,4,0.31,0,1,Store,Tier 2,1
C11079,55,98.0,12,501.0,6479.0,2,0.44,0,1,Store,Tier 1,0
C11080,26,100.0,10,793.0,7276.0,3,0.72,1,0,Online,Tier 2,1
C11081,31,107.0,11,1233.0,15090.0,2,0.3,1,0,Online,Tier 2,0
C11082,23,52.0,9,717.0,7490.0,4,0.38,0,0,Both,Tier 2,0
C11083,42,28.0,15,1279.0,22686.0,4,0.15,0,0,Both,Tier 2,0
C11084,12,76.0,12,1087.0,15139.0,7,0.21,0,1,Store,Tier 2,1
C11085,23,47.0,12,702.0,9859.0,2,0.65,1,1,Online,Tier 3,1
C11086,38,63.0,9,1153.0,10077.0,4,0.49,0,1,Store,Tier 2,0
C11087,13,42.0,8,834.0,7069.0,6,0.56,1,1,Both,Tier 1,0
C11088,4,19.0,20,749.0,15112.0,3,0.3,1,0,Store,Tier 1,0
C11089,38,54.0,9,1475.0,14452.0,5,0.35,0,1,Store,Tier 1,0
C11090,13,18.0,17,1253.0,19968.0,5,0.64,1,0,Online,Tier 2,1
C11091,60,111.0,13,858.0,9006.0,8,0.12,1,0,Online,Tier 2,0
C11092,39,12.0,15,439.0,6429.0,3,0.36,2,1,Store,Tier 1,0
C11093,18,58.0,15,915.0,13898.0,1,0.63,0,1,Online,Tier 2,0
C11094,8,20.0,8,983.0,7840.0,3,0.56,1,0,Online,Tier 1,0
C11095,48,45.0,13,1013.0,12667.0,3,0.72,0,1,Store,Tier 3,0
C11096,27,30.0,14,856.0,10776.0,5,0.28,0,1,Store,Tier 2,0
C11097,36,19.0,19,1035.0,22056.0,3,0.19,1,0,Online,Tier 1,0
C11098,22,34.0,15,997.0,13474.0,4,0.42,0,0,Store,Tier 2,0
C11099,45,58.0,9,718.0,5310.0,5,0.39,0,1,Both,Tier 1,0
C11100,18,71.0,10,940.0,9258.0,7,0.15,1,1,Store,Tier 2,0
C11101,14,15.0,10,1328.0,14697.0,7,0.28,1,1,Both,Tier 3,0
C11102,13,23.0,11,994.0,10548.0,5,0.08,0,1,Store,Tier 3,0
C11103,22,109.0,13,506.0,6228.0,5,0.36,0,0,Store,Tier 2,1
C11104,4,49.0,17,1171.0,17667.0,3,0.6,0,0,Online,Tier 3,0
C11105,38,98.0,12,1012.0,9810.0,5,0.66,1,1,Both,Tier 1,0
C11106,56,125.0,6,793.0,4170.0,2,0.37,0,1,Online,Tier 3,0
C11107,4,27.0,15,707.0,11636.0,5,0.55,0,0,Store,Tier 3,0
C11108,31,90.0,11,1245.0,15595.0,4,0.2,0,1,Both,Tier 1,0
C11109,14,24.0,14,1216.0,17713.0,5,0.28,0,0,Both,Tier 1,0
C11110,59,143.0,11,1032.0,11319.0,5,0.16,0,0,Store,Tier 3,1
C11111,59,68.0,13,796.0,10309.0,3,0.37,0,1,Store,Tier 1,0
C11112,27,45.0,15,667.0,9120.0,2,0.59,0,1,Online,Tier 1,0
C11113,21,27.0,8,997.0,8102.0,3,0.28,0,1,Store,Tier 2,0
C11114,46,49.0,14,308.0,4342.0,4,0.72,0,1,Store,Tier 2,1
C11115,50,78.0,13,893.0,13691.0,4,0.61,3,1,Online,Tier 1,1
C11116,24,115.0,7,1128.0,6357.0,7,0.28,1,1,Store,Tier 3,1
C11117,14,73.0,10,1273.0,10439.0,4,0.4,0,0,Online,Tier 2,0
C11118,42,34.0,13,,8768.0,4,0.39,0,0,Online,Tier 2,0
C11119,12,60.0,16,1052.0,17978.0,3,0.41,0,1,Both,Tier 1,0
C11120,60,59.0,9,913.0,8309.0,4,0.44,0,1,Both,Tier 3,0
C11121,43,35.0,11,,11796.0,5,0.59,0,1,Online,Tier 3,0
C11122,32,46.0,9,830.0,6502.0,1,0.58,0,0,Online,Tier 2,1
C11123,7,51.0,9,943.0,9518.0,3,0.75,2,0,Both,Tier 3,1
C11124,31,34.0,10,1151.0,11330.0,3,0.25,0,0,Online,,0
C11125,18,57.0,12,622.0,8954.0,3,0.26,0,1,Store,Tier 2,0
C11126,59,19.0,13,601.0,7647.0,4,0.27,0,1,Online,Tier 1,0
C11127,41,4.0,13,376.0,4334.0,4,0.13,0,1,Both,Tier 1,0
C11128,50,65.0,8,1429.0,10218.0,8,0.24,0,1,Store,Tier 3,0
C11129,46,80.0,15,1222.0,20068.0,3,0.13,0,0,Store,Tier 2,0
C11130,23,191.0,11,766.0,6843.0,4,0.54,0,0,Both,Tier 2,1
C11131,15,95.0,11,792.0,7095.0,3,0.81,1,0,Store,Tier 1,0
C11132,6,72.0,9,624.0,6063.0,6,0.26,0,0,Both,Tier 1,0
C11133,28,18.0,15,573.0,8827.0,4,0.08,0,0,Store,Tier 3,0
C11134,1,78.0,13,1062.0,11196.0,5,0.86,0,0,Both,Tier 1,0
C11135,50,14.0,13,1261.0,19669.0,5,0.81,0,1,Store,Tier 3,0
C11136,34,51.0,12,1114.0,11260.0,3,0.83,1,0,Both,Tier 2,0
C11137,14,42.0,13,1045.0,15873.0,5,0.32,0,1,Store,Tier 1,0
C11138,17,126.0,11,1166.0,10723.0,3,0.12,0,0,Both,Tier 1,1
C11139,50,30.0,8,638.0,4623.0,1,0.36,1,1,Online,Tier 3,1
C11140,23,102.0,6,1610.0,9729.0,4,0.14,0,0,Store,Tier 2,1
C11141,60,54.0,9,258.0,2696.0,2,0.68,0,1,Store,Tier 1,0
C11142,39,114.0,11,181.0,2250.0,5,0.65,2,0,Store,Tier 1,0
C11143,23,56.0,15,1693.0,28678.0,3,0.44,0,1,Store,Tier 1,0
C11144,11,50.0,12,1029.0,10752.0,6,0.27,0,0,Store,Tier 1,0
C11145,12,50.0,13,627.0,6702.0,5,0.22,0,0,Both,Tier 1,1
C11146,35,21.0,5,922.0,4269.0,2,0.2,1,1,Both,Tier 2,0
C11147,50,51.0,13,791.0,10845.0,2,0.26,1,1,Online,Tier 1,0
C11148,41,22.0,13,582.0,6114.0,4,0.69,1,1,Store,Tier 1,0
C11149,47,39.0,15,434.0,7498.0,3,0.19,0,1,Both,Tier 2,0
C11150,31,47.0,17,611.0,10972.0,1,0.7,0,0,Both,Tier 3,1
C11151,31,54.0,2,532.0,1157.0,2,0.4,2,0,Store,Tier 2,1
C11152,5,23.0,16,882.0,12661.0,1,0.19,2,0,Online,Tier 1,0
C11153,17,18.0,9,882.0,6789.0,1,0.37,1,1,Both,Tier 3,0
C11154,54,52.0,14,637.0,7871.0,3,0.57,0,1,Store,Tier 3,0
C11155,16,109.0,7,1030.0,6597.0,4,0.71,1,0,Store,Tier 2,1
C11156,31,64.0,10,1146.0,9212.0,4,0.47,1,1,Both,Tier 2,0
C11157,54,4.0,17,,14645.0,2,0.3,2,0,Store,Tier 2,0
C11158,20,138.0,2,977.0,1658.0,6,0.3,0,1,Both,Tier 3,0
C11159,22,35.0,11,1047.0,11808.0,8,0.22,0,1,Store,Tier 1,0
C11160,34,39.0,13,556.0,7301.0,4,0.19,0,1,Store,Tier 1,0
C11161,8,10.0,17,761.0,15304.0,4,0.1,0,1,Both,Tier 2,0
C11162,34,28.0,14,925.0,10946.0,2,0.37,0,0,Online,Tier 2,0
C11163,8,110.0,8,862.0,6187.0,5,0.7,0,0,Store,Tier 1,0
C11164,20,34.0,11,1038.0,11387.0,1,0.18,0,0,Store,Tier 1,0
C11165,56,25.0,14,902.0,14418.0,1,0.09,1,0,Store,Tier 2,0
C11166,41,107.0,9,949.0,7233.0,3,0.54,0,1,Online,Tier 2,0
C11167,49,82.0,7,1281.0,10663.0,4,0.53,0,1,Store,Tier 1,0
C11168,7,207.0,7,1235.0,8649.0,2,0.42,1,0,Online,Tier 2,1
C11169,41,12.0,17,150.0,2385.0,3,0.67,0,1,Store,Tier 3,0
C11170,9,36.0,12,1236.0,16600.0,5,0.92,0,1,Store,Tier 1,0
C11171,60,88.0,16,738.0,11077.0,5,0.36,0,1,Online,Tier 2,0
C11172,27,49.0,22,1463.0,30982.0,5,0.78,0,0,Store,Tier 1,0
C11173,36,152.0,6,842.0,5348.0,5,0.7,0,1,Store,Tier 2,1
C11174,5,113.0,16,960.0,14203.0,1,0.41,1,0,Store,Tier 1,1
C11175,33,85.0,16,1076.0,15701.0,1,0.72,0,0,Store,Tier 2,1
C11176,59,80.0,14,999.0,13623.0,4,0.42,0,1,Both,Tier 2,0
C11177,3,129.0,10,849.0,8033.0,5,0.34,0,0,Online,Tier 1,0
C11178,35,110.0,11,893.0,9621.0,6,0.45,0,0,Store,Tier 2,1
C11179,33,28.0,10,683.0,6401.0,3,0.66,1,1,Store,Tier 3,0
C11180,9,131.0,8,1027.0,9082.0,8,0.49,2,1,Both,Tier 2,1
C11181,16,13.0,15,1587.0,24892.0,5,0.33,1,0,Store,Tier 2,0
C11182,59,68.0,8,1846.0,13322.0,5,0.72,0,1,Both,Tier 3,0
C11183,55,73.0,10,519.0,5470.0,2,0.53,0,0,Store,Tier 1,0
C11184,15,43.0,17,374.0,7265.0,5,0.69,0,1,Both,Tier 2,0
C11185,55,26.0,17,1298.0,18296.0,3,0.51,1,0,Both,Tier 1,0
C11186,50,72.0,11,557.0,7299.0,6,0.25,0,1,Store,Tier 2,1
C11187,51,61.0,12,1189.0,11949.0,3,0.7,0,1,Store,Tier 2,0
C11188,8,29.0,9,781.0,8402.0,3,0.11,0,0,Both,Tier 2,0
C11189,9,94.0,11,1192.0,10660.0,3,0.57,1,1,Store,Tier 3,0
C11190,52,58.0,11,1094.0,11681.0,3,0.66,1,1,Store,Tier 2,1
C11191,56,8.0,14,1507.0,21689.0,3,0.61,0,1,Both,Tier 1,0
C11192,5,84.0,9,1137.0,8691.0,4,0.64,0,0,Store,Tier 2,0
C11193,60,8.0,11,1080.0,11155.0,2,0.37,0,0,Both,Tier 3,0
C11194,5,133.0,4,1018.0,4676.0,3,0.31,0,0,Online,Tier 1,1
C11195,21,97.0,9,1261.0,10839.0,5,0.58,0,1,Both,Tier 2,0
C11196,1,22.0,15,1079.0,14410.0,3,0.44,0,0,Online,Tier 2,0
C11197,8,96.0,6,679.0,4384.0,5,0.06,1,0,Store,,0
C11198,16,43.0,15,254.0,3599.0,2,0.33,0,1,Store,Tier 1,0
C11199,39,61.0,8,900.0,6358.0,5,0.73,0,1,Online,Tier 3,0
C11200,55,64.0,16,791.0,11613.0,2,0.67,0,1,Store,Tier 3,0
C11201,37,166.0,5,1466.0,6232.0,2,0.06,0,1,Online,Tier 1,0
C11202,14,28.0,15,311.0,4620.0,3,0.55,0,1,Store,Tier 2,0
C11203,44,46.0,16,,9595.0,2,0.39,1,1,Online,Tier 1,0
C11204,23,48.0,20,961.0,19049.0,3,0.57,1,1,Store,Tier 3,1
C11205,27,49.0,11,741.0,6559.0,4,0.7,1,1,Store,Tier 2,0
C11206,30,28.0,13,1099.0,16489.0,3,0.22,1,0,Online,Tier 3,0
C11207,15,92.0,10,457.0,3709.0,2,0.35,0,0,Both,Tier 1,0
C11208,18,19.0,17,1367.0,26791.0,1,0.66,0,0,Store,Tier 2,0
C11209,1,106.0,6,1120.0,6355.0,5,0.66,0,0,Store,Tier 2,1
C11210,9,16.0,13,1304.0,17659.0,4,0.39,0,1,Store,Tier 1,0
C11211,8,55.0,19,946.0,17562.0,3,0.52,0,1,Both,Tier 2,0
C11212,49,146.0,8,843.0,7908.0,1,0.14,0,0,Online,Tier 3,1
C11213,24,84.0,8,1111.0,10069.0,4,0.25,0,1,Store,Tier 2,0
C11214,55,31.0,11,1343.0,15151.0,3,0.28,1,1,Store,Tier 2,0
C11215,34,47.0,8,1184.0,9249.0,5,0.14,0,0,Store,Tier 1,0
C11216,25,61.0,10,685.0,7818.0,2,0.24,2,0,Store,Tier 1,1
C11217,14,74.0,14,1295.0,17908.0,5,0.08,0,0,Store,Tier 1,0
C11218,28,106.0,10,672.0,7303.0,4,0.23,0,0,Store,Tier 3,0
C11219,36,58.0,12,730.0,9427.0,3,0.62,1,1,Both,Tier 1,1
C11220,60,59.0,8,1166.0,9781.0,5,0.13,0,0,Store,Tier 1,1
C11221,53,18.0,18,1179.0,19476.0,4,0.37,0,1,Online,Tier 3,0
C11222,45,74.0,12,548.0,5379.0,3,0.63,1,0,Both,Tier 1,0
C11223,52,87.0,15,446.0,7579.0,4,0.56,0,0,Store,Tier 2,0
C11224,50,5.0,15,1187.0,21011.0,7,0.33,0,1,Both,Tier 2,0
C11225,52,66.0,7,1140.0,7577.0,6,0.43,0,0,Both,Tier 2,0
C11226,1,49.0,11,1147.0,12942.0,4,0.04,0,1,Online,Tier 2,0
C11227,27,26.0,17,759.0,11979.0,4,0.45,0,1,Both,Tier 2,0
C11228,1,55.0,10,547.0,5515.0,4,0.36,1,0,Store,Tier 2,1
C11229,36,38.0,14,1251.0,19924.0,5,0.22,0,0,Store,Tier 2,0
C11230,35,56.0,12,1048.0,13539.0,4,0.2,0,1,Store,Tier 2,0
C11231,45,68.0,7,1152.0,8966.0,4,0.46,1,1,Store,Tier 2,0
C11232,33,98.0,11,1124.0,12383.0,4,0.77,1,0,Store,Tier 2,0
C11233,12,89.0,15,1274.0,18464.0,6,0.14,1,1,Store,Tier 1,0
C11234,11,19.0,15,998.0,14692.0,6,0.26,0,1,Store,Tier 2,0
C11235,28,161.0,9,509.0,4043.0,2,0.12,0,1,Online,Tier 1,0
C11236,60,107.0,12,1113.0,13110.0,3,0.62,1,1,Store,Tier 2,1
C11237,12,18.0,14,1010.0,16133.0,7,0.04,1,0,Store,Tier 1,0
C11238,48,36.0,16,942.0,15421.0,2,0.31,0,0,Both,Tier 1,0
C11239,44,67.0,13,440.0,5014.0,3,0.2,0,0,Store,Tier 1,0
C11240,16,6.0,13,949.0,11805.0,8,0.31,1,0,Store,Tier 2,0
C11241,59,70.0,7,1097.0,7140.0,3,0.41,0,1,Store,Tier 2,0
C11242,2,151.0,6,328.0,2217.0,3,0.53,0,0,Store,Tier 1,1
C11243,11,24.0,11,641.0,7002.0,3,0.67,0,0,Online,Tier 1,0
C11244,2,24.0,18,601.0,12091.0,5,0.49,0,0,Store,Tier 2,1
C11245,19,128.0,6,1127.0,6069.0,4,0.42,0,0,Online,Tier 3,1
C11246,60,87.0,8,811.0,6674.0,3,0.06,1,1,Store,Tier 3,1
C11247,41,36.0,12,1013.0,10761.0,1,0.06,0,1,Both,Tier 3,0
C11248,49,2.0,12,859.0,9630.0,3,0.26,0,1,Store,Tier 1,0
C11249,14,137.0,7,1089.0,6846.0,5,0.32,0,0,Store,Tier 1,1
C11250,21,25.0,20,1040.0,23250.0,3,0.54,0,0,Store,Tier 1,0
C11251,49,55.0,11,1610.0,19251.0,7,0.27,0,1,Store,Tier 2,0
C11252,39,14.0,10,678.0,7586.0,6,0.45,0,1,Online,Tier 3,0
C11253,11,12.0,13,842.0,9841.0,4,0.83,0,0,Online,Tier 2,0
C11254,49,42.0,12,623.0,7671.0,1,0.73,0,0,Both,Tier 3,0
C11255,43,34.0,8,387.0,3022.0,3,0.11,0,0,Both,Tier 2,0
C11256,40,131.0,8,856.0,7341.0,4,0.5,1,1,Store,Tier 2,0
C11257,13,28.0,11,835.0,10229.0,4,0.45,0,1,Both,Tier 1,0
C11258,17,70.0,13,783.0,12178.0,3,0.35,0,1,Both,Tier 3,0
C11259,18,40.0,12,1186.0,14201.0,2,0.19,1,0,Online,Tier 1,0
C11260,37,15.0,12,768.0,10399.0,2,0.35,1,1,Store,Tier 3,0
C11261,57,55.0,10,498.0,4173.0,3,0.39,0,1,Online,Tier 1,1
C11262,1,106.0,9,741.0,7931.0,2,0.23,0,0,Online,Tier 3,0
C11263,26,129.0,7,1079.0,6830.0,2,0.23,0,1,Both,Tier 3,0
C11264,18,53.0,13,1454.0,20020.0,4,0.39,0,0,Both,Tier 3,0
C11265,20,27.0,14,681.0,9930.0,3,0.5,0,0,Store,Tier 3,0
C11266,25,75.0,11,1264.0,16100.0,3,0.56,0,1,Both,Tier 1,0
C11267,4,45.0,15,764.0,11325.0,4,0.2,0,0,Store,Tier 3,0
C11268,45,46.0,8,1144.0,10328.0,5,0.57,0,1,Store,Tier 1,1
C11269,54,178.0,9,1193.0,11625.0,4,0.73,0,1,Online,Tier 2,1
C11270,53,31.0,12,1213.0,11745.0,4,0.37,0,1,Both,Tier 1,1
C11271,17,27.0,16,942.0,15398.0,3,0.27,0,0,Online,Tier 1,0
C11272,39,49.0,13,568.0,6011.0,2,0.64,1,1,Both,Tier 1,0
C11273,58,78.0,10,849.0,8445.0,2,0.58,0,1,Online,Tier 1,0
C11274,14,73.0,9,685.0,5851.0,8,0.08,1,1,Both,Tier 1,0
C11275,22,154.0,11,947.0,10667.0,2,0.56,0,0,Online,Tier 1,0
C11276,57,160.0,8,507.0,3634.0,2,0.52,0,1,Store,Tier 1,1
C11277,54,50.0,10,718.0,8230.0,6,0.46,0,1,Both,Tier 3,0
C11278,31,49.0,14,739.0,10756.0,3,0.43,1,1,Store,Tier 1,0
C11279,55,56.0,12,961.0,13327.0,6,0.62,1,1,Both,Tier 2,0
C11280,17,75.0,8,1159.0,9123.0,4,0.09,0,0,Online,Tier 1,0
C11281,20,20.0,10,939.0,9966.0,2,0.45,0,0,Both,Tier 1,0
C11282,10,17.0,15,861.0,15101.0,3,0.36,0,0,Store,Tier 1,0
C11283,34,103.0,11,567.0,6487.0,8,0.42,0,0,Store,Tier 1,0
C11284,7,106.0,10,1362.0,12700.0,5,0.47,0,0,Store,Tier 2,0
C11285,43,35.0,10,973.0,11411.0,4,0.47,0,1,Store,Tier 2,0
C11286,38,54.0,16,782.0,10432.0,4,0.4,0,1,Store,Tier 3,0
C11287,34,49.0,8,1108.0,10259.0,3,0.21,1,1,Both,Tier 1,0
C11288,46,52.0,5,1326.0,5439.0,2,0.52,1,0,Store,Tier 1,0
C11289,51,71.0,12,317.0,4091.0,3,0.48,1,0,Both,Tier 1,1
C11290,55,48.0,13,763.0,10525.0,4,0.32,0,1,Store,Tier 1,0
C11291,17,193.0,6,958.0,4599.0,5,0.56,0,0,Both,Tier 3,1
C11292,28,146.0,11,562.0,5652.0,3,0.28,1,0,Store,Tier 2,1
C11293,33,117.0,9,663.0,5904.0,8,0.79,1,0,Both,Tier 1,0
C11294,13,15.0,11,1237.0,11085.0,7,0.62,0,1,Store,Tier 1,0
C11295,29,77.0,15,1322.0,22387.0,3,0.04,1,1,Both,Tier 1,1
C11296,9,57.0,15,1289.0,22070.0,4,0.48,0,1,Both,Tier 2,0
C11297,20,64.0,9,708.0,6724.0,4,0.22,0,1,Online,Tier 1,0
C11298,34,17.0,15,893.0,13054.0,3,0.35,0,1,Both,Tier 2,0
C11299,52,108.0,4,1625.0,6734.0,6,0.45,0,1,Online,Tier 3,0
C11300,28,16.0,16,1017.0,16833.0,6,0.78,0,1,Both,Tier 2,0
C11301,14,52.0,12,1000.0,11452.0,4,0.16,1,1,Both,Tier 2,0
C11302,6,55.0,12,654.0,9244.0,4,0.55,0,1,Store,Tier 2,0
C11303,48,84.0,8,685.0,6317.0,4,0.55,0,0,Both,Tier 1,0
C11304,36,29.0,11,843.0,8136.0,4,0.2,0,1,Both,Tier 2,0
C11305,42,36.0,13,233.0,3067.0,3,0.5,0,1,Store,Tier 2,0
C11306,11,44.0,11,623.0,6013.0,4,0.6,0,0,Online,Tier 1,0
C11307,58,128.0,8,1036.0,7696.0,2,0.36,1,1,Both,,0
C11308,12,33.0,10,1010.0,9108.0,2,0.25,0,0,Both,Tier 1,0
C11309,44,43.0,14,1114.0,15853.0,4,0.34,0,1,Online,Tier 2,0
C11310,41,22.0,20,1402.0,29357.0,6,0.58,0,0,Online,Tier 1,0
C11311,19,37.0,17,820.0,12985.0,6,0.19,0,1,Store,Tier 2,0
C11312,12,15.0,15,189.0,2812.0,3,0.51,0,1,Store,Tier 2,0
C11313,14,56.0,12,1439.0,14326.0,4,0.46,0,1,Both,Tier 1,0
C11314,19,9.0,19,981.0,19109.0,2,0.56,1,1,Both,Tier 1,0
C11315,38,9.0,19,1314.0,25292.0,2,0.7,0,0,Store,Tier 3,0
C11316,9,28.0,18,668.0,13402.0,3,0.32,0,0,Store,Tier 2,0
C11317,30,49.0,13,892.0,11323.0,4,0.28,1,1,Online,Tier 2,0
C11318,41,11.0,13,291.0,3072.0,3,0.32,1,1,Both,Tier 2,0
C11319,8,47.0,15,982.0,14914.0,2,0.3,1,0,Online,Tier 3,1
C11320,18,49.0,15,1044.0,12545.0,4,0.44,0,0,Store,Tier 1,0
C11321,22,112.0,10,811.0,6828.0,2,0.8,1,0,Store,Tier 1,0
C11322,12,35.0,13,870.0,13203.0,5,0.55,0,0,Store,Tier 3,0
C11323,33,18.0,5,1414.0,6865.0,8,0.79,0,1,Store,Tier 2,0
C11324,13,91.0,10,637.0,7008.0,5,0.31,0,1,Store,Tier 2,0
C11325,13,76.0,7,1091.0,8980.0,3,0.11,2,1,Store,Tier 2,1
C11326,36,21.0,13,904.0,9960.0,4,0.45,0,0,Store,Tier 3,0
C11327,15,90.0,10,602.0,5954.0,6,0.31,0,1,Online,Tier 2,0
C11328,15,114.0,8,1375.0,10836.0,2,0.76,0,0,Store,Tier 2,0
C11329,33,109.0,11,592.0,7128.0,7,0.88,0,0,Online,Tier 1,0
C11330,29,25.0,14,1246.0,18045.0,8,0.26,0,0,Both,Tier 1,0
C11331,12,17.0,10,794.0,9371.0,2,0.67,1,1,Online,Tier 1,0
C11332,28,43.0,10,767.0,6247.0,4,0.34,2,1,Store,Tier 1,1
C11333,27,47.0,4,536.0,2253.0,1,0.33,0,1,Store,Tier 3,0
C11334,47,26.0,13,1496.0,18031.0,4,0.26,0,1,Store,Tier 1,0
C11335,25,15.0,11,747.0,8786.0,3,0.69,2,0,Online,Tier 1,0
C11336,10,63.0,5,737.0,4012.0,2,0.41,1,0,Online,Tier 1,0
C11337,27,46.0,9,869.0,8054.0,1,0.49,0,0,Store,Tier 2,0
C11338,40,14.0,17,1000.0,19353.0,3,0.34,0,1,Store,Tier 1,0
C11339,46,192.0,2,925.0,1533.0,4,0.39,1,1,Online,Tier 2,1
C11340,27,24.0,13,1481.0,17130.0,5,0.24,0,0,Online,Tier 2,0
C11341,26,14.0,15,878.0,15034.0,4,0.38,0,1,Online,Tier 2,0
C11342,57,122.0,10,943.0,8909.0,4,0.6,1,1,Store,Tier 1,0
C11343,54,22.0,10,895.0,7757.0,1,0.28,1,0,Online,Tier 2,0
C11344,59,32.0,12,1210.0,14528.0,4,0.71,1,1,Online,Tier 1,0
C11345,11,85.0,13,838.0,11289.0,5,0.18,0,0,Online,Tier 2,1
C11346,37,18.0,12,563.0,5584.0,3,0.2,1,0,Store,Tier 2,0
C11347,11,55.0,20,1062.0,18736.0,3,0.23,0,1,Both,Tier 1,0
C11348,10,21.0,14,614.0,9959.0,2,0.36,0,0,Store,Tier 1,1
C11349,45,56.0,9,1006.0,8524.0,4,0.78,0,1,Both,Tier 2,1
C11350,42,37.0,10,830.0,9212.0,7,0.8,0,0,Store,Tier 1,0
C11351,46,61.0,18,1107.0,18004.0,2,0.05,0,1,Both,Tier 1,0
C11352,5,37.0,9,888.0,8001.0,3,0.19,1,0,Store,Tier 2,0
C11353,48,131.0,4,939.0,4003.0,3,0.64,0,1,Both,Tier 1,1
C11354,55,29.0,11,941.0,8292.0,5,0.46,0,1,Store,Tier 3,0
C11355,25,110.0,7,733.0,4662.0,3,0.32,0,0,Store,Tier 3,1
C11356,22,48.0,16,1057.0,17666.0,4,0.32,0,1,Both,Tier 2,0
C11357,37,16.0,23,664.0,14767.0,6,0.25,0,1,Both,Tier 2,0
C11358,45,61.0,18,847.0,13697.0,3,0.46,0,0,Store,Tier 2,0
C11359,32,45.0,7,1398.0,10397.0,5,0.39,0,0,Online,Tier 1,0
C11360,33,51.0,13,494.0,7103.0,6,0.28,1,1,Online,Tier 3,1
C11361,49,70.0,10,793.0,8144.0,3,0.34,1,0,Both,Tier 1,0
C11362,48,42.0,10,1082.0,12773.0,2,0.52,2,0,Store,Tier 1,0
C11363,59,18.0,12,1166.0,15499.0,2,0.47,1,0,Store,Tier 1,0
C11364,20,53.0,12,1070.0,11047.0,5,0.29,0,1,Store,Tier 1,0
C11365,35,121.0,13,1404.0,16619.0,4,0.18,1,1,Both,Tier 3,0
C11366,53,46.0,11,1202.0,13529.0,3,0.43,1,0,Store,Tier 2,1
C11367,16,141.0,10,1269.0,15101.0,4,0.27,0,1,Both,Tier 2,0
C11368,2,53.0,14,1111.0,15473.0,3,0.26,0,0,Store,Tier 3,0
C11369,19,55.0,17,344.0,6141.0,6,0.32,0,0,Both,Tier 2,0
C11370,34,129.0,8,964.0,8074.0,3,0.28,0,0,Online,Tier 2,0
C11371,33,47.0,7,1072.0,8067.0,5,0.12,0,0,Store,Tier 2,0
C11372,2,17.0,14,777.0,12052.0,3,0.28,0,0,Both,Tier 1,0
C11373,13,49.0,7,713.0,4545.0,6,0.06,1,0,Store,Tier 3,1
C11374,46,25.0,8,1082.0,9282.0,4,0.65,0,0,Both,Tier 3,0
C11375,50,180.0,7,858.0,5930.0,3,0.53,0,1,Store,Tier 2,0
C11376,25,51.0,13,830.0,8632.0,6,0.29,2,0,Store,Tier 2,0
C11377,36,7.0,14,702.0,10630.0,4,0.42,1,0,Online,Tier 2,0
C11378,22,2.0,9,1021.0,9940.0,4,0.17,0,1,Store,Tier 3,1
C11379,24,25.0,15,872.0,11171.0,2,0.55,1,0,Store,Tier 2,0
C11380,19,40.0,14,1302.0,14643.0,5,0.26,0,0,Online,Tier 2,0
C11381,1,243.0,3,1109.0,3889.0,7,0.17,0,0,Store,Tier 3,1
C11382,20,129.0,6,1212.0,6212.0,3,0.69,0,1,Store,Tier 2,0
C11383,13,4.0,10,1057.0,11154.0,3,0.63,0,0,Both,Tier 1,0
C11384,58,92.0,6,345.0,2282.0,2,0.36,0,0,Online,Tier 3,0
C11385,1,37.0,13,288.0,3301.0,3,0.39,0,1,Online,Tier 3,0
C11386,5,16.0,12,772.0,9840.0,3,0.17,0,0,Both,Tier 3,0
C11387,14,129.0,7,832.0,4850.0,3,0.37,0,1,Store,Tier 2,1
C11388,51,69.0,11,258.0,3094.0,1,0.56,0,1,Store,Tier 3,0
C11389,56,11.0,14,,16347.0,3,0.6,0,1,Store,Tier 2,0
C11390,56,32.0,16,1171.0,15106.0,7,0.73,0,1,Both,Tier 1,0
C11391,25,53.0,5,515.0,2529.0,2,0.75,0,1,Both,Tier 3,1
C11392,11,77.0,15,698.0,12034.0,3,0.35,1,0,Store,Tier 3,1
C11393,29,110.0,10,853.0,9174.0,3,0.06,0,0,Store,Tier 1,0
C11394,48,86.0,14,430.0,5274.0,6,0.25,1,1,Both,Tier 3,0
C11395,48,85.0,10,474.0,4444.0,4,0.74,0,1,Both,Tier 1,1
C11396,45,77.0,9,780.0,5949.0,3,0.37,2,1,Store,Tier 1,0
C11397,43,23.0,12,781.0,10521.0,6,0.7,1,1,Store,Tier 2,0
C11398,43,54.0,12,716.0,9708.0,3,0.33,0,1,Online,Tier 1,0
C11399,45,83.0,8,864.0,8049.0,4,0.2,0,0,Both,Tier 3,1
C11400,47,91.0,17,1074.0,21601.0,2,0.56,0,1,Online,Tier 2,0
C11401,45,40.0,20,413.0,8707.0,2,0.72,0,1,Store,Tier 2,0
C11402,25,112.0,10,1409.0,15511.0,5,0.48,1,0,Store,Tier 1,0
C11403,33,17.0,9,946.0,7125.0,4,0.51,0,1,Both,Tier 1,0
C11404,21,11.0,4,667.0,2781.0,3,0.47,0,1,Online,Tier 2,0
C11405,5,46.0,20,893.0,21055.0,4,0.38,0,0,Store,Tier 3,0
C11406,43,111.0,7,,6457.0,3,0.45,0,1,Store,Tier 1,0
C11407,30,54.0,15,1024.0,13367.0,3,0.22,1,0,Store,Tier 2,0
C11408,3,31.0,11,1150.0,12697.0,7,0.29,0,0,Store,Tier 3,0
C11409,52,35.0,14,579.0,8675.0,8,0.28,1,1,Both,Tier 2,0
C11410,43,22.0,20,909.0,18051.0,3,0.19,0,1,Online,Tier 2,0
C11411,15,40.0,12,1320.0,13029.0,4,0.34,0,0,Both,Tier 2,0
C11412,13,24.0,15,645.0,11552.0,3,0.17,2,0,Online,Tier 1,0
C11413,27,80.0,19,1217.0,24164.0,7,0.61,0,0,Store,Tier 2,0
C11414,23,17.0,18,1926.0,37014.0,2,0.29,1,1,Online,Tier 1,0
C11415,19,105.0,7,947.0,5828.0,3,0.29,0,1,Both,Tier 2,0
C11416,27,30.0,10,740.0,8763.0,4,0.53,0,1,Store,Tier 3,0
C11417,32,29.0,18,1029.0,18462.0,2,0.65,1,1,Online,Tier 1,1
C11418,17,20.0,10,1073.0,11675.0,4,0.21,0,0,Both,Tier 1,0
C11419,29,24.0,13,1252.0,15723.0,2,0.16,0,0,Both,Tier 2,1
C11420,50,51.0,8,1030.0,7607.0,6,0.33,0,1,Store,Tier 3,0
C11421,24,49.0,16,1121.0,21020.0,4,0.14,1,0,Store,Tier 2,0
C11422,17,83.0,12,179.0,1813.0,1,0.14,0,0,Store,Tier 2,0
C11423,13,36.0,17,852.0,15164.0,1,0.53,1,1,Store,Tier 1,1
C11424,43,47.0,14,467.0,6978.0,4,0.46,0,1,Both,Tier 2,0
C11425,15,42.0,8,1488.0,12588.0,4,0.22,0,0,Online,Tier 3,0
C11426,7,44.0,13,382.0,5162.0,7,0.3,0,0,Store,Tier 1,0
C11427,14,41.0,11,1345.0,17361.0,3,0.53,0,1,Store,Tier 2,1
C11428,22,55.0,14,1046.0,13243.0,4,0.4,0,1,Both,Tier 2,0
C11429,3,16.0,22,1065.0,18800.0,3,0.16,2,1,Store,Tier 2,1
C11430,17,57.0,8,1144.0,7928.0,7,0.69,0,0,Store,Tier 2,0
C11431,4,127.0,9,718.0,7195.0,5,0.36,0,0,Online,Tier 1,0
C11432,23,84.0,6,583.0,3031.0,2,0.31,0,1,Both,Tier 2,1
C11433,17,16.0,7,410.0,2737.0,5,0.09,0,0,Store,Tier 2,0
C11434,13,63.0,8,323.0,2362.0,5,0.79,0,1,Store,Tier 1,0
C11435,32,55.0,11,838.0,8186.0,4,0.17,0,1,Online,Tier 2,0
C11436,14,64.0,11,590.0,5376.0,4,0.35,1,0,Both,Tier 1,1
C11437,29,31.0,11,793.0,9557.0,5,0.34,1,0,Both,Tier 2,1
C11438,46,86.0,8,1286.0,10600.0,4,0.31,0,1,Both,Tier 3,0
C11439,36,155.0,5,829.0,3433.0,6,0.31,0,1,Both,Tier 2,0
C11440,27,13.0,15,1663.0,25583.0,5,0.53,0,0,Online,Tier 1,0
C11441,21,108.0,7,682.0,3860.0,2,0.33,1,1,Store,Tier 3,0
C11442,25,36.0,9,811.0,8269.0,2,0.15,1,0,Store,Tier 3,0
C11443,26,150.0,10,232.0,2405.0,3,0.25,1,0,Online,Tier 2,0
C11444,60,49.0,11,720.0,9222.0,5,0.5,0,1,Store,Tier 2,0
C11445,46,25.0,14,906.0,14405.0,4,0.4,2,1,Both,Tier 1,0
C11446,58,67.0,13,704.0,7791.0,6,0.04,1,1,Online,Tier 2,0
C11447,19,22.0,21,1669.0,35463.0,2,0.48,0,1,Both,Tier 1,0
C11448,6,47.0,9,895.0,6999.0,5,0.11,0,0,Store,Tier 2,0
C11449,28,34.0,13,545.0,6824.0,4,0.57,1,1,Both,Tier 3,0
C11450,27,50.0,9,462.0,4523.0,3,0.64,0,1,Online,Tier 1,0
C11451,53,67.0,10,747.0,8608.0,4,0.55,0,1,Both,Tier 1,0
C11452,20,39.0,14,1281.0,16664.0,4,0.48,0,1,Store,Tier 2,0
C11453,29,65.0,16,1178.0,20950.0,5,0.6,1,0,Store,Tier 3,1
C11454,29,29.0,13,455.0,5906.0,2,0.26,1,1,Store,Tier 1,0
C11455,5,17.0,14,409.0,4683.0,4,0.47,0,0,Both,Tier 3,0
C11456,45,202.0,6,455.0,2428.0,3,0.28,1,1,Store,Tier 1,0
C11457,47,118.0,6,760.0,5100.0,5,0.45,0,1,Online,Tier 1,1
C11458,60,114.0,10,573.0,4810.0,3,0.39,0,1,Store,Tier 2,0
C11459,58,20.0,10,804.0,7570.0,5,0.52,0,1,Store,Tier 1,0
C11460,56,56.0,12,718.0,7474.0,3,0.3,2,1,Store,Tier 1,0
C11461,30,88.0,8,508.0,4633.0,3,0.57,1,1,Online,Tier 2,0
C11462,43,65.0,12,1085.0,14935.0,1,0.62,1,0,Store,Tier 1,0
C11463,36,23.0,15,832.0,14691.0,1,0.14,0,1,Store,Tier 1,0
C11464,2,33.0,7,694.0,5733.0,3,0.18,0,0,Online,Tier 3,0
C11465,39,48.0,14,920.0,13504.0,5,0.19,1,1,Store,Tier 3,0
C11466,5,118.0,6,1003.0,6756.0,2,0.17,0,0,Both,Tier 1,1
C11467,8,105.0,14,729.0,11595.0,3,0.45,0,0,Online,Tier 2,0
C11468,56,17.0,11,888.0,9455.0,3,0.46,1,1,Store,Tier 2,0
C11469,39,26.0,14,359.0,4716.0,3,0.34,0,1,Store,Tier 1,0
C11470,30,40.0,13,319.0,3734.0,3,0.02,0,0,Online,Tier 2,0
C11471,14,49.0,13,868.0,11513.0,4,0.6,0,1,Store,Tier 3,0
C11472,52,27.0,18,788.0,16825.0,4,0.67,0,1,Both,Tier 3,0
C11473,7,33.0,9,1283.0,13493.0,5,0.7,0,0,Online,Tier 1,0
C11474,22,22.0,19,884.0,14054.0,4,0.63,0,1,Store,Tier 1,0
C11475,27,49.0,14,1005.0,13104.0,6,0.56,1,1,Store,Tier 2,0
C11476,52,37.0,9,777.0,7071.0,3,0.6,0,1,Store,Tier 3,0
C11477,39,119.0,2,755.0,1684.0,3,0.82,0,0,Both,Tier 3,1
C11478,53,60.0,21,1515.0,32359.0,6,0.62,0,1,Store,Tier 2,0
C11479,52,69.0,17,856.0,16213.0,8,0.3,0,1,Both,Tier 2,0
C11480,26,105.0,14,1268.0,18740.0,3,0.16,0,0,Online,Tier 2,0
C11481,23,75.0,13,1411.0,21212.0,3,0.53,0,0,Both,Tier 2,1
C11482,5,61.0,14,847.0,11732.0,5,0.74,0,0,Both,Tier 3,0
C11483,41,90.0,9,1272.0,9281.0,2,0.11,0,1,Store,Tier 2,0
C11484,14,161.0,9,761.0,6544.0,4,0.36,1,1,Store,Tier 1,1
C11485,35,27.0,11,1513.0,16945.0,2,0.57,0,0,Store,Tier 2,1
C11486,5,24.0,16,1058.0,17413.0,1,0.65,0,0,Online,Tier 2,0
C11487,4,112.0,10,890.0,8381.0,5,0.64,0,1,Store,Tier 3,0
C11488,33,22.0,10,881.0,9036.0,4,0.41,0,0,Store,Tier 2,0
C11489,24,122.0,12,1349.0,15240.0,2,0.38,0,0,Store,Tier 1,1
C11490,22,43.0,14,746.0,9590.0,4,0.53,0,1,Both,Tier 3,0
C11491,47,71.0,10,1300.0,12943.0,2,0.78,0,1,Both,Tier 1,0
C11492,31,63.0,9,941.0,8675.0,2,0.91,0,0,Both,Tier 1,0
C11493,17,166.0,3,298.0,727.0,5,0.18,0,1,Store,Tier 2,0
C11494,46,83.0,7,268.0,2051.0,2,0.3,0,0,Online,Tier 3,0
C11495,46,32.0,5,782.0,4545.0,4,0.22,1,1,Store,Tier 2,0
C11496,4,87.0,10,582.0,6843.0,3,0.66,0,1,Online,Tier 1,0
C11497,47,55.0,9,476.0,5015.0,4,0.15,1,1,Store,Tier 2,0
C11498,36,91.0,16,947.0,14380.0,4,0.42,1,0,Online,Tier 2,1
C11499,50,3.0,16,863.0,16310.0,5,0.4,0,0,Online,Tier 2,0
C11500,2,53.0,10,1285.0,12599.0,4,0.48,0,0,Both,Tier 2,0
C11501,30,21.0,9,879.0,7291.0,8,0.4,3,1,Store,Tier 2,1
C11502,7,50.0,11,981.0,12545.0,5,0.52,1,1,Both,Tier 1,0
C11503,41,26.0,7,799.0,5982.0,3,0.78,0,0,Store,,1
C11504,36,134.0,9,637.0,6312.0,3,0.53,2,1,Both,Tier 2,0
C11505,22,19.0,14,1071.0,15770.0,4,0.37,0,0,Online,Tier 2,0
C11506,45,54.0,12,1385.0,19869.0,3,0.47,1,1,Online,Tier 2,0
C11507,31,57.0,13,994.0,10883.0,5,0.31,1,1,Both,Tier 3,1
C11508,6,103.0,15,1021.0,17842.0,2,0.4,0,0,Store,Tier 2,1
C11509,54,96.0,10,958.0,10685.0,1,0.4,2,1,Online,Tier 2,1
C11510,44,33.0,11,767.0,6867.0,3,0.58,0,1,Both,Tier 2,0
C11511,13,10.0,12,1076.0,11400.0,3,0.54,0,0,Both,Tier 3,0
C11512,4,36.0,21,638.0,12926.0,1,0.54,0,0,Store,Tier 3,0
C11513,36,48.0,12,817.0,9098.0,3,0.08,1,1,Store,Tier 1,1
C11514,44,74.0,13,660.0,8227.0,6,0.87,2,1,Online,Tier 2,0
C11515,30,82.0,7,969.0,5790.0,4,0.38,1,0,Both,Tier 1,0
C11516,28,60.0,17,624.0,9677.0,3,0.39,0,0,Store,Tier 2,0
C11517,34,49.0,8,974.0,6371.0,5,0.73,0,1,Online,Tier 2,0
C11518,10,70.0,10,846.0,9931.0,3,0.51,1,0,Store,Tier 1,1
C11519,12,72.0,12,456.0,6334.0,1,0.52,0,1,Online,Tier 2,0
C11520,13,123.0,8,1452.0,13656.0,4,0.48,0,0,Online,Tier 1,1
C11521,31,80.0,11,516.0,6634.0,2,0.01,0,1,Online,Tier 2,0
C11522,7,40.0,12,623.0,6794.0,2,0.09,0,0,Store,Tier 1,0
C11523,26,8.0,15,1040.0,17620.0,5,0.3,0,0,Store,Tier 3,0
C11524,45,16.0,12,1053.0,10711.0,6,0.54,1,1,Store,Tier 3,0
C11525,2,261.0,6,560.0,4029.0,4,0.13,1,0,Online,Tier 1,1
C11526,47,14.0,11,1349.0,17128.0,4,0.47,0,1,Online,Tier 1,0
C11527,60,77.0,17,243.0,4125.0,2,0.6,0,1,Store,Tier 1,0
C11528,18,163.0,13,487.0,6302.0,2,0.59,0,0,Online,Tier 1,0
C11529,47,32.0,8,1114.0,8854.0,6,0.14,2,1,Both,Tier 3,0
C11530,7,54.0,10,901.0,10013.0,5,0.28,0,1,Store,Tier 1,0
C11531,31,59.0,4,272.0,940.0,4,0.79,0,0,Online,Tier 1,1
C11532,37,22.0,16,831.0,11082.0,5,0.2,0,1,Both,Tier 2,0
C11533,45,41.0,12,1025.0,11844.0,2,0.69,0,0,Both,Tier 2,0
C11534,4,84.0,9,1030.0,9013.0,5,0.51,0,0,Store,Tier 1,1
C11535,21,31.0,11,856.0,10653.0,2,0.13,1,0,Store,Tier 2,1
C11536,45,34.0,18,391.0,6828.0,3,0.21,0,1,Both,Tier 2,0
C11537,38,32.0,14,1078.0,15251.0,4,0.71,0,0,Store,Tier 2,0
C11538,59,105.0,7,150.0,942.0,2,0.14,0,1,Online,Tier 1,0
C11539,29,13.0,21,959.0,20774.0,4,0.78,0,0,Store,Tier 2,0
C11540,57,61.0,17,775.0,10771.0,3,0.23,0,1,Store,Tier 2,0
C11541,15,182.0,5,1142.0,4782.0,2,0.41,0,0,Online,Tier 1,1
C11542,3,14.0,14,1390.0,22481.0,3,0.67,0,0,Online,Tier 2,0
C11543,13,5.0,9,1342.0,10103.0,4,0.21,1,1,Store,Tier 1,0
C11544,19,10.0,9,814.0,5980.0,6,0.05,1,0,Both,Tier 1,0
C11545,38,58.0,12,569.0,6407.0,6,0.71,1,1,Both,Tier 2,0
C11546,46,84.0,10,1192.0,10167.0,3,0.14,0,0,Store,Tier 1,0
C11547,3,75.0,10,663.0,6194.0,5,0.55,0,0,Both,Tier 2,1
C11548,58,186.0,12,221.0,2741.0,6,0.55,0,1,Store,Tier 1,0
C11549,43,59.0,10,671.0,6460.0,4,0.26,0,1,Store,Tier 1,0
C11550,33,165.0,10,709.0,8194.0,8,0.4,0,0,Both,Tier 2,0
C11551,32,49.0,12,1053.0,11655.0,2,0.91,1,1,Both,Tier 2,0
C11552,10,97.0,11,765.0,8565.0,2,0.66,0,0,Both,Tier 3,1
C11553,14,19.0,11,889.0,8737.0,3,0.24,0,0,Store,Tier 2,0
C11554,22,15.0,16,281.0,4028.0,3,0.41,0,1,Store,Tier 3,0
C11555,16,97.0,10,517.0,5481.0,5,0.25,0,1,Both,Tier 3,0
C11556,57,18.0,13,824.0,9879.0,4,0.24,0,1,Online,Tier 2,0
C11557,20,48.0,9,726.0,6167.0,4,0.48,0,1,Store,Tier 1,0
C11558,24,15.0,10,479.0,5472.0,3,0.23,0,1,Both,Tier 1,1
C11559,23,5.0,10,1346.0,15056.0,5,0.5,0,1,Both,Tier 1,0
C11560,28,35.0,13,828.0,9627.0,2,0.62,0,0,Online,Tier 1,0
C11561,36,172.0,11,466.0,5047.0,3,0.27,0,1,Store,Tier 2,0
C11562,52,46.0,16,1472.0,28216.0,3,0.48,0,0,Online,Tier 1,0
C11563,15,61.0,10,1137.0,10091.0,8,0.22,0,1,Both,Tier 3,0
C11564,2,45.0,10,1374.0,14740.0,2,0.69,0,0,Online,Tier 1,0
C11565,3,18.0,6,1067.0,6457.0,5,0.35,0,0,Store,Tier 1,0
C11566,26,16.0,15,914.0,12923.0,3,0.47,0,1,Store,Tier 2,0
C11567,45,46.0,22,422.0,10050.0,7,0.45,0,0,Both,Tier 2,0
C11568,55,32.0,11,572.0,6880.0,2,0.41,0,0,Both,Tier 1,0
C11569,56,43.0,10,164.0,1366.0,7,0.19,0,1,Both,Tier 2,0
C11570,8,89.0,7,1071.0,6578.0,2,0.16,0,0,Store,Tier 2,0
C11571,56,176.0,8,482.0,3472.0,5,0.8,0,1,Online,Tier 2,1
C11572,20,179.0,4,513.0,1815.0,4,0.48,0,0,Online,Tier 1,1
C11573,59,107.0,7,433.0,3583.0,5,0.37,0,1,Store,Tier 3,0
C11574,42,21.0,8,,11642.0,3,0.44,0,1,Store,Tier 3,0
C11575,25,85.0,11,1365.0,15795.0,4,0.47,0,1,Store,Tier 1,1
C11576,10,81.0,11,1343.0,15647.0,4,0.49,1,0,Online,Tier 2,1
C11577,15,33.0,9,329.0,3352.0,7,0.39,1,0,Both,Tier 1,0
C11578,8,168.0,6,989.0,6934.0,5,0.47,0,0,Store,Tier 2,0
C11579,1,26.0,10,992.0,11813.0,5,0.32,0,0,Store,Tier 3,0
C11580,47,67.0,14,1003.0,15835.0,8,0.08,0,1,Store,Tier 2,0
C11581,22,76.0,9,1252.0,11190.0,2,0.68,1,0,Store,Tier 1,0
C11582,14,203.0,8,995.0,8165.0,5,0.1,0,1,Both,Tier 2,1
C11583,16,21.0,13,849.0,13145.0,5,0.13,0,1,Online,Tier 1,0
C11584,50,97.0,10,1201.0,9693.0,4,0.31,0,1,Store,Tier 1,0
C11585,41,54.0,16,652.0,11303.0,4,0.26,0,0,Both,Tier 2,0
C11586,60,220.0,6,981.0,6432.0,2,0.42,1,1,Both,Tier 1,1
C11587,52,33.0,12,954.0,12991.0,3,0.75,0,1,Store,Tier 1,0
C11588,54,92.0,14,699.0,9736.0,2,0.22,1,1,Both,Tier 1,0
C11589,27,65.0,10,1417.0,11646.0,5,0.58,0,0,Online,Tier 1,0
C11590,37,25.0,14,,13022.0,5,0.69,0,0,Online,Tier 2,0
C11591,17,176.0,4,482.0,1977.0,3,0.39,1,0,Both,Tier 1,1
C11592,41,54.0,10,1269.0,10591.0,1,0.54,1,1,Store,Tier 2,1
C11593,22,23.0,14,1229.0,17138.0,5,0.2,0,0,Both,Tier 1,1
C11594,49,106.0,13,999.0,13858.0,5,0.45,0,1,Store,Tier 1,0
C11595,10,38.0,12,678.0,8798.0,4,0.33,0,0,Both,Tier 1,0
C11596,58,13.0,13,150.0,1704.0,3,0.23,0,1,Both,Tier 1,0
C11597,41,19.0,13,654.0,8378.0,4,0.38,2,0,Both,Tier 3,0
C11598,23,26.0,10,888.0,7894.0,4,0.32,0,0,Store,Tier 2,1
C11599,5,30.0,15,1035.0,18558.0,5,0.23,0,0,Store,Tier 2,0
C11600,25,31.0,12,1347.0,12964.0,6,0.34,2,0,Store,Tier 1,0
C11601,13,103.0,8,1517.0,12625.0,7,0.31,0,1,Store,Tier 1,0
C11602,50,94.0,12,1185.0,17013.0,4,0.24,1,1,Store,Tier 2,0
C11603,19,76.0,10,1008.0,9853.0,3,0.67,0,0,Online,Tier 1,1
C11604,45,12.0,17,936.0,18907.0,3,0.2,0,0,Online,Tier 2,0
C11605,50,23.0,11,382.0,3363.0,5,0.37,0,1,Both,Tier 3,0
C11606,32,67.0,9,899.0,7626.0,2,0.66,0,0,Both,Tier 1,0
C11607,9,61.0,11,797.0,7636.0,3,0.52,1,0,Online,Tier 1,0
C11608,58,71.0,6,425.0,2356.0,2,0.42,0,1,Both,Tier 3,1
C11609,57,29.0,10,813.0,6678.0,5,0.35,0,1,Both,Tier 3,0
C11610,7,94.0,13,646.0,9324.0,2,0.16,0,1,Store,Tier 2,0
C11611,28,9.0,12,1198.0,13484.0,3,0.16,1,1,Online,Tier 2,0
C11612,55,227.0,3,913.0,2629.0,4,0.3,0,1,Both,Tier 1,0
C11613,34,23.0,14,577.0,7566.0,1,0.12,0,0,Store,Tier 1,0
C11614,51,62.0,17,417.0,6408.0,5,0.73,0,1,Both,Tier 1,0
C11615,25,42.0,13,545.0,7866.0,4,0.66,0,1,Online,Tier 1,0
C11616,41,35.0,13,546.0,8094.0,4,0.22,0,0,Online,Tier 3,0
C11617,8,25.0,11,489.0,5479.0,4,0.36,1,0,Both,Tier 2,1
C11618,7,11.0,14,423.0,4828.0,7,0.49,1,1,Store,Tier 2,0
C11619,55,35.0,11,1110.0,12791.0,2,0.78,0,1,Online,Tier 1,0
C11620,50,82.0,10,984.0,7968.0,2,0.35,0,0,Store,Tier 1,0
C11621,30,81.0,9,691.0,5588.0,2,0.43,0,1,Store,Tier 2,1
C11622,11,19.0,12,616.0,8128.0,5,0.26,0,0,Both,Tier 1,0
C11623,39,7.0,17,991.0,14826.0,7,0.04,0,1,Online,Tier 1,0
C11624,35,35.0,12,978.0,12971.0,3,0.24,0,1,Both,Tier 1,0
C11625,60,30.0,14,799.0,12303.0,2,0.51,0,1,Both,Tier 2,0
C11626,10,72.0,21,1084.0,25888.0,2,0.58,0,1,Online,Tier 1,0
C11627,42,68.0,12,718.0,8671.0,2,0.45,3,0,Store,Tier 1,0
C11628,32,88.0,9,594.0,4679.0,2,0.6,0,1,Both,Tier 1,0
C11629,46,207.0,8,962.0,7503.0,1,0.37,1,1,Store,Tier 1,0
C11630,44,55.0,15,907.0,11391.0,5,0.78,1,1,Online,Tier 1,0
C11631,2,161.0,5,1054.0,6151.0,4,0.67,0,1,Both,Tier 2,1
C11632,19,16.0,12,1048.0,10687.0,2,0.24,0,1,Store,Tier 2,0
C11633,38,33.0,10,887.0,9595.0,1,0.31,1,0,Online,Tier 1,0
C11634,15,10.0,10,976.0,10155.0,3,0.36,0,1,Store,Tier 3,0
C11635,32,5.0,11,1413.0,16957.0,2,0.5,0,0,Store,Tier 2,0
C11636,55,3.0,13,705.0,8256.0,5,0.21,1,1,Both,Tier 2,1
C11637,56,36.0,18,820.0,13933.0,3,0.86,1,1,Both,Tier 2,0
C11638,36,58.0,5,1253.0,7228.0,4,0.1,1,1,Store,Tier 2,0
C11639,57,124.0,6,1064.0,6896.0,2,0.14,0,1,Online,Tier 1,1
C11640,57,75.0,12,610.0,7132.0,1,0.36,0,1,Both,Tier 2,0
C11641,10,8.0,15,1040.0,15696.0,6,0.52,1,0,Store,Tier 2,0
C11642,19,86.0,16,584.0,8578.0,5,0.47,0,0,Both,Tier 2,0
C11643,9,15.0,16,727.0,12918.0,4,0.54,1,1,Store,Tier 1,0
C11644,3,137.0,7,1336.0,10087.0,3,0.3,0,0,Store,Tier 1,1
C11645,24,36.0,17,1024.0,20609.0,2,0.58,0,1,Both,Tier 2,0
C11646,9,14.0,13,719.0,7562.0,6,0.28,0,1,Store,Tier 1,1
C11647,22,27.0,24,868.0,20266.0,1,0.34,0,1,Both,Tier 1,0
C11648,24,70.0,5,574.0,2318.0,7,0.04,0,1,Store,Tier 2,0
C11649,59,83.0,8,638.0,5492.0,5,0.36,0,1,Store,Tier 2,0
C11650,58,64.0,9,325.0,2408.0,4,0.7,0,1,Both,Tier 2,0
C11651,48,8.0,18,1006.0,19470.0,6,0.09,1,1,Both,Tier 3,0
C11652,21,152.0,4,219.0,923.0,7,0.31,1,1,Both,Tier 2,0
C11653,42,35.0,10,150.0,1415.0,1,0.31,0,1,Both,Tier 3,0
C11654,51,37.0,17,1218.0,21276.0,3,0.58,0,0,Online,Tier 2,0
C11655,28,116.0,14,856.0,11547.0,4,0.27,0,1,Store,Tier 2,1
C11656,1,170.0,7,561.0,3499.0,5,0.39,0,0,Online,Tier 2,1
C11657,57,37.0,11,840.0,7542.0,7,0.56,0,1,Both,Tier 1,0
C11658,44,79.0,15,1588.0,20861.0,2,0.21,0,0,Online,Tier 1,1
C11659,32,29.0,17,804.0,13552.0,3,0.2,0,0,Online,Tier 1,0
C11660,43,49.0,18,581.0,11975.0,6,0.46,1,0,Both,Tier 1,0
C11661,44,32.0,11,449.0,4182.0,5,0.16,0,1,Store,Tier 1,0
C11662,28,29.0,13,,17905.0,2,0.31,1,0,Store,Tier 1,0
C11663,25,180.0,6,1105.0,6305.0,3,0.23,2,1,Store,Tier 3,0
C11664,7,89.0,9,1183.0,8844.0,1,0.12,0,1,Online,Tier 2,0
C11665,2,84.0,11,770.0,10007.0,3,0.4,2,0,Store,Tier 2,1
C11666,25,45.0,14,1356.0,21010.0,6,0.42,0,1,Online,Tier 1,0
C11667,23,84.0,11,1232.0,16144.0,3,0.16,0,1,Both,Tier 2,0
C11668,25,75.0,6,439.0,2739.0,7,0.41,1,0,Online,Tier 3,1
C11669,27,47.0,16,1173.0,15301.0,5,0.64,1,0,Store,Tier 2,0
C11670,47,49.0,14,987.0,13404.0,2,0.4,1,1,Online,Tier 2,0
C11671,52,61.0,10,1032.0,10349.0,4,0.33,0,1,Store,,0
C11672,19,94.0,12,802.0,11132.0,3,0.35,0,0,Store,Tier 2,0
C11673,60,76.0,13,758.0,10219.0,2,0.09,0,0,Store,Tier 1,0
C11674,23,142.0,10,832.0,7679.0,4,0.62,0,0,Both,Tier 1,1
C11675,49,13.0,8,556.0,4909.0,5,0.3,0,1,Both,Tier 2,0
C11676,31,22.0,11,1132.0,12458.0,6,0.55,1,0,Store,Tier 1,1
C11677,14,52.0,10,773.0,8068.0,2,0.76,0,1,Store,Tier 1,1
C11678,8,173.0,2,842.0,1393.0,5,0.67,0,0,Online,Tier 1,1
C11679,18,89.0,7,941.0,5500.0,2,0.35,0,1,Online,Tier 1,0
C11680,25,155.0,4,1093.0,4758.0,5,0.28,0,0,Both,Tier 2,0
C11681,51,87.0,15,1017.0,15894.0,5,0.13,1,0,Store,Tier 2,0
C11682,12,42.0,7,403.0,2765.0,3,0.54,0,1,Both,Tier 1,0
C11683,23,8.0,12,814.0,8630.0,1,0.26,0,1,Store,Tier 1,1
C11684,48,41.0,10,1196.0,14149.0,2,0.3,0,0,Store,Tier 2,1
C11685,20,24.0,9,1481.0,13572.0,4,0.37,0,0,Store,Tier 1,0
C11686,28,18.0,21,1545.0,27742.0,5,0.54,0,0,Both,Tier 2,0
C11687,25,99.0,12,1434.0,18240.0,7,0.31,0,0,Store,Tier 2,0
C11688,6,6.0,16,1248.0,19633.0,1,0.46,1,1,Online,Tier 2,0
C11689,19,42.0,11,869.0,9934.0,2,0.03,0,0,Online,Tier 1,0
C11690,12,5.0,11,736.0,8861.0,4,0.38,0,1,Store,Tier 2,0
C11691,22,102.0,11,1375.0,14790.0,4,0.79,1,0,Both,Tier 1,0
C11692,14,85.0,14,902.0,10179.0,4,0.35,0,0,Store,Tier 2,0
C11693,37,25.0,18,835.0,14738.0,3,0.43,0,1,Online,Tier 2,0
C11694,50,25.0,18,1318.0,27176.0,2,0.21,0,1,Store,Tier 3,0
C11695,54,45.0,12,657.0,9206.0,3,0.74,1,0,Both,Tier 3,0
C11696,59,49.0,12,1011.0,10711.0,7,0.18,0,1,Store,Tier 2,0
C11697,2,43.0,15,545.0,7861.0,2,0.27,0,0,Both,Tier 1,0
C11698,29,263.0,1,1190.0,1427.0,3,0.06,0,0,Store,Tier 2,1
C11699,42,184.0,3,1241.0,3432.0,3,0.53,0,0,Store,Tier 3,1
C11700,34,50.0,14,1123.0,14178.0,3,0.39,0,0,Both,Tier 3,1
C11701,43,3.0,12,600.0,8264.0,6,0.41,0,0,Both,Tier 3,1
C11702,26,17.0,16,869.0,13035.0,5,0.37,0,1,Store,Tier 2,0
C11703,26,3.0,20,936.0,16501.0,3,0.44,1,0,Store,Tier 1,0
C11704,20,66.0,12,1150.0,15361.0,6,0.15,0,0,Online,Tier 1,0
C11705,7,236.0,7,1194.0,9633.0,8,0.13,0,1,Store,Tier 1,0
C11706,21,2.0,18,1417.0,29118.0,2,0.28,2,1,Online,Tier 1,0
C11707,21,200.0,6,754.0,5261.0,5,0.35,0,0,Store,Tier 1,1
C11708,2,95.0,8,770.0,6506.0,4,0.2,0,0,Store,Tier 3,0
C11709,12,83.0,7,437.0,3126.0,3,0.49,0,0,Store,Tier 1,1
C11710,22,21.0,13,1061.0,15007.0,2,0.55,1,0,Store,Tier 1,0
C11711,19,96.0,10,1084.0,9801.0,4,0.06,0,0,Online,Tier 2,0
C11712,4,67.0,12,990.0,13283.0,6,0.81,0,0,Store,Tier 1,0
C11713,17,100.0,11,655.0,7369.0,1,0.44,0,1,Both,Tier 1,0
C11714,6,19.0,14,736.0,9883.0,6,0.72,0,0,Store,Tier 3,0
C11715,27,215.0,6,894.0,5663.0,4,0.54,0,1,Both,Tier 2,0
C11716,14,37.0,11,469.0,4222.0,4,0.93,4,0,Store,Tier 2,1
C11717,44,170.0,7,760.0,6223.0,3,0.63,0,0,Both,Tier 1,0
C11718,31,5.0,18,814.0,13318.0,3,0.62,0,0,Both,Tier 2,0
C11719,27,131.0,11,1210.0,11285.0,6,0.35,1,1,Store,Tier 2,0
C11720,48,23.0,15,1021.0,16390.0,4,0.11,0,1,Store,Tier 2,0
C11721,36,84.0,14,942.0,14616.0,7,0.12,0,1,Store,Tier 1,0
C11722,2,71.0,13,350.0,5421.0,4,0.22,2,0,Both,Tier 1,0
C11723,15,92.0,12,605.0,6304.0,4,0.41,1,1,Online,Tier 1,1
C11724,9,76.0,14,150.0,1732.0,6,0.47,0,1,Store,Tier 1,1
C11725,23,51.0,14,1010.0,13229.0,6,0.38,0,1,Both,Tier 2,0
C11726,31,259.0,4,291.0,1375.0,8,0.29,1,1,Online,Tier 2,0
C11727,53,54.0,11,975.0,9506.0,3,0.41,2,1,Store,Tier 1,0
C11728,51,1.0,9,711.0,7251.0,4,0.7,0,0,Store,Tier 2,0
C11729,28,77.0,11,1479.0,13504.0,5,0.49,0,1,Store,Tier 3,1
C11730,16,54.0,15,1168.0,15447.0,6,0.31,1,0,Both,Tier 1,0
C11731,32,64.0,7,889.0,6220.0,6,0.26,0,1,Store,Tier 1,0
C11732,32,40.0,16,1003.0,16962.0,3,0.53,0,1,Store,Tier 2,0
C11733,48,120.0,5,623.0,3490.0,7,0.72,0,1,Store,Tier 1,0
C11734,13,137.0,7,1079.0,9032.0,6,0.57,0,1,Store,Tier 2,0
C11735,42,54.0,16,1194.0,18234.0,3,0.11,2,0,Online,Tier 3,0
C11736,9,10.0,17,834.0,11373.0,4,0.52,0,0,Both,Tier 2,0
C11737,29,34.0,8,782.0,7485.0,2,0.39,1,0,Online,Tier 1,1
C11738,58,118.0,4,278.0,984.0,5,0.41,1,1,Store,Tier 1,0
C11739,35,33.0,13,1707.0,21983.0,2,0.66,0,0,Online,Tier 2,0
C11740,40,112.0,7,429.0,3598.0,4,0.32,0,0,Both,Tier 3,0
C11741,37,26.0,14,1113.0,17722.0,6,0.18,0,0,Store,Tier 2,0
C11742,48,11.0,12,969.0,10834.0,2,0.55,0,1,Online,Tier 2,0
C11743,40,338.0,1,377.0,420.0,3,0.18,0,1,Store,Tier 1,1
C11744,35,97.0,12,1014.0,13605.0,4,0.38,0,1,Both,Tier 3,0
C11745,22,32.0,11,736.0,9642.0,6,0.52,1,0,Both,Tier 2,0
C11746,49,64.0,8,819.0,6870.0,6,0.38,0,1,Both,Tier 3,0
C11747,55,43.0,14,449.0,5289.0,3,0.09,0,1,Store,Tier 2,0
C11748,32,29.0,11,1179.0,14254.0,3,0.19,0,0,Store,Tier 2,0
C11749,6,116.0,8,1332.0,9937.0,3,0.21,0,1,Store,Tier 1,0
C11750,3,27.0,9,632.0,5836.0,3,0.72,1,0,Store,Tier 1,1
C11751,37,40.0,10,787.0,6534.0,2,0.85,0,0,Online,Tier 1,0
C11752,32,168.0,6,494.0,3248.0,8,0.49,0,0,Store,Tier 1,0
C11753,22,134.0,8,760.0,6312.0,2,0.57,0,0,Both,Tier 2,1
C11754,3,74.0,13,673.0,9214.0,3,0.78,0,1,Both,Tier 3,0
C11755,60,2.0,10,924.0,7675.0,3,0.22,1,1,Both,Tier 2,0
C11756,10,30.0,10,885.0,9728.0,5,0.17,0,1,Both,Tier 3,1
C11757,22,44.0,19,814.0,15858.0,5,0.23,0,0,Both,Tier 1,0
C11758,22,147.0,16,690.0,9368.0,1,0.18,0,0,Store,Tier 3,1
C11759,54,8.0,11,779.0,10149.0,6,0.31,0,1,Both,Tier 2,1
C11760,8,5.0,11,1122.0,10164.0,4,0.1,1,1,Both,Tier 3,0
C11761,39,13.0,14,164.0,2360.0,5,0.29,1,0,Online,Tier 2,0
C11762,42,68.0,17,758.0,13755.0,3,0.37,0,1,Store,Tier 1,0
C11763,16,80.0,6,577.0,3590.0,3,0.48,0,0,Store,Tier 1,0
C11764,58,118.0,9,971.0,7196.0,5,0.46,0,1,Store,Tier 2,0
C11765,51,206.0,5,886.0,4395.0,3,0.39,0,1,Both,Tier 1,0
C11766,27,7.0,11,1157.0,14461.0,4,0.69,0,0,Online,Tier 2,0
C11767,41,98.0,14,1023.0,11812.0,2,0.2,1,0,Both,Tier 3,0
C11768,44,4.0,18,1119.0,20138.0,3,0.68,1,0,Store,Tier 1,0
C11769,32,59.0,10,764.0,7441.0,7,0.16,1,1,Store,Tier 1,1
C11770,42,91.0,10,983.0,7982.0,3,0.19,0,0,Online,Tier 3,0
C11771,19,63.0,14,975.0,13888.0,6,0.38,0,0,Store,Tier 1,0
C11772,23,8.0,15,918.0,13706.0,3,0.08,1,1,Both,Tier 2,0
C11773,59,52.0,13,647.0,8993.0,5,0.21,0,1,Both,Tier 1,0
C11774,19,38.0,16,1073.0,17238.0,6,0.58,0,0,Both,Tier 3,0
C11775,34,47.0,2,1167.0,2746.0,6,0.31,0,0,Store,Tier 2,0
C11776,32,96.0,13,676.0,8351.0,6,0.54,0,1,Store,Tier 1,0
C11777,4,61.0,4,595.0,2701.0,3,0.2,0,0,Store,Tier 3,0
C11778,13,105.0,5,830.0,4098.0,6,0.27,2,1,Store,Tier 2,1
C11779,34,113.0,8,482.0,4225.0,2,0.4,1,1,Online,Tier 3,0
C11780,34,28.0,17,1035.0,17313.0,3,0.46,1,1,Both,Tier 2,0
C11781,55,135.0,10,1122.0,12589.0,4,0.43,1,1,Store,Tier 2,0
C11782,39,16.0,16,722.0,12129.0,6,0.66,0,0,Store,Tier 2,0
C11783,27,83.0,10,1110.0,10827.0,8,0.14,0,0,Store,Tier 1,1
C11784,60,148.0,6,921.0,6020.0,1,0.4,0,1,Store,Tier 1,0
C11785,26,20.0,15,1230.0,19731.0,4,0.44,1,1,Store,Tier 2,0
C11786,11,47.0,8,1160.0,7559.0,5,0.47,0,0,Both,Tier 1,0
C11787,16,46.0,12,561.0,5686.0,3,0.65,1,0,Store,Tier 2,1
C11788,22,50.0,8,545.0,4041.0,3,0.1,0,1,Store,Tier 1,0
C11789,54,59.0,13,974.0,13125.0,4,0.41,0,1,Store,Tier 2,0
C11790,14,11.0,17,602.0,11486.0,5,0.69,0,0,Store,Tier 2,0
C11791,29,117.0,6,711.0,3999.0,3,0.4,0,1,Online,Tier 2,0
C11792,15,87.0,9,792.0,6436.0,7,0.25,0,1,Both,Tier 2,0
C11793,4,10.0,8,1190.0,10510.0,5,0.36,0,1,Online,Tier 3,0
C11794,49,73.0,8,720.0,4959.0,3,0.25,0,1,Both,Tier 2,0
C11795,9,68.0,21,1277.0,30971.0,7,0.39,0,0,Both,Tier 3,0
C11796,15,5.0,11,910.0,10190.0,3,0.58,0,1,Store,Tier 3,0
C11797,6,25.0,14,1155.0,15013.0,6,0.44,0,1,Both,Tier 1,0
C11798,41,66.0,23,827.0,21289.0,7,0.19,0,0,Store,Tier 3,0
C11799,35,58.0,9,733.0,5781.0,3,0.31,1,1,Online,Tier 2,1
C11800,47,78.0,14,1099.0,17619.0,3,0.19,0,1,Online,Tier 1,0
C11801,16,90.0,4,961.0,3384.0,5,0.15,0,1,Online,Tier 3,0
C11802,28,34.0,11,341.0,3793.0,4,0.27,1,1,Online,Tier 1,1
C11803,47,26.0,15,707.0,10929.0,5,0.38,3,1,Store,Tier 2,0
C11804,43,95.0,9,964.0,9414.0,2,0.64,0,1,Both,Tier 2,0
C11805,31,32.0,12,959.0,13217.0,4,0.17,0,1,Online,Tier 2,0
C11806,5,29.0,13,1275.0,13676.0,3,0.3,0,1,Store,Tier 1,0
C11807,21,49.0,15,581.0,8482.0,6,0.17,2,1,Both,Tier 2,0
C11808,49,65.0,9,760.0,7499.0,5,0.32,1,1,Online,Tier 3,0
C11809,22,7.0,12,747.0,9871.0,7,0.11,0,1,Both,Tier 1,0
C11810,11,58.0,13,895.0,13655.0,4,0.55,0,1,Store,Tier 1,0
C11811,16,7.0,9,698.0,5141.0,3,0.6,1,0,Online,Tier 1,0
C11812,40,44.0,16,901.0,13995.0,6,0.59,0,0,Store,Tier 1,0
C11813,36,74.0,14,853.0,13235.0,5,0.19,1,0,Online,Tier 1,0
C11814,39,80.0,7,683.0,4331.0,6,0.23,0,0,Store,Tier 3,0
C11815,4,18.0,10,852.0,9353.0,2,0.4,1,0,Online,Tier 3,0
C11816,59,48.0,7,475.0,2967.0,3,0.36,0,1,Online,Tier 3,0
C11817,31,52.0,11,362.0,3534.0,4,0.47,1,0,Store,Tier 2,0
C11818,36,72.0,12,1213.0,17102.0,5,0.64,1,0,Online,Tier 2,0
C11819,57,67.0,9,1353.0,13345.0,6,0.17,1,1,Both,Tier 2,0
C11820,34,62.0,10,1047.0,11143.0,2,0.36,1,1,Online,Tier 2,0
C11821,10,8.0,11,234.0,2616.0,3,0.77,1,1,Online,Tier 1,0
C11822,46,18.0,10,1081.0,12116.0,1,0.45,0,1,Both,Tier 3,0
C11823,9,55.0,13,1157.0,14476.0,2,0.12,0,0,Online,Tier 1,0
C11824,23,14.0,13,277.0,4167.0,4,0.16,0,0,Store,Tier 3,0
C11825,5,119.0,14,457.0,6012.0,2,0.32,0,1,Store,Tier 1,0
C11826,48,148.0,6,656.0,3946.0,7,0.63,0,1,Store,Tier 1,1
C11827,60,14.0,11,765.0,9429.0,2,0.53,0,1,Both,Tier 1,0
C11828,32,100.0,11,1155.0,11827.0,1,0.22,1,1,Both,Tier 1,0
C11829,29,24.0,14,1562.0,24961.0,5,0.25,1,1,Online,Tier 2,1
C11830,52,221.0,5,1261.0,6528.0,5,0.13,1,1,Store,Tier 3,1
C11831,49,28.0,15,587.0,10046.0,7,0.44,0,0,Store,Tier 2,0
C11832,19,21.0,9,1001.0,8160.0,4,0.6,0,0,Store,Tier 1,0
C11833,14,55.0,15,1067.0,16807.0,3,0.33,0,0,Online,Tier 1,0
C11834,2,138.0,3,778.0,2290.0,6,0.35,0,1,Online,Tier 1,1
C11835,17,110.0,12,923.0,9397.0,5,0.68,0,1,Both,,1
C11836,46,126.0,8,966.0,6731.0,3,0.68,1,1,Online,Tier 2,1
C11837,26,130.0,5,150.0,749.0,1,0.28,0,0,Store,Tier 1,1
C11838,38,26.0,19,1190.0,25257.0,4,0.48,0,1,Online,Tier 2,0
C11839,53,37.0,7,741.0,5513.0,8,0.68,0,1,Online,Tier 1,0
C11840,43,231.0,10,972.0,9535.0,5,0.67,1,0,Both,Tier 1,1
C11841,29,27.0,14,1206.0,19098.0,3,0.22,0,1,Both,Tier 1,1
C11842,43,91.0,10,337.0,3274.0,5,0.8,1,0,Store,Tier 2,1
C11843,42,26.0,13,815.0,8708.0,2,0.33,1,1,Store,Tier 3,0
C11844,11,65.0,9,150.0,1616.0,4,0.12,0,1,Both,Tier 3,0
C11845,33,128.0,6,1488.0,9573.0,1,0.25,0,1,Both,Tier 1,1
C11846,12,156.0,12,991.0,11338.0,5,0.46,0,1,Both,Tier 2,0
C11847,17,2.0,12,956.0,13246.0,3,0.82,0,1,Both,Tier 2,0
C11848,49,23.0,17,818.0,15611.0,2,0.1,0,1,Both,Tier 1,0
C11849,38,12.0,13,1041.0,15734.0,3,0.24,0,1,Both,Tier 2,0
C11850,32,108.0,11,645.0,7544.0,5,0.42,0,1,Both,Tier 2,0
C11851,29,74.0,9,752.0,5592.0,6,0.57,0,1,Store,Tier 1,0
C11852,52,113.0,6,947.0,4769.0,7,0.73,0,1,Store,Tier 1,1
C11853,44,64.0,16,702.0,10176.0,2,0.3,0,0,Online,Tier 1,0
C11854,39,49.0,11,726.0,8101.0,4,0.35,0,0,Store,Tier 1,0
C11855,43,18.0,24,1070.0,30025.0,2,0.57,0,0,Both,Tier 3,0
C11856,56,7.0,19,1424.0,31256.0,4,0.29,0,1,Both,Tier 2,0
C11857,21,22.0,13,,11152.0,7,0.37,0,1,Store,Tier 3,0
C11858,24,34.0,11,1320.0,16846.0,7,0.56,0,0,Store,Tier 1,0
C11859,3,12.0,14,733.0,9004.0,1,0.54,0,1,Store,Tier 1,0
C11860,1,60.0,10,765.0,7823.0,1,0.44,0,0,Store,Tier 2,1
C11861,29,57.0,15,562.0,7233.0,5,0.6,0,1,Both,Tier 3,0
C11862,24,3.0,14,1467.0,19882.0,5,0.4,0,1,Both,Tier 1,0
C11863,8,17.0,11,814.0,8436.0,4,0.42,0,0,Both,Tier 1,0
C11864,29,54.0,11,753.0,7904.0,4,0.27,0,1,Both,Tier 1,0
C11865,8,27.0,15,1042.0,16092.0,3,0.41,0,1,Both,Tier 2,0
C11866,40,41.0,11,826.0,9591.0,4,0.55,0,0,Store,Tier 2,0
C11867,43,22.0,16,1098.0,17211.0,4,0.79,0,1,Online,Tier 2,0
C11868,36,93.0,7,1243.0,9720.0,3,0.16,0,0,Store,Tier 2,1
C11869,37,166.0,5,601.0,3536.0,6,0.14,0,1,Store,Tier 3,0
C11870,42,150.0,7,1096.0,6581.0,3,0.23,0,1,Both,Tier 2,0
C11871,59,42.0,9,1064.0,9227.0,4,0.49,0,1,Store,Tier 2,0
C11872,22,52.0,11,1021.0,9914.0,4,0.07,0,0,Store,Tier 1,0
C11873,39,110.0,11,917.0,11400.0,2,0.86,0,0,Both,Tier 2,1
C11874,15,128.0,8,1021.0,9020.0,4,0.28,0,1,Store,Tier 2,1
C11875,7,19.0,19,150.0,3091.0,6,0.13,0,0,Store,Tier 2,1
C11876,1,29.0,14,864.0,13382.0,4,0.13,2,0,Online,Tier 1,0
C11877,12,3.0,11,696.0,6405.0,2,0.72,0,0,Online,Tier 2,0
C11878,52,179.0,6,777.0,4899.0,2,0.75,0,0,Online,Tier 1,1
C11879,37,39.0,12,871.0,9782.0,5,0.36,1,1,Store,Tier 1,0
C11880,33,68.0,12,1460.0,17291.0,2,0.44,0,0,Online,Tier 2,1
C11881,19,81.0,12,500.0,6372.0,4,0.18,0,0,Store,Tier 2,0
C11882,36,58.0,10,1039.0,9207.0,6,0.16,2,1,Online,Tier 2,0
C11883,50,14.0,12,608.0,7188.0,4,0.37,1,1,Store,Tier 1,0
C11884,34,42.0,7,680.0,5410.0,4,0.57,0,1,Both,Tier 2,0
C11885,42,36.0,16,1205.0,22847.0,4,0.46,0,1,Online,Tier 2,0
C11886,5,5.0,8,1403.0,9745.0,2,0.32,0,1,Both,Tier 2,1
C11887,16,100.0,7,785.0,4797.0,2,0.38,0,0,Online,Tier 1,0
C11888,11,130.0,8,,6943.0,5,0.23,0,1,Store,Tier 3,0
C11889,50,52.0,7,964.0,6326.0,4,0.31,0,1,Store,Tier 2,0
C11890,9,84.0,16,509.0,9671.0,4,0.22,1,1,Store,Tier 1,0
C11891,3,11.0,13,973.0,14443.0,5,0.61,0,0,Both,Tier 2,0
C11892,40,66.0,14,1151.0,15722.0,5,0.65,0,0,Store,Tier 2,0
C11893,8,14.0,15,1203.0,15536.0,2,0.38,1,0,Store,Tier 3,0
C11894,21,15.0,10,1204.0,13006.0,5,0.91,0,0,Online,Tier 2,0
C11895,3,54.0,9,1479.0,13831.0,4,0.26,2,0,Store,Tier 2,0
C11896,24,1.0,10,891.0,9807.0,4,0.43,0,1,Online,Tier 2,0
C11897,34,97.0,7,1011.0,8483.0,3,0.72,0,0,Online,Tier 3,0
C11898,23,53.0,11,813.0,8560.0,8,0.6,2,0,Store,Tier 1,0
C11899,10,134.0,6,1151.0,5617.0,4,0.42,0,1,Online,Tier 2,1
C11900,44,138.0,12,1039.0,11345.0,5,0.22,0,1,Store,Tier 3,1
C11901,47,15.0,12,529.0,7040.0,1,0.65,1,0,Store,Tier 1,0
C11902,24,47.0,18,1055.0,17742.0,3,0.42,0,0,Both,Tier 3,0
C11903,42,6.0,13,737.0,9696.0,4,0.66,0,1,Both,Tier 2,0
C11904,13,35.0,18,916.0,16008.0,3,0.4,0,0,Both,Tier 1,0
C11905,27,39.0,13,681.0,8305.0,2,0.09,0,1,Both,Tier 1,1
C11906,43,47.0,19,722.0,14134.0,3,0.33,0,1,Store,Tier 2,0
C11907,11,144.0,14,761.0,12375.0,6,0.41,0,0,Store,Tier 1,0
C11908,12,6.0,11,754.0,7216.0,4,0.29,0,0,Store,Tier 1,0
C11909,56,104.0,7,1189.0,9762.0,4,0.24,0,1,Store,Tier 1,0
C11910,44,112.0,11,999.0,9062.0,1,0.21,2,1,Store,Tier 1,0
C11911,23,8.0,13,603.0,6430.0,5,0.61,0,1,Both,Tier 1,0
C11912,57,171.0,5,1438.0,7385.0,3,0.58,0,0,Both,Tier 1,1
C11913,34,14.0,21,1043.0,21983.0,7,0.09,1,1,Store,Tier 1,0
C11914,17,68.0,11,,13117.0,1,0.16,0,0,Both,Tier 2,0
C11915,6,137.0,7,1280.0,9187.0,5,0.36,0,1,Store,Tier 2,0
C11916,8,134.0,15,490.0,7876.0,5,0.34,0,1,Store,Tier 2,1
C11917,38,54.0,11,683.0,8541.0,4,0.25,0,1,Store,Tier 1,0
C11918,21,34.0,7,1032.0,8191.0,4,0.29,0,1,Store,Tier 1,1
C11919,31,61.0,9,734.0,6577.0,6,0.54,0,1,Both,,0
C11920,40,90.0,6,1103.0,7154.0,6,0.33,0,0,Online,Tier 2,0
C11921,54,143.0,4,997.0,4203.0,2,0.46,0,0,Store,Tier 2,1
C11922,41,76.0,12,940.0,11658.0,2,0.38,0,1,Store,Tier 2,0
C11923,47,87.0,16,898.0,14807.0,8,0.51,2,1,Online,Tier 3,0
C11924,17,18.0,18,1101.0,20086.0,5,0.52,0,0,Store,Tier 1,0
C11925,19,25.0,10,979.0,9895.0,2,0.2,1,1,Store,Tier 1,0
C11926,24,68.0,9,877.0,8033.0,2,0.42,1,0,Both,Tier 3,1
C11927,19,121.0,6,492.0,2870.0,2,0.54,1,0,Both,Tier 2,0
C11928,57,77.0,11,920.0,8387.0,3,0.61,1,1,Both,Tier 2,1
C11929,39,60.0,10,846.0,7573.0,6,0.11,1,0,Store,Tier 2,0
C11930,55,31.0,11,1491.0,15288.0,3,0.64,0,1,Online,Tier 1,0
C11931,15,59.0,9,852.0,7071.0,5,0.67,0,0,Store,Tier 2,1
C11932,30,90.0,12,835.0,11028.0,3,0.64,0,0,Store,Tier 1,1
C11933,3,37.0,8,872.0,6851.0,5,0.12,0,1,Store,Tier 2,1
C11934,24,49.0,11,1012.0,10896.0,4,0.34,1,0,Online,Tier 3,0
C11935,29,145.0,11,501.0,4681.0,4,0.56,0,0,Store,Tier 2,1
C11936,53,219.0,6,1088.0,5761.0,4,0.47,0,1,Online,Tier 2,1
C11937,56,16.0,14,882.0,14449.0,6,0.11,1,1,Online,Tier 1,0
C11938,49,11.0,14,1019.0,14316.0,3,0.4,1,1,Store,Tier 2,0
C11939,14,26.0,10,804.0,7615.0,4,0.54,0,0,Online,Tier 1,1
C11940,28,38.0,12,1384.0,15586.0,5,0.31,1,0,Store,Tier 2,0
C11941,39,131.0,9,732.0,6202.0,6,0.2,1,0,Both,Tier 2,0
C11942,17,56.0,10,950.0,8534.0,2,0.31,0,1,Store,Tier 2,0
C11943,24,90.0,14,549.0,7062.0,3,0.28,0,1,Both,Tier 1,0
C11944,33,13.0,9,612.0,5229.0,2,0.47,0,0,Online,Tier 1,0
C11945,3,38.0,15,790.0,11991.0,5,0.33,0,0,Store,Tier 2,0
C11946,39,66.0,16,1308.0,20693.0,5,0.55,2,0,Both,Tier 3,0
C11947,22,136.0,8,681.0,4607.0,2,0.62,0,1,Both,Tier 2,1
C11948,6,196.0,4,751.0,3020.0,2,0.48,0,0,Both,Tier 3,1
C11949,40,18.0,12,802.0,9017.0,2,0.54,0,1,Both,Tier 2,0
C11950,29,64.0,21,,18524.0,5,0.59,0,1,Store,Tier 2,0
C11951,41,89.0,4,1644.0,7134.0,5,0.26,0,1,Store,Tier 2,0
C11952,35,70.0,13,1271.0,18650.0,4,0.17,0,1,Store,Tier 3,0
C11953,28,32.0,17,150.0,2499.0,3,0.41,2,1,Store,Tier 3,0
C11954,31,33.0,7,936.0,5479.0,5,0.23,0,0,Online,Tier 1,0
C11955,42,11.0,8,1460.0,12968.0,4,0.42,0,0,Online,Tier 1,1
C11956,20,53.0,11,891.0,8019.0,5,0.12,1,1,Store,Tier 2,0
C11957,52,221.0,6,710.0,4619.0,2,0.08,0,1,Store,Tier 3,0
C11958,47,102.0,11,814.0,9822.0,4,0.38,0,0,Online,Tier 1,1
C11959,31,83.0,12,788.0,9824.0,2,0.52,0,0,Store,Tier 2,1
C11960,34,88.0,10,952.0,11146.0,1,0.1,0,0,Both,Tier 1,0
C11961,3,200.0,2,551.0,1262.0,4,0.23,0,0,Both,Tier 3,1
C11962,29,35.0,9,952.0,9995.0,7,0.51,0,0,Both,Tier 1,1
C11963,19,6.0,12,372.0,4604.0,3,0.5,0,0,Store,Tier 1,0
C11964,18,20.0,13,437.0,5263.0,1,0.38,0,0,Both,Tier 3,0
C11965,44,89.0,9,1004.0,8704.0,2,0.07,0,1,Both,Tier 1,0
C11966,21,30.0,11,632.0,6079.0,7,0.2,0,0,Online,Tier 3,0
C11967,13,3.0,10,1350.0,15496.0,3,0.5,0,0,Store,Tier 1,0
C11968,35,111.0,6,535.0,3137.0,3,0.33,0,1,Online,Tier 3,0
C11969,45,65.0,14,470.0,6035.0,3,0.57,0,0,Both,Tier 1,0
C11970,52,92.0,10,235.0,2439.0,5,0.53,0,1,Both,Tier 2,0
C11971,8,24.0,15,1108.0,14212.0,2,0.37,0,0,Store,Tier 3,0
C11972,23,143.0,7,933.0,7700.0,7,0.45,0,1,Both,Tier 2,0
C11973,31,68.0,12,1716.0,21485.0,3,0.46,1,1,Both,Tier 2,0
C11974,26,104.0,10,595.0,6636.0,3,0.29,1,0,Store,Tier 1,1
C11975,26,31.0,8,253.0,1763.0,2,0.73,2,1,Online,Tier 1,0
C11976,12,16.0,15,1302.0,22616.0,5,0.3,0,0,Store,Tier 3,0
C11977,44,28.0,16,1657.0,24783.0,6,0.19,0,0,Both,Tier 2,0
C11978,31,77.0,9,837.0,6533.0,4,0.88,0,0,Both,Tier 2,0
C11979,3,61.0,12,661.0,7156.0,3,0.53,0,1,Store,Tier 3,0
C11980,30,21.0,12,601.0,8135.0,4,0.18,0,0,Store,Tier 3,0
C11981,23,48.0,9,766.0,6509.0,4,0.44,2,1,Both,Tier 3,0
C11982,25,23.0,11,249.0,2294.0,5,0.3,0,0,Online,Tier 1,0
C11983,10,33.0,9,949.0,7397.0,6,0.33,0,1,Both,Tier 2,0
C11984,19,22.0,9,864.0,7141.0,6,0.88,0,0,Store,Tier 1,0
C11985,3,137.0,6,1535.0,8925.0,2,0.81,0,0,Store,Tier 1,1
C11986,40,59.0,10,1125.0,11104.0,8,0.39,0,1,Store,Tier 2,0
C11987,18,29.0,11,626.0,6770.0,1,0.46,1,0,Online,Tier 1,0
C11988,11,47.0,14,801.0,9799.0,6,0.13,0,0,Both,Tier 2,0
C11989,39,42.0,18,627.0,12872.0,3,0.39,0,0,Both,Tier 1,0
C11990,27,66.0,9,883.0,7101.0,6,0.38,0,0,Both,Tier 3,0
C11991,8,57.0,13,1244.0,16139.0,5,0.37,0,0,Store,Tier 1,0
C11992,42,44.0,4,1279.0,4179.0,4,0.3,0,0,Store,Tier 1,0
C11993,55,63.0,7,,4600.0,3,0.13,0,1,Online,Tier 2,0
C11994,3,80.0,8,1018.0,9661.0,2,0.76,0,0,Both,Tier 1,1
C11995,56,30.0,11,1246.0,12439.0,3,0.13,0,1,Store,Tier 2,0
C11996,37,28.0,18,492.0,7948.0,5,0.2,0,0,Store,Tier 2,0
C11997,40,58.0,17,1031.0,15933.0,4,0.49,1,1,Both,Tier 2,1
C11998,2,52.0,16,865.0,14627.0,4,0.69,0,1,Both,Tier 1,0
C11999,46,75.0,16,908.0,13824.0,5,0.31,0,1,Online,Tier 2,0
C12000,27,82.0,12,752.0,9745.0,4,0.23,0,1,Store,Tier 2,0
C12001,47,28.0,11,638.0,7729.0,8,0.41,1,1,Both,Tier 2,0
C12002,11,92.0,14,686.0,7865.0,8,0.41,0,1,Store,Tier 1,0
C12003,52,110.0,6,603.0,3602.0,4,0.54,0,1,Both,Tier 2,0
C12004,6,101.0,7,1124.0,6750.0,8,0.42,0,0,Online,Tier 2,0
C12005,44,31.0,14,741.0,10209.0,5,0.55,0,0,Both,Tier 1,0
C12006,4,201.0,2,479.0,1140.0,7,0.21,0,1,Store,Tier 1,0
C12007,29,30.0,14,1165.0,16743.0,3,0.57,0,1,Store,Tier 1,0
C12008,9,20.0,9,358.0,3490.0,6,0.56,0,1,Both,Tier 1,0
C12009,44,55.0,15,1049.0,15630.0,5,0.08,1,1,Online,Tier 2,1
C12010,12,134.0,8,496.0,4001.0,4,0.34,1,0,Both,Tier 1,1
C12011,50,68.0,8,520.0,3486.0,1,0.36,0,1,Store,Tier 2,1
C12012,13,36.0,13,761.0,8122.0,3,0.4,0,0,Both,Tier 2,0
C12013,53,64.0,16,1085.0,17926.0,7,0.53,0,0,Both,Tier 1,0
C12014,52,30.0,11,898.0,9272.0,6,0.38,1,1,Online,Tier 1,0
C12015,52,42.0,17,855.0,12043.0,1,0.27,0,1,Store,Tier 2,0
C12016,30,6.0,18,836.0,16061.0,4,0.7,1,0,Both,Tier 2,0
C12017,10,74.0,16,751.0,10272.0,1,0.06,0,0,Both,Tier 3,1
C12018,16,13.0,19,672.0,10325.0,5,0.4,0,1,Both,Tier 3,0
C12019,38,96.0,9,1240.0,12985.0,3,0.84,0,1,Store,Tier 1,0
C12020,24,90.0,11,819.0,8557.0,3,0.34,2,1,Store,Tier 3,1
C12021,10,16.0,15,509.0,8019.0,2,0.24,0,0,Both,Tier 1,0
C12022,30,12.0,14,382.0,5234.0,2,0.26,0,1,Both,Tier 1,0
C12023,40,69.0,10,1161.0,10542.0,5,0.33,0,1,Store,Tier 2,0
C12024,16,42.0,15,549.0,9640.0,2,0.4,2,0,Store,Tier 2,0
C12025,40,87.0,9,1109.0,9774.0,5,0.77,1,1,Both,Tier 2,0
C12026,37,13.0,15,708.0,10651.0,4,0.18,1,1,Store,Tier 1,0
C12027,28,28.0,11,937.0,11957.0,5,0.4,1,1,Both,Tier 2,0
C12028,37,44.0,9,453.0,4177.0,4,0.1,0,0,Store,Tier 3,0
C12029,34,28.0,13,1234.0,17889.0,5,0.55,0,0,Online,Tier 2,0
C12030,11,90.0,11,661.0,6185.0,3,0.31,0,0,Store,Tier 2,0
C12031,5,19.0,9,1098.0,10085.0,8,0.35,0,0,Both,Tier 2,0
C12032,46,33.0,8,494.0,4183.0,5,0.7,0,0,Online,Tier 2,0
C12033,56,91.0,14,1509.0,18970.0,5,0.21,1,0,Store,Tier 3,0
C12034,23,73.0,15,711.0,10009.0,4,0.57,0,0,Store,Tier 1,0
C12035,1,35.0,11,525.0,6661.0,3,0.06,1,1,Both,Tier 2,0
C12036,37,16.0,14,1057.0,17248.0,3,0.29,1,1,Store,Tier 3,0
C12037,20,114.0,8,1036.0,7428.0,1,0.23,0,0,Both,Tier 1,0
C12038,20,95.0,8,734.0,5184.0,5,0.69,0,0,Store,Tier 1,0
C12039,27,13.0,14,1239.0,16424.0,3,0.32,0,0,Store,Tier 2,0
C12040,5,42.0,12,710.0,8721.0,2,0.17,0,1,Both,Tier 1,0
C12041,45,207.0,7,1137.0,9509.0,4,0.42,0,1,Store,Tier 3,0
C12042,44,88.0,14,945.0,13254.0,6,0.18,1,0,Store,Tier 1,0
C12043,7,15.0,13,500.0,7562.0,6,0.28,0,0,Both,Tier 2,0
C12044,2,78.0,9,485.0,3968.0,5,0.22,0,0,Online,Tier 1,0
C12045,9,126.0,10,1620.0,16994.0,6,0.23,1,1,Online,Tier 2,1
C12046,33,140.0,6,1101.0,5394.0,7,0.64,0,0,Store,Tier 1,1
C12047,10,45.0,14,708.0,11119.0,4,0.33,2,0,Both,Tier 3,0
C12048,4,92.0,5,1036.0,6078.0,5,0.17,0,1,Online,Tier 3,0
C12049,34,5.0,11,1197.0,11317.0,6,0.52,0,0,Both,Tier 3,0
C12050,20,5.0,14,200.0,2941.0,2,0.45,0,0,Store,Tier 2,0
C12051,34,106.0,11,808.0,7144.0,3,0.41,0,0,Online,Tier 1,0
C12052,57,103.0,14,1053.0,12666.0,4,0.16,0,1,Both,Tier 3,0
C12053,8,39.0,12,872.0,9521.0,5,0.11,0,1,Store,Tier 1,0
C12054,58,38.0,11,798.0,9786.0,4,0.51,1,0,Store,Tier 1,0
C12055,17,106.0,15,1232.0,15034.0,5,0.49,0,1,Online,Tier 2,0
C12056,41,60.0,10,885.0,9360.0,5,0.47,0,0,Store,Tier 2,0
C12057,6,29.0,18,733.0,13524.0,4,0.09,0,0,Store,Tier 1,0
C12058,16,27.0,16,715.0,9163.0,6,0.31,0,0,Store,Tier 1,0
C12059,4,33.0,15,1215.0,15671.0,5,0.39,0,1,Online,Tier 1,0
C12060,24,127.0,6,1331.0,9161.0,7,0.5,1,1,Online,Tier 1,0
C12061,22,32.0,11,711.0,7933.0,2,0.29,2,0,Store,Tier 1,1
C12062,60,51.0,7,743.0,4483.0,3,0.53,1,0,Both,Tier 3,1
C12063,26,70.0,14,1153.0,17831.0,5,0.44,0,0,Store,Tier 2,1
C12064,45,106.0,6,1016.0,5280.0,2,0.21,0,1,Online,Tier 3,0
C12065,46,134.0,11,872.0,8518.0,2,0.21,0,0,Store,Tier 1,1
C12066,47,75.0,11,915.0,10742.0,2,0.8,1,1,Store,Tier 3,0
C12067,36,40.0,11,1196.0,11573.0,2,0.37,0,1,Store,Tier 1,0
C12068,6,59.0,17,631.0,11702.0,3,0.34,0,1,Both,Tier 2,0
C12069,3,172.0,5,891.0,4779.0,6,0.72,1,1,Store,,0
C12070,26,56.0,12,745.0,7662.0,4,0.04,0,1,Online,Tier 3,0
C12071,34,37.0,11,429.0,5370.0,5,0.3,1,1,Store,Tier 2,0
C12072,36,44.0,8,1032.0,7915.0,5,0.46,0,1,Both,Tier 2,0
C12073,32,10.0,13,775.0,11248.0,8,0.15,0,0,Store,Tier 2,0
C12074,14,161.0,4,1227.0,5344.0,3,0.32,0,0,Both,Tier 3,0
C12075,52,23.0,18,772.0,16510.0,6,0.17,0,1,Both,Tier 2,0
C12076,53,37.0,11,685.0,7973.0,3,0.34,0,1,Store,Tier 1,1
C12077,35,33.0,12,1141.0,15449.0,2,0.12,0,0,Store,Tier 2,0
C12078,57,29.0,12,397.0,5274.0,5,0.25,1,1,Store,Tier 3,0
C12079,56,19.0,10,1261.0,13759.0,5,0.39,0,0,Online,Tier 1,1
C12080,39,54.0,7,830.0,6513.0,4,0.3,0,0,Online,Tier 2,0
C12081,22,31.0,14,728.0,9910.0,8,0.64,0,0,Online,Tier 2,0
C12082,7,14.0,11,1665.0,20534.0,2,0.23,0,0,Store,Tier 2,0
C12083,43,42.0,18,812.0,14277.0,3,0.59,0,1,Both,Tier 2,0
C12084,30,38.0,10,150.0,1560.0,2,0.52,0,0,Both,Tier 2,0
C12085,44,128.0,12,1206.0,12634.0,4,0.24,0,1,Store,Tier 3,0
C12086,48,8.0,22,1082.0,20869.0,4,0.23,1,1,Store,Tier 3,0
C12087,14,45.0,12,307.0,3130.0,5,0.85,0,1,Store,Tier 3,0
C12088,10,43.0,11,1382.0,15458.0,5,0.09,0,1,Store,Tier 1,0
C12089,1,15.0,16,1201.0,21082.0,3,0.31,0,0,Both,Tier 1,0
C12090,48,11.0,14,1002.0,12900.0,2,0.83,0,0,Both,Tier 1,0
C12091,2,50.0,19,987.0,18374.0,3,0.72,1,0,Store,Tier 2,0
C12092,49,35.0,9,779.0,7560.0,2,0.63,1,1,Store,Tier 2,1
C12093,11,79.0,11,1037.0,11414.0,5,0.46,1,0,Both,Tier 1,0
C12094,6,106.0,6,1264.0,6388.0,3,0.78,0,0,Online,Tier 3,0
C12095,17,19.0,15,472.0,7103.0,3,0.4,0,0,Both,Tier 2,0
C12096,46,179.0,9,818.0,8216.0,5,0.69,3,1,Store,Tier 3,0
C12097,32,57.0,17,178.0,2924.0,7,0.4,0,0,Both,Tier 3,0
C12098,8,102.0,9,460.0,4141.0,1,0.85,1,1,Both,Tier 2,1
C12099,27,53.0,10,895.0,10384.0,3,0.43,0,0,Both,Tier 2,1
C12100,53,118.0,9,1261.0,13596.0,4,0.5,0,0,Store,Tier 1,1
C12101,41,52.0,11,820.0,8637.0,4,0.61,0,1,Store,Tier 2,0
C12102,54,72.0,12,933.0,12838.0,2,0.41,1,0,Both,Tier 1,0
C12103,6,41.0,10,1064.0,11055.0,3,0.68,0,1,Online,Tier 1,0
C12104,19,130.0,11,786.0,8170.0,2,0.55,1,1,Online,Tier 3,1
C12105,42,29.0,18,928.0,16830.0,2,0.52,0,1,Store,Tier 2,0
C12106,59,53.0,11,688.0,6582.0,4,0.4,0,1,Store,Tier 3,0
C12107,12,30.0,13,1002.0,12336.0,3,0.61,0,1,Both,Tier 1,0
C12108,14,18.0,13,739.0,7911.0,4,0.23,0,0,Online,Tier 1,0
C12109,33,35.0,11,313.0,3767.0,4,0.54,0,1,Both,Tier 1,0
C12110,21,88.0,7,1002.0,7145.0,2,0.14,0,1,Online,Tier 2,0
C12111,33,51.0,13,1349.0,14512.0,6,0.14,0,1,Both,Tier 1,0
C12112,18,75.0,12,452.0,4412.0,2,0.28,0,0,Both,Tier 2,1
C12113,16,33.0,14,691.0,9367.0,3,0.06,0,1,Both,Tier 3,0
C12114,4,22.0,10,1135.0,9252.0,4,0.52,0,0,Both,Tier 1,1
C12115,46,46.0,12,759.0,8295.0,2,0.28,1,0,Online,Tier 1,0
C12116,40,11.0,9,1308.0,12031.0,3,0.5,1,1,Online,Tier 1,1
C12117,44,25.0,17,383.0,7125.0,3,0.36,1,1,Store,Tier 1,0
C12118,4,11.0,9,,4330.0,4,0.22,1,0,Store,Tier 1,0
C12119,9,32.0,10,763.0,8367.0,6,0.35,0,0,Both,Tier 2,0
C12120,24,32.0,14,1158.0,16473.0,2,0.93,0,1,Store,Tier 1,0
C12121,16,67.0,21,1235.0,30748.0,3,0.19,0,0,Store,Tier 1,0
C12122,32,116.0,7,933.0,6812.0,6,0.56,0,1,Store,Tier 1,0
C12123,48,30.0,11,925.0,11000.0,4,0.14,0,0,Online,Tier 1,0
C12124,24,33.0,10,633.0,7584.0,4,0.16,0,0,Online,Tier 2,0
C12125,54,53.0,10,1101.0,11900.0,3,0.33,0,0,Both,Tier 2,0
C12126,18,32.0,13,912.0,13388.0,3,0.26,0,0,Both,Tier 3,0
C12127,12,10.0,14,468.0,5255.0,3,0.41,0,0,Store,Tier 1,0
C12128,14,81.0,8,1147.0,8551.0,5,0.65,1,0,Store,Tier 1,1
C12129,16,25.0,17,570.0,11027.0,3,0.43,0,0,Both,Tier 2,0
C12130,31,140.0,7,939.0,7019.0,2,0.19,0,1,Store,Tier 2,1
C12131,18,193.0,9,671.0,5920.0,7,0.12,0,0,Both,Tier 1,0
C12132,55,28.0,16,709.0,12657.0,5,0.47,0,1,Both,Tier 1,0
C12133,27,53.0,6,1077.0,6363.0,4,0.36,0,1,Online,Tier 1,0
C12134,38,37.0,12,813.0,10958.0,5,0.14,2,1,Both,Tier 2,0
C12135,36,46.0,13,837.0,12843.0,6,0.07,0,0,Store,Tier 1,1
C12136,52,54.0,18,862.0,16572.0,6,0.54,0,0,Store,Tier 1,0
C12137,18,86.0,9,1222.0,10395.0,2,0.43,0,1,Both,Tier 1,0
C12138,45,42.0,9,756.0,6323.0,3,0.23,0,1,Store,Tier 1,0
C12139,49,102.0,12,619.0,6781.0,5,0.17,0,0,Both,Tier 3,0
C12140,1,83.0,7,664.0,5435.0,6,0.64,1,1,Online,Tier 2,0
C12141,13,15.0,13,607.0,9346.0,6,0.31,0,1,Store,Tier 1,0
C12142,15,79.0,14,659.0,10140.0,4,0.35,0,0,Store,Tier 3,0
C12143,47,14.0,11,157.0,1741.0,4,0.68,0,0,Store,Tier 3,0
C12144,47,15.0,11,999.0,11834.0,2,0.41,0,0,Store,Tier 1,0
C12145,29,27.0,14,1099.0,14242.0,1,0.29,1,0,Store,Tier 2,0
C12146,38,11.0,21,945.0,16854.0,3,0.59,0,0,Store,Tier 3,0
C12147,10,69.0,12,837.0,10174.0,3,0.43,0,0,Both,Tier 2,0
C12148,1,23.0,14,1202.0,18492.0,3,0.22,0,0,Store,Tier 3,0
C12149,53,104.0,11,872.0,10501.0,6,0.53,1,0,Online,Tier 3,1
C12150,46,134.0,11,957.0,10247.0,3,0.55,0,1,Store,Tier 3,0
C12151,40,57.0,10,1474.0,13602.0,3,0.44,0,0,Both,Tier 1,0
C12152,48,47.0,9,1134.0,11995.0,2,0.5,0,1,Store,Tier 2,0
C12153,11,37.0,18,849.0,17971.0,4,0.35,1,0,Store,Tier 1,0
C12154,40,20.0,13,878.0,13330.0,3,0.18,0,0,Both,Tier 1,0
C12155,59,39.0,4,981.0,3947.0,5,0.05,1,1,Online,Tier 3,0
C12156,40,146.0,8,873.0,6642.0,2,0.51,1,1,Store,Tier 3,0
C12157,60,62.0,12,150.0,1977.0,5,0.35,0,0,Online,Tier 3,0
C12158,32,37.0,15,1202.0,18552.0,7,0.56,0,0,Both,Tier 2,0
C12159,36,18.0,13,1046.0,13960.0,8,0.35,1,0,Online,Tier 1,1
C12160,55,94.0,8,806.0,5444.0,5,0.22,0,0,Store,Tier 2,0
C12161,51,98.0,10,1388.0,13394.0,3,0.14,1,0,Both,Tier 2,0
C12162,58,27.0,12,951.0,10277.0,4,0.27,0,0,Both,Tier 2,0
C12163,36,62.0,10,914.0,10239.0,5,0.32,0,0,Online,Tier 2,0
C12164,22,23.0,13,406.0,4357.0,5,0.13,2,1,Both,Tier 2,0
C12165,33,63.0,17,1070.0,18543.0,1,0.47,1,1,Store,Tier 2,1
C12166,10,30.0,17,752.0,10471.0,2,0.12,0,0,Store,Tier 2,0
C12167,26,4.0,9,742.0,7171.0,4,0.43,1,1,Both,Tier 2,0
C12168,11,49.0,17,776.0,13147.0,6,0.17,1,0,Online,Tier 1,0
C12169,36,36.0,18,1074.0,20978.0,4,0.22,0,1,Store,Tier 1,0
C12170,59,67.0,6,1361.0,8213.0,5,0.38,0,0,Online,Tier 2,0
C12171,6,8.0,21,1082.0,19955.0,6,0.27,0,0,Both,Tier 1,0
C12172,49,60.0,10,1210.0,10480.0,5,0.19,0,0,Online,Tier 3,0
C12173,14,22.0,16,558.0,10649.0,5,0.59,1,0,Store,Tier 3,0
C12174,29,67.0,15,1341.0,19153.0,2,0.13,0,0,Both,Tier 2,0
C12175,29,47.0,14,1068.0,17614.0,6,0.21,0,1,Store,Tier 1,0
C12176,17,40.0,12,824.0,10054.0,5,0.08,2,0,Both,Tier 2,0
C12177,29,120.0,6,1006.0,5773.0,2,0.18,2,0,Online,Tier 1,1
C12178,33,138.0,15,706.0,11530.0,2,0.64,1,1,Store,Tier 1,1
C12179,29,22.0,13,1151.0,12745.0,3,0.39,0,1,Store,Tier 2,0
C12180,45,86.0,12,1005.0,11371.0,3,0.11,0,1,Store,Tier 1,0
C12181,9,101.0,8,933.0,6516.0,6,0.41,1,1,Online,Tier 3,0
C12182,30,71.0,20,950.0,19197.0,4,0.67,0,0,Online,Tier 2,0
C12183,60,31.0,16,1738.0,26414.0,3,0.35,0,1,Store,Tier 2,0
C12184,16,24.0,18,1231.0,26243.0,8,0.36,0,0,Both,Tier 2,1
C12185,59,18.0,16,906.0,14184.0,3,0.2,0,1,Both,Tier 2,0
C12186,49,43.0,8,770.0,7195.0,2,0.38,1,0,Both,Tier 1,0
C12187,59,130.0,11,1032.0,11202.0,5,0.45,0,1,Both,Tier 1,0
C12188,48,48.0,22,765.0,15961.0,1,0.2,0,1,Store,Tier 1,0
C12189,1,44.0,9,475.0,3509.0,3,0.26,0,0,Both,Tier 2,0
C12190,18,12.0,8,816.0,7066.0,4,0.58,0,0,Store,Tier 1,0
C12191,48,27.0,7,986.0,5958.0,1,0.33,0,1,Store,Tier 1,0
C12192,7,157.0,7,964.0,6206.0,8,0.14,0,0,Online,Tier 1,0
C12193,53,11.0,6,676.0,4584.0,3,0.37,0,1,Online,Tier 3,0
C12194,34,28.0,13,648.0,9053.0,3,0.03,2,1,Store,Tier 1,0
C12195,5,22.0,15,802.0,12776.0,3,0.43,1,0,Store,,1
C12196,47,72.0,8,898.0,6184.0,3,0.11,0,0,Store,Tier 2,0
C12197,26,5.0,17,493.0,10029.0,8,0.36,0,0,Both,Tier 3,0
C12198,46,110.0,11,2175.0,21049.0,4,0.39,0,1,Both,Tier 1,0
C12199,29,32.0,15,1311.0,19124.0,7,0.5,0,1,Store,Tier 2,0
C12200,47,51.0,13,,11220.0,3,0.42,0,0,Store,Tier 1,0
C12201,47,22.0,17,909.0,16400.0,4,0.41,2,0,Store,Tier 2,0
C12202,60,24.0,14,493.0,5836.0,5,0.23,0,1,Both,Tier 1,0
C12203,14,119.0,10,617.0,5080.0,5,0.13,0,0,Both,Tier 1,0
C12204,17,38.0,16,1128.0,16970.0,4,0.61,1,0,Online,Tier 2,0
C12205,11,23.0,16,1060.0,20174.0,3,0.48,0,1,Online,Tier 1,1
C12206,6,51.0,11,1049.0,11884.0,2,0.48,0,0,Both,Tier 1,0
C12207,31,59.0,13,971.0,12734.0,3,0.61,0,0,Store,Tier 3,1
C12208,42,21.0,19,824.0,16281.0,3,0.61,1,0,Online,Tier 2,0
C12209,40,45.0,9,1473.0,11402.0,3,0.53,0,0,Both,Tier 2,0
C12210,54,138.0,9,434.0,4294.0,5,0.45,3,1,Store,Tier 2,1
C12211,34,42.0,14,799.0,9594.0,3,0.27,0,1,Store,Tier 3,0
C12212,51,125.0,13,1334.0,19599.0,5,0.44,1,1,Both,Tier 2,0
C12213,30,125.0,4,817.0,3007.0,3,0.45,0,0,Online,Tier 2,1
C12214,14,62.0,10,,12429.0,3,0.37,0,0,Online,Tier 1,0
C12215,54,15.0,10,974.0,9912.0,2,0.77,2,1,Store,Tier 2,0
C12216,18,122.0,11,1007.0,9652.0,3,0.38,1,1,Store,Tier 2,1
C12217,35,29.0,12,1151.0,11593.0,3,0.61,0,1,Online,Tier 2,0
C12218,51,26.0,13,1631.0,17465.0,3,0.81,0,0,Both,Tier 1,0
C12219,48,29.0,11,1307.0,15411.0,5,0.26,0,0,Both,Tier 3,0
C12220,5,127.0,14,1108.0,16748.0,4,0.22,0,0,Online,Tier 1,0
C12221,56,24.0,14,1129.0,17549.0,3,0.24,0,1,Store,Tier 3,0
C12222,18,7.0,11,734.0,7979.0,7,0.48,0,0,Online,Tier 2,0
C12223,1,136.0,13,443.0,5223.0,3,0.12,1,1,Online,Tier 1,1
C12224,12,21.0,16,553.0,7280.0,2,0.44,0,0,Both,Tier 3,0
C12225,13,93.0,10,496.0,4463.0,6,0.38,0,1,Online,Tier 1,1
C12226,43,48.0,9,527.0,4780.0,3,0.47,0,1,Online,Tier 2,0
C12227,19,6.0,10,1079.0,10715.0,4,0.23,0,0,Both,Tier 1,0
C12228,34,20.0,12,297.0,3848.0,4,0.33,1,1,Store,Tier 1,0
C12229,38,27.0,8,1010.0,8625.0,4,0.18,0,1,Store,Tier 1,0
C12230,55,9.0,11,1024.0,11343.0,3,0.48,0,1,Store,Tier 1,0
C12231,27,73.0,13,927.0,10396.0,4,0.43,0,1,Both,Tier 1,1
C12232,11,78.0,7,761.0,5773.0,7,0.54,0,0,Both,Tier 3,0
C12233,43,1.0,15,960.0,13244.0,4,0.07,0,1,Both,Tier 3,0
C12234,25,131.0,9,1070.0,10186.0,6,0.76,0,1,Online,Tier 2,0
C12235,21,35.0,11,274.0,2512.0,3,0.52,0,0,Both,Tier 3,1
C12236,28,37.0,17,1523.0,21661.0,5,0.34,0,1,Store,Tier 2,0
C12237,54,40.0,15,608.0,8182.0,2,0.01,0,1,Store,Tier 1,0
C12238,41,69.0,10,611.0,6912.0,3,0.11,1,0,Online,Tier 2,0
C12239,58,125.0,6,1188.0,6777.0,2,0.39,1,1,Store,Tier 2,1
C12240,55,59.0,15,914.0,14318.0,2,0.89,1,1,Both,Tier 1,0
C12241,29,83.0,11,651.0,5933.0,3,0.76,0,1,Both,Tier 1,0
C12242,58,123.0,7,1348.0,9810.0,3,0.22,0,1,Store,Tier 2,0
C12243,28,7.0,8,893.0,7438.0,8,0.05,0,1,Store,Tier 1,0
C12244,4,53.0,10,913.0,9145.0,2,0.68,0,0,Both,Tier 1,0
C12245,31,76.0,12,591.0,6634.0,5,0.37,0,0,Online,Tier 3,1
C12246,9,5.0,15,767.0,11908.0,1,0.17,0,0,Online,Tier 1,0
C12247,5,83.0,13,849.0,9218.0,3,0.71,0,1,Store,Tier 3,0
C12248,1,66.0,10,583.0,5816.0,4,0.44,0,0,Store,Tier 2,0
C12249,46,18.0,11,416.0,4288.0,3,0.31,1,1,Online,Tier 1,0
C12250,17,129.0,6,1043.0,6676.0,5,0.26,0,1,Online,Tier 2,0
C12251,47,65.0,11,737.0,9042.0,2,0.24,2,1,Both,Tier 2,0
C12252,42,53.0,16,1108.0,19699.0,3,0.62,0,1,Store,Tier 3,1
C12253,31,25.0,14,1435.0,18273.0,4,0.08,0,1,Store,Tier 1,1
C12254,6,47.0,14,319.0,4521.0,5,0.27,0,1,Online,Tier 1,0
C12255,53,53.0,10,878.0,7566.0,4,0.1,0,1,Store,Tier 3,1
C12256,50,15.0,15,607.0,8367.0,2,0.78,0,1,Store,Tier 2,0
C12257,23,33.0,11,473.0,5052.0,1,0.24,0,0,Store,Tier 2,0
C12258,28,97.0,8,385.0,2896.0,5,0.53,2,0,Store,Tier 1,1
C12259,56,59.0,16,665.0,9204.0,6,0.78,1,1,Both,Tier 1,0
C12260,49,197.0,5,659.0,2786.0,6,0.63,0,0,Both,Tier 1,1
C12261,26,34.0,13,1107.0,13397.0,6,0.48,0,1,Online,Tier 2,0
C12262,41,21.0,11,589.0,6408.0,3,0.77,0,1,Online,Tier 2,0
C12263,39,8.0,17,1566.0,27672.0,3,0.4,0,1,Both,Tier 3,0
C12264,33,38.0,9,649.0,5744.0,3,0.3,1,1,Online,Tier 2,0
C12265,26,79.0,10,1300.0,13970.0,2,0.33,0,0,Store,Tier 1,1
C12266,14,67.0,10,1342.0,11370.0,7,0.06,0,1,Store,Tier 2,0
C12267,31,124.0,8,631.0,4203.0,7,0.59,0,0,Store,Tier 1,1
C12268,35,27.0,14,1010.0,16541.0,4,0.39,0,0,Both,Tier 3,1
C12269,47,15.0,15,1698.0,29954.0,4,0.41,1,1,Online,Tier 2,0
C12270,2,52.0,15,736.0,12327.0,2,0.62,0,1,Both,Tier 1,0
C12271,19,72.0,9,1454.0,14160.0,1,0.33,0,1,Online,Tier 2,0
C12272,2,88.0,10,807.0,7046.0,6,0.23,0,0,Both,Tier 1,0
C12273,35,66.0,14,617.0,9898.0,8,0.28,0,0,Store,Tier 2,0
C12274,26,105.0,12,1057.0,13165.0,3,0.5,2,0,Both,Tier 2,0
C12275,21,16.0,16,983.0,14492.0,3,0.44,1,1,Store,Tier 3,0
C12276,35,111.0,8,428.0,3576.0,2,0.22,0,0,Store,Tier 1,1
C12277,40,52.0,12,396.0,5313.0,3,0.22,0,1,Store,Tier 1,0
C12278,24,95.0,15,1418.0,18326.0,4,0.36,0,0,Online,Tier 2,1
C12279,22,10.0,13,410.0,4875.0,3,0.4,0,0,Store,Tier 2,0
C12280,10,67.0,8,1249.0,11935.0,2,0.18,0,0,Online,Tier 2,0
C12281,55,65.0,11,1030.0,13332.0,2,0.55,1,0,Store,Tier 1,1
C12282,45,41.0,9,1226.0,13143.0,5,0.12,0,1,Both,Tier 2,0
C12283,40,159.0,6,983.0,5568.0,7,0.49,1,0,Both,Tier 2,1
C12284,5,48.0,17,1011.0,14085.0,1,0.35,1,0,Online,Tier 1,1
C12285,29,118.0,7,696.0,5506.0,3,0.37,0,1,Both,Tier 2,1
C12286,17,2.0,11,1094.0,9807.0,4,0.55,3,1,Both,Tier 1,0
C12287,52,157.0,4,1191.0,4585.0,3,0.34,0,0,Store,Tier 2,1
C12288,59,23.0,13,1102.0,15833.0,7,0.94,0,0,Both,Tier 2,0
C12289,57,31.0,23,904.0,22326.0,4,0.43,0,0,Both,Tier 1,0
C12290,13,22.0,10,1110.0,11638.0,6,0.23,0,0,Store,Tier 1,0
C12291,39,71.0,12,1452.0,15491.0,8,0.39,0,0,Store,Tier 1,0
C12292,28,49.0,9,609.0,5518.0,4,0.47,0,0,Store,Tier 3,0
C12293,53,16.0,15,806.0,11021.0,2,0.33,1,1,Both,Tier 1,0
C12294,34,72.0,12,1293.0,12870.0,3,0.51,0,0,Online,Tier 2,1
C12295,46,33.0,11,932.0,9787.0,3,0.79,1,1,Both,Tier 2,0
C12296,59,35.0,17,351.0,6532.0,5,0.35,1,1,Online,Tier 2,0
C12297,45,89.0,11,575.0,7004.0,3,0.22,0,1,Store,Tier 2,0
C12298,26,40.0,11,842.0,7513.0,3,0.27,1,1,Store,Tier 1,0
C12299,36,19.0,10,1405.0,15196.0,5,0.53,0,0,Store,Tier 3,0
C12300,51,42.0,20,1161.0,24783.0,4,0.16,0,1,Store,Tier 2,0
C12301,23,27.0,9,743.0,7176.0,6,0.4,0,0,Store,,1
C12302,56,27.0,13,1199.0,17755.0,5,0.26,0,1,Online,Tier 3,1
C12303,12,15.0,18,1509.0,23370.0,5,0.1,0,1,Online,Tier 3,0
C12304,32,16.0,10,548.0,4955.0,4,0.58,0,0,Online,Tier 3,0
C12305,1,41.0,8,1131.0,8104.0,5,0.33,0,1,Store,Tier 1,0
C12306,24,72.0,11,1035.0,10915.0,6,0.49,1,0,Store,Tier 2,0
C12307,37,94.0,11,1231.0,14082.0,4,0.37,1,0,Online,Tier 2,0
C12308,39,16.0,15,636.0,8825.0,4,0.62,0,0,Store,Tier 1,0
C12309,50,10.0,15,890.0,15874.0,3,0.39,1,1,Both,Tier 1,0
C12310,60,32.0,11,1036.0,13034.0,2,0.33,0,1,Online,Tier 2,0
C12311,35,66.0,7,685.0,4081.0,7,0.44,2,1,Online,Tier 3,0
C12312,13,38.0,8,633.0,6028.0,1,0.42,0,0,Store,Tier 1,0
C12313,11,31.0,13,156.0,2072.0,5,0.27,0,1,Online,Tier 3,0
C12314,12,45.0,12,657.0,6524.0,6,0.17,0,0,Store,Tier 2,0
C12315,38,41.0,12,826.0,8648.0,3,0.69,0,0,Both,Tier 2,0
C12316,25,17.0,11,774.0,8722.0,6,0.61,2,0,Online,Tier 1,1
C12317,3,8.0,15,547.0,9496.0,5,0.05,0,0,Store,Tier 3,0
C12318,18,37.0,9,1201.0,9553.0,7,0.24,1,1,Store,Tier 2,0
C12319,34,5.0,15,,13696.0,4,0.47,0,0,Both,Tier 1,0
C12320,2,47.0,18,1149.0,24287.0,7,0.39,0,0,Both,Tier 2,0
C12321,49,172.0,4,1078.0,4960.0,5,0.63,0,1,Online,Tier 2,0
C12322,32,22.0,9,,8195.0,4,0.38,0,1,Store,Tier 1,0
C12323,31,44.0,13,1417.0,20984.0,5,0.61,0,1,Store,Tier 3,0
C12324,57,73.0,18,1071.0,22147.0,4,0.6,0,1,Both,Tier 1,1
C12325,54,7.0,15,948.0,12568.0,5,0.84,1,0,Online,Tier 1,0
C12326,43,119.0,12,1164.0,12937.0,3,0.64,1,1,Store,Tier 1,0
C12327,50,113.0,10,644.0,7688.0,6,0.35,0,1,Both,Tier 2,0
C12328,21,31.0,12,912.0,11710.0,7,0.48,1,0,Store,Tier 1,1
C12329,34,7.0,11,1094.0,12134.0,4,0.34,1,1,Store,Tier 1,0
C12330,36,33.0,12,749.0,8378.0,4,0.31,0,1,Both,Tier 1,0
C12331,25,58.0,13,909.0,9859.0,2,0.47,0,1,Online,Tier 1,0
C12332,48,51.0,12,806.0,10196.0,2,0.71,2,0,Store,Tier 2,0
C12333,52,144.0,5,1154.0,4776.0,4,0.18,0,1,Both,Tier 1,1
C12334,35,41.0,10,1486.0,14885.0,4,0.41,1,0,Store,Tier 2,1
C12335,44,50.0,12,385.0,4625.0,4,0.26,0,0,Store,Tier 1,0
C12336,2,8.0,14,618.0,8085.0,4,0.85,2,0,Both,Tier 2,1
C12337,47,42.0,14,649.0,9721.0,5,0.65,3,0,Online,Tier 3,1
C12338,9,44.0,12,960.0,10300.0,3,0.59,0,0,Both,Tier 1,0
C12339,27,97.0,17,842.0,15999.0,2,0.29,0,1,Online,Tier 1,0
C12340,31,59.0,12,837.0,11938.0,7,0.06,1,0,Online,Tier 1,1
C12341,12,11.0,20,549.0,12883.0,5,0.3,0,0,Store,Tier 2,0
C12342,40,80.0,13,927.0,9749.0,2,0.31,0,0,Store,Tier 1,1
C12343,38,63.0,12,709.0,8345.0,1,0.35,1,1,Both,Tier 1,1
C12344,50,36.0,13,800.0,11821.0,5,0.44,1,1,Online,Tier 2,0
C12345,20,31.0,7,1202.0,6857.0,7,0.35,0,0,Store,Tier 2,0
C12346,19,25.0,12,186.0,2059.0,2,0.78,0,1,Online,Tier 1,0
C12347,39,23.0,15,1281.0,19488.0,2,0.45,0,1,Both,Tier 1,0
C12348,50,49.0,7,1083.0,8686.0,4,0.41,0,1,Store,Tier 1,1
C12349,26,91.0,13,1126.0,12258.0,3,0.42,0,0,Store,Tier 3,0
C12350,15,40.0,15,690.0,12199.0,7,0.47,0,0,Store,Tier 2,0
C12351,34,5.0,9,435.0,3366.0,6,0.72,2,1,Store,Tier 1,0
C12352,52,50.0,13,1359.0,15196.0,2,0.21,0,1,Online,Tier 2,0
C12353,60,54.0,14,1012.0,16478.0,4,0.32,0,1,Store,Tier 2,0
C12354,6,19.0,14,1276.0,14493.0,3,0.24,0,0,Both,Tier 2,0
C12355,25,51.0,12,,16771.0,3,0.61,0,0,Store,Tier 2,1
C12356,6,24.0,9,1234.0,10388.0,4,0.39,0,0,Online,Tier 2,0
C12357,56,2.0,18,857.0,14072.0,5,0.32,0,1,Both,Tier 1,0
C12358,15,24.0,12,948.0,11448.0,4,0.68,0,0,Both,Tier 1,0
C12359,45,22.0,14,661.0,8192.0,3,0.44,0,0,Online,,0
C12360,26,115.0,8,433.0,3601.0,8,0.51,0,0,Store,Tier 1,0
C12361,39,79.0,14,757.0,10112.0,5,0.24,0,1,Store,Tier 1,0
C12362,55,76.0,10,722.0,5973.0,4,0.66,0,1,Online,Tier 1,1
C12363,46,61.0,10,891.0,7492.0,1,0.38,0,0,Store,Tier 2,1
C12364,24,45.0,10,1169.0,10899.0,3,0.27,0,1,Online,Tier 2,0
C12365,29,81.0,13,854.0,12709.0,4,0.26,0,1,Online,Tier 1,0
C12366,27,88.0,6,1367.0,9776.0,2,0.29,0,1,Store,Tier 2,1
C12367,22,109.0,10,,9795.0,3,0.05,0,0,Both,Tier 1,0
C12368,16,112.0,8,591.0,5643.0,3,0.23,0,0,Store,Tier 3,0
C12369,41,118.0,9,633.0,6621.0,3,0.59,1,0,Store,Tier 2,0
C12370,16,79.0,15,1328.0,19427.0,2,0.5,2,0,Online,Tier 3,1
C12371,27,40.0,10,602.0,5041.0,5,0.4,1,0,Online,,0
C12372,10,61.0,9,221.0,2142.0,3,0.45,1,0,Both,Tier 1,1
C12373,56,34.0,16,1248.0,23277.0,2,0.35,1,1,Store,Tier 2,0
C12374,46,21.0,12,926.0,12188.0,6,0.35,0,1,Store,Tier 3,0
C12375,18,69.0,13,1270.0,13307.0,3,0.47,1,0,Both,Tier 2,1
C12376,46,49.0,13,970.0,10247.0,3,0.2,1,1,Store,Tier 2,0
C12377,10,41.0,16,781.0,14027.0,4,0.47,1,0,Both,,1
C12378,1,22.0,9,1630.0,13214.0,4,0.35,0,0,Store,Tier 1,0
C12379,18,4.0,4,818.0,3136.0,7,0.38,1,1,Store,Tier 2,0
C12380,31,80.0,16,780.0,14534.0,5,0.46,0,1,Store,Tier 1,0
C12381,35,38.0,13,1318.0,15478.0,3,0.48,0,0,Online,Tier 2,0
C12382,52,17.0,8,929.0,6597.0,2,0.57,0,1,Both,Tier 2,0
C12383,10,26.0,8,1086.0,8491.0,6,0.58,1,1,Online,Tier 1,0
C12384,36,66.0,16,443.0,5895.0,6,0.85,0,1,Store,Tier 1,0
C12385,51,47.0,12,1310.0,12662.0,5,0.34,1,1,Store,Tier 1,0
C12386,13,26.0,14,682.0,8589.0,1,0.66,0,0,Both,Tier 3,1
C12387,21,81.0,9,760.0,6121.0,4,0.35,0,1,Online,Tier 2,0
C12388,27,16.0,17,1182.0,22020.0,3,0.17,0,1,Store,Tier 2,0
C12389,26,104.0,9,803.0,7271.0,2,0.14,0,1,Both,Tier 1,1
C12390,25,104.0,11,728.0,7221.0,7,0.27,0,0,Store,Tier 2,0
C12391,29,106.0,8,1015.0,8896.0,2,0.18,0,1,Both,Tier 3,0
C12392,55,57.0,10,1284.0,14892.0,4,0.24,1,0,Both,Tier 1,0
C12393,10,18.0,18,1179.0,17248.0,4,0.38,0,1,Both,Tier 2,0
C12394,16,68.0,10,1373.0,13624.0,2,0.33,0,0,Store,Tier 1,0
C12395,22,30.0,14,749.0,12212.0,3,0.52,0,1,Both,Tier 1,0
C12396,8,12.0,5,1004.0,5479.0,3,0.35,1,1,Online,Tier 2,1
C12397,12,128.0,14,823.0,10853.0,4,0.21,1,1,Online,Tier 2,0
C12398,24,33.0,11,977.0,10986.0,3,0.73,0,1,Both,Tier 1,0
C12399,35,95.0,11,994.0,9552.0,2,0.52,0,0,Store,Tier 1,1
C12400,49,39.0,18,1553.0,31525.0,5,0.52,0,1,Store,Tier 1,0
C12401,45,50.0,13,1062.0,15612.0,4,0.71,0,1,Store,Tier 1,0
C12402,53,5.0,8,876.0,8105.0,3,0.55,1,1,Both,Tier 2,0
C12403,44,21.0,12,745.0,10634.0,4,0.34,0,1,Both,Tier 1,0
C12404,50,74.0,15,914.0,13158.0,3,0.55,0,1,Store,Tier 1,0
C12405,46,46.0,11,953.0,9033.0,3,0.17,0,1,Store,Tier 2,0
C12406,42,36.0,7,753.0,4882.0,2,0.55,0,1,Store,Tier 3,0
C12407,5,101.0,13,726.0,8778.0,3,0.72,0,0,Online,Tier 3,0
C12408,28,121.0,6,1070.0,5786.0,6,0.31,2,1,Both,Tier 1,1
C12409,49,153.0,6,593.0,3485.0,3,0.75,0,1,Online,Tier 2,0
C12410,35,14.0,16,667.0,10877.0,5,0.27,0,0,Online,Tier 2,0
C12411,4,47.0,9,772.0,7239.0,6,0.53,1,0,Online,Tier 2,1
C12412,37,47.0,10,1004.0,9791.0,4,0.36,0,0,Both,Tier 1,0
C12413,17,117.0,12,1146.0,14857.0,5,0.3,0,1,Both,Tier 3,0
C12414,50,53.0,13,1147.0,13871.0,5,0.83,1,1,Store,Tier 2,0
C12415,20,26.0,14,548.0,8309.0,3,0.54,0,1,Store,Tier 3,0
C12416,1,26.0,7,1111.0,6659.0,3,0.07,0,0,Both,Tier 1,0
C12417,56,24.0,14,666.0,8334.0,2,0.47,0,0,Online,Tier 2,0
C12418,57,34.0,11,462.0,4162.0,3,0.25,1,1,Store,Tier 2,0
C12419,18,59.0,9,808.0,7139.0,4,0.54,0,0,Online,Tier 2,0
C12420,34,41.0,10,1310.0,11096.0,5,0.46,2,0,Store,Tier 3,1
C12421,18,101.0,11,1063.0,10473.0,2,0.45,0,0,Both,Tier 2,1
C12422,55,108.0,11,917.0,10006.0,7,0.43,0,0,Both,Tier 2,0
C12423,35,35.0,10,1420.0,11493.0,4,0.28,0,0,Both,Tier 2,1
C12424,34,71.0,7,636.0,3981.0,8,0.35,0,1,Online,Tier 1,0
C12425,7,66.0,11,1102.0,9810.0,1,0.45,0,0,Store,Tier 1,1
C12426,33,56.0,13,540.0,7275.0,3,0.8,1,1,Store,,0
C12427,7,115.0,11,758.0,8323.0,4,0.78,0,0,Both,Tier 1,1
C12428,39,52.0,11,819.0,10048.0,6,0.6,1,1,Store,Tier 2,0
C12429,37,34.0,12,741.0,8509.0,2,0.3,0,0,Store,Tier 2,0
C12430,22,72.0,10,428.0,3969.0,6,0.26,2,0,Both,Tier 3,1
C12431,51,195.0,7,1216.0,9224.0,4,0.28,1,1,Store,Tier 2,1
C12432,25,45.0,10,761.0,7357.0,3,0.02,2,1,Store,Tier 1,1
C12433,57,12.0,11,415.0,4904.0,3,0.47,1,0,Store,Tier 3,0
C12434,7,102.0,13,621.0,8238.0,4,0.24,0,0,Store,Tier 1,0
C12435,16,65.0,12,408.0,4372.0,3,0.29,1,0,Store,Tier 1,0
C12436,56,16.0,12,869.0,9842.0,4,0.47,1,1,Online,Tier 1,0
C12437,14,30.0,15,1147.0,19834.0,3,0.36,1,1,Online,Tier 1,0
C12438,31,22.0,20,819.0,14927.0,5,0.06,1,0,Both,Tier 1,0
C12439,13,7.0,15,1120.0,19002.0,3,0.3,1,1,Store,Tier 1,0
C12440,12,25.0,16,642.0,12223.0,2,0.22,0,0,Online,Tier 2,0
C12441,19,146.0,15,1568.0,25332.0,3,0.66,0,0,Store,Tier 1,0
C12442,14,90.0,11,857.0,10065.0,2,0.17,1,1,Store,Tier 2,1
C12443,17,70.0,12,1144.0,16397.0,4,0.71,1,1,Store,Tier 2,1
C12444,39,169.0,8,969.0,7797.0,5,0.06,0,1,Store,Tier 1,0
C12445,60,6.0,11,885.0,9469.0,1,0.86,0,1,Store,Tier 3,0
C12446,3,21.0,11,1408.0,18558.0,4,0.73,2,0,Online,Tier 1,0
C12447,48,60.0,14,654.0,9009.0,8,0.25,0,0,Both,Tier 2,0
C12448,24,9.0,13,770.0,10769.0,3,0.41,0,1,Both,Tier 1,0
C12449,51,71.0,8,716.0,5576.0,3,0.24,2,1,Store,Tier 1,0
C12450,5,24.0,13,655.0,7675.0,3,0.43,0,0,Store,Tier 3,1
C12451,60,78.0,11,1323.0,14270.0,2,0.32,3,0,Both,Tier 2,1
C12452,17,10.0,9,1051.0,10539.0,2,0.58,1,1,Both,Tier 3,1
C12453,5,30.0,12,1529.0,19080.0,4,0.34,0,0,Store,Tier 3,0
C12454,56,10.0,13,1184.0,16915.0,4,0.81,0,1,Online,Tier 3,0
C12455,39,46.0,8,1157.0,7649.0,2,0.29,2,0,Online,Tier 2,0
C12456,19,94.0,6,1035.0,5002.0,3,0.32,0,0,Store,Tier 2,1
C12457,53,34.0,11,909.0,10981.0,2,0.51,0,0,Store,Tier 2,1
C12458,6,80.0,11,980.0,11475.0,5,0.27,1,0,Both,Tier 2,1
C12459,16,13.0,8,1476.0,12308.0,6,0.25,0,1,Store,Tier 3,0
C12460,34,98.0,13,1003.0,13933.0,3,0.14,0,0,Store,Tier 2,0
C12461,33,30.0,10,679.0,6718.0,4,0.84,0,0,Both,Tier 2,0
C12462,60,81.0,15,841.0,11360.0,3,0.4,0,1,Both,Tier 1,0
C12463,17,7.0,16,1252.0,22749.0,5,0.43,0,1,Store,Tier 3,0
C12464,10,24.0,12,707.0,8327.0,3,0.52,0,0,Both,Tier 2,1
C12465,59,55.0,12,652.0,6387.0,6,0.42,1,1,Store,Tier 1,0
C12466,18,32.0,6,665.0,4453.0,4,0.44,1,0,Store,Tier 1,0
C12467,25,43.0,15,1102.0,14516.0,8,0.64,0,0,Store,Tier 3,0
C12468,22,19.0,16,1257.0,23455.0,6,0.66,1,0,Online,Tier 3,1
C12469,32,71.0,10,693.0,6180.0,3,0.83,0,0,Store,Tier 1,0
C12470,51,35.0,23,945.0,23152.0,4,0.42,0,1,Both,Tier 1,0
C12471,16,61.0,8,1140.0,8756.0,5,0.49,0,0,Both,Tier 3,0
C12472,45,66.0,7,389.0,2613.0,6,0.62,0,1,Both,Tier 2,0
C12473,45,98.0,10,412.0,3524.0,3,0.25,0,0,Store,Tier 2,1
C12474,28,92.0,12,674.0,9623.0,4,0.26,2,1,Store,Tier 1,0
C12475,21,28.0,19,768.0,12181.0,3,0.52,0,1,Store,Tier 1,0
C12476,7,89.0,7,1052.0,8836.0,5,0.32,0,0,Online,Tier 2,0
C12477,41,23.0,18,671.0,12501.0,2,0.14,0,1,Store,Tier 2,0
C12478,13,26.0,14,1101.0,14214.0,1,0.06,0,0,Both,Tier 1,0
C12479,15,27.0,10,672.0,7773.0,6,0.24,1,1,Online,Tier 1,0
C12480,35,78.0,11,999.0,11022.0,3,0.8,0,0,Online,Tier 2,0
C12481,7,48.0,16,886.0,15917.0,3,0.18,0,0,Store,Tier 1,0
C12482,26,45.0,16,1165.0,22183.0,5,0.17,1,0,Store,Tier 2,0
C12483,51,44.0,16,825.0,14413.0,1,0.16,0,0,Both,Tier 1,0
C12484,24,70.0,8,1016.0,6804.0,4,0.62,0,0,Both,Tier 2,1
C12485,26,47.0,13,787.0,10753.0,3,0.61,0,1,Store,Tier 1,0
C12486,12,37.0,10,1024.0,10779.0,3,0.63,0,1,Store,Tier 3,0
C12487,7,43.0,12,963.0,12948.0,3,0.69,1,1,Store,Tier 1,0
C12488,2,17.0,10,891.0,8443.0,5,0.43,1,0,Store,Tier 2,0
C12489,3,44.0,13,1181.0,15689.0,5,0.6,1,0,Store,Tier 1,0
C12490,5,52.0,9,1067.0,9260.0,4,0.35,0,1,Both,Tier 2,0
C12491,2,58.0,12,959.0,10847.0,4,0.62,0,0,Online,Tier 2,1
C12492,45,65.0,14,1707.0,22844.0,5,0.61,0,0,Store,Tier 1,0
C12493,54,28.0,9,1167.0,9733.0,5,0.08,1,1,Online,Tier 1,0
C12494,1,55.0,8,429.0,3478.0,4,0.55,0,0,Store,Tier 1,0
C12495,4,7.0,8,813.0,7765.0,5,0.22,0,0,Store,Tier 2,0
C12496,52,96.0,6,681.0,4201.0,2,0.25,0,1,Both,Tier 2,0
C12497,24,70.0,11,680.0,8444.0,1,0.16,1,0,Store,Tier 3,1
C12498,15,87.0,10,793.0,6814.0,5,0.61,0,1,Online,Tier 1,0
C12499,16,91.0,11,779.0,8065.0,5,0.23,0,0,Store,Tier 2,0
C12500,22,61.0,10,418.0,3714.0,3,0.56,0,1,Store,Tier 2,0
C12501,56,49.0,7,303.0,2451.0,2,0.14,1,1,Both,Tier 2,0
C12502,51,111.0,8,1166.0,9661.0,5,0.6,0,0,Store,Tier 2,1
C12503,6,102.0,6,844.0,4108.0,6,0.45,0,1,Both,Tier 1,0
C12504,50,25.0,4,150.0,718.0,2,0.41,1,1,Store,Tier 1,0
C12505,38,198.0,8,520.0,3463.0,2,0.45,1,1,Store,Tier 1,1
C12506,57,40.0,11,1026.0,11044.0,4,0.56,0,1,Store,Tier 3,0
C12507,23,13.0,7,655.0,5010.0,3,0.37,0,0,Online,Tier 1,0
C12508,54,7.0,17,1282.0,21815.0,5,0.75,1,0,Both,Tier 1,0
C12509,54,91.0,10,1027.0,12299.0,4,0.18,0,0,Store,Tier 3,0
C12510,54,70.0,15,636.0,10658.0,4,0.31,2,1,Store,Tier 3,0
C12511,26,32.0,11,978.0,11323.0,5,0.43,0,1,Store,Tier 1,0
C12512,28,83.0,6,737.0,4820.0,3,0.05,0,1,Store,Tier 2,0
C12513,28,198.0,6,1168.0,6335.0,2,0.81,0,0,Both,Tier 3,0
C12514,27,62.0,10,1032.0,8356.0,6,0.66,0,1,Store,Tier 2,1
C12515,7,63.0,22,571.0,13574.0,6,0.32,0,1,Store,Tier 3,0
C12516,8,19.0,15,1127.0,15319.0,4,0.67,0,1,Store,Tier 2,0
C12517,39,79.0,8,592.0,4425.0,3,0.21,0,0,Both,Tier 2,1
C12518,20,14.0,10,,8163.0,6,0.56,1,0,Both,Tier 1,0
C12519,42,25.0,11,1137.0,10688.0,4,0.22,0,0,Online,Tier 2,0
C12520,47,79.0,14,150.0,2264.0,5,0.29,0,0,Both,Tier 3,0
C12521,4,135.0,5,740.0,3170.0,4,0.4,0,1,Store,Tier 1,0
C12522,49,32.0,10,368.0,3882.0,6,0.71,2,0,Both,Tier 1,0
C12523,48,109.0,15,,9264.0,3,0.19,0,0,Online,Tier 2,0
C12524,43,3.0,23,587.0,15664.0,8,0.76,0,0,Both,Tier 3,0
C12525,40,42.0,13,756.0,9182.0,5,0.34,0,0,Online,Tier 2,0
C12526,6,53.0,11,927.0,9318.0,6,0.77,0,0,Store,Tier 3,1
C12527,40,20.0,13,936.0,13929.0,8,0.25,0,0,Store,,0
C12528,31,74.0,21,796.0,16401.0,3,0.18,1,1,Both,Tier 1,0
C12529,10,197.0,6,818.0,5568.0,2,0.39,0,0,Both,Tier 2,1
C12530,20,15.0,8,784.0,6957.0,3,0.58,0,1,Store,Tier 3,0
C12531,27,37.0,14,513.0,7207.0,3,0.46,0,0,Both,Tier 2,1
C12532,34,125.0,10,991.0,10244.0,5,0.27,0,1,Online,Tier 2,0
C12533,40,38.0,6,835.0,4396.0,5,0.72,1,1,Store,Tier 2,0
C12534,38,7.0,4,1226.0,4637.0,4,0.36,0,1,Both,Tier 2,0
C12535,8,72.0,6,735.0,4316.0,3,0.1,0,0,Store,Tier 3,0
C12536,2,171.0,1,287.0,292.0,5,0.34,0,1,Online,Tier 2,1
C12537,39,56.0,15,871.0,12470.0,3,0.31,0,0,Store,Tier 1,0
C12538,36,5.0,13,919.0,11807.0,3,0.63,0,0,Both,Tier 2,0
C12539,5,77.0,12,1089.0,11602.0,2,0.75,0,1,Both,Tier 3,1
C12540,40,159.0,10,759.0,6986.0,6,0.33,0,0,Store,Tier 3,0
C12541,32,101.0,10,1071.0,12027.0,2,0.23,0,0,Both,Tier 2,1
C12542,24,106.0,12,997.0,13316.0,5,0.36,0,0,Store,Tier 3,0
C12543,28,82.0,13,1264.0,16076.0,3,0.7,0,0,Online,Tier 2,1
C12544,9,136.0,7,996.0,6576.0,3,0.28,0,0,Store,Tier 2,1
C12545,44,22.0,9,590.0,5985.0,3,0.32,0,0,Both,Tier 3,0
C12546,53,20.0,19,599.0,12503.0,5,0.59,2,1,Store,Tier 2,1
C12547,35,79.0,16,712.0,10520.0,6,0.34,0,0,Store,Tier 1,1
C12548,26,83.0,8,903.0,7598.0,6,0.45,0,0,Store,Tier 2,0
C12549,26,153.0,7,745.0,5930.0,3,0.91,1,1,Online,Tier 1,0
C12550,24,31.0,16,221.0,3943.0,4,0.69,0,0,Both,Tier 1,0
C12551,2,51.0,8,673.0,6026.0,1,0.21,0,1,Store,Tier 2,0
C12552,41,119.0,12,1432.0,17272.0,3,0.56,1,1,Store,Tier 2,0
C12553,45,142.0,5,518.0,2993.0,6,0.87,0,0,Both,Tier 2,1
C12554,58,104.0,12,666.0,9240.0,2,0.36,0,0,Store,Tier 2,0
C12555,56,13.0,9,,9248.0,5,0.59,1,1,Both,Tier 1,0
C12556,48,73.0,11,1234.0,14289.0,4,0.14,0,1,Store,Tier 3,0
C12557,44,89.0,7,744.0,5856.0,5,0.16,0,0,Both,Tier 2,0
C12558,30,136.0,6,1172.0,6621.0,6,0.49,0,1,Both,Tier 1,0
C12559,36,32.0,14,1025.0,14064.0,2,0.34,0,1,Store,Tier 3,0
C12560,48,182.0,3,1492.0,4497.0,4,0.75,0,0,Both,Tier 2,1
C12561,30,135.0,8,859.0,8158.0,3,0.14,0,0,Store,Tier 1,0
C12562,56,30.0,16,1488.0,27045.0,7,0.38,0,0,Store,Tier 1,0
C12563,21,3.0,10,977.0,10541.0,5,0.27,1,1,Online,Tier 1,0
C12564,58,46.0,11,1139.0,14263.0,8,0.59,0,1,Both,Tier 3,0
C12565,42,33.0,10,892.0,9287.0,1,0.71,2,1,Store,Tier 1,0
C12566,1,176.0,8,1084.0,7419.0,4,0.18,0,0,Store,Tier 1,1
C12567,37,3.0,13,351.0,5011.0,5,0.6,0,1,Store,Tier 1,1
C12568,7,29.0,8,901.0,8497.0,1,0.7,0,0,Both,Tier 1,0
C12569,49,35.0,14,595.0,9136.0,8,0.63,0,1,Both,Tier 2,0
C12570,8,98.0,10,1213.0,9893.0,3,0.55,1,0,Store,Tier 1,1
C12571,10,13.0,13,495.0,6541.0,3,0.53,1,0,Both,Tier 2,0
C12572,30,153.0,6,1185.0,6859.0,3,0.49,0,0,Both,Tier 2,1
C12573,51,163.0,4,1274.0,5400.0,5,0.39,0,1,Online,Tier 1,1
C12574,42,54.0,19,496.0,10251.0,3,0.67,0,0,Online,Tier 1,0
C12575,16,95.0,8,1398.0,10166.0,6,0.46,0,1,Store,Tier 3,1
C12576,44,21.0,15,431.0,5612.0,2,0.07,0,1,Store,Tier 3,0
C12577,49,20.0,20,999.0,20240.0,2,0.48,0,0,Store,Tier 2,0
C12578,11,106.0,16,704.0,12372.0,4,0.17,1,1,Store,Tier 2,0
C12579,38,30.0,17,986.0,16465.0,4,0.41,0,0,Store,Tier 2,0
C12580,1,47.0,9,947.0,9090.0,5,0.46,0,0,Online,Tier 2,0
C12581,16,22.0,15,513.0,7510.0,4,0.11,1,0,Store,Tier 1,0
C12582,28,161.0,3,973.0,3467.0,7,0.63,0,0,Store,Tier 3,1
C12583,18,43.0,18,399.0,6037.0,5,0.63,1,1,Both,Tier 1,0
C12584,1,97.0,15,970.0,14112.0,7,0.34,0,0,Both,Tier 2,0
C12585,51,40.0,15,1281.0,20125.0,3,0.45,0,0,Online,Tier 1,1
C12586,35,47.0,15,1226.0,19513.0,3,0.37,0,0,Both,Tier 1,0
C12587,31,12.0,10,759.0,6769.0,5,0.29,1,1,Online,Tier 3,0
C12588,20,5.0,16,1600.0,23719.0,2,0.27,0,0,Online,Tier 2,1
C12589,41,66.0,11,812.0,8415.0,3,0.09,0,1,Both,Tier 1,0
C12590,26,18.0,17,1121.0,21191.0,5,0.2,0,0,Both,Tier 1,0
C12591,15,189.0,5,516.0,2074.0,3,0.3,0,1,Store,Tier 1,1
C12592,55,50.0,7,1092.0,7573.0,4,0.12,0,1,Online,Tier 1,0
C12593,32,15.0,11,150.0,1472.0,3,0.46,0,1,Store,Tier 1,0
C12594,60,2.0,12,743.0,8755.0,4,0.43,0,0,Both,Tier 2,1
C12595,31,4.0,16,1201.0,15431.0,4,0.73,0,1,Both,Tier 2,0
C12596,4,85.0,14,837.0,12441.0,4,0.19,1,0,Store,Tier 1,0
C12597,31,52.0,12,986.0,9922.0,2,0.61,1,0,Both,Tier 1,0
C12598,24,35.0,12,1010.0,11523.0,2,0.34,1,1,Online,Tier 1,1
C12599,29,63.0,13,786.0,8499.0,3,0.32,0,0,Store,Tier 1,0
C12600,52,91.0,15,604.0,7512.0,7,0.25,0,1,Both,Tier 2,0
C12601,23,12.0,10,861.0,8749.0,4,0.5,0,1,Both,Tier 1,0
C12602,51,64.0,6,669.0,3536.0,2,0.7,0,0,Store,Tier 2,0
C12603,7,77.0,6,848.0,4440.0,2,0.32,0,1,Online,Tier 3,0
C12604,1,95.0,11,1033.0,13046.0,4,0.13,0,0,Store,Tier 1,0
C12605,33,55.0,13,1365.0,16549.0,2,0.51,1,1,Online,Tier 2,0
C12606,44,38.0,11,1021.0,9858.0,3,0.72,0,0,Store,Tier 2,0
C12607,9,86.0,12,864.0,10430.0,7,0.13,0,0,Both,Tier 1,0
C12608,49,31.0,10,301.0,2924.0,2,0.05,0,1,Store,Tier 3,0
C12609,33,95.0,7,,4628.0,5,0.37,1,1,Store,Tier 2,0
C12610,29,47.0,16,575.0,10768.0,2,0.35,0,0,Store,Tier 2,0
C12611,15,61.0,11,1436.0,17166.0,4,0.56,1,0,Store,Tier 2,0
C12612,42,83.0,13,1087.0,13380.0,7,0.14,1,0,Store,Tier 3,1
C12613,44,120.0,11,1034.0,12498.0,5,0.31,1,0,Online,Tier 1,1
C12614,25,44.0,11,443.0,4691.0,3,0.74,1,0,Store,Tier 2,0
C12615,10,26.0,15,1199.0,15974.0,6,0.58,0,0,Store,Tier 1,0
C12616,39,260.0,2,705.0,1445.0,1,0.66,0,0,Both,Tier 1,1
C12617,51,75.0,16,721.0,12572.0,5,0.13,1,0,Online,Tier 2,1
C12618,30,88.0,7,1267.0,9493.0,3,0.38,0,1,Store,Tier 2,0
C12619,27,85.0,11,1232.0,15973.0,4,0.09,0,0,Store,Tier 2,0
C12620,21,9.0,10,1250.0,11749.0,2,0.55,0,1,Store,Tier 3,0
C12621,30,78.0,12,213.0,2405.0,2,0.29,1,0,Online,Tier 2,1
C12622,27,35.0,11,1510.0,16865.0,3,0.05,0,0,Store,Tier 2,0
C12623,22,63.0,9,1262.0,10774.0,2,0.16,0,1,Store,Tier 2,1
C12624,36,65.0,10,623.0,7225.0,7,0.45,2,0,Store,Tier 2,1
C12625,55,13.0,10,658.0,6277.0,2,0.31,0,1,Both,Tier 2,0
C12626,34,28.0,17,841.0,15794.0,6,0.43,0,0,Both,Tier 1,0
C12627,6,128.0,6,816.0,4607.0,4,0.55,0,0,Store,Tier 1,1
C12628,26,4.0,13,584.0,6515.0,3,0.29,0,0,Both,Tier 1,0
C12629,13,26.0,15,1178.0,21079.0,1,0.24,1,1,Both,Tier 2,0
C12630,44,92.0,7,273.0,1795.0,2,0.52,0,0,Store,Tier 2,1
C12631,39,66.0,8,679.0,6463.0,2,0.47,0,1,Store,Tier 1,0
C12632,29,197.0,7,972.0,5705.0,4,0.21,0,0,Store,Tier 2,0
C12633,4,34.0,18,479.0,8343.0,3,0.23,0,0,Store,Tier 1,1
C12634,31,135.0,11,789.0,7806.0,5,0.24,4,1,Store,Tier 2,1
C12635,40,50.0,10,1215.0,9977.0,3,0.28,0,0,Online,Tier 1,0
C12636,60,8.0,20,839.0,15552.0,3,0.38,1,1,Store,Tier 1,0
C12637,22,30.0,12,992.0,11825.0,7,0.35,0,1,Store,Tier 1,0
C12638,22,40.0,10,495.0,4765.0,4,0.26,0,1,Online,Tier 1,0
C12639,5,51.0,8,811.0,6694.0,4,0.41,0,1,Both,Tier 2,0
C12640,32,101.0,9,947.0,9593.0,3,0.7,0,1,Store,Tier 3,1
C12641,40,93.0,13,709.0,8258.0,5,0.73,0,0,Store,Tier 1,0
C12642,23,49.0,14,258.0,4091.0,3,0.16,0,1,Both,Tier 1,0
C12643,45,72.0,11,942.0,11227.0,4,0.25,0,1,Store,Tier 1,0
C12644,8,8.0,16,518.0,6885.0,3,0.53,1,0,Both,Tier 1,1
C12645,23,21.0,12,393.0,5401.0,2,0.47,1,0,Both,Tier 2,1
C12646,28,36.0,8,872.0,6849.0,1,0.56,0,0,Online,Tier 2,1
C12647,23,31.0,14,491.0,6354.0,3,0.33,0,1,Store,Tier 2,0
C12648,2,78.0,15,956.0,14828.0,4,0.21,1,0,Store,Tier 2,0
C12649,12,104.0,13,344.0,4819.0,5,0.27,2,0,Both,Tier 1,0
C12650,17,5.0,12,1296.0,12620.0,6,0.8,0,0,Online,Tier 3,0
C12651,10,33.0,12,766.0,10361.0,3,0.23,0,0,Online,Tier 3,0
C12652,46,50.0,9,1093.0,10228.0,3,0.22,1,1,Store,Tier 1,0
C12653,39,44.0,14,543.0,7491.0,2,0.88,0,1,Both,Tier 1,1
C12654,15,31.0,8,350.0,2635.0,5,0.39,1,0,Store,Tier 1,0
C12655,44,22.0,11,1252.0,11338.0,4,0.54,0,1,Store,Tier 2,0
C12656,2,22.0,10,881.0,9933.0,7,0.09,0,0,Both,Tier 1,0
C12657,19,28.0,16,894.0,13694.0,1,0.19,2,0,Online,Tier 3,0
C12658,44,21.0,15,529.0,8127.0,5,0.18,1,1,Store,Tier 2,0
C12659,17,52.0,14,1207.0,15221.0,7,0.5,0,0,Store,Tier 1,0
C12660,2,23.0,11,1439.0,18070.0,3,0.59,0,0,Online,Tier 3,0
C12661,5,142.0,9,1269.0,13513.0,5,0.35,1,1,Store,Tier 3,1
C12662,38,53.0,10,1395.0,13810.0,4,0.15,0,0,Store,Tier 2,0
C12663,12,28.0,14,1526.0,22124.0,4,0.67,0,1,Both,Tier 1,0
C12664,46,27.0,13,680.0,7413.0,4,0.44,0,0,Both,Tier 1,0
C12665,50,119.0,11,881.0,7821.0,4,0.11,0,0,Both,Tier 3,0
C12666,30,80.0,15,949.0,11804.0,6,0.3,0,1,Store,Tier 3,0
C12667,16,4.0,18,453.0,7143.0,3,0.12,0,0,Online,Tier 1,0
C12668,7,86.0,5,1000.0,5973.0,5,0.44,0,1,Store,Tier 1,0
C12669,19,35.0,10,1273.0,11464.0,5,0.16,0,0,Store,Tier 2,0
C12670,20,74.0,14,880.0,11845.0,4,0.5,0,0,Store,Tier 2,0
C12671,58,19.0,19,542.0,10990.0,5,0.43,1,0,Store,Tier 2,0
C12672,50,27.0,14,1460.0,18997.0,4,0.46,0,1,Store,Tier 2,0
C12673,42,156.0,8,1216.0,9551.0,4,0.63,0,1,Online,Tier 2,1
C12674,49,83.0,9,1203.0,12777.0,2,0.17,0,1,Store,Tier 3,0
C12675,40,14.0,14,221.0,2714.0,4,0.6,1,0,Store,Tier 2,0
C12676,37,60.0,4,911.0,2991.0,2,0.3,0,0,Both,Tier 1,1
C12677,21,11.0,12,1339.0,15503.0,4,0.44,1,0,Online,Tier 1,0
C12678,25,16.0,14,972.0,11623.0,8,0.25,0,0,Online,Tier 3,1
C12679,57,86.0,10,1589.0,13471.0,4,0.07,0,1,Both,Tier 2,0
C12680,13,18.0,7,,5688.0,5,0.39,0,0,Store,Tier 3,0
C12681,40,39.0,14,327.0,4779.0,5,0.6,0,0,Store,Tier 2,0
C12682,28,126.0,7,1114.0,7571.0,6,0.15,3,1,Both,Tier 1,0
C12683,46,31.0,16,833.0,11184.0,6,0.67,0,1,Online,Tier 3,0
C12684,17,105.0,11,759.0,7930.0,4,0.24,1,0,Store,Tier 3,0
C12685,42,88.0,9,1223.0,12286.0,2,0.06,0,1,Store,Tier 2,1
C12686,32,47.0,14,870.0,14472.0,8,0.24,1,0,Store,Tier 2,1
C12687,4,41.0,14,1151.0,16076.0,3,0.07,2,0,Online,Tier 3,0
C12688,3,87.0,20,817.0,18289.0,4,0.29,0,0,Store,Tier 2,0
C12689,4,4.0,14,1137.0,12825.0,6,0.21,1,0,Online,Tier 1,0
C12690,58,18.0,11,960.0,8653.0,5,0.08,0,1,Store,Tier 3,0
C12691,20,23.0,13,1498.0,21868.0,1,0.85,0,1,Online,Tier 1,0
C12692,37,205.0,3,543.0,1836.0,3,0.42,1,1,Store,Tier 3,1
C12693,38,60.0,15,997.0,14848.0,6,0.82,2,1,Store,Tier 2,1
C12694,52,224.0,3,1184.0,3630.0,6,0.08,1,0,Online,Tier 3,1
C12695,48,14.0,13,872.0,11864.0,8,0.19,0,1,Store,Tier 1,0
C12696,48,21.0,14,505.0,7072.0,5,0.33,1,1,Store,Tier 1,0
C12697,53,195.0,8,891.0,6404.0,3,0.42,0,1,Store,Tier 1,0
C12698,53,7.0,14,656.0,8690.0,3,0.3,0,1,Store,Tier 1,0
C12699,43,199.0,9,941.0,9853.0,5,0.24,0,1,Both,Tier 1,0
C12700,47,49.0,10,700.0,6818.0,3,0.04,0,1,Store,Tier 3,0
C12701,54,64.0,8,1051.0,10047.0,5,0.31,0,1,Both,Tier 2,0
C12702,60,51.0,14,1439.0,18916.0,2,0.39,0,1,Store,Tier 2,0
C12703,53,55.0,10,966.0,10297.0,5,0.84,0,0,Store,Tier 2,0
C12704,54,99.0,6,1073.0,7254.0,2,0.54,0,1,Store,Tier 3,0
C12705,23,35.0,15,687.0,11930.0,3,0.15,0,0,Store,Tier 3,0
C12706,13,31.0,15,777.0,10774.0,1,0.8,0,0,Store,Tier 1,1
C12707,48,16.0,15,877.0,12587.0,7,0.36,0,1,Store,Tier 2,0
C12708,44,14.0,5,1843.0,9991.0,2,0.61,0,0,Both,Tier 1,0
C12709,45,26.0,13,1098.0,11490.0,3,0.32,0,0,Online,Tier 2,0
C12710,22,20.0,11,475.0,5845.0,7,0.63,0,1,Both,Tier 1,0
C12711,1,30.0,12,616.0,6350.0,3,0.31,0,0,Store,Tier 1,0
C12712,4,82.0,12,1057.0,12354.0,8,0.75,0,0,Store,Tier 1,0
C12713,45,27.0,9,1087.0,8890.0,3,0.3,0,1,Store,Tier 2,0
C12714,35,45.0,13,1164.0,16541.0,4,0.28,0,1,Store,Tier 1,0
C12715,58,5.0,16,1353.0,23890.0,5,0.57,0,0,Online,Tier 3,0
C12716,32,9.0,11,347.0,3366.0,4,0.79,0,1,Store,Tier 1,0
C12717,37,107.0,6,418.0,2775.0,5,0.42,0,1,Both,Tier 1,0
C12718,7,31.0,14,1368.0,21100.0,3,0.24,1,0,Online,Tier 2,0
C12719,45,76.0,11,644.0,7899.0,4,0.73,0,0,Online,Tier 2,0
C12720,50,23.0,17,523.0,10349.0,3,0.53,0,1,Both,Tier 2,0
C12721,4,50.0,12,820.0,9377.0,3,0.15,0,0,Store,Tier 2,0
C12722,35,67.0,10,807.0,8842.0,4,0.77,1,1,Online,Tier 3,0
C12723,59,156.0,8,909.0,6236.0,8,0.29,0,1,Store,Tier 2,0
C12724,57,84.0,8,705.0,4585.0,6,0.36,0,1,Store,Tier 1,0
C12725,56,32.0,12,,10531.0,4,0.72,0,1,Store,Tier 1,0
C12726,38,59.0,12,348.0,3790.0,2,0.32,0,1,Store,Tier 2,0
C12727,33,25.0,11,948.0,9279.0,6,0.04,0,1,Both,Tier 2,0
C12728,1,42.0,12,150.0,1892.0,4,0.32,1,1,Store,Tier 1,0
C12729,21,40.0,20,295.0,6411.0,5,0.24,0,0,Both,Tier 1,1
C12730,57,33.0,9,1185.0,12609.0,6,0.23,1,1,Online,Tier 1,0
C12731,22,169.0,10,928.0,7975.0,3,0.32,1,1,Store,Tier 1,0
C12732,36,53.0,17,390.0,6149.0,6,0.49,1,1,Store,Tier 3,0
C12733,20,40.0,17,928.0,13296.0,4,0.15,0,1,Store,Tier 2,1
C12734,51,31.0,16,813.0,11893.0,2,0.57,1,1,Both,Tier 1,0
C12735,49,43.0,17,1071.0,17408.0,5,0.1,0,0,Both,Tier 2,0
C12736,1,63.0,10,826.0,8312.0,7,0.39,0,0,Both,Tier 2,0
C12737,20,44.0,12,1100.0,12276.0,6,0.51,0,1,Store,Tier 1,0
C12738,14,32.0,15,695.0,10551.0,3,0.14,1,1,Store,Tier 3,0
C12739,8,42.0,12,553.0,5594.0,4,0.31,1,0,Store,Tier 2,0
C12740,32,23.0,9,1106.0,10917.0,3,0.21,0,0,Online,Tier 2,0
C12741,24,34.0,13,693.0,8698.0,2,0.24,0,0,Online,Tier 2,0
C12742,20,77.0,6,150.0,838.0,3,0.45,1,1,Both,Tier 2,1
C12743,27,11.0,12,245.0,2912.0,6,0.1,0,1,Both,Tier 1,0
C12744,36,114.0,13,994.0,14189.0,6,0.23,1,0,Both,Tier 2,0
C12745,11,100.0,13,1102.0,14828.0,2,0.29,0,1,Store,Tier 2,0
C12746,1,110.0,11,737.0,7626.0,8,0.52,0,0,Store,Tier 1,1
C12747,42,186.0,10,994.0,8028.0,3,0.5,0,1,Store,Tier 3,1
C12748,8,97.0,13,889.0,11920.0,4,0.51,0,1,Store,Tier 3,0
C12749,54,71.0,13,895.0,13732.0,4,0.53,0,1,Both,Tier 2,0
C12750,12,118.0,6,847.0,5656.0,1,0.24,0,0,Store,Tier 1,0
C12751,55,17.0,17,755.0,13014.0,7,0.82,2,0,Both,Tier 3,0
C12752,3,35.0,10,1001.0,9550.0,4,0.09,1,0,Store,Tier 3,1
C12753,13,53.0,18,1094.0,16966.0,4,0.75,0,1,Store,Tier 1,0
C12754,19,48.0,10,528.0,4692.0,2,0.42,0,0,Online,Tier 2,0
C12755,19,84.0,16,1000.0,17119.0,8,0.45,0,1,Online,Tier 1,0
C12756,31,163.0,9,651.0,4758.0,2,0.3,1,0,Both,Tier 3,1
C12757,27,117.0,6,749.0,5001.0,5,0.14,0,1,Store,Tier 2,0
C12758,1,47.0,12,639.0,7702.0,3,0.37,0,1,Store,Tier 2,0
C12759,26,35.0,12,,11374.0,4,0.39,4,0,Online,Tier 1,0
C12760,6,34.0,15,1610.0,19868.0,6,0.46,0,0,Online,Tier 2,0
C12761,36,68.0,5,719.0,3894.0,6,0.53,0,1,Store,Tier 3,0
C12762,44,47.0,12,1107.0,14399.0,3,0.26,0,1,Both,,0
C12763,54,13.0,18,1125.0,22129.0,3,0.32,0,1,Store,Tier 2,0
C12764,19,52.0,14,924.0,13585.0,1,0.31,2,0,Store,Tier 2,0
C12765,41,56.0,12,1056.0,10663.0,2,0.26,0,1,Store,Tier 3,0
C12766,58,25.0,15,449.0,5846.0,3,0.56,0,0,Store,Tier 2,0
C12767,6,19.0,13,752.0,11485.0,2,0.34,0,0,Store,Tier 2,0
C12768,49,7.0,20,875.0,15468.0,5,0.7,0,0,Store,Tier 2,0
C12769,28,49.0,14,1332.0,15815.0,4,0.36,0,1,Store,Tier 3,0
C12770,56,19.0,9,1084.0,11208.0,4,0.4,1,0,Store,Tier 2,1
C12771,29,9.0,15,884.0,14760.0,2,0.35,0,1,Both,Tier 2,0
C12772,48,63.0,11,941.0,11189.0,1,0.7,1,1,Store,Tier 1,0
C12773,47,108.0,10,451.0,4105.0,1,0.85,1,1,Store,Tier 3,1
C12774,4,35.0,13,828.0,12496.0,3,0.33,0,1,Both,Tier 2,0
C12775,30,161.0,9,898.0,7052.0,3,0.25,0,1,Online,Tier 2,1
C12776,45,119.0,13,766.0,10049.0,5,0.36,1,1,Store,Tier 2,0
C12777,17,160.0,6,946.0,6099.0,4,0.34,1,0,Both,Tier 1,1
C12778,42,64.0,16,1547.0,29293.0,8,0.47,0,1,Store,Tier 1,0
C12779,48,20.0,18,666.0,13046.0,6,0.65,0,1,Both,Tier 1,0
C12780,53,27.0,17,1073.0,18388.0,5,0.47,0,1,Store,Tier 1,0
C12781,1,28.0,10,804.0,7570.0,6,0.68,0,0,Both,Tier 1,0
C12782,32,42.0,14,804.0,9387.0,3,0.83,1,1,Store,Tier 3,0
C12783,39,61.0,13,839.0,11544.0,2,0.27,0,1,Store,Tier 2,1
C12784,22,97.0,11,646.0,7847.0,4,0.23,1,1,Store,Tier 2,0
C12785,36,25.0,12,929.0,11664.0,2,0.14,1,1,Store,Tier 2,0
C12786,38,65.0,12,1201.0,16399.0,4,0.25,0,0,Both,Tier 2,1
C12787,33,31.0,10,1342.0,11694.0,3,0.14,0,1,Store,Tier 2,0
C12788,41,104.0,4,737.0,3314.0,3,0.4,0,0,Store,Tier 1,1
C12789,17,17.0,24,1085.0,24160.0,3,0.26,1,1,Store,Tier 2,0
C12790,2,166.0,7,735.0,4288.0,4,0.11,1,0,Both,Tier 1,1
C12791,20,5.0,12,1064.0,10932.0,3,0.35,0,1,Store,Tier 1,0
C12792,58,172.0,11,1017.0,11185.0,3,0.36,0,0,Both,Tier 2,1
C12793,22,130.0,13,924.0,12931.0,4,0.22,0,1,Both,Tier 2,0
C12794,32,95.0,14,818.0,9197.0,3,0.31,1,1,Store,Tier 1,0
C12795,31,29.0,7,961.0,6570.0,2,0.06,0,0,Online,Tier 1,1
C12796,16,34.0,23,627.0,13732.0,3,0.34,0,0,Both,Tier 1,0
C12797,5,33.0,13,1590.0,18310.0,5,0.64,0,1,Store,Tier 1,0
C12798,21,63.0,17,1244.0,18269.0,2,0.36,0,1,Both,Tier 1,0
C12799,6,29.0,13,1577.0,22853.0,3,0.86,0,0,Online,Tier 2,0
C12800,36,60.0,14,517.0,6227.0,4,0.72,0,1,Online,Tier 1,1
C12801,44,69.0,6,922.0,5207.0,8,0.18,0,0,Store,Tier 2,0
C12802,25,13.0,13,969.0,14956.0,4,0.2,1,1,Both,Tier 2,0
C12803,60,55.0,10,785.0,8182.0,3,0.86,0,1,Store,Tier 3,0
C12804,24,65.0,12,992.0,12032.0,3,0.15,1,1,Both,Tier 2,0
C12805,51,71.0,15,1022.0,16545.0,8,0.67,0,0,Both,Tier 2,0
C12806,40,15.0,15,1206.0,17678.0,1,0.26,0,0,Store,Tier 3,0
C12807,9,108.0,12,1196.0,11985.0,1,0.13,1,0,Store,Tier 1,0
C12808,29,124.0,8,1173.0,8468.0,4,0.37,0,1,Store,Tier 2,0
C12809,48,33.0,13,849.0,10093.0,4,0.6,0,0,Both,Tier 3,0
C12810,45,27.0,15,651.0,8959.0,1,0.3,1,1,Both,Tier 2,0
C12811,20,27.0,14,703.0,11375.0,1,0.44,0,0,Both,Tier 2,1
C12812,18,25.0,14,167.0,2769.0,3,0.35,0,1,Store,Tier 2,0
C12813,5,246.0,2,628.0,1033.0,5,0.51,0,0,Store,Tier 2,1
C12814,5,69.0,17,840.0,12630.0,4,0.64,0,1,Online,Tier 1,0
C12815,51,72.0,13,585.0,6241.0,6,0.11,0,1,Store,Tier 2,0
C12816,49,28.0,14,1366.0,20328.0,4,0.28,0,1,Store,Tier 1,0
C12817,21,163.0,8,365.0,2991.0,6,0.87,0,1,Online,Tier 1,1
C12818,11,122.0,7,1189.0,9673.0,3,0.04,1,0,Both,Tier 1,0
C12819,47,38.0,14,249.0,3368.0,4,0.28,0,0,Store,Tier 2,0
C12820,41,44.0,9,,9072.0,6,0.08,0,1,Store,Tier 3,1
C12821,47,233.0,5,905.0,4883.0,4,0.39,0,1,Online,Tier 2,1
C12822,59,84.0,10,1565.0,18777.0,2,0.36,0,1,Both,Tier 2,0
C12823,20,17.0,5,,1839.0,5,0.16,0,1,Both,Tier 2,0
C12824,45,61.0,16,754.0,12927.0,3,0.36,0,0,Both,Tier 1,0
C12825,31,58.0,15,1310.0,17601.0,4,0.11,0,1,Online,Tier 1,0
C12826,57,17.0,6,774.0,5532.0,6,0.29,0,1,Store,Tier 1,0
C12827,52,56.0,16,1822.0,28789.0,6,0.2,0,0,Both,Tier 1,0
C12828,12,38.0,12,,7172.0,2,0.39,1,0,Online,Tier 2,1
C12829,20,50.0,14,910.0,12955.0,1,0.51,0,0,Store,Tier 3,0
C12830,45,15.0,9,,6630.0,6,0.28,0,0,Online,Tier 2,0
C12831,3,52.0,22,703.0,17068.0,5,0.39,0,1,Store,Tier 1,0
C12832,48,32.0,14,950.0,11748.0,4,0.12,0,0,Store,Tier 1,0
C12833,15,1.0,12,1528.0,20912.0,5,0.33,1,1,Both,Tier 3,0
C12834,55,55.0,14,1368.0,17488.0,7,0.11,0,1,Both,Tier 2,0
C12835,57,30.0,18,639.0,13163.0,6,0.38,1,1,Both,Tier 3,0
C12836,42,134.0,9,1310.0,10910.0,4,0.52,0,1,Online,Tier 2,0
C12837,35,51.0,9,669.0,5161.0,1,0.57,0,1,Online,Tier 1,1
C12838,58,10.0,12,387.0,5146.0,3,0.28,0,1,Both,Tier 1,0
C12839,45,160.0,10,1064.0,8613.0,4,0.2,0,0,Online,Tier 2,0
C12840,49,63.0,15,906.0,11051.0,4,0.31,0,1,Both,Tier 2,1
C12841,43,156.0,3,919.0,2419.0,4,0.66,0,1,Store,Tier 1,0
C12842,45,19.0,11,1041.0,10854.0,4,0.76,0,1,Store,Tier 2,0
C12843,41,14.0,19,730.0,11552.0,4,0.7,1,1,Online,Tier 2,0
C12844,49,63.0,14,1277.0,18646.0,5,0.41,0,1,Online,Tier 1,0
C12845,18,78.0,10,1247.0,14045.0,4,0.47,0,0,Online,Tier 1,0
C12846,10,62.0,18,949.0,18704.0,4,0.43,0,0,Online,Tier 1,0
C12847,59,50.0,14,799.0,9321.0,7,0.16,1,1,Store,Tier 2,0
C12848,4,3.0,15,773.0,13872.0,3,0.47,0,0,Both,Tier 1,0
C12849,47,31.0,16,584.0,8554.0,1,0.6,1,1,Store,Tier 3,0
C12850,29,130.0,10,150.0,1751.0,5,0.43,0,1,Both,Tier 1,0
C12851,47,1.0,12,847.0,9734.0,6,0.13,0,1,Both,Tier 2,0
C12852,57,43.0,16,429.0,7855.0,6,0.57,0,1,Store,Tier 3,0
C12853,31,4.0,8,792.0,7271.0,2,0.61,2,0,Store,Tier 2,0
C12854,59,3.0,15,1310.0,17517.0,1,0.4,0,0,Both,Tier 2,0
C12855,9,50.0,12,1240.0,13562.0,2,0.28,0,0,Both,Tier 3,1
C12856,13,36.0,10,931.0,8673.0,4,0.46,0,1,Store,Tier 1,0
C12857,50,170.0,7,824.0,5232.0,6,0.35,2,0,Both,Tier 2,1
C12858,32,57.0,11,704.0,6954.0,4,0.25,1,0,Store,Tier 3,1
C12859,52,264.0,1,572.0,510.0,6,0.36,0,1,Store,Tier 1,0
C12860,1,23.0,17,519.0,8166.0,5,0.3,0,0,Online,Tier 2,0
C12861,2,101.0,8,925.0,6353.0,6,0.28,1,0,Both,Tier 1,0
C12862,24,76.0,13,1015.0,12632.0,4,0.3,0,1,Online,Tier 2,0
C12863,19,109.0,10,773.0,7529.0,5,0.12,0,0,Store,Tier 2,1
C12864,33,15.0,19,684.0,15353.0,3,0.22,0,1,Both,Tier 1,0
C12865,56,6.0,16,914.0,16447.0,4,0.37,0,0,Online,Tier 2,0
C12866,49,101.0,8,1116.0,10323.0,8,0.18,0,1,Both,Tier 1,0
C12867,43,28.0,10,894.0,10012.0,3,0.58,0,1,Store,Tier 2,0
C12868,37,17.0,10,731.0,6509.0,2,0.32,0,1,Online,Tier 2,0
C12869,22,47.0,11,150.0,1876.0,6,0.08,1,0,Both,Tier 2,1
C12870,53,62.0,16,956.0,15830.0,5,0.25,1,1,Both,Tier 1,0
C12871,35,67.0,12,765.0,10412.0,8,0.35,1,1,Store,Tier 2,0
C12872,59,170.0,9,1156.0,11672.0,8,0.42,1,1,Both,Tier 2,0
C12873,32,88.0,9,1360.0,10844.0,8,0.08,1,1,Store,Tier 1,0
C12874,16,96.0,7,770.0,5333.0,6,0.34,1,1,Both,Tier 2,0
C12875,16,14.0,11,545.0,5578.0,1,0.55,1,0,Both,Tier 3,0
C12876,39,61.0,8,1068.0,10189.0,4,0.08,1,0,Both,Tier 1,0
C12877,41,88.0,9,666.0,5341.0,2,0.46,0,1,Both,Tier 3,0
C12878,52,226.0,5,1157.0,5242.0,7,0.19,0,0,Both,Tier 2,0
C12879,19,57.0,6,588.0,3668.0,7,0.28,0,1,Store,Tier 2,0
C12880,21,37.0,11,813.0,7476.0,2,0.58,1,1,Both,Tier 2,0
C12881,33,39.0,14,1311.0,15545.0,2,0.34,0,0,Online,Tier 1,0
C12882,60,21.0,10,1207.0,9950.0,4,0.48,1,1,Store,Tier 2,1
C12883,44,108.0,12,653.0,9014.0,3,0.41,1,0,Store,Tier 2,1
C12884,40,22.0,10,974.0,10010.0,6,0.12,0,0,Store,Tier 1,0
C12885,54,73.0,13,,17050.0,5,0.25,0,1,Store,Tier 3,0
C12886,16,91.0,8,1256.0,11538.0,4,0.38,0,1,Store,Tier 2,0
C12887,20,39.0,16,1090.0,15802.0,5,0.74,2,0,Online,Tier 1,0
C12888,40,154.0,7,861.0,6525.0,4,0.47,1,1,Store,Tier 3,1
C12889,22,51.0,14,1175.0,16751.0,5,0.26,0,0,Both,Tier 1,0
C12890,1,126.0,10,1184.0,14068.0,3,0.28,0,0,Both,Tier 3,1
C12891,6,3.0,13,1008.0,13679.0,4,0.06,0,1,Online,Tier 1,0
C12892,26,75.0,11,995.0,10036.0,7,0.11,1,0,Store,Tier 1,0
C12893,56,7.0,12,1133.0,13365.0,3,0.28,0,0,Store,Tier 3,0
C12894,17,21.0,18,847.0,12920.0,5,0.51,0,0,Store,Tier 2,0
C12895,5,136.0,11,644.0,8413.0,7,0.48,1,0,Store,Tier 2,1
C12896,47,53.0,6,910.0,6297.0,6,0.39,0,0,Online,Tier 3,0
C12897,51,57.0,9,773.0,7347.0,3,0.2,0,0,Store,Tier 2,0
C12898,2,55.0,18,1116.0,22081.0,5,0.01,0,1,Store,Tier 1,0
C12899,45,74.0,7,791.0,6192.0,2,0.34,0,1,Both,Tier 1,0
C12900,48,77.0,10,1003.0,8237.0,3,0.18,0,1,Store,Tier 1,1
C12901,38,154.0,4,677.0,2583.0,2,0.37,0,0,Store,Tier 2,0
C12902,11,59.0,14,1126.0,17746.0,8,0.3,0,1,Store,Tier 1,0
C12903,30,136.0,6,496.0,3451.0,4,0.15,0,0,Both,Tier 2,0
C12904,16,8.0,16,1080.0,16781.0,4,0.13,0,0,Store,Tier 1,0
C12905,34,14.0,13,1044.0,11060.0,3,0.42,1,1,Store,Tier 1,0
C12906,26,40.0,19,1111.0,19299.0,3,0.49,1,0,Store,Tier 2,0
C12907,2,38.0,9,642.0,6429.0,3,0.21,0,0,Store,Tier 2,1
C12908,25,43.0,15,479.0,7488.0,1,0.36,0,0,Store,Tier 3,0
C12909,33,52.0,12,297.0,4034.0,3,0.59,1,1,Store,Tier 2,0
C12910,7,41.0,13,823.0,9066.0,4,0.48,0,1,Store,Tier 2,1
C12911,2,46.0,12,1474.0,14335.0,4,0.13,0,0,Store,Tier 1,0
C12912,47,79.0,11,899.0,10580.0,5,0.36,0,0,Store,Tier 3,0
C12913,41,25.0,14,1157.0,19390.0,2,0.66,0,0,Store,Tier 1,0
C12914,18,46.0,12,387.0,4710.0,8,0.42,1,0,Both,Tier 3,0
C12915,47,16.0,16,1009.0,18458.0,4,0.17,0,0,Online,Tier 2,0
C12916,48,67.0,12,1777.0,18423.0,3,0.5,0,1,Both,Tier 1,0
C12917,45,117.0,9,1010.0,8488.0,6,0.33,0,0,Store,Tier 3,0
C12918,8,12.0,17,1068.0,17506.0,4,0.45,1,0,Online,Tier 1,0
C12919,3,23.0,15,1554.0,26700.0,6,0.27,1,0,Store,Tier 3,0
C12920,49,2.0,14,819.0,9523.0,3,0.79,0,0,Online,Tier 1,0
C12921,47,43.0,14,216.0,3294.0,2,0.39,0,0,Store,Tier 1,0
C12922,55,26.0,4,520.0,2006.0,1,0.47,0,0,Both,Tier 2,1
C12923,50,47.0,17,831.0,12268.0,4,0.53,0,0,Store,Tier 1,1
C12924,9,167.0,12,1010.0,11723.0,4,0.6,0,0,Both,Tier 2,1
C12925,25,121.0,5,445.0,2395.0,2,0.45,0,0,Both,Tier 1,0
C12926,21,28.0,12,1193.0,13650.0,4,0.25,0,0,Online,Tier 2,1
C12927,15,31.0,13,1014.0,10639.0,5,0.56,1,0,Online,Tier 2,0
C12928,27,117.0,14,883.0,11562.0,7,0.46,0,0,Both,Tier 2,0
C12929,50,60.0,11,765.0,7063.0,5,0.2,0,1,Online,Tier 1,0
C12930,9,50.0,11,1260.0,11209.0,1,0.28,0,0,Store,Tier 1,1
C12931,12,119.0,11,1269.0,16735.0,5,0.17,0,0,Store,Tier 1,1
C12932,4,38.0,6,1078.0,5965.0,6,0.35,0,0,Store,Tier 1,0
C12933,49,81.0,14,834.0,10978.0,2,0.09,0,0,Both,Tier 1,0
C12934,13,39.0,10,1300.0,12616.0,4,0.34,0,1,Store,Tier 3,0
C12935,14,52.0,13,420.0,5519.0,5,0.55,2,0,Online,Tier 1,0
C12936,51,26.0,11,1507.0,16887.0,3,0.4,0,1,Store,Tier 2,0
C12937,46,49.0,10,1055.0,9643.0,4,0.36,0,1,Online,Tier 2,0
C12938,13,15.0,11,1389.0,18181.0,1,0.18,0,0,Store,Tier 3,0
C12939,19,75.0,12,923.0,11570.0,3,0.23,0,1,Store,Tier 2,0
C12940,14,90.0,4,814.0,3415.0,2,0.33,0,0,Store,Tier 3,0
C12941,55,11.0,16,1408.0,25382.0,3,0.51,0,1,Online,Tier 2,0
C12942,11,88.0,13,497.0,6533.0,5,0.44,0,0,Store,Tier 1,0
C12943,7,7.0,14,1152.0,17984.0,2,0.26,1,1,Both,Tier 3,1
C12944,5,33.0,11,939.0,9969.0,3,0.44,1,0,Both,Tier 1,1
C12945,60,33.0,12,1000.0,10452.0,8,0.49,0,1,Both,Tier 3,0
C12946,3,66.0,10,876.0,9081.0,4,0.12,0,1,Store,Tier 2,0
C12947,58,37.0,12,1043.0,13420.0,2,0.27,0,1,Store,Tier 1,0
C12948,11,6.0,15,597.0,8809.0,2,0.66,0,1,Both,Tier 1,0
C12949,48,22.0,16,1123.0,16724.0,4,0.28,2,1,Store,Tier 1,0
C12950,17,28.0,12,348.0,3475.0,5,0.41,1,0,Store,Tier 1,0
C12951,47,23.0,18,1331.0,19700.0,3,0.26,1,1,Both,Tier 2,0
C12952,21,28.0,18,1194.0,17414.0,6,0.25,0,1,Store,Tier 2,0
C12953,1,29.0,10,1308.0,15196.0,5,0.11,0,1,Both,Tier 3,0
C12954,37,28.0,14,1478.0,18929.0,6,0.28,2,1,Store,Tier 1,0
C12955,52,35.0,13,,15930.0,5,0.23,2,1,Store,Tier 1,0
C12956,6,196.0,7,791.0,4654.0,7,0.71,0,0,Online,Tier 2,1
C12957,58,55.0,11,328.0,4051.0,3,0.61,0,0,Both,Tier 2,1
C12958,35,32.0,14,748.0,9861.0,8,0.27,0,1,Online,Tier 1,0
C12959,20,86.0,11,1786.0,22244.0,5,0.17,0,1,Store,Tier 2,0
C12960,53,9.0,20,1079.0,22696.0,2,0.47,0,1,Store,Tier 1,0
C12961,44,40.0,11,332.0,3596.0,3,0.31,0,0,Store,Tier 2,0
C12962,23,102.0,8,902.0,6884.0,5,0.21,0,1,Both,Tier 2,0
C12963,12,41.0,12,468.0,5579.0,2,0.13,1,0,Both,Tier 3,0
C12964,38,58.0,6,1246.0,8297.0,1,0.77,0,1,Both,Tier 3,0
C12965,29,28.0,11,862.0,10556.0,6,0.25,0,1,Both,Tier 3,0
C12966,3,56.0,15,1054.0,14480.0,8,0.3,0,0,Store,Tier 1,0
C12967,14,3.0,18,300.0,6180.0,7,0.72,1,0,Store,Tier 1,0
C12968,29,157.0,11,544.0,6868.0,4,0.1,0,0,Store,Tier 3,1
C12969,59,71.0,15,1148.0,14833.0,5,0.51,0,1,Store,Tier 1,0
C12970,51,14.0,13,1277.0,15785.0,4,0.42,0,1,Store,Tier 2,0
C12971,43,46.0,12,1261.0,14655.0,3,0.44,0,1,Both,Tier 2,0
C12972,34,33.0,11,1018.0,8970.0,1,0.38,0,1,Both,Tier 3,0
C12973,1,39.0,12,746.0,9010.0,7,0.27,0,0,Both,Tier 1,0
C12974,26,87.0,10,849.0,9258.0,5,0.39,0,1,Both,Tier 1,1
C12975,25,68.0,17,157.0,2346.0,5,0.26,0,0,Store,Tier 1,0
C12976,38,199.0,6,639.0,3918.0,6,0.6,2,0,Both,Tier 2,1
C12977,13,63.0,6,1339.0,9634.0,2,0.11,0,0,Both,Tier 2,1
C12978,13,16.0,13,853.0,9661.0,4,0.5,1,0,Both,Tier 1,1
C12979,56,13.0,14,924.0,12292.0,3,0.17,0,0,Store,Tier 2,0
C12980,55,31.0,12,1101.0,13073.0,2,0.57,0,1,Both,Tier 2,0
C12981,2,46.0,19,294.0,5378.0,3,0.16,1,1,Online,Tier 1,0
C12982,51,44.0,9,941.0,7679.0,4,0.35,0,1,Online,Tier 3,0
C12983,4,52.0,11,731.0,7195.0,5,0.54,0,0,Store,Tier 2,0
C12984,36,83.0,17,473.0,7545.0,4,0.87,0,1,Both,Tier 2,0
C12985,23,9.0,11,628.0,7958.0,3,0.2,1,0,Store,Tier 2,0
C12986,24,101.0,11,1375.0,12551.0,5,0.63,0,1,Store,Tier 1,0
C12987,3,31.0,6,1261.0,7850.0,5,0.28,0,1,Online,Tier 2,0
C12988,3,33.0,17,417.0,7754.0,4,0.69,1,1,Store,Tier 1,1
C12989,12,93.0,8,1170.0,8686.0,8,0.34,0,0,Store,Tier 1,1
C12990,46,10.0,13,1115.0,16522.0,4,0.23,0,1,Both,Tier 3,0
C12991,50,82.0,6,1032.0,6086.0,2,0.72,1,0,Store,Tier 1,1
C12992,31,11.0,17,1460.0,22042.0,8,0.26,1,0,Store,Tier 2,0
C12993,15,31.0,14,916.0,15236.0,5,0.37,0,1,Both,Tier 1,0
C12994,43,14.0,13,977.0,11881.0,5,0.62,0,1,Both,Tier 2,0
C12995,8,91.0,6,820.0,4766.0,3,0.36,0,0,Store,Tier 1,1
C12996,13,16.0,15,1089.0,19184.0,7,0.51,0,0,Both,Tier 3,0
C12997,60,72.0,10,1059.0,11075.0,1,0.33,0,1,Online,Tier 2,0
C12998,51,98.0,10,1202.0,14366.0,3,0.3,0,1,Online,Tier 2,0
C12999,14,66.0,13,944.0,14577.0,4,0.12,1,1,Both,Tier 2,0
C13000,59,88.0,11,860.0,10416.0,2,0.25,1,0,Both,Tier 1,0
C13001,4,19.0,23,,17880.0,4,0.29,0,1,Online,Tier 3,0
C13002,2,13.0,17,935.0,15946.0,6,0.39,0,0,Store,Tier 3,0
C13003,48,56.0,10,961.0,10260.0,3,0.5,0,1,Both,Tier 2,0
C13004,19,275.0,2,658.0,1492.0,6,0.26,3,0,Both,Tier 2,1
C13005,5,90.0,13,554.0,6478.0,4,0.55,0,0,Online,Tier 2,0
C13006,31,66.0,7,1358.0,7815.0,7,0.77,0,1,Online,Tier 2,0
C13007,51,16.0,18,1076.0,20047.0,2,0.19,1,1,Both,Tier 1,0
C13008,35,61.0,18,728.0,11918.0,5,0.16,0,0,Store,Tier 2,1
C13009,4,72.0,11,1191.0,13256.0,3,0.14,0,0,Online,Tier 1,0
C13010,47,51.0,9,1060.0,9619.0,3,0.76,0,0,Store,Tier 3,0
C13011,27,173.0,7,824.0,5249.0,5,0.43,1,1,Store,Tier 2,0
C13012,16,41.0,18,1059.0,19778.0,2,0.25,0,0,Store,Tier 2,0
C13013,17,15.0,12,1165.0,15949.0,6,0.88,0,1,Store,Tier 1,0
C13014,39,50.0,13,1094.0,12959.0,4,0.1,0,0,Store,Tier 2,0
C13015,51,44.0,18,511.0,10160.0,4,0.18,0,0,Store,Tier 1,1
C13016,54,37.0,13,805.0,11065.0,6,0.31,0,1,Online,Tier 2,0
C13017,40,15.0,15,185.0,3115.0,4,0.7,1,1,Store,Tier 2,0
C13018,7,19.0,16,1045.0,17993.0,5,0.55,0,0,Both,Tier 2,0
C13019,28,56.0,16,1096.0,14203.0,8,0.38,0,0,Store,Tier 2,0
C13020,44,21.0,11,806.0,9743.0,1,0.39,0,1,Both,Tier 2,0
C13021,28,39.0,13,1188.0,12563.0,2,0.52,0,1,Online,Tier 1,0
C13022,32,178.0,7,836.0,6050.0,2,0.68,1,0,Store,Tier 1,0
C13023,16,150.0,6,843.0,5355.0,1,0.22,0,0,Both,Tier 2,1
C13024,43,49.0,18,808.0,16069.0,2,0.46,0,1,Store,Tier 2,0
C13025,17,49.0,17,1477.0,25249.0,3,0.46,0,0,Online,Tier 3,0
C13026,56,170.0,6,1011.0,6129.0,6,0.36,1,1,Store,Tier 2,1
C13027,2,25.0,16,1356.0,22882.0,1,0.37,2,0,Store,Tier 1,0
C13028,27,122.0,16,706.0,12433.0,4,0.45,0,0,Online,Tier 1,0
C13029,39,97.0,11,532.0,6390.0,6,0.12,0,1,Store,Tier 1,0
C13030,49,15.0,12,1241.0,13842.0,1,0.66,0,1,Online,Tier 3,0
C13031,46,84.0,16,500.0,8137.0,4,0.18,1,1,Store,Tier 2,0
C13032,5,88.0,14,1210.0,17239.0,4,0.39,0,0,Both,Tier 3,0
C13033,45,20.0,11,1018.0,10746.0,4,0.75,0,1,Store,Tier 3,0
C13034,24,88.0,11,752.0,6717.0,3,0.52,1,1,Both,Tier 1,0
C13035,18,67.0,9,755.0,5752.0,4,0.87,1,0,Store,Tier 3,1
C13036,2,104.0,11,398.0,3985.0,5,0.36,1,1,Both,Tier 2,1
C13037,40,111.0,7,1001.0,7110.0,4,0.44,2,1,Store,Tier 1,1
C13038,29,24.0,11,935.0,11458.0,4,0.37,1,1,Online,Tier 1,0
C13039,31,35.0,10,1137.0,9449.0,2,0.31,1,1,Online,Tier 2,0
C13040,12,25.0,11,712.0,8689.0,4,0.8,0,0,Both,Tier 2,1
C13041,35,89.0,9,1005.0,10593.0,7,0.23,0,1,Store,Tier 2,0
C13042,19,89.0,16,227.0,3354.0,4,0.3,1,0,Store,Tier 1,0
C13043,3,3.0,16,593.0,8718.0,2,0.41,1,1,Store,Tier 1,1
C13044,28,32.0,12,691.0,9097.0,2,0.33,0,0,Online,Tier 2,0
C13045,3,104.0,10,851.0,8417.0,2,0.26,1,0,Store,Tier 1,1
C13046,45,32.0,14,957.0,15202.0,5,0.23,0,0,Online,Tier 1,0
C13047,30,82.0,13,,17341.0,6,0.76,0,1,Store,Tier 1,0
C13048,20,62.0,14,841.0,9727.0,6,0.67,0,0,Store,Tier 1,0
C13049,16,38.0,13,1301.0,14029.0,7,0.33,0,0,Store,Tier 1,1
C13050,50,45.0,10,754.0,6061.0,2,0.6,1,0,Store,Tier 3,0
C13051,26,15.0,14,1220.0,18553.0,6,0.21,0,1,Both,Tier 3,0
C13052,32,46.0,20,517.0,8565.0,4,0.41,0,1,Both,Tier 3,0
C13053,43,30.0,12,836.0,12019.0,5,0.4,0,0,Store,Tier 3,0
C13054,58,51.0,11,905.0,11912.0,3,0.68,1,1,Store,Tier 2,1
C13055,50,95.0,11,783.0,9780.0,6,0.37,0,1,Both,Tier 1,0
C13056,21,83.0,18,453.0,8998.0,3,0.55,0,1,Both,Tier 1,0
C13057,40,64.0,9,1351.0,12421.0,2,0.24,0,1,Online,Tier 1,0
C13058,36,34.0,18,777.0,15735.0,2,0.33,0,1,Online,Tier 3,0
C13059,24,13.0,11,1044.0,10891.0,6,0.47,0,0,Store,Tier 3,0
C13060,49,82.0,9,1421.0,14413.0,2,0.19,0,0,Both,Tier 2,1
C13061,25,212.0,6,354.0,2150.0,5,0.06,0,0,Store,Tier 2,1
C13062,33,13.0,8,746.0,7022.0,5,0.22,0,1,Both,Tier 1,0
C13063,52,20.0,11,1289.0,15665.0,5,0.86,0,1,Both,Tier 1,0
C13064,25,50.0,9,519.0,4210.0,3,0.42,1,0,Store,Tier 3,0
C13065,18,79.0,16,1234.0,20719.0,2,0.34,0,0,Online,Tier 2,0
C13066,57,21.0,7,598.0,3481.0,4,0.68,0,1,Store,Tier 1,0
C13067,48,71.0,9,1064.0,7668.0,3,0.4,0,0,Both,Tier 2,0
C13068,57,39.0,19,736.0,16210.0,5,0.34,1,1,Store,Tier 2,0
C13069,59,48.0,19,808.0,17223.0,5,0.64,0,1,Both,Tier 2,0
C13070,34,96.0,10,619.0,6618.0,8,0.79,0,0,Store,Tier 1,0
C13071,46,8.0,15,840.0,12402.0,6,0.69,0,0,Store,Tier 1,0
C13072,18,34.0,3,1349.0,3719.0,4,0.03,0,0,Both,Tier 3,0
C13073,47,233.0,2,1079.0,2460.0,4,0.47,0,1,Store,Tier 3,1
C13074,8,63.0,8,871.0,7138.0,6,0.65,0,1,Store,Tier 2,0
C13075,23,37.0,12,1047.0,12913.0,7,0.26,0,0,Store,Tier 3,0
C13076,43,20.0,20,712.0,14984.0,4,0.21,0,0,Online,Tier 2,0
C13077,12,266.0,0,1141.0,0.0,4,0.41,0,0,Both,Tier 1,1
C13078,38,88.0,4,801.0,3325.0,2,0.17,1,1,Store,Tier 1,1
C13079,45,51.0,11,829.0,7318.0,3,0.3,2,1,Store,Tier 2,1
C13080,49,19.0,11,150.0,1531.0,4,0.35,0,1,Store,Tier 3,1
C13081,57,77.0,7,789.0,6156.0,2,0.67,1,1,Both,Tier 1,1
C13082,23,8.0,10,186.0,2159.0,1,0.1,1,0,Online,Tier 1,0
C13083,4,3.0,11,,10663.0,4,0.61,0,0,Store,Tier 1,0
C13084,20,83.0,13,673.0,8868.0,4,0.03,1,0,Online,Tier 1,1
C13085,56,57.0,7,1265.0,8573.0,6,0.16,1,1,Store,Tier 2,0
C13086,55,5.0,11,822.0,9492.0,1,0.35,1,0,Store,Tier 3,0
C13087,43,179.0,7,579.0,3505.0,4,0.48,1,0,Both,Tier 2,1
C13088,35,158.0,5,1158.0,6607.0,3,0.33,0,0,Both,Tier 2,1
C13089,12,61.0,10,1116.0,10395.0,5,0.52,0,0,Both,Tier 1,0
C13090,13,177.0,6,569.0,3286.0,4,0.45,0,1,Store,Tier 2,1
C13091,9,34.0,8,1096.0,10222.0,1,0.42,0,0,Both,Tier 1,0
C13092,17,84.0,7,1225.0,10215.0,5,0.55,0,0,Both,Tier 2,1
C13093,13,19.0,19,1553.0,34522.0,1,0.28,0,0,Online,Tier 3,0
C13094,37,13.0,14,1082.0,15531.0,4,0.35,0,0,Store,Tier 2,0
C13095,32,129.0,6,816.0,4174.0,6,0.85,1,0,Both,Tier 2,1
C13096,34,138.0,10,1015.0,12072.0,3,0.61,0,0,Both,Tier 3,0
C13097,36,30.0,16,1175.0,17081.0,6,0.32,1,1,Store,Tier 1,0
C13098,22,41.0,19,988.0,19239.0,6,0.45,0,1,Online,Tier 2,0
C13099,57,31.0,19,1039.0,20874.0,4,0.29,0,1,Store,Tier 3,0
C13100,26,21.0,6,1165.0,7964.0,3,0.31,0,0,Store,Tier 1,0
C13101,52,43.0,13,1057.0,14128.0,2,0.32,1,0,Online,Tier 3,0
C13102,43,3.0,13,518.0,6842.0,6,0.26,0,1,Both,Tier 2,0
C13103,30,4.0,16,905.0,16885.0,4,0.65,0,0,Store,Tier 3,1
C13104,47,50.0,11,1349.0,12328.0,6,0.27,2,1,Store,Tier 3,0
C13105,50,50.0,6,388.0,2355.0,3,0.56,0,1,Both,Tier 1,1
C13106,3,23.0,13,621.0,7874.0,2,0.16,0,0,Online,Tier 2,0
C13107,27,87.0,13,734.0,9230.0,3,0.43,0,1,Store,Tier 1,0
C13108,24,60.0,17,1000.0,14422.0,3,0.38,0,0,Store,Tier 1,0
C13109,14,148.0,6,929.0,6186.0,3,0.67,0,0,Store,Tier 1,1
C13110,29,29.0,16,891.0,15653.0,1,0.22,0,1,Both,Tier 2,0
C13111,25,60.0,11,830.0,9029.0,4,0.52,0,0,Store,,0
C13112,24,57.0,8,732.0,5953.0,4,0.24,1,0,Both,Tier 3,1
C13113,51,29.0,16,1167.0,19243.0,2,0.62,0,0,Store,Tier 2,0
C13114,11,166.0,11,1450.0,17377.0,5,0.47,1,1,Both,Tier 2,1
C13115,47,5.0,19,1086.0,20942.0,7,0.34,0,0,Both,Tier 1,0
C13116,56,118.0,9,1754.0,13624.0,8,0.72,0,1,Online,Tier 2,1
C13117,44,70.0,8,389.0,2531.0,3,0.1,0,1,Store,Tier 1,0
C13118,23,205.0,5,461.0,2595.0,2,0.33,0,0,Both,Tier 3,1
C13119,19,64.0,17,500.0,8695.0,3,0.43,0,1,Store,Tier 3,0
C13120,11,82.0,13,1115.0,13950.0,4,0.27,0,0,Both,Tier 1,0
C13121,57,9.0,18,,17074.0,2,0.6,0,0,Store,Tier 1,0
C13122,45,47.0,6,150.0,940.0,3,0.62,0,1,Both,Tier 2,0
C13123,56,66.0,12,1191.0,17014.0,4,0.7,1,1,Store,Tier 1,0
C13124,17,29.0,13,656.0,9712.0,2,0.21,0,0,Online,Tier 2,0
C13125,24,33.0,11,571.0,5466.0,5,0.39,0,1,Store,Tier 2,0
C13126,13,33.0,12,686.0,8105.0,5,0.12,0,0,Store,Tier 2,0
C13127,37,89.0,7,954.0,5389.0,3,0.31,0,1,Online,Tier 1,0
C13128,50,27.0,13,828.0,11789.0,8,0.49,0,0,Online,Tier 3,0
C13129,2,68.0,14,985.0,16473.0,5,0.51,0,0,Store,Tier 2,0
C13130,41,39.0,15,697.0,11869.0,3,0.33,0,1,Store,Tier 1,0
C13131,40,14.0,14,510.0,6429.0,4,0.72,0,0,Store,Tier 2,0
C13132,43,93.0,15,688.0,10364.0,1,0.71,1,1,Online,Tier 3,1
C13133,5,44.0,16,799.0,13207.0,8,0.41,0,0,Store,Tier 3,0
C13134,16,77.0,7,1341.0,10038.0,4,0.81,0,0,Store,Tier 1,1
C13135,31,9.0,14,216.0,3340.0,8,0.33,0,1,Online,Tier 2,0
C13136,56,77.0,13,510.0,6024.0,3,0.57,1,1,Store,Tier 2,0
C13137,43,109.0,12,918.0,11343.0,5,0.23,2,0,Both,Tier 1,1
C13138,4,5.0,15,931.0,14443.0,6,0.35,1,0,Store,Tier 3,1
C13139,58,55.0,14,739.0,10078.0,2,0.31,0,1,Store,Tier 2,0
C13140,38,74.0,6,641.0,3356.0,8,0.39,1,1,Store,Tier 1,1
C13141,1,8.0,13,494.0,6639.0,4,0.58,1,0,Both,Tier 1,1
C13142,10,93.0,13,648.0,9201.0,3,0.51,0,1,Both,Tier 2,0
C13143,38,82.0,9,712.0,7140.0,8,0.15,0,1,Online,Tier 3,0
C13144,37,28.0,23,438.0,11352.0,4,0.66,1,1,Store,Tier 2,0
C13145,34,84.0,9,1325.0,11356.0,4,0.34,0,0,Store,Tier 2,0
C13146,55,8.0,13,1154.0,12196.0,6,0.34,0,0,Store,Tier 1,0
C13147,31,64.0,10,1199.0,14227.0,2,0.42,0,1,Store,Tier 2,1
C13148,40,52.0,8,891.0,8381.0,6,0.12,0,0,Both,Tier 3,0
C13149,17,76.0,12,1222.0,13124.0,4,0.17,0,0,Both,Tier 3,0
C13150,19,32.0,7,945.0,6458.0,6,0.39,1,0,Store,Tier 3,1
C13151,41,42.0,14,1087.0,17810.0,3,0.44,0,1,Online,Tier 3,0
C13152,32,104.0,8,853.0,6686.0,7,0.18,0,0,Store,Tier 1,0
C13153,41,81.0,8,1132.0,9672.0,5,0.58,0,0,Store,Tier 1,1
C13154,12,284.0,2,667.0,1443.0,3,0.22,0,1,Online,Tier 3,0
C13155,52,46.0,9,840.0,6592.0,4,0.08,0,1,Both,Tier 2,0
C13156,35,7.0,14,775.0,10410.0,7,0.35,0,1,Online,Tier 1,0
C13157,47,42.0,15,912.0,12119.0,2,0.76,0,1,Store,Tier 1,0
C13158,22,46.0,13,344.0,4825.0,2,0.16,1,1,Store,Tier 2,1
C13159,52,64.0,10,886.0,8072.0,5,0.14,0,0,Both,Tier 3,0
C13160,45,51.0,7,452.0,2817.0,1,0.45,0,1,Store,Tier 2,1
C13161,55,52.0,8,389.0,3044.0,7,0.12,1,0,Store,Tier 1,0
C13162,16,37.0,13,801.0,11577.0,6,0.5,0,1,Store,Tier 1,0
C13163,55,57.0,7,582.0,4128.0,5,0.19,1,1,Store,Tier 1,0
C13164,20,19.0,9,1157.0,10056.0,5,0.71,0,0,Store,Tier 2,0
C13165,14,23.0,12,1042.0,14055.0,4,0.44,0,0,Both,Tier 1,0
C13166,8,7.0,8,726.0,5335.0,5,0.31,0,1,Both,Tier 2,0
C13167,2,76.0,9,1500.0,14685.0,2,0.73,0,0,Store,Tier 2,1
C13168,34,26.0,10,867.0,7687.0,3,0.25,1,0,Store,Tier 2,0
C13169,32,25.0,14,1183.0,13687.0,3,0.77,0,0,Store,Tier 1,0
C13170,22,57.0,9,703.0,7574.0,6,0.37,1,0,Both,Tier 1,1
C13171,42,43.0,11,724.0,6405.0,3,0.27,0,1,Online,Tier 3,0
C13172,10,132.0,14,1130.0,17747.0,6,0.47,0,1,Both,Tier 3,1
C13173,52,27.0,15,772.0,10171.0,1,0.52,0,1,Store,Tier 2,0
C13174,57,43.0,9,492.0,4317.0,5,0.2,0,1,Online,Tier 3,0
C13175,58,17.0,15,588.0,8356.0,2,0.33,0,0,Store,Tier 2,0
C13176,36,11.0,17,519.0,10262.0,8,0.44,0,1,Both,Tier 2,0
C13177,5,143.0,13,206.0,2759.0,6,0.34,0,0,Both,Tier 1,0
C13178,11,194.0,6,636.0,3289.0,5,0.42,0,0,Store,Tier 2,1
C13179,18,18.0,14,837.0,13959.0,4,0.38,0,0,Store,Tier 2,0
C13180,33,57.0,14,949.0,13404.0,6,0.3,1,1,Both,Tier 1,0
C13181,23,40.0,9,1160.0,11235.0,6,0.82,1,0,Store,,0
C13182,23,86.0,18,969.0,14739.0,4,0.12,0,0,Store,Tier 1,0
C13183,38,62.0,9,582.0,5744.0,5,0.48,0,0,Both,Tier 2,0
C13184,10,33.0,8,1418.0,10366.0,4,0.25,1,0,Store,Tier 1,1
C13185,56,43.0,13,705.0,9643.0,3,0.57,0,1,Online,Tier 1,0
C13186,50,57.0,9,1863.0,19189.0,5,0.38,0,0,Both,Tier 1,0
C13187,11,9.0,15,1372.0,24285.0,4,0.77,0,0,Store,Tier 2,0
C13188,7,6.0,14,988.0,11113.0,3,0.46,1,0,Online,Tier 1,0
C13189,41,104.0,15,860.0,14025.0,3,0.52,2,1,Both,Tier 1,1
C13190,57,55.0,10,676.0,6156.0,7,0.18,0,1,Online,Tier 2,0
C13191,31,11.0,16,1531.0,24219.0,3,0.83,0,1,Store,Tier 2,0
C13192,17,46.0,10,628.0,7272.0,3,0.47,0,0,Store,Tier 1,0
C13193,22,66.0,11,364.0,3856.0,6,0.37,0,0,Store,Tier 1,0
C13194,36,18.0,8,693.0,6324.0,4,0.32,0,1,Both,Tier 1,0
C13195,42,142.0,9,808.0,5840.0,5,0.36,0,1,Store,Tier 1,0
C13196,46,48.0,9,1035.0,9277.0,1,0.6,0,0,Store,Tier 2,1
C13197,44,65.0,9,1011.0,9592.0,4,0.51,0,0,Online,Tier 3,0
C13198,7,130.0,12,557.0,7340.0,4,0.16,0,0,Store,Tier 1,0
C13199,18,6.0,19,898.0,17074.0,2,0.36,1,0,Online,Tier 1,0
C13200,45,54.0,6,1128.0,6881.0,8,0.24,1,1,Both,Tier 2,0
C13201,51,4.0,18,379.0,6691.0,2,0.33,0,1,Store,Tier 1,0
C13202,10,100.0,11,835.0,8969.0,4,0.18,0,0,Store,Tier 3,0
C13203,46,52.0,16,1363.0,24500.0,4,0.46,0,0,Store,Tier 3,0
C13204,42,80.0,10,902.0,9507.0,1,0.4,0,0,Both,Tier 1,0
C13205,54,80.0,8,1086.0,9027.0,5,0.2,2,1,Both,Tier 2,0
C13206,34,154.0,8,725.0,5847.0,4,0.5,1,0,Store,Tier 1,0
C13207,24,29.0,12,812.0,9971.0,3,0.79,0,1,Store,Tier 2,0
C13208,4,47.0,14,629.0,9349.0,2,0.48,0,0,Store,Tier 3,0
C13209,55,101.0,5,449.0,1812.0,4,0.31,1,0,Store,Tier 2,0
C13210,43,85.0,10,1080.0,12213.0,8,0.51,0,1,Store,Tier 2,0
C13211,59,197.0,3,848.0,2045.0,6,0.66,0,1,Store,Tier 1,1
C13212,2,81.0,13,1206.0,16817.0,3,0.61,0,0,Online,Tier 1,0
C13213,47,53.0,12,913.0,12834.0,4,0.69,0,1,Both,Tier 3,0
C13214,2,30.0,12,295.0,3017.0,3,0.31,0,0,Store,Tier 1,0
C13215,7,147.0,6,730.0,4368.0,4,0.68,0,0,Both,Tier 1,1
C13216,56,54.0,8,451.0,3067.0,1,0.18,0,0,Online,Tier 1,1
C13217,47,47.0,8,881.0,7933.0,4,0.52,0,1,Store,Tier 2,0
C13218,17,12.0,15,669.0,8842.0,2,0.28,4,1,Store,Tier 1,0
C13219,1,57.0,5,949.0,5498.0,3,0.45,0,1,Store,Tier 2,0
C13220,49,24.0,11,983.0,10963.0,5,0.06,3,1,Store,Tier 2,1
C13221,6,31.0,13,904.0,10154.0,4,0.31,0,1,Store,Tier 2,0
C13222,25,92.0,12,962.0,11925.0,4,0.74,0,0,Both,Tier 3,0
C13223,25,59.0,7,1182.0,6995.0,3,0.67,0,0,Store,Tier 3,0
C13224,46,65.0,14,776.0,10897.0,3,0.53,0,1,Store,Tier 1,0
C13225,29,37.0,10,1173.0,13791.0,2,0.09,0,0,Online,Tier 1,0
C13226,14,54.0,12,747.0,9026.0,3,0.45,0,1,Online,Tier 3,1
C13227,56,87.0,10,916.0,7965.0,7,0.36,0,1,Both,Tier 1,0
C13228,50,15.0,12,1301.0,17337.0,3,0.25,0,0,Online,Tier 2,0
C13229,39,42.0,10,767.0,6743.0,8,0.27,1,1,Both,Tier 3,0
C13230,39,5.0,9,685.0,6213.0,6,0.59,0,0,Store,Tier 3,1
C13231,45,88.0,6,774.0,5097.0,3,0.63,1,0,Store,Tier 2,0
C13232,23,54.0,8,769.0,5106.0,5,0.43,1,0,Store,Tier 3,0
C13233,14,86.0,11,1455.0,16266.0,4,0.29,0,1,Both,Tier 2,0
C13234,2,149.0,8,721.0,5612.0,2,0.45,0,1,Both,Tier 3,1
C13235,47,26.0,12,913.0,9898.0,2,0.27,2,0,Both,Tier 2,0
C13236,51,95.0,18,554.0,11103.0,4,0.65,0,1,Store,Tier 2,0
C13237,41,32.0,12,878.0,9134.0,2,0.54,1,0,Store,Tier 3,0
C13238,38,198.0,7,529.0,3094.0,1,0.08,0,0,Store,Tier 2,1
C13239,55,100.0,18,874.0,13006.0,6,0.22,0,1,Store,Tier 2,0
C13240,31,41.0,11,1090.0,13952.0,3,0.67,0,0,Store,Tier 2,0
C13241,12,95.0,12,860.0,8565.0,6,0.11,0,0,Store,Tier 1,0
C13242,10,24.0,8,960.0,7631.0,4,0.16,0,1,Online,Tier 1,0
C13243,21,105.0,8,1309.0,11448.0,3,0.13,0,0,Both,Tier 1,0
C13244,2,144.0,8,475.0,3315.0,5,0.17,1,0,Online,Tier 1,0
C13245,48,24.0,13,1263.0,15077.0,4,0.81,1,1,Online,Tier 2,0
C13246,20,3.0,12,809.0,11617.0,2,0.24,0,0,Store,Tier 2,0
C13247,28,14.0,14,878.0,14149.0,3,0.68,1,0,Store,Tier 3,1
C13248,54,49.0,17,1402.0,28345.0,2,0.31,1,0,Store,Tier 1,0
C13249,7,63.0,16,991.0,15987.0,4,0.59,0,0,Store,Tier 1,0
C13250,4,46.0,7,720.0,5132.0,4,0.45,0,0,Online,Tier 2,1
C13251,28,72.0,10,922.0,10268.0,4,0.55,0,1,Both,Tier 3,1
C13252,24,123.0,2,1377.0,2606.0,5,0.14,0,0,Both,Tier 2,0
C13253,10,35.0,21,454.0,10451.0,3,0.72,0,1,Both,Tier 3,0
C13254,24,41.0,14,850.0,13133.0,4,0.28,0,1,Online,Tier 3,0
C13255,36,32.0,12,1668.0,20633.0,5,0.08,0,0,Store,Tier 1,0
C13256,54,46.0,13,517.0,7240.0,4,0.26,0,0,Online,Tier 3,0
C13257,6,29.0,8,459.0,2962.0,3,0.5,0,0,Online,Tier 1,1
C13258,24,108.0,10,1089.0,11146.0,4,0.53,0,0,Store,Tier 1,0
C13259,20,248.0,3,922.0,2658.0,3,0.23,1,1,Both,Tier 2,1
C13260,41,3.0,16,1685.0,30369.0,6,0.37,0,0,Store,Tier 3,0
C13261,32,53.0,18,887.0,18559.0,6,0.12,0,0,Online,Tier 1,0
C13262,8,48.0,5,1246.0,5559.0,2,0.06,0,0,Online,Tier 2,0
C13263,14,169.0,11,1442.0,12802.0,2,0.15,0,1,Store,Tier 1,1
C13264,56,22.0,16,620.0,10587.0,4,0.24,0,1,Store,Tier 3,0
C13265,55,137.0,9,842.0,8414.0,2,0.43,0,1,Online,Tier 1,0
C13266,46,76.0,11,1096.0,12384.0,5,0.05,0,0,Online,Tier 1,0
C13267,5,53.0,10,509.0,5031.0,4,0.47,0,0,Online,Tier 2,0
C13268,51,58.0,7,1618.0,12334.0,2,0.38,0,0,Online,Tier 1,0
C13269,9,11.0,13,377.0,5241.0,4,0.59,0,0,Store,Tier 3,0
C13270,13,224.0,5,1544.0,8815.0,3,0.82,0,1,Store,Tier 3,1
C13271,29,201.0,13,1408.0,15196.0,6,0.51,0,1,Store,Tier 3,0
C13272,36,60.0,10,484.0,4840.0,4,0.51,0,1,Store,Tier 2,0
C13273,59,165.0,4,860.0,3676.0,4,0.45,1,1,Both,Tier 2,1
C13274,47,126.0,8,282.0,2476.0,2,0.42,0,1,Both,Tier 1,0
C13275,56,5.0,15,524.0,8354.0,3,0.65,0,1,Store,Tier 2,1
C13276,39,100.0,4,1032.0,3674.0,3,0.12,1,0,Online,Tier 1,0
C13277,19,108.0,12,1424.0,19197.0,7,0.53,1,0,Online,Tier 2,1
C13278,16,32.0,13,987.0,11618.0,7,0.45,0,1,Store,Tier 3,0
C13279,13,327.0,2,178.0,408.0,3,0.33,1,1,Both,Tier 2,1
C13280,21,104.0,13,735.0,7879.0,2,0.28,1,0,Both,Tier 2,1
C13281,4,140.0,3,1268.0,3104.0,5,0.6,0,0,Online,Tier 1,1
C13282,37,23.0,11,1335.0,17055.0,5,0.48,1,0,Both,Tier 1,0
C13283,3,20.0,15,751.0,13265.0,3,0.67,0,1,Store,Tier 3,0
C13284,31,26.0,10,1070.0,10244.0,2,0.45,1,0,Online,Tier 2,0
C13285,37,130.0,9,1110.0,11845.0,4,0.25,0,1,Online,Tier 1,0
C13286,53,18.0,17,846.0,12976.0,2,0.54,1,1,Both,Tier 1,0
C13287,21,11.0,13,731.0,10870.0,3,0.06,0,1,Online,Tier 1,0
C13288,58,55.0,11,1264.0,11299.0,3,0.41,0,1,Store,Tier 1,0
C13289,33,30.0,15,901.0,13442.0,5,0.49,0,0,Store,Tier 3,0
C13290,48,78.0,11,1004.0,13223.0,4,0.4,0,1,Store,Tier 2,0
C13291,3,75.0,15,1172.0,16530.0,1,0.17,1,0,Store,Tier 1,1
C13292,36,14.0,15,,3507.0,3,0.59,0,0,Store,Tier 2,0
C13293,34,44.0,7,541.0,4236.0,5,0.48,0,0,Store,Tier 1,0
C13294,54,46.0,13,563.0,7027.0,3,0.28,0,1,Store,Tier 1,0
C13295,26,83.0,13,723.0,8994.0,4,0.27,1,0,Store,Tier 3,0
C13296,23,70.0,8,1202.0,9712.0,4,0.43,0,0,Store,Tier 3,0
C13297,3,42.0,9,1096.0,10960.0,4,0.48,0,0,Store,Tier 3,0
C13298,6,21.0,8,1063.0,8376.0,7,0.52,1,0,Store,Tier 1,0
C13299,57,124.0,9,1193.0,10300.0,2,0.54,1,0,Online,Tier 2,0
C13300,51,44.0,8,1303.0,8931.0,2,0.36,0,0,Online,Tier 3,0
C13301,4,36.0,13,897.0,11917.0,4,0.36,1,0,Online,Tier 1,1
C13302,7,68.0,9,1428.0,10979.0,2,0.14,2,0,Both,,1
C13303,56,12.0,16,1427.0,26738.0,1,0.57,2,1,Both,Tier 2,0
C13304,54,13.0,15,644.0,7992.0,4,0.54,1,0,Both,Tier 1,0
C13305,60,142.0,7,807.0,5884.0,2,0.51,0,1,Both,Tier 3,1
C13306,54,30.0,14,687.0,9480.0,3,0.46,0,1,Store,Tier 1,0
C13307,55,36.0,17,1110.0,21314.0,3,0.57,0,1,Both,Tier 2,0
C13308,8,35.0,18,1204.0,21794.0,2,0.27,1,0,Both,Tier 2,0
C13309,19,8.0,17,1161.0,19767.0,3,0.27,1,1,Store,Tier 2,0
C13310,45,21.0,11,968.0,10056.0,5,0.24,0,0,Store,Tier 1,0
C13311,5,24.0,16,1501.0,25237.0,6,0.46,0,1,Store,Tier 3,0
C13312,37,108.0,8,331.0,3103.0,4,0.27,0,0,Both,Tier 3,0
C13313,47,3.0,13,874.0,9382.0,2,0.09,0,0,Store,Tier 1,0
C13314,20,140.0,7,991.0,7626.0,4,0.53,1,0,Store,,1
C13315,59,45.0,16,638.0,9902.0,8,0.6,1,0,Store,Tier 1,0
C13316,10,97.0,9,524.0,5282.0,4,0.27,0,0,Store,Tier 2,0
C13317,1,79.0,13,1489.0,19527.0,2,0.51,0,0,Store,Tier 1,0
C13318,40,44.0,8,1050.0,9737.0,8,0.17,0,0,Both,Tier 1,0
C13319,52,81.0,14,942.0,14068.0,8,0.22,0,1,Store,Tier 1,0
C13320,5,142.0,11,1205.0,10817.0,3,0.27,1,0,Online,Tier 1,0
C13321,9,64.0,11,738.0,7055.0,3,0.39,0,1,Both,Tier 2,0
C13322,21,152.0,7,590.0,3912.0,3,0.53,0,0,Online,Tier 3,1
C13323,35,25.0,13,995.0,14326.0,2,0.58,0,1,Store,Tier 2,0
C13324,30,8.0,12,676.0,9558.0,3,0.09,0,0,Store,Tier 2,0
C13325,59,31.0,11,857.0,8633.0,6,0.13,0,1,Store,Tier 2,0
C13326,51,8.0,19,590.0,11650.0,1,0.51,0,0,Store,Tier 1,0
C13327,59,67.0,18,1119.0,16265.0,5,0.09,1,0,Store,Tier 2,0
C13328,16,97.0,8,1153.0,10995.0,1,0.67,0,1,Online,Tier 3,0
C13329,22,6.0,10,1035.0,9122.0,5,0.18,0,0,Online,Tier 2,0
C13330,12,88.0,5,811.0,3636.0,6,0.22,0,0,Store,Tier 3,1
C13331,38,33.0,16,736.0,11358.0,3,0.26,2,1,Both,Tier 1,0
C13332,5,60.0,8,359.0,2381.0,3,0.44,0,0,Online,Tier 1,0
C13333,59,86.0,9,1382.0,11154.0,1,0.26,0,1,Store,Tier 1,0
C13334,48,46.0,13,788.0,8807.0,3,0.35,0,1,Both,Tier 1,0
C13335,10,55.0,10,995.0,9131.0,2,0.43,1,1,Store,Tier 1,0
C13336,44,16.0,18,635.0,12314.0,2,0.26,1,1,Online,Tier 2,0
C13337,29,23.0,17,977.0,19920.0,3,0.28,1,1,Online,Tier 3,1
C13338,11,16.0,12,1116.0,15734.0,2,0.17,0,1,Store,Tier 2,0
C13339,31,32.0,16,1032.0,14470.0,4,0.23,0,0,Online,Tier 3,0
C13340,58,24.0,12,808.0,8834.0,4,0.15,0,1,Both,Tier 1,0
C13341,28,192.0,9,772.0,6658.0,4,0.16,0,0,Both,Tier 2,0
C13342,18,32.0,9,1388.0,12532.0,5,0.5,0,1,Store,Tier 2,0
C13343,40,10.0,14,1242.0,18924.0,3,0.24,0,1,Both,Tier 1,0
C13344,48,22.0,13,955.0,10411.0,5,0.21,0,0,Online,Tier 1,0
C13345,2,10.0,10,509.0,4511.0,4,0.3,1,0,Both,Tier 1,0
C13346,17,50.0,9,588.0,6187.0,4,0.61,0,1,Both,Tier 1,0
C13347,27,62.0,9,1026.0,10943.0,8,0.93,0,1,Both,Tier 2,0
C13348,35,68.0,17,1166.0,20771.0,3,0.47,2,1,Store,Tier 1,0
C13349,48,78.0,12,428.0,4149.0,3,0.33,0,1,Store,Tier 2,1
C13350,57,25.0,11,586.0,6241.0,4,0.51,0,0,Store,Tier 2,0
C13351,33,45.0,18,927.0,20015.0,5,0.39,0,0,Both,Tier 1,0
C13352,19,97.0,7,606.0,5017.0,4,0.21,0,0,Store,Tier 1,0
C13353,4,77.0,8,783.0,7296.0,2,0.03,0,1,Both,Tier 2,0
C13354,13,120.0,9,720.0,7626.0,4,0.21,0,0,Store,Tier 3,1
C13355,39,10.0,11,1088.0,13497.0,5,0.62,1,1,Store,Tier 3,0
C13356,12,182.0,8,1519.0,14052.0,3,0.18,0,0,Both,Tier 2,0
C13357,27,16.0,18,1103.0,19854.0,6,0.26,0,1,Store,Tier 2,0
C13358,51,85.0,8,1245.0,10502.0,4,0.6,0,1,Online,Tier 1,0
C13359,42,25.0,15,866.0,11285.0,5,0.6,0,1,Both,Tier 2,0
C13360,14,32.0,15,874.0,12713.0,1,0.34,0,0,Both,Tier 2,1
C13361,30,49.0,14,679.0,7783.0,6,0.32,1,1,Store,Tier 1,0
C13362,49,119.0,7,662.0,5529.0,3,0.65,0,1,Store,Tier 2,1
C13363,17,17.0,16,1098.0,20217.0,4,0.27,0,0,Store,Tier 2,0
C13364,32,34.0,18,685.0,11679.0,8,0.26,2,1,Store,Tier 3,0
C13365,23,38.0,13,1061.0,13696.0,3,0.33,0,1,Store,Tier 2,0
C13366,20,16.0,14,984.0,15473.0,4,0.33,0,0,Store,Tier 3,0
C13367,52,87.0,9,1755.0,13527.0,2,0.74,0,0,Store,Tier 1,1
C13368,47,47.0,17,632.0,12792.0,4,0.17,1,1,Both,Tier 1,0
C13369,54,10.0,19,1424.0,30886.0,7,0.14,0,1,Store,Tier 3,0
C13370,6,51.0,14,527.0,8491.0,7,0.15,2,1,Store,Tier 2,0
C13371,15,13.0,14,1304.0,16337.0,4,0.48,0,0,Store,Tier 2,0
C13372,33,52.0,11,242.0,2808.0,2,0.59,0,0,Store,Tier 1,0
C13373,55,30.0,5,150.0,722.0,4,0.66,1,1,Store,Tier 2,0
C13374,43,34.0,10,410.0,4267.0,4,0.72,0,1,Store,Tier 2,0
C13375,42,80.0,7,753.0,4943.0,4,0.69,0,1,Store,Tier 1,0
C13376,1,15.0,17,637.0,9479.0,5,0.07,0,0,Store,Tier 2,0
C13377,48,125.0,7,798.0,5445.0,5,0.23,0,0,Online,Tier 2,1
C13378,29,15.0,12,1185.0,16752.0,3,0.58,1,0,Store,Tier 3,0
C13379,49,20.0,12,1156.0,13791.0,6,0.36,0,1,Store,Tier 3,0
C13380,19,39.0,14,959.0,15461.0,3,0.62,0,1,Online,Tier 3,0
C13381,29,22.0,15,1427.0,20034.0,3,0.34,0,0,Store,Tier 2,0
C13382,5,25.0,18,676.0,11407.0,3,0.12,0,1,Store,Tier 3,0
C13383,50,57.0,12,863.0,9432.0,6,0.26,0,1,Store,Tier 2,0
C13384,59,35.0,11,777.0,9829.0,3,0.41,1,0,Both,Tier 1,0
C13385,46,30.0,13,842.0,11068.0,6,0.19,0,1,Store,Tier 1,0
C13386,4,108.0,7,579.0,4594.0,6,0.52,0,1,Both,Tier 2,0
C13387,43,62.0,18,1133.0,20827.0,3,0.55,1,0,Both,Tier 3,0
C13388,48,29.0,10,939.0,8347.0,3,0.66,1,0,Online,Tier 1,0
C13389,21,115.0,12,1075.0,12826.0,2,0.6,0,0,Store,Tier 3,1
C13390,57,34.0,10,1120.0,9815.0,3,0.28,0,1,Both,Tier 3,0
C13391,34,33.0,14,957.0,15269.0,2,0.74,1,1,Store,Tier 2,0
C13392,12,64.0,14,1515.0,23937.0,4,0.21,0,1,Both,Tier 2,0
C13393,2,22.0,8,816.0,7690.0,2,0.69,0,0,Online,Tier 1,1
C13394,7,15.0,12,1783.0,17984.0,4,0.47,0,0,Store,Tier 1,0
C13395,15,14.0,13,523.0,8032.0,4,0.94,0,0,Online,Tier 2,1
C13396,41,12.0,11,991.0,9940.0,1,0.57,0,0,Both,Tier 1,0
C13397,42,35.0,12,1512.0,18850.0,6,0.32,2,1,Store,Tier 1,0
C13398,32,73.0,13,1199.0,16706.0,5,0.41,2,0,Online,Tier 2,0
C13399,43,192.0,5,596.0,2652.0,3,0.14,1,0,Store,Tier 3,1
C13400,24,51.0,14,1314.0,20797.0,5,0.35,0,1,Store,Tier 2,0
C13401,6,61.0,9,808.0,5837.0,7,0.12,1,0,Both,Tier 2,0
C13402,24,38.0,14,1199.0,16410.0,8,0.4,0,1,Both,Tier 2,0
C13403,37,13.0,10,247.0,1979.0,5,0.2,0,1,Both,Tier 1,0
C13404,7,29.0,13,768.0,11166.0,3,0.37,1,0,Store,Tier 3,0
C13405,12,48.0,8,1446.0,9619.0,5,0.77,0,1,Store,Tier 3,0
C13406,32,75.0,10,945.0,9794.0,3,0.46,0,0,Online,Tier 1,0
C13407,38,235.0,6,595.0,3847.0,7,0.46,0,0,Store,Tier 2,1
C13408,6,2.0,22,1170.0,30535.0,2,0.18,0,0,Both,Tier 2,0
C13409,45,56.0,9,,4636.0,4,0.26,0,0,Store,Tier 1,1
C13410,51,33.0,12,1048.0,12738.0,7,0.61,0,1,Store,Tier 2,0
C13411,57,63.0,11,760.0,8574.0,4,0.46,0,0,Both,Tier 2,0
C13412,31,159.0,8,878.0,7713.0,6,0.77,1,1,Online,Tier 2,0
C13413,38,31.0,11,984.0,12746.0,5,0.5,2,1,Store,Tier 3,1
C13414,54,11.0,8,949.0,7975.0,3,0.51,0,1,Store,Tier 2,0
C13415,22,15.0,13,1174.0,16303.0,2,0.22,0,0,Online,Tier 3,0
C13416,20,192.0,5,474.0,2205.0,3,0.29,1,1,Store,Tier 3,1
C13417,2,45.0,9,438.0,3282.0,3,0.49,0,1,Both,Tier 2,0
C13418,53,103.0,5,969.0,5342.0,2,0.37,0,0,Store,Tier 1,1
C13419,31,67.0,7,1024.0,8235.0,5,0.54,0,0,Online,Tier 2,0
C13420,4,8.0,8,1153.0,9943.0,6,0.17,1,0,Online,Tier 3,0
C13421,60,148.0,10,674.0,6767.0,4,0.54,3,1,Store,Tier 1,1
C13422,8,10.0,10,814.0,9732.0,4,0.33,0,0,Store,Tier 1,0
C13423,26,17.0,17,1139.0,21043.0,5,0.48,0,1,Both,Tier 1,0
C13424,59,12.0,7,1041.0,8070.0,8,0.36,1,1,Store,Tier 1,0
C13425,31,30.0,12,543.0,6725.0,5,0.18,1,0,Store,Tier 3,0
C13426,57,19.0,17,150.0,2113.0,3,0.69,0,1,Store,Tier 1,0
C13427,57,43.0,9,797.0,7741.0,6,0.74,0,1,Store,Tier 1,0
C13428,40,19.0,13,478.0,6852.0,5,0.13,0,1,Store,Tier 3,0
C13429,44,58.0,10,751.0,7788.0,6,0.59,1,1,Both,Tier 1,0
C13430,29,108.0,9,1301.0,13365.0,3,0.18,0,0,Online,Tier 1,0
C13431,39,64.0,11,1275.0,11596.0,6,0.19,0,1,Store,Tier 1,0
C13432,42,41.0,11,912.0,11297.0,1,0.21,0,1,Both,Tier 3,0
C13433,11,38.0,10,836.0,8275.0,3,0.24,0,0,Both,Tier 2,0
C13434,42,29.0,13,648.0,8789.0,5,0.23,1,0,Store,Tier 1,0
C13435,60,116.0,4,704.0,3293.0,5,0.57,0,1,Online,Tier 1,0
C13436,4,9.0,8,1229.0,10656.0,3,0.67,2,0,Online,Tier 1,0
C13437,39,9.0,12,504.0,6382.0,2,0.71,1,1,Both,Tier 1,1
C13438,8,38.0,9,1030.0,8601.0,8,0.59,1,0,Store,Tier 2,1
C13439,58,16.0,16,1261.0,17168.0,4,0.03,0,1,Store,Tier 3,0
C13440,34,34.0,11,506.0,5174.0,6,0.51,0,0,Online,Tier 2,0
C13441,2,64.0,18,894.0,13482.0,3,0.45,0,0,Store,Tier 1,0
C13442,23,11.0,12,865.0,10625.0,5,0.15,0,1,Both,Tier 2,0
C13443,48,21.0,7,598.0,3477.0,3,0.42,1,1,Store,Tier 2,0
C13444,56,18.0,13,850.0,9388.0,3,0.06,2,1,Store,Tier 3,0
C13445,59,46.0,14,1269.0,20241.0,6,0.47,0,1,Store,Tier 2,0
C13446,51,144.0,10,901.0,9140.0,3,0.26,0,1,Store,Tier 3,1
C13447,37,27.0,9,549.0,4690.0,7,0.75,0,1,Store,Tier 1,0
C13448,44,42.0,12,1066.0,15172.0,5,0.7,1,1,Online,Tier 3,0
C13449,4,29.0,9,1020.0,8410.0,2,0.77,0,0,Online,Tier 2,1
C13450,4,98.0,20,915.0,21177.0,8,0.35,0,0,Both,Tier 2,0
C13451,52,38.0,14,239.0,3309.0,1,0.28,0,0,Store,Tier 2,0
C13452,42,103.0,13,865.0,10176.0,6,0.66,0,0,Online,Tier 2,0
C13453,29,150.0,10,852.0,7109.0,5,0.43,0,0,Store,Tier 2,0
C13454,34,68.0,12,1062.0,11840.0,3,0.42,0,1,Store,Tier 3,0
C13455,28,49.0,7,965.0,6992.0,4,0.41,0,1,Online,Tier 1,0
C13456,20,75.0,14,1119.0,12600.0,4,0.7,0,0,Store,Tier 1,1
C13457,31,75.0,11,758.0,8318.0,2,0.44,0,1,Both,Tier 2,0
C13458,16,38.0,8,592.0,4889.0,5,0.52,0,0,Store,Tier 2,1
C13459,18,42.0,14,1453.0,23047.0,3,0.15,0,0,Store,Tier 2,0
C13460,52,67.0,14,316.0,3987.0,5,0.24,0,0,Both,Tier 2,0
C13461,1,19.0,19,843.0,15826.0,2,0.29,0,0,Online,Tier 2,0
C13462,53,31.0,21,1230.0,27841.0,5,0.31,0,1,Online,Tier 1,0
C13463,52,18.0,9,208.0,2190.0,2,0.38,3,1,Both,Tier 2,1
C13464,24,23.0,13,869.0,11771.0,3,0.15,0,0,Both,Tier 2,0
C13465,58,34.0,12,1127.0,11520.0,6,0.56,0,1,Online,Tier 2,0
C13466,54,24.0,14,1224.0,19303.0,2,0.66,0,1,Both,Tier 3,0
C13467,39,7.0,18,611.0,10197.0,5,0.44,0,1,Online,Tier 1,0
C13468,34,118.0,10,974.0,9087.0,6,0.31,1,0,Both,Tier 1,0
C13469,8,15.0,17,1065.0,18841.0,3,0.51,0,0,Store,Tier 2,0
C13470,30,60.0,11,538.0,5348.0,4,0.61,0,0,Store,Tier 1,0
C13471,59,55.0,13,1401.0,14880.0,2,0.66,0,0,Store,Tier 2,0
C13472,33,92.0,6,397.0,2025.0,3,0.58,0,1,Store,Tier 1,0
C13473,7,239.0,5,1284.0,5138.0,3,0.31,0,0,Store,Tier 3,1
C13474,47,72.0,10,1063.0,11862.0,3,0.52,1,1,Store,Tier 1,0
C13475,10,60.0,12,991.0,10550.0,4,0.58,1,0,Store,Tier 2,1
C13476,1,82.0,8,621.0,5221.0,1,0.39,0,0,Both,Tier 1,0
C13477,43,41.0,8,859.0,7528.0,3,0.51,2,1,Both,Tier 1,0
C13478,14,13.0,12,629.0,8717.0,4,0.53,0,1,Both,Tier 3,0
C13479,8,19.0,14,,6764.0,3,0.34,1,0,Store,Tier 1,1
C13480,30,48.0,13,1098.0,16583.0,1,0.51,1,0,Store,Tier 2,0
C13481,4,9.0,9,742.0,6675.0,3,0.48,0,0,Store,Tier 2,0
C13482,46,36.0,14,1151.0,18140.0,6,0.07,1,0,Both,Tier 2,0
C13483,19,35.0,16,1056.0,19857.0,3,0.32,1,0,Online,Tier 2,1
C13484,13,34.0,12,1039.0,10905.0,2,0.66,0,0,Store,Tier 2,0
C13485,29,88.0,9,1247.0,9281.0,2,0.18,0,0,Store,Tier 2,0
C13486,40,32.0,13,1181.0,14241.0,4,0.31,0,0,Store,Tier 1,0
C13487,22,36.0,10,552.0,6278.0,4,0.39,0,0,Both,Tier 2,0
C13488,41,35.0,16,901.0,13439.0,6,0.44,0,1,Both,Tier 2,0
C13489,25,20.0,14,811.0,9259.0,3,0.34,0,0,Online,Tier 2,0
C13490,21,8.0,13,661.0,7695.0,3,0.3,1,1,Store,Tier 2,0
C13491,28,35.0,22,523.0,9630.0,1,0.22,0,1,Store,Tier 1,0
C13492,25,88.0,14,761.0,9015.0,2,0.37,0,0,Store,,1
C13493,55,61.0,9,1320.0,12963.0,4,0.74,0,1,Store,Tier 2,0
C13494,28,65.0,10,915.0,9745.0,3,0.34,0,1,Store,Tier 2,0
C13495,10,224.0,5,709.0,3961.0,8,0.68,0,0,Store,Tier 2,1
C13496,19,306.0,2,1215.0,2568.0,4,0.82,0,1,Store,Tier 3,1
C13497,44,38.0,9,1294.0,11878.0,6,0.4,0,1,Both,Tier 1,0
C13498,43,95.0,9,977.0,10489.0,7,0.33,1,1,Store,Tier 1,0
C13499,55,57.0,15,1172.0,18705.0,3,0.75,0,1,Online,Tier 1,0
C13500,51,98.0,5,477.0,2169.0,3,0.41,0,0,Both,Tier 3,0
C13501,31,188.0,5,570.0,3131.0,2,0.27,1,0,Store,Tier 1,1
C13502,12,35.0,12,778.0,7883.0,2,0.33,0,0,Store,Tier 2,1
C13503,49,79.0,8,805.0,7119.0,4,0.28,0,0,Store,Tier 1,0
C13504,3,29.0,14,375.0,5868.0,2,0.09,1,0,Store,Tier 2,0
C13505,4,111.0,14,1103.0,14487.0,5,0.07,1,0,Online,Tier 2,0
C13506,51,4.0,16,847.0,14662.0,4,0.56,1,0,Online,Tier 1,1
C13507,30,79.0,13,150.0,1906.0,7,0.43,1,0,Store,Tier 2,1
C13508,27,46.0,10,,10264.0,5,0.07,0,0,Store,Tier 2,1
C13509,48,37.0,15,1125.0,15444.0,2,0.25,0,1,Both,Tier 1,0
C13510,42,63.0,10,1424.0,16637.0,3,0.38,1,0,Both,Tier 2,0
C13511,34,18.0,13,1126.0,14661.0,2,0.44,1,0,Both,Tier 3,0
C13512,41,47.0,19,934.0,20850.0,1,0.72,0,1,Store,Tier 1,0
C13513,7,105.0,6,938.0,6573.0,2,0.54,1,0,Store,Tier 2,0
C13514,49,50.0,13,1008.0,14771.0,5,0.26,0,1,Online,Tier 2,0
C13515,18,47.0,9,1024.0,10137.0,5,0.34,1,0,Store,Tier 2,0
C13516,35,40.0,15,388.0,6918.0,2,0.09,0,1,Store,Tier 1,0
C13517,54,50.0,15,778.0,11077.0,5,0.57,0,0,Both,Tier 2,0
C13518,56,32.0,8,886.0,8172.0,2,0.01,1,0,Store,Tier 1,0
C13519,7,18.0,12,999.0,10868.0,1,0.69,0,0,Store,Tier 3,0
C13520,18,12.0,13,1064.0,12724.0,2,0.8,0,0,Online,Tier 2,0
C13521,49,94.0,13,1131.0,15685.0,4,0.28,0,0,Store,Tier 3,0
C13522,27,70.0,14,1525.0,22388.0,2,0.67,0,1,Store,Tier 2,0
C13523,42,35.0,15,1248.0,16079.0,5,0.23,0,1,Both,Tier 3,0
C13524,17,19.0,8,475.0,3677.0,2,0.45,0,0,Online,Tier 2,0
C13525,39,72.0,19,1483.0,26342.0,4,0.57,1,0,Store,Tier 1,0
C13526,22,10.0,17,609.0,11730.0,5,0.34,0,0,Both,Tier 2,0
C13527,25,25.0,14,1410.0,15927.0,8,0.56,0,0,Store,Tier 1,0
C13528,20,19.0,14,876.0,13259.0,4,0.2,0,0,Store,Tier 2,0
C13529,58,6.0,27,254.0,6796.0,5,0.58,0,1,Online,Tier 3,0
C13530,34,37.0,11,930.0,11376.0,1,0.45,0,1,Store,Tier 2,0
C13531,41,126.0,7,1027.0,6445.0,2,0.89,0,1,Online,Tier 1,1
C13532,54,79.0,11,713.0,8974.0,7,0.75,0,0,Store,Tier 1,0
C13533,15,50.0,11,892.0,10656.0,4,0.8,0,0,Both,Tier 2,1
C13534,15,8.0,8,1000.0,8373.0,1,0.58,0,0,Store,Tier 1,1
C13535,46,10.0,7,1322.0,8377.0,2,0.2,0,1,Store,Tier 1,0
C13536,25,45.0,17,900.0,16117.0,4,0.48,0,0,Both,Tier 1,0
C13537,32,125.0,7,605.0,3850.0,8,0.47,0,0,Store,Tier 1,1
C13538,58,125.0,17,550.0,10253.0,4,0.51,1,1,Online,Tier 1,0
C13539,45,74.0,10,955.0,9067.0,4,0.11,0,1,Both,Tier 2,1
C13540,59,54.0,9,758.0,6367.0,6,0.35,0,0,Store,Tier 2,0
C13541,46,28.0,16,541.0,9569.0,4,0.19,1,1,Online,Tier 2,0
C13542,53,96.0,18,1239.0,18980.0,3,0.5,0,1,Both,Tier 1,0
C13543,36,55.0,10,1456.0,17053.0,3,0.6,1,0,Store,Tier 2,0
C13544,56,277.0,4,1373.0,5084.0,5,0.45,1,0,Both,Tier 2,1
C13545,16,61.0,15,1226.0,19465.0,7,0.08,0,0,Store,Tier 1,0
C13546,40,28.0,9,736.0,6963.0,7,0.55,0,1,Store,Tier 2,0
C13547,45,26.0,7,723.0,5339.0,4,0.35,1,1,Store,Tier 3,1
C13548,43,28.0,11,1598.0,14539.0,4,0.62,0,0,Both,Tier 3,0
C13549,51,7.0,12,690.0,9566.0,8,0.26,0,1,Store,Tier 2,0
C13550,13,177.0,6,752.0,3710.0,4,0.67,0,0,Both,Tier 2,1
C13551,57,47.0,19,1122.0,21337.0,3,0.37,0,1,Online,Tier 2,0
C13552,37,48.0,11,538.0,6788.0,5,0.4,0,1,Both,Tier 3,0
C13553,32,90.0,8,683.0,4442.0,2,0.37,2,1,Store,Tier 2,0
C13554,59,35.0,7,714.0,4090.0,3,0.56,1,1,Store,Tier 1,1
C13555,34,21.0,15,150.0,2071.0,4,0.49,1,0,Store,Tier 2,0
C13556,29,39.0,7,1153.0,8176.0,4,0.55,1,1,Online,Tier 2,0
C13557,25,9.0,15,1371.0,20973.0,8,0.26,1,0,Both,Tier 1,0
C13558,43,66.0,14,1140.0,16196.0,4,0.55,0,1,Store,Tier 1,0
C13559,24,109.0,8,667.0,5742.0,3,0.18,0,1,Store,Tier 2,0
C13560,9,28.0,14,1126.0,16676.0,4,0.64,0,0,Store,Tier 2,0
C13561,53,41.0,10,1071.0,11224.0,5,0.23,2,1,Online,Tier 3,0
C13562,53,54.0,12,793.0,9574.0,1,0.2,1,1,Store,Tier 1,0
C13563,1,11.0,9,1092.0,11772.0,3,0.56,1,1,Both,Tier 3,1
C13564,30,41.0,9,795.0,7049.0,5,0.15,1,1,Online,Tier 2,0
C13565,52,47.0,12,702.0,7860.0,6,0.17,0,1,Online,Tier 2,0
C13566,51,147.0,3,477.0,1399.0,5,0.39,0,1,Store,Tier 2,0
C13567,31,95.0,8,730.0,5110.0,3,0.49,0,0,Both,Tier 2,0
C13568,13,68.0,9,509.0,3791.0,7,0.12,0,0,Both,Tier 1,0
C13569,52,35.0,16,150.0,2200.0,7,0.42,0,1,Online,Tier 1,0
C13570,9,74.0,13,656.0,7430.0,3,0.62,0,0,Store,Tier 3,1
C13571,58,26.0,11,994.0,12121.0,5,0.81,0,0,Online,Tier 2,0
C13572,34,25.0,11,616.0,6264.0,6,0.37,0,0,Online,Tier 2,0
C13573,30,74.0,13,1419.0,18117.0,4,0.48,1,0,Store,Tier 3,1
C13574,51,33.0,15,1255.0,17014.0,6,0.71,2,1,Both,Tier 2,1
C13575,34,62.0,13,787.0,10220.0,4,0.08,0,1,Online,Tier 2,0
C13576,36,26.0,12,882.0,9377.0,4,0.11,0,0,Online,Tier 2,0
C13577,26,92.0,5,858.0,3617.0,6,0.47,0,0,Store,Tier 2,0
C13578,44,45.0,10,915.0,10443.0,2,0.48,0,0,Both,Tier 2,0
C13579,39,63.0,5,1500.0,6347.0,4,0.52,0,1,Store,Tier 3,0
C13580,29,219.0,9,835.0,8179.0,5,0.12,0,1,Store,Tier 2,0
C13581,4,97.0,9,1444.0,14576.0,3,0.38,0,0,Store,Tier 1,1
C13582,35,158.0,10,816.0,7749.0,1,0.55,0,1,Store,Tier 2,1
C13583,54,22.0,11,481.0,5035.0,4,0.2,0,1,Store,Tier 1,0
C13584,11,47.0,14,1086.0,13243.0,3,0.02,0,0,Store,Tier 1,0
C13585,31,49.0,10,760.0,7916.0,8,0.33,0,0,Store,Tier 3,0
C13586,2,180.0,4,867.0,3055.0,8,0.68,0,0,Both,Tier 1,1
C13587,27,67.0,7,1008.0,5724.0,3,0.4,1,1,Online,Tier 3,0
C13588,38,6.0,12,1161.0,14371.0,3,0.75,0,0,Online,Tier 2,0
C13589,20,31.0,12,171.0,2335.0,5,0.69,0,0,Store,Tier 1,0
C13590,26,152.0,8,588.0,5087.0,3,0.41,1,0,Store,Tier 2,1
C13591,41,91.0,6,1344.0,8484.0,3,0.11,0,1,Online,Tier 3,0
C13592,23,50.0,15,970.0,14046.0,2,0.24,0,0,Both,Tier 1,0
C13593,4,20.0,24,316.0,8479.0,4,0.42,0,0,Online,Tier 1,0
C13594,7,15.0,6,754.0,3698.0,5,0.53,0,0,Store,Tier 1,0
C13595,46,47.0,9,488.0,4200.0,3,0.28,0,1,Both,Tier 1,0
C13596,16,107.0,6,,4755.0,5,0.51,1,0,Both,Tier 2,1
C13597,19,17.0,14,581.0,9239.0,7,0.68,0,0,Online,Tier 3,0
C13598,41,98.0,6,835.0,4759.0,1,0.58,2,1,Store,Tier 3,0
C13599,29,29.0,13,1513.0,18974.0,3,0.6,0,0,Both,Tier 2,1
C13600,16,36.0,13,721.0,8431.0,6,0.17,0,0,Store,Tier 1,0
C13601,50,44.0,18,874.0,14315.0,2,0.49,0,0,Both,Tier 1,0
C13602,46,56.0,10,1256.0,15045.0,3,0.35,0,1,Store,Tier 3,0
C13603,40,35.0,16,1336.0,22422.0,3,0.09,0,1,Store,Tier 2,0
C13604,8,72.0,11,1064.0,12778.0,4,0.48,0,0,Both,Tier 3,0
C13605,46,60.0,11,751.0,7806.0,2,0.65,1,1,Both,Tier 1,0
C13606,39,50.0,10,904.0,10506.0,4,0.45,1,0,Store,Tier 1,0
C13607,31,36.0,22,815.0,16102.0,4,0.39,0,0,Both,Tier 2,0
C13608,22,99.0,8,577.0,5363.0,3,0.42,0,0,Online,Tier 1,0
C13609,24,163.0,13,1064.0,12635.0,5,0.66,0,0,Store,Tier 2,1
C13610,39,23.0,17,1233.0,18775.0,6,0.61,0,0,Both,Tier 1,0
C13611,42,99.0,13,884.0,11416.0,3,0.22,1,1,Both,Tier 2,0
C13612,55,15.0,11,1277.0,15239.0,4,0.25,0,0,Store,Tier 2,0
C13613,2,31.0,13,713.0,9853.0,6,0.28,0,0,Both,Tier 3,1
C13614,44,35.0,13,634.0,9436.0,1,0.11,1,1,Online,Tier 2,0
C13615,37,11.0,6,924.0,5897.0,3,0.65,0,1,Store,Tier 1,1
C13616,60,9.0,8,892.0,6840.0,5,0.69,0,0,Store,Tier 1,0
C13617,17,128.0,4,878.0,3029.0,5,0.29,0,1,Both,Tier 2,1
C13618,36,96.0,8,420.0,3345.0,2,0.35,0,0,Store,Tier 2,0
C13619,54,25.0,13,976.0,12197.0,2,0.22,1,0,Both,Tier 1,1
C13620,40,21.0,17,969.0,14089.0,4,0.52,1,0,Online,Tier 1,0
C13621,13,27.0,16,527.0,9065.0,3,0.75,0,1,Store,Tier 1,0
C13622,27,7.0,10,550.0,5146.0,3,0.5,0,0,Both,Tier 1,0
C13623,9,104.0,4,1059.0,3449.0,1,0.26,1,0,Both,Tier 1,1
C13624,40,40.0,11,1348.0,17731.0,3,0.91,0,0,Both,Tier 1,0
C13625,42,159.0,6,614.0,4296.0,1,0.03,1,1,Store,Tier 1,1
C13626,37,145.0,8,705.0,6079.0,4,0.46,0,0,Both,Tier 1,0
C13627,37,173.0,6,672.0,4618.0,3,0.69,0,0,Online,Tier 2,1
C13628,14,230.0,2,863.0,1465.0,5,0.86,0,0,Both,Tier 3,1
C13629,3,89.0,9,1256.0,9261.0,3,0.61,1,0,Store,Tier 1,1
C13630,31,34.0,14,1249.0,14303.0,5,0.14,0,1,Store,Tier 2,0
C13631,19,34.0,9,157.0,1510.0,2,0.18,1,0,Both,Tier 2,0
C13632,57,47.0,11,769.0,7968.0,3,0.39,0,0,Store,Tier 1,0
C13633,51,17.0,12,1082.0,15178.0,1,0.54,0,0,Online,Tier 2,0
C13634,38,127.0,10,571.0,6180.0,3,0.55,0,1,Online,Tier 1,0
C13635,27,28.0,22,725.0,17375.0,1,0.56,0,1,Store,Tier 3,0
C13636,17,23.0,13,1251.0,16929.0,4,0.3,0,0,Store,Tier 2,0
C13637,23,96.0,9,704.0,5353.0,3,0.42,0,0,Store,Tier 2,0
C13638,34,43.0,14,671.0,7872.0,5,0.71,1,0,Store,Tier 2,0
C13639,47,110.0,5,345.0,1999.0,4,0.22,0,1,Online,Tier 3,0
C13640,3,74.0,12,1054.0,14344.0,5,0.49,0,1,Online,Tier 1,0
C13641,52,38.0,14,987.0,11584.0,5,0.61,1,1,Store,Tier 1,0
C13642,17,42.0,8,532.0,4739.0,2,0.47,0,0,Store,Tier 1,1
C13643,12,126.0,13,1339.0,17070.0,2,0.68,1,0,Store,Tier 1,1
C13644,13,42.0,8,1150.0,10834.0,8,0.6,0,1,Online,Tier 2,0
C13645,50,106.0,9,1282.0,12290.0,6,0.31,0,0,Store,Tier 3,0
C13646,54,60.0,12,754.0,10270.0,6,0.41,0,1,Both,Tier 1,0
C13647,12,20.0,15,1096.0,18228.0,5,0.23,0,0,Store,Tier 2,0
C13648,49,29.0,7,1072.0,7479.0,6,0.65,0,1,Both,Tier 1,0
C13649,3,86.0,4,714.0,2902.0,2,0.78,1,0,Online,Tier 3,1
C13650,1,35.0,9,1053.0,9366.0,7,0.15,0,0,Store,Tier 2,1
C13651,52,68.0,13,513.0,7568.0,2,0.04,2,1,Store,Tier 2,0
C13652,10,72.0,10,897.0,7566.0,4,0.14,1,1,Both,Tier 3,0
C13653,57,113.0,12,1150.0,12903.0,6,0.46,1,0,Store,Tier 2,0
C13654,33,79.0,12,1111.0,15587.0,7,0.09,2,1,Both,Tier 1,0
C13655,19,60.0,16,503.0,8572.0,3,0.17,0,0,Online,Tier 1,0
C13656,30,69.0,11,597.0,6067.0,6,0.55,0,0,Store,Tier 2,0
C13657,3,12.0,14,1046.0,14761.0,2,0.2,1,0,Online,Tier 1,1
C13658,26,123.0,10,1195.0,10705.0,2,0.23,2,1,Store,Tier 3,0
C13659,29,77.0,12,1109.0,13883.0,4,0.6,0,0,Store,Tier 1,0
C13660,55,94.0,6,795.0,4256.0,5,0.25,1,1,Store,Tier 1,0
C13661,41,12.0,9,877.0,8932.0,3,0.6,0,0,Both,Tier 2,0
C13662,7,18.0,15,597.0,9094.0,3,0.45,2,1,Both,Tier 1,0
C13663,40,59.0,15,1031.0,17123.0,7,0.28,0,1,Store,Tier 3,0
C13664,13,62.0,7,777.0,5362.0,2,0.62,0,0,Store,,0
C13665,37,68.0,7,441.0,3520.0,4,0.29,0,1,Store,Tier 2,0
C13666,8,44.0,17,471.0,6638.0,1,0.44,0,0,Store,,0
C13667,49,131.0,5,898.0,5305.0,6,0.48,2,1,Both,Tier 2,0
C13668,4,100.0,15,804.0,11784.0,4,0.11,0,0,Store,Tier 1,0
C13669,1,269.0,3,1137.0,3917.0,8,0.13,0,0,Both,Tier 2,1
C13670,20,156.0,5,1497.0,6361.0,8,0.84,1,0,Online,Tier 2,1
C13671,2,31.0,8,1068.0,8001.0,1,0.4,0,0,Store,Tier 1,1
C13672,10,88.0,14,1253.0,15170.0,5,0.49,0,0,Both,Tier 2,0
C13673,55,11.0,18,325.0,5454.0,2,0.38,1,1,Online,Tier 1,0
C13674,39,64.0,11,992.0,11846.0,2,0.39,0,1,Store,Tier 1,1
C13675,4,8.0,12,986.0,11254.0,6,0.55,1,0,Online,Tier 3,0
C13676,60,81.0,6,873.0,6233.0,5,0.52,1,1,Online,Tier 2,0
C13677,33,30.0,11,363.0,3389.0,3,0.46,0,0,Store,Tier 1,1
C13678,45,65.0,16,617.0,9852.0,3,0.52,0,1,Both,Tier 2,0
C13679,54,231.0,6,164.0,801.0,8,0.54,1,0,Both,Tier 1,1
C13680,45,10.0,12,1127.0,13061.0,7,0.46,0,1,Both,Tier 2,0
C13681,45,17.0,14,874.0,12651.0,3,0.11,0,1,Store,Tier 2,0
C13682,14,106.0,9,933.0,9711.0,6,0.51,0,1,Online,Tier 2,0
C13683,34,58.0,13,1537.0,16028.0,4,0.25,2,0,Both,Tier 2,0
C13684,39,64.0,10,732.0,8244.0,3,0.56,0,1,Store,Tier 2,0
C13685,41,59.0,8,532.0,4688.0,2,0.19,0,1,Both,Tier 1,0
C13686,17,43.0,10,1276.0,10738.0,4,0.36,0,0,Store,Tier 1,1
C13687,17,32.0,18,1224.0,17663.0,3,0.53,0,0,Store,Tier 1,0
C13688,40,63.0,11,1365.0,14180.0,5,0.84,0,1,Store,Tier 1,0
C13689,20,68.0,16,1302.0,24200.0,8,0.31,0,0,Store,Tier 1,0
C13690,36,61.0,7,497.0,2832.0,4,0.26,0,1,Store,Tier 2,0
C13691,43,32.0,11,821.0,9931.0,5,0.27,0,1,Store,Tier 2,0
C13692,23,23.0,12,624.0,7744.0,3,0.07,0,0,Store,Tier 1,1
C13693,52,92.0,12,1039.0,14394.0,6,0.52,1,1,Store,Tier 2,0
C13694,38,230.0,5,1277.0,6346.0,2,0.28,0,0,Store,Tier 2,1
C13695,4,60.0,14,499.0,8242.0,2,0.1,0,0,Store,Tier 1,0
C13696,19,18.0,11,1182.0,12052.0,5,0.19,1,0,Store,Tier 2,1
C13697,28,41.0,13,956.0,11809.0,2,0.4,0,0,Store,Tier 2,0
C13698,33,4.0,17,928.0,17401.0,7,0.59,0,1,Both,Tier 2,0
C13699,20,32.0,15,1057.0,14488.0,3,0.31,0,0,Store,Tier 3,0
C13700,33,109.0,11,1635.0,18345.0,2,0.36,0,0,Online,Tier 1,0
C13701,56,10.0,11,1376.0,17982.0,4,0.2,0,0,Store,Tier 2,1
C13702,47,29.0,11,1046.0,9473.0,5,0.3,1,1,Store,Tier 2,0
C13703,22,72.0,12,503.0,5124.0,8,0.21,0,0,Store,Tier 1,0
C13704,4,44.0,16,793.0,13423.0,3,0.34,0,0,Both,Tier 2,0
C13705,16,18.0,8,745.0,5927.0,6,0.8,1,0,Store,Tier 2,0
C13706,48,91.0,6,982.0,5940.0,3,0.52,2,1,Store,Tier 2,1
C13707,2,43.0,11,725.0,8821.0,8,0.39,0,1,Both,Tier 1,0
C13708,18,156.0,9,816.0,6610.0,3,0.65,1,0,Online,Tier 1,1
C13709,25,41.0,11,882.0,10316.0,8,0.1,0,1,Store,Tier 1,0
C13710,46,34.0,15,849.0,13205.0,5,0.21,0,1,Store,Tier 1,0
C13711,24,31.0,16,764.0,13922.0,5,0.4,0,0,Online,Tier 3,0
C13712,59,6.0,13,1510.0,16522.0,5,0.41,1,1,Store,Tier 2,0
C13713,1,59.0,15,515.0,7572.0,4,0.1,1,0,Both,Tier 2,0
C13714,31,11.0,15,1364.0,22952.0,5,0.46,0,0,Store,Tier 1,0
C13715,49,29.0,18,1319.0,20822.0,5,0.46,0,0,Both,Tier 3,0
C13716,22,34.0,13,344.0,4386.0,6,0.15,1,0,Store,Tier 1,1
C13717,24,147.0,14,1097.0,17828.0,4,0.55,0,0,Store,Tier 1,0
C13718,51,98.0,11,1426.0,16756.0,4,0.04,0,1,Store,Tier 2,0
C13719,51,22.0,15,1001.0,12364.0,2,0.56,0,1,Store,Tier 1,0
C13720,33,24.0,9,1327.0,10140.0,7,0.59,0,0,Store,Tier 3,0
C13721,37,59.0,13,269.0,4062.0,6,0.57,0,0,Both,Tier 1,0
C13722,47,49.0,9,916.0,6929.0,6,0.43,0,1,Store,Tier 2,0
C13723,52,19.0,12,908.0,12617.0,1,0.73,1,0,Online,Tier 3,1
C13724,36,62.0,12,918.0,9177.0,1,0.71,0,0,Both,Tier 3,1
C13725,55,92.0,6,801.0,4099.0,3,0.29,1,0,Store,Tier 1,0
C13726,56,5.0,11,937.0,10833.0,2,0.68,1,0,Both,Tier 1,0
C13727,2,37.0,8,1217.0,8157.0,4,0.14,0,0,Both,Tier 2,0
C13728,12,81.0,14,413.0,5924.0,3,0.24,0,0,Both,Tier 3,0
C13729,41,203.0,4,582.0,2090.0,5,0.21,0,0,Online,Tier 2,1
C13730,16,112.0,3,902.0,2188.0,3,0.38,0,0,Online,Tier 1,1
C13731,42,50.0,16,1368.0,21178.0,3,0.32,0,0,Store,Tier 1,0
C13732,15,17.0,18,1070.0,22665.0,4,0.36,0,0,Both,Tier 2,0
C13733,14,2.0,9,873.0,8065.0,4,0.64,0,1,Online,Tier 2,0
C13734,60,21.0,18,831.0,12998.0,3,0.36,0,1,Online,Tier 2,0
C13735,20,103.0,13,1165.0,17933.0,8,0.72,1,0,Store,Tier 2,1
C13736,58,139.0,6,833.0,4470.0,3,0.3,1,1,Both,Tier 2,0
C13737,6,36.0,21,1735.0,40671.0,2,0.48,1,1,Online,Tier 2,0
C13738,32,3.0,13,1587.0,24667.0,3,0.66,0,1,Store,Tier 1,1
C13739,13,66.0,20,1133.0,22989.0,2,0.18,0,1,Online,Tier 1,0
C13740,35,6.0,12,946.0,12134.0,3,0.39,0,1,Both,Tier 1,0
C13741,52,111.0,6,863.0,4411.0,6,0.45,0,1,Both,Tier 2,0
C13742,45,18.0,11,722.0,9307.0,2,0.73,0,1,Both,Tier 3,0
C13743,40,37.0,21,1128.0,24960.0,5,0.28,0,1,Store,Tier 2,0
C13744,37,59.0,11,777.0,7443.0,4,0.55,0,1,Online,Tier 1,0
C13745,52,11.0,16,1428.0,22249.0,5,0.49,0,1,Both,Tier 1,0
C13746,23,48.0,12,413.0,4774.0,2,0.21,1,1,Both,Tier 3,0
C13747,51,87.0,14,1161.0,13126.0,3,0.45,0,1,Both,Tier 1,0
C13748,20,59.0,9,724.0,6754.0,4,0.52,0,1,Store,Tier 2,0
C13749,28,15.0,11,1202.0,14252.0,3,0.7,1,0,Store,Tier 3,1
C13750,40,22.0,19,1269.0,23078.0,2,0.38,0,1,Both,Tier 2,0
C13751,48,102.0,15,960.0,15692.0,3,0.4,1,0,Store,Tier 2,1
C13752,45,76.0,8,1026.0,9524.0,4,0.32,0,0,Store,Tier 1,0
C13753,23,12.0,8,1118.0,10249.0,6,0.33,0,1,Store,Tier 1,0
C13754,45,29.0,12,1360.0,16758.0,5,0.49,1,1,Online,Tier 3,0
C13755,14,97.0,8,1235.0,8393.0,3,0.37,1,1,Online,Tier 2,0
C13756,52,52.0,13,1463.0,20775.0,4,0.44,0,1,Both,Tier 2,0
C13757,18,16.0,26,1010.0,24443.0,2,0.29,0,0,Store,Tier 2,0
C13758,43,113.0,9,1029.0,9961.0,5,0.44,1,1,Both,Tier 2,1
C13759,55,30.0,9,1170.0,12311.0,4,0.35,0,1,Both,Tier 2,0
C13760,46,187.0,6,822.0,4638.0,4,0.39,0,1,Both,Tier 3,0
C13761,47,109.0,19,991.0,18026.0,3,0.42,1,0,Store,Tier 3,0
C13762,59,27.0,17,468.0,6593.0,4,0.27,0,1,Both,Tier 2,0
C13763,14,101.0,10,891.0,9988.0,3,0.15,0,0,Store,Tier 1,0
C13764,50,21.0,12,980.0,11373.0,6,0.32,1,1,Store,Tier 1,0
C13765,6,12.0,18,947.0,18887.0,3,0.65,0,1,Both,Tier 1,0
C13766,45,15.0,8,377.0,3062.0,3,0.58,0,1,Store,Tier 1,0
C13767,42,70.0,23,552.0,13297.0,3,0.62,0,1,Store,Tier 2,1
C13768,31,50.0,10,566.0,5914.0,2,0.63,2,0,Store,Tier 1,0
C13769,26,39.0,10,1102.0,11032.0,4,0.68,1,1,Store,Tier 3,0
C13770,49,9.0,11,1052.0,13295.0,3,0.75,0,1,Online,Tier 1,0
C13771,31,164.0,10,1120.0,13089.0,5,0.41,0,1,Store,Tier 2,1
C13772,38,128.0,6,150.0,787.0,3,0.41,1,1,Online,Tier 3,1
C13773,47,15.0,10,,15005.0,4,0.63,0,1,Both,Tier 1,0
C13774,32,39.0,20,689.0,12757.0,6,0.32,1,1,Store,Tier 1,0
C13775,45,82.0,14,784.0,11372.0,4,0.56,2,1,Both,Tier 2,0
C13776,55,36.0,16,783.0,12403.0,3,0.22,0,1,Both,Tier 1,0
C13777,9,29.0,10,1367.0,11583.0,7,0.07,0,0,Both,Tier 3,0
C13778,15,92.0,11,869.0,8516.0,3,0.16,0,0,Both,Tier 1,1
C13779,18,42.0,12,1534.0,19369.0,4,0.39,0,1,Both,Tier 2,0
C13780,15,71.0,12,749.0,7737.0,4,0.06,0,0,Store,Tier 2,0
C13781,33,86.0,11,1167.0,12984.0,6,0.33,0,1,Online,Tier 2,0
C13782,12,7.0,12,851.0,8758.0,5,0.13,0,0,Both,Tier 1,0
C13783,7,29.0,14,1612.0,19374.0,3,0.13,0,0,Both,Tier 3,0
C13784,17,169.0,8,1066.0,9036.0,5,0.59,0,1,Store,Tier 1,0
C13785,34,106.0,5,982.0,5308.0,7,0.15,0,0,Store,Tier 2,1
C13786,55,3.0,17,1193.0,18957.0,5,0.18,0,1,Both,Tier 2,0
C13787,29,86.0,8,1346.0,12805.0,5,0.35,0,1,Both,Tier 3,0
C13788,59,12.0,15,709.0,10651.0,1,0.66,0,1,Store,Tier 2,0
C13789,19,5.0,11,1336.0,16072.0,2,0.56,0,1,Store,Tier 2,0
C13790,22,81.0,11,1146.0,15019.0,5,0.34,0,0,Store,Tier 3,0
C13791,60,68.0,10,1141.0,11943.0,1,0.37,0,1,Both,Tier 2,0
C13792,52,18.0,14,663.0,8021.0,4,0.54,0,1,Store,Tier 3,0
C13793,29,117.0,6,150.0,843.0,5,0.33,0,1,Store,Tier 3,0
C13794,25,137.0,15,564.0,9357.0,4,0.41,0,1,Both,Tier 2,0
C13795,46,13.0,15,815.0,12386.0,2,0.04,3,1,Store,,0
C13796,18,82.0,7,480.0,3921.0,1,0.3,0,1,Online,Tier 1,0
C13797,16,19.0,8,971.0,7442.0,5,0.65,0,1,Store,Tier 3,0
C13798,26,138.0,7,840.0,5714.0,2,0.65,0,1,Online,Tier 2,1
C13799,21,114.0,10,827.0,7472.0,5,0.68,0,0,Store,Tier 1,1
C13800,23,6.0,15,825.0,12620.0,4,0.15,1,1,Store,Tier 2,0
C13801,38,133.0,13,803.0,11725.0,2,0.23,0,0,Both,Tier 1,0
C13802,55,17.0,19,1143.0,25564.0,4,0.19,0,1,Both,Tier 3,0
C13803,5,22.0,16,1134.0,19498.0,2,0.41,0,1,Both,Tier 1,0
C13804,54,7.0,10,720.0,7369.0,5,0.27,1,1,Store,Tier 1,0
C13805,28,6.0,15,1283.0,20675.0,4,0.32,0,0,Online,Tier 2,0
C13806,3,73.0,8,808.0,5245.0,6,0.21,0,0,Both,Tier 2,1
C13807,12,15.0,12,1606.0,17754.0,3,0.11,0,1,Store,Tier 1,0
C13808,13,15.0,9,1318.0,10869.0,6,0.3,0,0,Store,Tier 1,1
C13809,59,160.0,8,1327.0,10199.0,5,0.65,0,1,Store,Tier 3,0
C13810,12,84.0,11,878.0,10200.0,1,0.38,0,0,Store,Tier 2,0
C13811,22,57.0,13,947.0,14764.0,2,0.19,1,0,Both,Tier 1,0
C13812,44,134.0,10,572.0,5503.0,2,0.47,1,1,Store,Tier 3,0
C13813,7,47.0,7,717.0,5678.0,5,0.38,0,0,Both,Tier 2,0
C13814,46,31.0,12,373.0,4665.0,4,0.5,2,1,Store,Tier 2,0
C13815,35,120.0,8,880.0,6824.0,3,0.79,0,1,Online,Tier 1,1
C13816,58,125.0,12,1222.0,14375.0,7,0.47,0,1,Both,Tier 1,0
C13817,38,18.0,9,906.0,9157.0,4,0.43,0,0,Store,Tier 2,0
C13818,35,62.0,17,801.0,16209.0,4,0.1,0,1,Both,Tier 3,0
C13819,26,51.0,9,1171.0,9443.0,4,0.17,1,1,Online,Tier 2,0
C13820,37,44.0,14,878.0,12574.0,2,0.28,0,0,Store,Tier 1,0
C13821,39,128.0,8,925.0,8252.0,2,0.37,0,1,Both,Tier 3,0
C13822,27,157.0,14,329.0,4430.0,3,0.08,0,0,Both,Tier 1,1
C13823,8,59.0,6,1442.0,8567.0,3,0.37,0,0,Both,Tier 2,0
C13824,25,113.0,11,992.0,11956.0,2,0.09,0,1,Online,Tier 2,1
C13825,22,147.0,7,1181.0,9811.0,3,0.26,0,0,Both,Tier 2,0
C13826,11,12.0,13,1035.0,12075.0,2,0.23,1,0,Store,Tier 1,0
C13827,41,81.0,19,850.0,13067.0,5,0.2,1,1,Store,Tier 1,0
C13828,14,96.0,10,1232.0,14638.0,7,0.75,1,0,Store,Tier 1,0
C13829,34,47.0,13,939.0,10018.0,5,0.19,2,0,Store,Tier 1,0
C13830,5,50.0,9,385.0,3709.0,5,0.32,0,1,Store,Tier 2,0
C13831,7,73.0,10,1075.0,8834.0,6,0.48,0,0,Store,Tier 1,0
C13832,34,61.0,15,1101.0,15856.0,4,0.5,0,1,Both,Tier 1,1
C13833,59,59.0,15,902.0,12144.0,5,0.94,0,1,Online,Tier 1,1
C13834,11,274.0,3,388.0,1261.0,4,0.87,1,0,Both,Tier 2,1
C13835,26,32.0,13,389.0,4665.0,2,0.63,0,1,Online,Tier 2,0
C13836,21,21.0,15,903.0,12287.0,5,0.65,0,0,Online,Tier 3,0
C13837,3,95.0,11,394.0,4556.0,3,0.3,1,0,Store,Tier 2,0
C13838,58,117.0,11,741.0,7205.0,5,0.24,0,1,Online,Tier 3,0
C13839,49,20.0,16,1468.0,23944.0,4,0.64,1,0,Both,Tier 1,0
C13840,60,30.0,14,1362.0,16592.0,3,0.28,0,1,Online,Tier 2,0
C13841,40,4.0,15,300.0,5397.0,4,0.14,0,0,Store,Tier 2,0
C13842,47,146.0,9,254.0,2033.0,3,0.48,0,0,Store,Tier 1,1
C13843,40,33.0,18,867.0,15947.0,2,0.51,0,1,Online,Tier 1,0
C13844,7,30.0,11,926.0,10398.0,4,0.45,0,0,Store,Tier 1,0
C13845,33,113.0,10,1538.0,12913.0,5,0.64,0,1,Store,Tier 3,0
C13846,4,21.0,16,975.0,12719.0,4,0.36,1,1,Store,Tier 1,0
C13847,50,28.0,9,709.0,6960.0,5,0.27,1,1,Store,Tier 2,0
C13848,7,141.0,6,866.0,6200.0,5,0.13,1,0,Both,Tier 2,1
C13849,24,23.0,16,746.0,14000.0,2,0.58,0,1,Both,Tier 1,0
C13850,19,54.0,11,1023.0,12061.0,5,0.26,1,0,Online,Tier 2,0
C13851,2,35.0,11,1251.0,11274.0,5,0.2,0,0,Store,Tier 1,0
C13852,40,79.0,10,1107.0,12908.0,2,0.12,2,0,Store,Tier 2,0
C13853,15,11.0,15,596.0,9231.0,3,0.42,0,0,Store,Tier 3,1
C13854,14,27.0,16,780.0,13525.0,4,0.21,0,1,Store,Tier 1,0
C13855,58,14.0,8,232.0,1523.0,2,0.49,0,0,Store,Tier 3,0
C13856,46,93.0,9,1148.0,12144.0,4,0.3,2,0,Both,Tier 2,1
C13857,25,50.0,16,1143.0,19938.0,3,0.14,0,0,Both,Tier 1,0
C13858,16,35.0,20,912.0,19887.0,2,0.21,0,0,Both,Tier 1,1
C13859,30,78.0,9,1218.0,8826.0,7,0.1,2,1,Store,Tier 2,0
C13860,9,34.0,15,1161.0,17793.0,5,0.45,0,0,Store,Tier 3,0
C13861,2,16.0,14,744.0,11791.0,5,0.21,0,0,Both,Tier 1,0
C13862,12,10.0,10,789.0,9184.0,6,0.31,2,1,Both,Tier 2,0
C13863,47,18.0,15,1152.0,19779.0,5,0.62,0,1,Online,Tier 2,0
C13864,43,72.0,18,1159.0,18800.0,3,0.58,0,1,Store,Tier 3,0
C13865,10,132.0,12,260.0,3669.0,4,0.87,0,0,Both,Tier 2,1
C13866,50,49.0,14,1608.0,18557.0,4,0.51,0,0,Both,Tier 3,0
C13867,26,65.0,20,962.0,21270.0,6,0.25,0,0,Store,Tier 1,1
C13868,30,79.0,12,888.0,8976.0,7,0.44,0,0,Both,Tier 1,1
C13869,60,70.0,11,850.0,10751.0,4,0.56,0,1,Store,Tier 2,0
C13870,3,143.0,10,850.0,9179.0,4,0.1,1,0,Store,Tier 3,1
C13871,24,51.0,11,1342.0,13699.0,2,0.64,1,0,Store,Tier 2,1
C13872,5,68.0,6,1369.0,8210.0,3,0.48,1,0,Store,Tier 2,1
C13873,51,11.0,13,598.0,7491.0,2,0.52,0,1,Store,Tier 1,1
C13874,25,22.0,10,791.0,7910.0,4,0.2,0,0,Store,Tier 1,0
C13875,35,109.0,11,1750.0,15681.0,4,0.33,0,0,Store,Tier 1,0
C13876,5,89.0,8,513.0,3780.0,4,0.63,0,0,Store,Tier 3,0
C13877,10,73.0,17,513.0,7361.0,4,0.32,1,1,Store,Tier 1,0
C13878,34,15.0,12,462.0,6153.0,4,0.23,0,0,Store,Tier 2,0
C13879,1,68.0,13,1291.0,19302.0,2,0.18,2,1,Both,Tier 2,0
C13880,59,31.0,14,1031.0,13246.0,2,0.48,1,0,Store,Tier 2,0
C13881,1,82.0,5,1003.0,4344.0,4,0.15,2,0,Both,Tier 1,0
C13882,2,13.0,13,610.0,9435.0,2,0.53,0,0,Both,Tier 3,0
C13883,1,31.0,14,812.0,13434.0,2,0.26,0,0,Both,Tier 2,0
C13884,31,234.0,4,1354.0,6030.0,6,0.5,0,0,Store,Tier 1,1
C13885,54,51.0,15,1050.0,17422.0,2,0.2,0,1,Both,Tier 1,0
C13886,26,115.0,5,744.0,3105.0,4,0.17,0,1,Store,Tier 1,0
C13887,5,26.0,10,1252.0,14894.0,4,0.38,0,1,Store,Tier 1,0
C13888,7,37.0,12,657.0,7785.0,2,0.27,1,0,Store,Tier 3,0
C13889,17,28.0,10,1060.0,11404.0,7,0.12,2,0,Store,Tier 2,1
C13890,16,100.0,6,708.0,3470.0,1,0.16,0,0,Online,Tier 2,0
C13891,6,47.0,12,979.0,10138.0,3,0.19,0,1,Store,Tier 2,0
C13892,6,96.0,11,586.0,5860.0,1,0.03,1,0,Store,Tier 1,1
C13893,32,5.0,16,953.0,18056.0,4,0.32,0,1,Store,Tier 2,0
C13894,28,34.0,14,532.0,8829.0,2,0.4,0,1,Both,Tier 3,0
C13895,13,50.0,10,595.0,4956.0,5,0.39,0,1,Both,Tier 2,0
C13896,36,61.0,7,1119.0,9033.0,3,0.34,0,0,Store,Tier 3,1
C13897,51,110.0,15,1302.0,22291.0,5,0.54,1,1,Both,,0
C13898,32,36.0,14,1186.0,19186.0,2,0.58,1,1,Both,Tier 1,0
C13899,20,39.0,9,1110.0,9712.0,4,0.46,1,0,Online,Tier 2,0
C13900,5,23.0,17,868.0,14719.0,2,0.26,1,0,Both,Tier 1,0
C13901,1,162.0,10,1211.0,10807.0,3,0.33,0,1,Store,Tier 2,1
C13902,25,1.0,8,865.0,6227.0,6,0.34,0,0,Store,Tier 3,0
C13903,53,5.0,15,1585.0,22556.0,2,0.37,0,1,Both,Tier 2,0
C13904,12,133.0,5,1575.0,9158.0,2,0.08,0,1,Both,Tier 1,1
C13905,15,35.0,12,1207.0,14342.0,4,0.42,0,0,Store,Tier 1,0
C13906,37,72.0,11,1015.0,12461.0,2,0.41,0,0,Online,Tier 1,1
C13907,49,11.0,17,579.0,11663.0,3,0.35,1,0,Store,Tier 2,0
C13908,23,100.0,13,738.0,11120.0,3,0.34,1,0,Online,Tier 1,0
C13909,11,162.0,8,,7998.0,1,0.64,0,0,Store,Tier 1,0
C13910,16,71.0,14,477.0,6362.0,4,0.03,0,0,Store,Tier 2,0
C13911,39,153.0,8,972.0,6585.0,5,0.53,0,1,Store,Tier 1,0
C13912,31,5.0,4,824.0,3904.0,3,0.7,0,0,Store,Tier 2,1
C13913,28,45.0,10,542.0,6484.0,2,0.36,1,1,Online,Tier 2,0
C13914,60,144.0,2,1558.0,3206.0,4,0.4,1,1,Both,Tier 1,1
C13915,36,30.0,5,970.0,5470.0,2,0.2,0,1,Both,Tier 2,0
C13916,48,97.0,11,946.0,9619.0,4,0.74,0,0,Online,Tier 2,1
C13917,57,46.0,11,1005.0,11284.0,3,0.25,0,1,Store,Tier 2,0
C13918,38,207.0,2,1105.0,2213.0,1,0.41,0,1,Store,Tier 2,1
C13919,5,57.0,11,702.0,7733.0,4,0.34,0,0,Store,Tier 1,0
C13920,49,53.0,13,741.0,8352.0,5,0.4,1,0,Both,Tier 3,0
C13921,50,67.0,7,1033.0,8072.0,4,0.72,1,0,Both,Tier 3,0
C13922,37,31.0,15,749.0,10425.0,1,0.45,0,1,Both,Tier 2,0
C13923,23,53.0,14,720.0,12065.0,5,0.53,0,0,Store,Tier 1,0
C13924,59,28.0,10,1124.0,10291.0,7,0.31,1,0,Store,Tier 1,0
C13925,56,99.0,15,1563.0,19044.0,5,0.53,1,1,Online,Tier 2,1
C13926,4,68.0,12,1066.0,14754.0,5,0.54,0,0,Store,Tier 1,1
C13927,33,82.0,8,953.0,8091.0,3,0.14,0,0,Both,Tier 1,1
C13928,3,28.0,18,1135.0,19614.0,8,0.66,0,0,Store,Tier 1,0
C13929,59,38.0,10,759.0,8803.0,4,0.27,0,1,Both,Tier 1,0
C13930,48,153.0,7,639.0,4221.0,6,0.78,0,0,Store,Tier 3,1
C13931,50,63.0,13,810.0,8956.0,5,0.53,2,1,Store,Tier 1,0
C13932,10,53.0,11,1163.0,12094.0,4,0.36,0,0,Online,Tier 1,1
C13933,12,51.0,19,1525.0,24789.0,3,0.33,0,0,Store,Tier 1,0
C13934,4,33.0,11,266.0,2518.0,5,0.22,0,0,Online,Tier 2,0
C13935,13,15.0,17,1065.0,14872.0,4,0.12,1,1,Store,Tier 3,0
C13936,39,109.0,10,872.0,8337.0,3,0.71,0,1,Both,Tier 1,1
C13937,43,32.0,8,1530.0,14083.0,5,0.71,0,1,Store,Tier 3,0
C13938,4,32.0,9,1381.0,11336.0,7,0.32,0,1,Online,Tier 1,0
C13939,9,58.0,14,1139.0,15128.0,5,0.6,1,1,Store,Tier 2,1
C13940,17,52.0,11,993.0,10052.0,4,0.47,1,1,Both,Tier 2,0
C13941,33,23.0,16,921.0,11970.0,1,0.26,0,0,Store,Tier 1,0
C13942,8,51.0,13,907.0,11258.0,6,0.28,0,1,Online,Tier 2,0
C13943,13,35.0,18,488.0,10127.0,4,0.53,0,0,Both,Tier 2,0
C13944,59,65.0,15,716.0,11251.0,4,0.34,0,1,Both,Tier 1,0
C13945,24,4.0,18,882.0,17987.0,2,0.25,0,1,Store,Tier 3,0
C13946,56,42.0,10,992.0,11212.0,1,0.51,1,1,Both,Tier 1,0
C13947,27,60.0,11,924.0,8822.0,8,0.45,0,0,Both,Tier 2,0
C13948,53,29.0,12,786.0,8687.0,4,0.55,0,1,Store,Tier 2,0
C13949,44,101.0,5,1005.0,5624.0,3,0.08,0,1,Store,Tier 2,1
C13950,52,98.0,13,1572.0,16438.0,6,0.69,1,1,Online,Tier 1,0
C13951,55,37.0,8,1278.0,9624.0,5,0.36,0,1,Both,Tier 1,0
C13952,6,14.0,10,1304.0,11587.0,4,0.25,0,0,Store,Tier 2,0
C13953,19,40.0,13,1180.0,17565.0,3,0.55,1,1,Store,Tier 2,0
C13954,40,18.0,10,1546.0,17540.0,7,0.53,1,1,Both,Tier 2,0
C13955,15,76.0,7,939.0,7424.0,4,0.35,0,1,Store,Tier 2,0
C13956,55,24.0,19,1345.0,30321.0,4,0.6,0,1,Store,Tier 2,0
C13957,21,8.0,19,996.0,19446.0,7,0.69,1,1,Store,Tier 1,0
C13958,38,4.0,15,150.0,1939.0,4,0.18,0,1,Both,Tier 2,0
C13959,54,48.0,16,1037.0,19439.0,4,0.72,1,1,Both,Tier 2,0
C13960,31,51.0,7,1027.0,7902.0,6,0.2,0,0,Online,Tier 3,0
C13961,26,44.0,10,199.0,2370.0,1,0.54,1,0,Both,Tier 2,1
C13962,24,16.0,16,755.0,13360.0,5,0.52,1,1,Store,Tier 1,0
C13963,41,91.0,7,1074.0,7602.0,5,0.13,0,1,Store,Tier 1,0
C13964,22,17.0,10,517.0,4884.0,5,0.17,0,1,Both,Tier 1,0
C13965,33,29.0,20,940.0,19510.0,5,0.27,0,1,Store,Tier 2,0
C13966,21,81.0,14,1003.0,13230.0,4,0.49,0,0,Online,Tier 2,0
C13967,35,18.0,18,1186.0,23660.0,6,0.06,2,1,Store,Tier 2,1
C13968,5,82.0,11,1371.0,17297.0,4,0.7,0,0,Store,Tier 3,1
C13969,13,25.0,13,287.0,3608.0,2,0.48,0,0,Both,Tier 3,0
C13970,58,36.0,14,1206.0,15491.0,2,0.45,1,1,Store,Tier 1,0
C13971,27,159.0,7,1356.0,7703.0,5,0.36,0,1,Both,Tier 2,1
C13972,18,68.0,12,442.0,4385.0,2,0.48,1,1,Online,Tier 2,0
C13973,55,74.0,13,459.0,5877.0,2,0.41,0,1,Store,Tier 3,0
C13974,18,63.0,11,1088.0,12229.0,6,0.87,0,0,Store,Tier 3,0
C13975,25,48.0,9,328.0,2804.0,5,0.78,0,1,Store,Tier 2,0
C13976,22,66.0,5,775.0,3347.0,5,0.74,0,0,Both,Tier 2,0
C13977,46,28.0,10,996.0,8478.0,6,0.65,0,0,Store,Tier 2,0
C13978,46,91.0,14,1199.0,15954.0,3,0.4,0,1,Both,Tier 1,0
C13979,39,24.0,13,528.0,7875.0,2,0.22,1,1,Online,Tier 1,0
C13980,13,50.0,15,560.0,8293.0,8,0.38,2,0,Both,Tier 3,0
C13981,10,348.0,0,769.0,0.0,2,0.48,3,0,Store,Tier 3,1
C13982,46,31.0,10,1173.0,9677.0,5,0.17,1,1,Online,Tier 2,0
C13983,20,89.0,12,668.0,8290.0,3,0.08,1,0,Both,Tier 3,0
C13984,60,48.0,15,953.0,11630.0,7,0.6,0,1,Store,Tier 1,0
C13985,58,66.0,13,1032.0,14741.0,2,0.5,0,1,Both,Tier 2,0
C13986,5,37.0,14,764.0,9192.0,2,0.32,0,0,Online,Tier 2,0
C13987,38,24.0,15,772.0,13236.0,3,0.33,0,0,Store,Tier 3,0
C13988,49,68.0,13,579.0,7738.0,4,0.71,0,1,Both,Tier 1,1
C13989,38,58.0,13,1043.0,15433.0,7,0.77,0,1,Online,Tier 1,1
C13990,37,76.0,12,1034.0,14395.0,4,0.14,0,1,Both,Tier 1,0
C13991,1,116.0,10,1040.0,9941.0,5,0.59,0,0,Store,Tier 1,1
C13992,42,14.0,16,720.0,12808.0,3,0.2,0,1,Both,Tier 1,0
C13993,2,24.0,10,1140.0,13172.0,3,0.48,0,1,Store,Tier 2,1
C13994,21,28.0,12,190.0,2616.0,6,0.14,0,1,Online,Tier 2,0
C13995,53,46.0,16,1162.0,19101.0,4,0.27,0,1,Both,Tier 2,0
C13996,17,22.0,10,1393.0,15036.0,5,0.67,0,0,Both,Tier 2,0
C13997,51,111.0,9,656.0,6715.0,4,0.74,1,1,Store,Tier 2,0
C13998,9,33.0,11,808.0,7844.0,3,0.28,0,1,Online,Tier 2,0
C13999,20,26.0,14,1532.0,19440.0,5,0.35,0,1,Both,Tier 2,0
C14000,26,105.0,11,554.0,6340.0,2,0.42,1,0,Store,Tier 2,1
C14001,6,104.0,8,839.0,7358.0,3,0.49,0,0,Store,Tier 2,1
C14002,51,36.0,9,1129.0,10058.0,8,0.43,0,0,Store,Tier 2,0
C14003,42,185.0,7,1508.0,9276.0,4,0.12,2,1,Online,Tier 1,1
C14004,3,67.0,14,1287.0,14453.0,4,0.17,0,1,Online,Tier 1,0
C14005,47,91.0,8,1008.0,9355.0,3,0.5,0,0,Both,Tier 2,1
C14006,20,11.0,13,537.0,6597.0,6,0.71,0,0,Both,Tier 3,0
C14007,18,38.0,10,778.0,7303.0,6,0.55,0,0,Store,Tier 2,1
C14008,51,41.0,13,527.0,8214.0,7,0.15,0,0,Online,Tier 2,0
C14009,26,24.0,13,1119.0,15804.0,5,0.72,0,0,Store,Tier 3,0
C14010,59,57.0,15,1087.0,19477.0,6,0.62,0,1,Both,Tier 2,1
C14011,33,16.0,11,1074.0,11924.0,5,0.55,0,0,Online,Tier 2,0
C14012,23,7.0,24,1135.0,25798.0,5,0.7,2,0,Online,Tier 3,0
C14013,19,28.0,13,1299.0,18499.0,1,0.24,0,1,Store,Tier 2,0
C14014,13,15.0,15,1425.0,19262.0,3,0.5,0,0,Both,Tier 1,0
C14015,2,37.0,17,671.0,11004.0,4,0.57,0,0,Both,Tier 1,1
C14016,35,66.0,8,1021.0,9046.0,4,0.39,0,1,Both,Tier 3,0
C14017,43,43.0,12,719.0,9429.0,6,0.32,0,0,Store,Tier 2,0
C14018,57,95.0,13,968.0,11035.0,4,0.68,1,1,Both,Tier 2,0
C14019,35,34.0,11,396.0,4887.0,1,0.13,0,0,Online,Tier 1,0
C14020,32,81.0,11,908.0,10000.0,2,0.56,1,0,Both,Tier 3,0
C14021,30,113.0,12,1172.0,12411.0,4,0.48,1,1,Online,Tier 2,0
C14022,33,31.0,11,609.0,7164.0,2,0.87,0,0,Store,Tier 2,0
C14023,46,14.0,11,571.0,6261.0,2,0.34,0,0,Store,Tier 1,0
C14024,36,122.0,6,900.0,6437.0,5,0.59,0,1,Store,Tier 2,1
C14025,17,12.0,11,608.0,6663.0,7,0.15,0,0,Online,,0
C14026,59,126.0,5,671.0,3598.0,6,0.38,1,1,Store,Tier 2,0
C14027,44,24.0,18,687.0,12850.0,2,0.05,1,0,Both,Tier 1,1
C14028,13,170.0,6,811.0,5529.0,4,0.25,0,1,Both,Tier 2,1
C14029,43,48.0,14,774.0,11052.0,3,0.19,0,0,Store,Tier 3,1
C14030,11,47.0,11,838.0,9539.0,3,0.42,0,0,Store,Tier 1,0
C14031,25,86.0,11,816.0,8767.0,4,0.54,0,1,Store,Tier 2,0
C14032,11,96.0,8,1081.0,9726.0,5,0.26,1,0,Store,Tier 2,1
C14033,43,1.0,10,1088.0,12606.0,3,0.15,1,1,Store,Tier 1,1
C14034,32,34.0,13,265.0,3526.0,5,0.21,1,0,Online,Tier 2,0
C14035,30,42.0,9,1064.0,10624.0,3,0.19,1,1,Store,Tier 2,0
C14036,54,91.0,13,477.0,7083.0,3,0.46,1,0,Store,Tier 1,0
C14037,33,28.0,12,652.0,8765.0,7,0.33,1,0,Both,Tier 1,0
C14038,28,12.0,19,918.0,19665.0,2,0.1,0,1,Store,Tier 1,0
C14039,50,15.0,15,908.0,11426.0,5,0.43,2,0,Both,Tier 1,0
C14040,46,13.0,14,318.0,4188.0,3,0.52,0,1,Store,Tier 1,0
C14041,2,114.0,9,798.0,8536.0,1,0.15,0,1,Online,Tier 3,0
C14042,26,45.0,13,1010.0,13181.0,4,0.13,0,1,Store,Tier 1,0
C14043,13,18.0,13,231.0,2437.0,2,0.36,0,0,Both,Tier 1,0
C14044,39,5.0,10,150.0,1395.0,2,0.54,0,0,Online,Tier 1,0
C14045,57,64.0,17,1693.0,27659.0,2,0.3,0,0,Both,Tier 1,0
C14046,36,45.0,14,1214.0,19020.0,3,0.12,0,1,Online,Tier 2,0
C14047,19,78.0,12,1342.0,18019.0,2,0.7,1,0,Store,Tier 1,1
C14048,38,23.0,8,899.0,8022.0,6,0.51,0,1,Both,Tier 2,0
C14049,15,7.0,22,1275.0,32257.0,5,0.56,0,0,Store,Tier 2,0
C14050,11,150.0,8,1506.0,12075.0,2,0.55,1,1,Online,Tier 3,0
C14051,31,121.0,14,1018.0,14732.0,2,0.43,0,0,Store,Tier 1,0
C14052,16,120.0,10,517.0,6091.0,2,0.66,2,1,Online,Tier 2,0
C14053,38,21.0,14,623.0,8037.0,6,0.56,0,1,Store,Tier 2,0
C14054,47,81.0,6,1470.0,7722.0,5,0.17,0,1,Store,Tier 1,0
C14055,3,190.0,6,791.0,4707.0,3,0.41,0,1,Both,Tier 3,1
C14056,28,61.0,14,682.0,11049.0,6,0.31,2,1,Online,Tier 2,0
C14057,25,70.0,5,1123.0,4807.0,2,0.23,0,0,Both,Tier 1,0
C14058,27,150.0,10,783.0,7820.0,7,0.53,0,0,Store,Tier 2,1
C14059,37,39.0,19,,12595.0,3,0.55,0,0,Both,Tier 3,0
C14060,59,112.0,10,717.0,7409.0,1,0.54,0,1,Store,Tier 2,1
C14061,36,205.0,6,808.0,4649.0,3,0.75,0,0,Store,Tier 1,1
C14062,6,5.0,9,875.0,7247.0,5,0.46,1,1,Both,Tier 3,0
C14063,59,8.0,10,1148.0,11838.0,5,0.55,0,1,Online,Tier 1,0
C14064,59,19.0,11,719.0,6934.0,2,0.29,1,1,Store,Tier 1,0
C14065,53,116.0,3,1058.0,2731.0,2,0.19,1,1,Both,Tier 3,1
C14066,21,38.0,16,918.0,15439.0,3,0.55,0,0,Store,Tier 1,0
C14067,30,33.0,14,728.0,9087.0,5,0.06,0,0,Online,Tier 2,0
C14068,36,100.0,5,,3592.0,4,0.3,2,0,Both,Tier 1,0
C14069,38,77.0,11,1105.0,12890.0,3,0.86,0,1,Store,Tier 2,1
C14070,55,33.0,20,724.0,16242.0,4,0.3,0,0,Online,Tier 2,0
C14071,12,2.0,9,416.0,3151.0,7,0.29,1,1,Both,Tier 2,0
C14072,25,141.0,12,1141.0,16234.0,3,0.19,0,0,Online,Tier 3,0
C14073,15,25.0,15,305.0,3781.0,6,0.47,0,1,Both,Tier 1,0
C14074,47,77.0,10,1505.0,14037.0,4,0.67,0,1,Store,Tier 2,1
C14075,56,56.0,11,757.0,7293.0,3,0.79,0,1,Both,Tier 2,0
C14076,1,19.0,13,753.0,9591.0,6,0.4,1,0,Both,Tier 1,0
C14077,34,24.0,10,878.0,10045.0,3,0.19,0,0,Both,Tier 2,0
C14078,31,116.0,15,773.0,9712.0,2,0.4,0,1,Both,Tier 1,0
C14079,12,31.0,8,1259.0,12052.0,5,0.34,0,0,Store,Tier 2,0
C14080,59,34.0,9,917.0,7374.0,4,0.22,0,1,Store,Tier 1,1
C14081,26,72.0,7,594.0,3878.0,3,0.67,0,0,Store,Tier 2,0
C14082,47,41.0,13,1302.0,13860.0,2,0.68,0,1,Both,Tier 3,1
C14083,4,114.0,10,910.0,9138.0,3,0.37,1,1,Online,Tier 2,1
C14084,58,27.0,12,,12664.0,6,0.11,0,1,Store,Tier 2,0
C14085,14,15.0,13,1447.0,22386.0,7,0.49,0,1,Both,,0
C14086,32,60.0,13,150.0,1887.0,7,0.8,0,0,Store,Tier 1,1
C14087,36,81.0,9,1092.0,9593.0,7,0.53,0,0,Online,Tier 2,1
C14088,25,27.0,17,524.0,10529.0,2,0.7,0,0,Online,Tier 2,1
C14089,25,52.0,17,1019.0,13925.0,4,0.56,0,0,Store,Tier 1,0
C14090,59,15.0,16,740.0,9780.0,2,0.32,0,0,Online,Tier 2,0
C14091,51,18.0,11,341.0,3988.0,4,0.04,1,1,Both,Tier 2,0
C14092,13,49.0,13,1107.0,15959.0,6,0.39,0,0,Both,Tier 2,0
C14093,2,18.0,20,1229.0,24680.0,2,0.59,0,0,Online,Tier 2,0
C14094,30,68.0,12,978.0,14079.0,4,0.44,0,0,Store,Tier 2,0
C14095,14,41.0,13,1161.0,17266.0,6,0.22,0,1,Store,Tier 1,0
C14096,15,56.0,19,1232.0,18925.0,4,0.36,0,0,Both,Tier 1,0
C14097,17,94.0,11,244.0,2481.0,5,0.41,0,1,Store,Tier 3,0
C14098,13,81.0,11,279.0,2608.0,3,0.3,1,0,Online,Tier 2,1
C14099,24,41.0,12,823.0,11624.0,5,0.79,1,1,Both,Tier 1,0
C14100,51,79.0,9,962.0,8967.0,6,0.24,0,1,Store,Tier 2,0
C14101,23,116.0,11,878.0,8584.0,4,0.07,1,1,Store,Tier 1,0
C14102,27,103.0,17,1104.0,19059.0,3,0.63,0,1,Store,Tier 3,1
C14103,57,25.0,11,1328.0,12752.0,5,0.2,0,0,Store,Tier 1,0
C14104,22,31.0,16,1874.0,27347.0,4,0.48,1,0,Store,Tier 2,0
C14105,15,48.0,19,1086.0,23608.0,1,0.63,0,0,Store,Tier 1,0
C14106,52,92.0,5,1469.0,7946.0,5,0.42,1,1,Both,Tier 2,0
C14107,43,225.0,5,931.0,4584.0,1,0.23,0,0,Store,Tier 2,1
C14108,14,141.0,8,748.0,6879.0,2,0.67,0,1,Store,Tier 2,1
C14109,25,68.0,17,1014.0,14874.0,3,0.29,1,0,Both,Tier 1,0
C14110,6,151.0,8,1327.0,9987.0,2,0.63,0,0,Online,Tier 1,1
C14111,28,45.0,13,1035.0,13490.0,5,0.19,1,1,Store,Tier 2,0
C14112,8,99.0,12,770.0,10140.0,4,0.56,0,0,Both,Tier 1,0
C14113,31,35.0,9,1036.0,9932.0,3,0.23,1,1,Online,Tier 1,0
C14114,3,51.0,10,801.0,9256.0,3,0.6,0,0,Store,Tier 1,0
C14115,34,40.0,10,1507.0,13328.0,7,0.33,0,1,Store,Tier 2,1
C14116,51,9.0,15,1189.0,16675.0,3,0.2,0,0,Store,Tier 1,0
C14117,10,93.0,11,1171.0,14890.0,2,0.64,0,1,Store,Tier 3,0
C14118,42,50.0,13,1218.0,16725.0,3,0.22,1,1,Store,Tier 2,0
C14119,1,69.0,11,999.0,9620.0,2,0.21,1,0,Online,Tier 2,0
C14120,31,106.0,8,794.0,6089.0,5,0.27,0,1,Store,Tier 2,0
C14121,22,130.0,7,664.0,5452.0,2,0.42,1,0,Store,Tier 3,1
C14122,36,14.0,11,,10872.0,4,0.39,0,0,Online,Tier 1,0
C14123,17,139.0,8,633.0,5993.0,6,0.45,0,1,Store,Tier 1,1
C14124,42,87.0,16,798.0,14943.0,2,0.14,0,1,Both,Tier 1,0
C14125,27,12.0,16,514.0,9397.0,3,0.41,1,0,Store,Tier 2,1
C14126,55,123.0,13,1049.0,12648.0,3,0.24,0,1,Both,Tier 1,1
C14127,57,53.0,6,1360.0,7271.0,4,0.34,1,1,Both,Tier 3,0
C14128,23,94.0,6,202.0,1060.0,2,0.73,1,0,Store,Tier 1,1
C14129,60,77.0,9,970.0,9155.0,4,0.16,0,0,Store,Tier 1,0
C14130,27,12.0,16,1216.0,20810.0,5,0.32,1,0,Online,Tier 2,0
C14131,30,23.0,15,806.0,13025.0,7,0.05,0,1,Store,Tier 2,0
C14132,32,40.0,10,563.0,6265.0,5,0.7,0,0,Both,Tier 2,0
C14133,14,45.0,13,1157.0,15513.0,2,0.05,0,0,Store,Tier 2,0
C14134,35,49.0,16,969.0,15750.0,2,0.53,1,1,Store,Tier 2,0
C14135,49,97.0,9,248.0,2454.0,4,0.67,0,0,Both,Tier 1,0
C14136,3,13.0,10,1118.0,12714.0,5,0.87,0,0,Store,Tier 2,0
C14137,28,24.0,14,1171.0,19597.0,5,0.59,0,0,Store,Tier 3,0
C14138,52,54.0,15,730.0,9722.0,8,0.13,0,1,Store,Tier 2,0
C14139,13,36.0,11,1435.0,12937.0,2,0.26,0,1,Store,Tier 1,0
C14140,48,79.0,14,682.0,7764.0,2,0.43,0,1,Both,Tier 1,0
C14141,17,58.0,9,1057.0,8017.0,4,0.5,0,0,Store,Tier 2,0
C14142,52,9.0,8,421.0,3655.0,7,0.2,1,1,Store,Tier 1,0
C14143,57,43.0,22,1493.0,27016.0,4,0.28,0,1,Store,Tier 2,0
C14144,22,11.0,10,501.0,4894.0,3,0.44,2,1,Store,Tier 2,1
C14145,45,91.0,8,1716.0,15853.0,6,0.49,0,1,Online,Tier 1,0
C14146,16,9.0,15,689.0,9772.0,1,0.35,1,0,Both,Tier 1,1
C14147,48,60.0,8,678.0,4970.0,3,0.31,0,1,Online,Tier 3,0
C14148,30,90.0,8,889.0,6991.0,6,0.13,0,1,Store,Tier 1,0
C14149,34,143.0,10,943.0,9642.0,3,0.73,0,0,Store,Tier 2,1
C14150,35,63.0,6,617.0,4393.0,4,0.32,0,1,Store,Tier 1,1
C14151,19,342.0,2,719.0,1412.0,6,0.39,0,1,Online,Tier 2,1
C14152,9,81.0,11,1014.0,11430.0,4,0.64,0,0,Store,Tier 1,1
C14153,11,102.0,12,928.0,9538.0,6,0.23,0,1,Both,Tier 3,0
C14154,17,48.0,15,777.0,11730.0,5,0.83,0,0,Store,Tier 3,0
C14155,45,17.0,15,544.0,6575.0,5,0.36,0,0,Store,Tier 1,0
C14156,14,132.0,10,953.0,8460.0,7,0.24,1,0,Both,Tier 1,0
C14157,47,74.0,8,557.0,3600.0,1,0.25,0,1,Online,Tier 2,0
C14158,36,58.0,14,150.0,2045.0,4,0.21,0,1,Both,Tier 1,0
C14159,21,98.0,12,1146.0,11768.0,4,0.74,0,1,Store,Tier 1,0
C14160,1,39.0,14,741.0,11652.0,3,0.12,0,0,Store,Tier 1,0
C14161,5,30.0,13,396.0,4803.0,8,0.59,0,0,Both,Tier 2,0
C14162,32,9.0,10,807.0,8808.0,6,0.66,1,1,Both,Tier 3,0
C14163,27,117.0,7,985.0,5734.0,6,0.39,1,1,Online,Tier 2,0
C14164,18,86.0,10,1497.0,12061.0,1,0.23,0,0,Both,Tier 2,1
C14165,2,189.0,3,926.0,3094.0,3,0.15,0,0,Store,Tier 3,1
C14166,33,12.0,16,2023.0,31903.0,4,0.51,0,1,Store,Tier 3,0
C14167,53,14.0,18,1016.0,17709.0,6,0.18,0,1,Both,Tier 1,0
C14168,55,4.0,9,727.0,6198.0,8,0.29,1,1,Online,Tier 2,0
C14169,60,128.0,11,577.0,5163.0,4,0.72,0,1,Store,Tier 1,0
C14170,36,14.0,16,1629.0,29909.0,6,0.17,0,0,Store,Tier 1,0
C14171,16,12.0,7,1313.0,10317.0,3,0.24,0,0,Store,Tier 2,1
C14172,35,31.0,15,1249.0,21112.0,4,0.42,0,0,Both,Tier 2,1
C14173,50,74.0,10,620.0,5271.0,1,0.42,0,1,Both,Tier 1,0
C14174,43,17.0,13,739.0,8313.0,1,0.12,0,1,Both,Tier 2,0
C14175,50,20.0,16,1416.0,21890.0,3,0.6,1,1,Store,Tier 1,0
C14176,58,43.0,16,1422.0,19949.0,4,0.44,0,0,Both,Tier 1,0
C14177,1,101.0,10,1181.0,9491.0,3,0.81,1,1,Both,Tier 1,1
C14178,9,36.0,14,724.0,9571.0,6,0.28,1,0,Online,Tier 2,0
C14179,20,124.0,5,884.0,4422.0,4,0.01,0,0,Online,Tier 1,0
C14180,37,128.0,15,1296.0,16444.0,5,0.26,0,1,Online,Tier 3,0
C14181,3,65.0,16,692.0,11689.0,8,0.43,0,0,Both,Tier 1,0
C14182,19,5.0,11,1088.0,10746.0,4,0.4,0,0,Online,Tier 3,1
C14183,45,53.0,15,667.0,10026.0,2,0.22,1,1,Both,Tier 1,0
C14184,29,5.0,20,1065.0,17722.0,3,0.25,0,1,Store,Tier 1,0
C14185,52,155.0,9,329.0,3143.0,5,0.08,0,1,Store,Tier 3,1
C14186,46,98.0,13,680.0,9567.0,3,0.05,0,1,Store,Tier 2,0
C14187,32,72.0,11,427.0,5474.0,2,0.5,2,1,Store,Tier 3,0
C14188,49,22.0,12,,15116.0,2,0.3,0,1,Both,Tier 1,0
C14189,7,67.0,8,720.0,6506.0,7,0.2,0,0,Both,,0
C14190,23,55.0,21,1280.0,21766.0,3,0.56,1,0,Store,Tier 2,0
C14191,39,44.0,10,845.0,8988.0,5,0.13,2,1,Both,Tier 3,1
C14192,23,4.0,16,1536.0,29345.0,6,0.3,0,1,Both,Tier 3,0
C14193,6,66.0,10,315.0,2669.0,5,0.26,0,0,Store,Tier 2,1
C14194,43,19.0,6,1145.0,7452.0,3,0.3,1,0,Store,Tier 2,1
C14195,13,108.0,7,1179.0,8021.0,3,0.61,1,0,Both,Tier 1,1
C14196,48,99.0,8,591.0,4316.0,3,0.37,0,1,Store,Tier 2,0
C14197,7,70.0,8,1227.0,9592.0,2,0.18,0,0,Store,Tier 1,1
C14198,33,49.0,10,1201.0,11673.0,4,0.12,0,1,Store,Tier 2,0
C14199,16,17.0,12,687.0,7207.0,5,0.26,1,0,Store,Tier 1,0
C14200,32,75.0,9,666.0,6396.0,3,0.34,0,0,Store,Tier 1,0
C14201,21,28.0,16,581.0,9966.0,2,0.32,0,1,Store,Tier 1,0
C14202,24,55.0,14,765.0,9438.0,4,0.58,1,1,Online,Tier 1,0
C14203,28,50.0,10,1310.0,11088.0,4,0.68,1,1,Store,Tier 3,0
C14204,19,48.0,10,1046.0,11191.0,8,0.19,0,0,Both,Tier 2,0
C14205,36,7.0,12,651.0,7668.0,3,0.54,1,1,Store,Tier 1,0
C14206,46,40.0,14,552.0,8090.0,4,0.57,0,0,Store,Tier 2,0
C14207,28,64.0,15,1352.0,22852.0,4,0.35,0,1,Online,Tier 1,0
C14208,8,49.0,15,985.0,17059.0,4,0.23,1,0,Both,Tier 2,0
C14209,25,19.0,10,327.0,2775.0,1,0.36,0,1,Store,Tier 3,1
C14210,50,60.0,12,,11204.0,6,0.12,0,0,Both,Tier 2,0
C14211,48,15.0,9,490.0,4402.0,2,0.34,1,0,Online,Tier 3,0
C14212,13,8.0,16,453.0,5902.0,4,0.34,0,0,Both,Tier 2,0
C14213,24,155.0,9,1633.0,16645.0,6,0.29,0,0,Online,Tier 2,1
C14214,29,29.0,11,799.0,7617.0,2,0.34,0,1,Store,Tier 1,0
C14215,56,42.0,14,894.0,12366.0,2,0.67,0,1,Both,Tier 1,0
C14216,11,114.0,13,695.0,7408.0,3,0.45,1,1,Store,Tier 2,0
C14217,8,38.0,10,,5562.0,3,0.52,0,1,Online,Tier 2,0
C14218,42,17.0,13,1562.0,21234.0,2,0.68,0,0,Store,Tier 1,0
C14219,47,83.0,11,1327.0,13463.0,6,0.23,0,1,Store,Tier 2,0
C14220,24,30.0,12,953.0,10199.0,2,0.53,0,0,Store,Tier 3,1
C14221,6,142.0,11,182.0,1841.0,4,0.53,0,1,Both,Tier 2,0
C14222,59,21.0,8,900.0,5937.0,2,0.63,0,1,Store,Tier 1,0
C14223,10,52.0,11,610.0,5582.0,8,0.24,1,1,Online,Tier 1,0
C14224,33,50.0,7,528.0,3551.0,4,0.51,0,1,Both,Tier 2,0
C14225,40,36.0,15,613.0,9662.0,5,0.07,1,1,Online,Tier 2,0
C14226,32,249.0,8,1041.0,8900.0,2,0.41,0,0,Both,Tier 1,0
C14227,1,6.0,8,1235.0,11244.0,5,0.67,0,0,Store,Tier 3,0
C14228,29,22.0,14,516.0,7261.0,4,0.36,0,0,Both,Tier 3,0
C14229,25,81.0,11,867.0,11261.0,4,0.52,0,1,Store,Tier 2,0
C14230,2,50.0,12,1162.0,12349.0,4,0.01,0,1,Store,Tier 1,0
C14231,1,57.0,9,1289.0,13517.0,6,0.35,0,0,Store,Tier 3,0
C14232,1,25.0,9,534.0,4524.0,7,0.71,1,0,Both,Tier 1,0
C14233,50,36.0,13,1312.0,20203.0,2,0.33,0,1,Both,Tier 3,0
C14234,23,51.0,14,682.0,10844.0,3,0.78,0,1,Online,Tier 3,0
C14235,43,42.0,8,667.0,6207.0,5,0.16,1,1,Both,Tier 2,0
C14236,34,15.0,14,1030.0,11604.0,4,0.54,0,0,Store,Tier 2,0
C14237,53,97.0,7,988.0,6726.0,3,0.4,0,1,Store,Tier 3,0
C14238,54,18.0,15,150.0,2547.0,3,0.42,0,1,Both,Tier 2,0
C14239,51,62.0,9,1057.0,10487.0,2,0.21,0,1,Online,Tier 1,1
C14240,47,124.0,11,534.0,5251.0,3,0.68,0,0,Both,Tier 1,1
C14241,2,197.0,5,1133.0,6443.0,5,0.69,1,0,Online,Tier 1,1
C14242,48,72.0,18,1259.0,25287.0,4,0.28,0,1,Store,Tier 1,0
C14243,32,7.0,14,1259.0,17367.0,4,0.36,1,0,Store,Tier 2,0
C14244,52,61.0,11,652.0,6543.0,5,0.43,0,0,Store,Tier 3,0
C14245,51,28.0,8,1270.0,11114.0,6,0.44,0,1,Store,Tier 2,0
C14246,13,28.0,16,835.0,14870.0,7,0.46,1,0,Both,Tier 2,1
C14247,7,36.0,9,1190.0,9126.0,4,0.62,1,0,Store,Tier 2,0
C14248,49,6.0,18,622.0,10013.0,3,0.36,0,1,Store,Tier 2,0
C14249,44,35.0,11,941.0,8810.0,4,0.57,0,0,Store,Tier 3,0
C14250,2,17.0,10,1191.0,11552.0,4,0.58,0,1,Both,Tier 1,0
C14251,18,19.0,18,1153.0,24303.0,5,0.44,0,0,Store,Tier 3,1
C14252,43,8.0,21,841.0,17528.0,4,0.22,1,0,Online,Tier 2,0
C14253,20,21.0,10,1216.0,12666.0,4,0.08,0,1,Store,Tier 1,0
C14254,31,30.0,12,1127.0,14400.0,3,0.58,0,0,Online,Tier 2,0
C14255,46,57.0,13,1159.0,16762.0,4,0.75,1,1,Both,Tier 3,0
C14256,40,84.0,15,381.0,6629.0,4,0.74,0,0,Both,Tier 2,1
C14257,14,7.0,13,658.0,9968.0,6,0.44,0,1,Both,Tier 3,0
C14258,7,52.0,18,150.0,3114.0,2,0.44,1,1,Store,Tier 1,0
C14259,43,126.0,7,1128.0,6861.0,1,0.58,0,1,Online,Tier 1,0
C14260,4,42.0,12,773.0,9426.0,3,0.57,0,0,Both,Tier 1,0
C14261,15,67.0,13,597.0,7956.0,5,0.34,0,1,Both,Tier 1,0
C14262,46,54.0,13,722.0,9967.0,3,0.55,0,1,Store,Tier 3,0
C14263,46,83.0,10,1034.0,8738.0,4,0.33,0,1,Online,Tier 1,1
C14264,54,64.0,7,838.0,5434.0,6,0.55,0,0,Store,Tier 3,0
C14265,28,88.0,12,1575.0,19155.0,3,0.62,1,0,Both,Tier 3,0
C14266,6,64.0,11,1063.0,12330.0,5,0.46,0,1,Both,Tier 2,0
C14267,57,11.0,13,1124.0,16558.0,2,0.24,0,0,Store,Tier 1,0
C14268,13,11.0,17,998.0,16541.0,5,0.77,1,0,Store,Tier 1,0
C14269,59,71.0,18,894.0,15589.0,1,0.41,0,1,Both,Tier 3,0
C14270,48,40.0,9,809.0,8387.0,3,0.63,0,1,Store,Tier 1,0
C14271,1,13.0,14,826.0,9817.0,3,0.58,0,0,Store,Tier 1,0
C14272,4,18.0,12,,7969.0,2,0.68,1,0,Both,Tier 1,0
C14273,13,58.0,9,578.0,6081.0,4,0.75,0,0,Both,,1
C14274,2,41.0,14,750.0,12058.0,5,0.51,0,0,Both,Tier 2,0
C14275,42,191.0,4,1207.0,4603.0,4,0.63,0,0,Store,Tier 1,0
C14276,60,31.0,15,749.0,9944.0,2,0.57,0,1,Online,Tier 2,0
C14277,52,15.0,14,471.0,7266.0,2,0.29,0,1,Store,Tier 2,0
C14278,56,11.0,13,703.0,7609.0,2,0.35,1,0,Store,Tier 3,0
C14279,58,53.0,12,541.0,5665.0,5,0.76,0,0,Both,Tier 2,1
C14280,7,49.0,10,1262.0,15062.0,3,0.27,0,0,Store,Tier 1,0
C14281,57,61.0,13,1043.0,11543.0,3,0.44,0,1,Both,Tier 3,0
C14282,9,41.0,8,1252.0,9035.0,1,0.06,0,0,Store,Tier 1,1
C14283,25,10.0,14,1041.0,14802.0,3,0.4,0,1,Both,Tier 2,0
C14284,42,29.0,17,915.0,14482.0,3,0.1,0,0,Store,Tier 3,1
C14285,40,31.0,15,860.0,15270.0,4,0.18,0,1,Store,Tier 1,0
C14286,9,56.0,8,264.0,1790.0,3,0.23,1,1,Both,Tier 1,1
C14287,10,29.0,11,1212.0,13012.0,6,0.64,0,0,Store,Tier 1,1
C14288,35,99.0,18,522.0,9622.0,6,0.22,1,0,Online,Tier 1,0
C14289,26,7.0,4,1130.0,4060.0,3,0.72,1,1,Store,Tier 3,0
C14290,36,79.0,12,848.0,10545.0,4,0.49,0,1,Online,Tier 2,0
C14291,29,134.0,9,858.0,8216.0,3,0.48,1,0,Store,Tier 1,1
C14292,53,57.0,6,1175.0,6644.0,3,0.25,0,1,Both,Tier 1,0
C14293,46,26.0,14,837.0,12579.0,2,0.17,0,1,Store,Tier 1,0
C14294,57,47.0,14,319.0,4593.0,2,0.53,0,1,Online,Tier 1,0
C14295,50,34.0,8,277.0,2038.0,1,0.48,1,0,Store,Tier 3,1
C14296,8,14.0,12,958.0,12022.0,4,0.46,0,0,Store,Tier 1,0
C14297,55,22.0,13,1652.0,24724.0,2,0.14,0,1,Both,Tier 2,0
C14298,54,115.0,15,1218.0,20749.0,5,0.56,0,1,Store,Tier 2,0
C14299,23,62.0,10,1268.0,12118.0,2,0.09,0,1,Both,Tier 1,0
C14300,55,10.0,10,783.0,7857.0,6,0.4,0,1,Store,Tier 3,0
C14301,57,72.0,4,731.0,3402.0,6,0.03,0,1,Online,Tier 2,0
C14302,2,16.0,15,714.0,10890.0,4,0.31,0,1,Store,Tier 3,0
C14303,14,52.0,13,800.0,10390.0,6,0.69,0,1,Online,Tier 2,0
C14304,10,79.0,9,766.0,7291.0,2,0.27,0,0,Store,Tier 1,1
C14305,8,106.0,9,795.0,5981.0,3,0.08,1,0,Both,Tier 1,1
C14306,44,131.0,9,1253.0,9877.0,5,0.52,0,0,Store,Tier 2,1
C14307,57,59.0,11,961.0,9449.0,7,0.25,0,1,Store,Tier 2,0
C14308,43,180.0,8,997.0,6673.0,8,0.31,0,1,Online,Tier 2,0
C14309,6,43.0,13,712.0,8955.0,4,0.74,0,0,Store,Tier 3,0
C14310,26,42.0,12,913.0,12720.0,2,0.62,0,0,Store,Tier 1,0
C14311,55,100.0,5,1227.0,6943.0,3,0.46,0,1,Online,Tier 2,0
C14312,35,25.0,14,915.0,15069.0,5,0.46,0,1,Both,Tier 2,0
C14313,42,33.0,14,972.0,16116.0,5,0.62,0,0,Store,Tier 1,0
C14314,60,22.0,13,1306.0,19007.0,2,0.63,0,1,Store,Tier 2,0
C14315,59,81.0,12,738.0,7431.0,1,0.19,0,1,Online,Tier 2,1
C14316,27,83.0,15,1089.0,14632.0,4,0.42,1,1,Store,Tier 1,0
C14317,28,57.0,11,1066.0,12606.0,1,0.04,0,1,Both,Tier 2,0
C14318,35,29.0,10,750.0,6261.0,4,0.48,0,0,Online,Tier 2,0
C14319,49,72.0,9,380.0,3706.0,4,0.32,0,0,Store,Tier 2,0
C14320,1,125.0,11,1211.0,15522.0,6,0.19,0,0,Store,Tier 2,0
C14321,39,29.0,11,940.0,8788.0,5,0.43,0,1,Online,Tier 2,1
C14322,28,66.0,9,667.0,4913.0,2,0.05,2,1,Online,Tier 3,0
C14323,44,45.0,13,1167.0,14170.0,4,0.7,0,0,Both,Tier 2,0
C14324,6,151.0,6,762.0,4921.0,6,0.39,1,1,Both,Tier 1,1
C14325,21,65.0,9,866.0,8666.0,3,0.04,0,1,Store,Tier 3,0
C14326,5,26.0,11,1060.0,12703.0,2,0.49,0,0,Online,Tier 2,0
C14327,44,68.0,9,543.0,5211.0,3,0.16,0,1,Both,Tier 1,0
C14328,21,81.0,9,150.0,1180.0,6,0.62,0,0,Online,Tier 1,0
C14329,42,65.0,7,644.0,5129.0,3,0.6,0,1,Online,Tier 2,1
C14330,45,145.0,6,775.0,4286.0,2,0.31,1,1,Online,Tier 2,0
C14331,34,68.0,8,445.0,3025.0,5,0.39,1,1,Store,Tier 1,0
C14332,16,10.0,6,881.0,6052.0,4,0.6,0,0,Store,Tier 1,0
C14333,40,23.0,16,948.0,13942.0,1,0.26,0,0,Online,Tier 2,0
C14334,44,12.0,17,1233.0,20224.0,4,0.33,0,0,Online,Tier 2,0
C14335,52,15.0,15,750.0,10944.0,4,0.44,0,1,Online,Tier 1,0
C14336,34,71.0,9,1033.0,8126.0,6,0.68,0,1,Store,Tier 1,0
C14337,46,86.0,13,798.0,9072.0,7,0.31,0,0,Store,Tier 3,0
C14338,6,44.0,11,822.0,10269.0,3,0.42,0,1,Both,Tier 1,0
C14339,27,83.0,15,601.0,8675.0,5,0.34,0,0,Both,Tier 2,0
C14340,40,49.0,12,633.0,6633.0,3,0.21,0,0,Store,Tier 3,0
C14341,12,66.0,12,662.0,6515.0,2,0.7,0,1,Store,Tier 1,0
C14342,20,93.0,6,634.0,4250.0,8,0.29,0,0,Online,Tier 2,0
C14343,42,20.0,13,1048.0,11024.0,4,0.29,0,1,Online,Tier 1,0
C14344,16,63.0,13,817.0,12308.0,8,0.53,0,0,Store,Tier 1,0
C14345,16,71.0,16,695.0,9276.0,6,0.2,0,1,Online,Tier 2,0
C14346,35,77.0,7,978.0,7399.0,6,0.43,0,1,Store,Tier 2,0
C14347,33,112.0,10,1170.0,9547.0,6,0.68,0,0,Online,Tier 2,0
C14348,18,38.0,12,842.0,10339.0,7,0.33,0,0,Both,Tier 1,0
C14349,37,22.0,6,1326.0,7793.0,6,0.12,0,1,Both,Tier 1,0
C14350,24,10.0,10,1495.0,12394.0,1,0.6,2,0,Both,Tier 3,0
C14351,10,23.0,15,423.0,5835.0,2,0.45,1,0,Online,Tier 3,1
C14352,12,133.0,7,885.0,6161.0,4,0.42,0,1,Store,Tier 2,0
C14353,39,50.0,12,1349.0,16016.0,5,0.37,0,1,Online,Tier 2,1
C14354,44,24.0,7,1236.0,7603.0,4,0.06,0,1,Both,Tier 1,0
C14355,43,85.0,8,895.0,7396.0,3,0.68,0,0,Both,Tier 2,0
C14356,36,95.0,10,650.0,5316.0,3,0.55,0,0,Both,Tier 1,0
C14357,46,20.0,12,585.0,5848.0,3,0.56,0,0,Store,Tier 1,0
C14358,4,75.0,10,804.0,6740.0,5,0.24,0,0,Store,Tier 2,1
C14359,59,74.0,14,1200.0,13935.0,5,0.36,1,0,Online,Tier 3,0
C14360,43,36.0,12,1079.0,10429.0,5,0.5,1,1,Store,Tier 3,0
C14361,2,49.0,9,505.0,4337.0,2,0.25,0,0,Store,Tier 1,1
C14362,42,92.0,7,933.0,6505.0,4,0.53,0,0,Store,Tier 2,1
C14363,32,142.0,11,884.0,9997.0,4,0.2,0,0,Store,Tier 3,0
C14364,49,39.0,11,529.0,4887.0,2,0.59,0,1,Store,Tier 3,0
C14365,22,6.0,8,1089.0,7217.0,4,0.34,1,1,Online,Tier 2,0
C14366,51,23.0,18,1088.0,22037.0,4,0.31,0,0,Store,Tier 3,0
C14367,42,18.0,17,1389.0,25442.0,7,0.45,1,1,Store,Tier 2,0
C14368,47,93.0,9,785.0,7905.0,3,0.36,0,1,Both,Tier 3,0
C14369,45,14.0,17,390.0,6845.0,4,0.29,0,1,Store,Tier 2,0
C14370,26,331.0,1,1229.0,1096.0,5,0.49,0,1,Online,Tier 1,1
C14371,10,4.0,16,897.0,17081.0,5,0.6,0,1,Store,Tier 1,0
C14372,45,134.0,10,1042.0,10265.0,6,0.67,0,1,Both,Tier 2,1
C14373,47,50.0,17,906.0,17718.0,2,0.3,0,0,Both,Tier 3,0
C14374,22,214.0,5,1173.0,6005.0,3,0.31,0,1,Both,Tier 2,1
C14375,49,73.0,9,997.0,8147.0,4,0.46,0,1,Online,Tier 2,0
C14376,49,46.0,8,895.0,5826.0,5,0.31,0,1,Store,Tier 1,0
C14377,48,108.0,8,936.0,7019.0,5,0.15,0,0,Store,Tier 1,1
C14378,14,49.0,10,858.0,10248.0,4,0.16,0,0,Store,Tier 2,0
C14379,30,4.0,12,986.0,12026.0,2,0.22,1,1,Both,Tier 2,0
C14380,2,25.0,15,762.0,13126.0,8,0.45,0,0,Store,Tier 2,0
C14381,55,69.0,11,708.0,6490.0,7,0.72,0,0,Both,Tier 1,0
C14382,40,65.0,12,878.0,12400.0,5,0.52,1,1,Store,Tier 1,0
C14383,16,145.0,7,1363.0,7644.0,3,0.36,1,0,Both,Tier 2,0
C14384,31,31.0,7,914.0,6361.0,2,0.32,1,1,Both,Tier 3,0
C14385,12,7.0,15,973.0,12020.0,4,0.7,0,1,Both,Tier 1,0
C14386,38,26.0,16,384.0,6767.0,4,0.19,0,0,Store,Tier 1,0
C14387,43,66.0,12,,13690.0,3,0.29,1,0,Both,Tier 2,0
C14388,4,18.0,14,756.0,9603.0,4,0.55,0,0,Store,Tier 2,0
C14389,17,51.0,12,691.0,8546.0,4,0.69,1,0,Both,Tier 1,1
C14390,58,37.0,17,1221.0,19288.0,8,0.74,0,1,Online,Tier 2,0
C14391,54,34.0,9,1569.0,13320.0,4,0.41,0,0,Store,Tier 2,1
C14392,47,26.0,17,189.0,2882.0,7,0.37,0,1,Store,Tier 3,0
C14393,44,55.0,14,797.0,9517.0,2,0.26,0,1,Both,Tier 1,0
C14394,15,56.0,12,193.0,2489.0,7,0.45,0,1,Store,Tier 3,0
C14395,49,98.0,10,801.0,8032.0,4,0.06,1,0,Store,Tier 1,0
C14396,2,45.0,10,358.0,2865.0,4,0.27,0,1,Store,Tier 1,0
C14397,38,28.0,7,563.0,3874.0,5,0.55,0,1,Store,Tier 2,0
C14398,9,117.0,9,1233.0,9846.0,3,0.2,1,1,Online,Tier 1,0
C14399,60,5.0,11,919.0,10416.0,1,0.5,0,1,Store,Tier 1,0
C14400,59,73.0,13,1092.0,15180.0,3,0.54,0,1,Online,Tier 1,0
C14401,51,109.0,9,1327.0,9789.0,4,0.56,0,1,Store,Tier 3,0
C14402,41,160.0,12,903.0,12212.0,5,0.35,0,1,Store,Tier 1,1
C14403,13,87.0,10,848.0,9352.0,5,0.13,1,1,Store,Tier 2,0
C14404,33,58.0,14,1093.0,16520.0,5,0.0,0,0,Store,Tier 1,0
C14405,44,37.0,10,1495.0,14696.0,3,0.58,0,1,Both,,0
C14406,15,10.0,17,1129.0,22325.0,5,0.25,0,0,Store,Tier 2,0
C14407,37,85.0,9,912.0,8667.0,3,0.63,1,0,Store,Tier 3,1
C14408,6,86.0,9,897.0,8967.0,4,0.85,0,0,Store,Tier 2,1
C14409,43,93.0,14,1469.0,19446.0,3,0.12,1,0,Both,Tier 1,0
C14410,59,46.0,8,775.0,6183.0,2,0.21,1,1,Both,Tier 1,0
C14411,39,18.0,18,1155.0,20332.0,3,0.13,0,1,Online,Tier 2,0
C14412,5,8.0,17,1111.0,16729.0,3,0.53,1,0,Online,Tier 1,0
C14413,20,25.0,14,517.0,8458.0,2,0.02,0,0,Both,Tier 2,0
C14414,51,212.0,3,1205.0,3096.0,8,0.39,0,1,Both,Tier 1,1
C14415,11,34.0,20,684.0,11353.0,3,0.25,0,0,Store,Tier 3,0
C14416,20,53.0,10,665.0,6795.0,6,0.19,1,1,Store,Tier 1,1
C14417,55,4.0,11,924.0,9357.0,2,0.31,1,0,Both,Tier 2,0
C14418,14,39.0,14,,12705.0,1,0.24,1,0,Both,Tier 1,1
C14419,15,163.0,3,1774.0,6232.0,5,0.63,1,0,Online,Tier 1,1
C14420,10,23.0,19,1132.0,17790.0,5,0.76,1,1,Store,Tier 1,0
C14421,46,57.0,12,497.0,4882.0,2,0.22,0,1,Store,Tier 3,0
C14422,53,39.0,9,816.0,8220.0,6,0.13,0,1,Store,Tier 1,0
C14423,20,98.0,14,1607.0,26034.0,3,0.58,0,0,Store,Tier 3,0
C14424,18,4.0,12,503.0,6395.0,5,0.17,0,1,Store,Tier 1,0
C14425,1,31.0,11,705.0,7821.0,5,0.15,0,0,Both,Tier 2,0
C14426,11,52.0,9,642.0,6263.0,7,0.36,1,0,Both,Tier 2,0
C14427,6,74.0,14,1201.0,17379.0,5,0.22,0,0,Store,Tier 1,0
C14428,35,75.0,5,506.0,2901.0,4,0.35,1,1,Store,Tier 2,0
C14429,3,29.0,12,1258.0,14633.0,6,0.64,0,0,Store,Tier 2,0
C14430,36,106.0,11,895.0,8924.0,3,0.29,1,0,Store,Tier 3,0
C14431,17,34.0,11,722.0,7629.0,3,0.44,0,0,Store,Tier 2,0
C14432,22,80.0,12,1105.0,14592.0,3,0.16,0,0,Both,Tier 2,0
C14433,10,42.0,12,956.0,9847.0,4,0.36,0,0,Online,Tier 1,1
C14434,28,30.0,14,1528.0,17987.0,2,0.58,0,0,Store,Tier 3,0
C14435,8,21.0,14,1246.0,14932.0,4,0.42,1,0,Both,Tier 2,0
C14436,20,54.0,14,1244.0,16826.0,6,0.54,1,0,Both,Tier 3,0
C14437,39,3.0,13,833.0,12098.0,8,0.34,0,1,Store,Tier 3,0
C14438,52,80.0,10,588.0,6410.0,5,0.05,0,0,Store,Tier 2,0
C14439,35,49.0,16,666.0,11488.0,4,0.22,0,0,Store,Tier 3,0
C14440,36,44.0,19,1008.0,15735.0,3,0.23,0,0,Store,Tier 1,0
C14441,55,79.0,16,,17437.0,1,0.3,1,1,Store,Tier 2,0
C14442,41,9.0,18,419.0,9032.0,5,0.63,0,1,Store,Tier 1,0
C14443,18,74.0,13,796.0,9348.0,3,0.59,1,1,Both,Tier 2,0
C14444,36,73.0,11,963.0,12230.0,3,0.19,0,1,Store,Tier 2,0
C14445,58,61.0,11,1027.0,13133.0,4,0.58,1,1,Store,Tier 2,0
C14446,47,166.0,12,909.0,11989.0,4,0.08,0,0,Store,Tier 3,0
C14447,57,8.0,10,908.0,9193.0,5,0.61,1,1,Store,Tier 1,0
C14448,45,15.0,11,754.0,7004.0,6,0.17,0,1,Store,Tier 2,0
C14449,52,70.0,7,1548.0,11076.0,2,0.06,0,1,Store,Tier 1,0
C14450,46,94.0,11,1004.0,9236.0,4,0.34,1,1,Both,Tier 3,0
C14451,51,7.0,13,1360.0,16847.0,7,0.34,0,1,Both,Tier 2,0
C14452,44,41.0,16,646.0,11074.0,4,0.22,0,0,Store,Tier 2,0
C14453,39,188.0,4,,2381.0,4,0.09,0,1,Online,Tier 2,1
C14454,60,12.0,11,808.0,9649.0,7,0.24,1,1,Store,Tier 2,0
C14455,7,101.0,6,941.0,5678.0,1,0.35,1,0,Online,Tier 1,1
C14456,47,38.0,11,597.0,5475.0,1,0.31,1,1,Both,Tier 1,0
C14457,49,24.0,15,505.0,6083.0,6,0.35,0,0,Both,Tier 2,0
C14458,59,82.0,7,502.0,4146.0,7,0.72,1,0,Both,Tier 1,0
C14459,7,119.0,6,923.0,4500.0,2,0.46,0,0,Both,Tier 3,1
C14460,53,23.0,12,640.0,6807.0,5,0.05,0,1,Online,Tier 3,0
C14461,12,112.0,7,1162.0,9266.0,4,0.89,1,0,Both,Tier 2,1
C14462,48,57.0,14,649.0,9665.0,5,0.39,0,0,Both,Tier 2,0
C14463,53,38.0,16,837.0,10779.0,3,0.12,0,1,Both,Tier 2,0
C14464,39,114.0,9,717.0,5650.0,6,0.51,0,0,Online,Tier 1,1
C14465,22,45.0,10,1294.0,11839.0,7,0.32,0,1,Store,Tier 3,0
C14466,14,104.0,11,964.0,11618.0,2,0.46,1,1,Both,Tier 3,0
C14467,49,31.0,22,688.0,12535.0,3,0.33,0,0,Store,Tier 1,0
C14468,25,49.0,11,1120.0,11537.0,5,0.3,1,1,Online,Tier 1,1
C14469,50,14.0,11,925.0,9905.0,5,0.28,0,0,Online,Tier 2,0
C14470,49,103.0,14,977.0,14508.0,3,0.67,0,1,Store,Tier 1,0
C14471,5,8.0,11,1187.0,11318.0,4,0.57,0,0,Store,Tier 2,0
C14472,44,31.0,16,928.0,15162.0,5,0.23,1,1,Store,Tier 1,0
C14473,6,132.0,8,880.0,7310.0,3,0.59,1,1,Both,Tier 3,1
C14474,3,40.0,14,1300.0,16845.0,4,0.2,1,0,Store,Tier 3,0
C14475,16,80.0,10,657.0,7645.0,8,0.48,0,0,Online,Tier 1,0
C14476,59,32.0,10,1093.0,9928.0,3,0.4,0,0,Online,Tier 2,0
C14477,28,140.0,6,746.0,4945.0,4,0.39,0,1,Store,Tier 3,0
C14478,21,42.0,19,1177.0,22693.0,7,0.68,0,1,Online,Tier 2,0
C14479,13,80.0,20,1371.0,30473.0,5,0.07,0,1,Both,,0
C14480,52,22.0,21,981.0,23718.0,5,0.11,0,1,Both,Tier 2,0
C14481,5,121.0,10,811.0,8825.0,3,0.72,0,0,Store,Tier 2,1
C14482,53,230.0,4,926.0,3644.0,5,0.68,0,1,Store,Tier 1,1
C14483,58,22.0,15,335.0,5572.0,3,0.49,0,1,Store,Tier 1,0
C14484,6,113.0,6,,3190.0,3,0.38,0,0,Online,Tier 3,0
C14485,27,13.0,10,1192.0,13643.0,6,0.04,0,0,Both,Tier 2,0
C14486,58,51.0,11,808.0,9629.0,4,0.4,0,1,Online,Tier 3,0
C14487,31,27.0,15,742.0,9681.0,4,0.34,1,1,Online,Tier 1,0
C14488,21,92.0,11,818.0,10722.0,2,0.54,2,0,Online,Tier 1,0
C14489,55,195.0,11,496.0,4520.0,3,0.39,0,1,Online,Tier 2,0
C14490,36,20.0,14,761.0,11122.0,4,0.32,0,0,Store,Tier 1,0
C14491,6,35.0,10,703.0,8106.0,5,0.06,0,1,Store,Tier 1,1
C14492,51,29.0,9,797.0,6447.0,5,0.54,0,0,Store,Tier 1,0
C14493,21,105.0,8,485.0,3773.0,3,0.19,2,0,Store,Tier 1,1
C14494,50,28.0,14,1321.0,19106.0,1,0.25,0,1,Store,Tier 1,0
C14495,7,46.0,8,700.0,6480.0,4,0.44,1,0,Store,Tier 1,0
C14496,49,79.0,13,568.0,7788.0,3,0.3,2,1,Online,Tier 1,0
C14497,18,13.0,16,743.0,11464.0,3,0.32,0,0,Store,Tier 3,0
C14498,33,137.0,10,1429.0,12621.0,2,0.19,0,1,Both,Tier 1,0
C14499,44,94.0,8,391.0,2840.0,3,0.25,0,1,Online,Tier 2,0
C14500,54,32.0,13,1210.0,18591.0,6,0.36,0,1,Both,Tier 2,1
C14501,25,112.0,7,1311.0,9575.0,6,0.28,0,0,Online,Tier 2,0
C14502,9,122.0,12,895.0,10976.0,5,0.1,1,0,Store,Tier 2,0
C14503,44,50.0,17,1294.0,22228.0,4,0.52,0,1,Store,Tier 3,0
C14504,18,24.0,8,591.0,4729.0,4,0.49,0,0,Online,Tier 1,0
C14505,1,29.0,10,276.0,2443.0,2,0.13,0,1,Store,Tier 1,0
C14506,57,77.0,17,653.0,10051.0,3,0.58,1,1,Store,Tier 1,0
C14507,28,76.0,10,847.0,8981.0,4,0.51,3,0,Both,Tier 1,0
C14508,52,72.0,9,1527.0,16142.0,5,0.16,0,1,Both,Tier 2,0
C14509,55,90.0,12,1065.0,11952.0,2,0.09,0,1,Both,Tier 2,1
C14510,13,12.0,22,1425.0,35639.0,6,0.13,0,1,Store,Tier 1,0
C14511,40,9.0,14,627.0,8084.0,4,0.77,0,1,Store,Tier 2,0
C14512,18,56.0,16,786.0,11975.0,3,0.73,0,1,Both,Tier 3,1
C14513,51,5.0,13,746.0,9553.0,5,0.82,1,0,Store,Tier 3,0
C14514,7,18.0,13,1142.0,11977.0,5,0.65,0,0,Store,Tier 2,0
C14515,25,24.0,12,157.0,1920.0,2,0.14,1,1,Online,Tier 1,0
C14516,21,4.0,8,841.0,6617.0,5,0.53,0,0,Store,Tier 1,0
C14517,6,25.0,13,1060.0,13679.0,3,0.63,0,0,Both,Tier 1,0
C14518,49,13.0,13,1174.0,12816.0,3,0.22,0,1,Store,Tier 3,0
C14519,9,27.0,16,1310.0,25096.0,5,0.69,0,1,Online,Tier 3,0
C14520,50,105.0,7,911.0,5524.0,6,0.3,0,0,Both,Tier 1,0
C14521,57,170.0,4,1310.0,4743.0,5,0.52,0,0,Store,Tier 2,1
C14522,39,54.0,7,778.0,5079.0,3,0.48,0,1,Both,Tier 1,1
C14523,57,149.0,8,1027.0,9553.0,6,0.58,0,0,Store,Tier 1,0
C14524,23,231.0,8,757.0,5824.0,2,0.2,0,0,Store,Tier 3,1
C14525,28,18.0,16,1113.0,18731.0,6,0.09,1,1,Both,Tier 2,0
C14526,33,30.0,9,1363.0,14559.0,8,0.22,0,1,Store,Tier 2,0
C14527,60,123.0,7,1663.0,12974.0,4,0.08,1,1,Store,Tier 1,1
C14528,46,27.0,13,1342.0,19825.0,2,0.24,0,0,Store,Tier 1,0
C14529,35,54.0,11,1479.0,15310.0,4,0.19,0,1,Store,Tier 2,0
C14530,36,20.0,15,1147.0,17686.0,3,0.5,1,0,Online,Tier 2,0
C14531,57,49.0,19,569.0,12445.0,5,0.6,1,0,Store,Tier 2,0
C14532,31,17.0,10,643.0,6562.0,2,0.77,0,0,Store,Tier 1,0
C14533,49,45.0,12,193.0,1934.0,6,0.23,0,1,Store,Tier 1,0
C14534,7,39.0,16,1129.0,21376.0,7,0.28,1,0,Store,Tier 1,0
C14535,9,20.0,11,241.0,3010.0,7,0.4,2,1,Store,Tier 1,0
C14536,11,30.0,11,666.0,7125.0,3,0.22,0,0,Store,Tier 2,0
C14537,9,88.0,13,702.0,10773.0,2,0.28,1,1,Online,Tier 1,0
C14538,32,72.0,16,,11196.0,2,0.72,1,0,Store,Tier 3,0
C14539,45,45.0,13,240.0,2764.0,3,0.52,0,1,Store,Tier 1,1
C14540,37,89.0,10,1303.0,12977.0,2,0.25,0,1,Store,Tier 1,0
C14541,53,65.0,13,1041.0,15603.0,1,0.47,0,1,Both,Tier 1,0
C14542,34,113.0,5,829.0,3719.0,5,0.57,1,0,Store,Tier 1,0
C14543,30,105.0,6,1326.0,9499.0,3,0.31,0,0,Store,Tier 2,1
C14544,27,48.0,7,646.0,4374.0,3,0.21,0,1,Online,Tier 1,0
C14545,11,75.0,12,1494.0,20433.0,4,0.41,1,1,Both,Tier 2,0
C14546,15,83.0,8,1206.0,10416.0,4,0.34,0,1,Online,Tier 2,0
C14547,54,66.0,12,1514.0,19066.0,4,0.27,1,0,Store,Tier 2,1
C14548,44,14.0,12,657.0,6336.0,7,0.55,1,0,Both,Tier 2,0
C14549,40,68.0,15,1047.0,15035.0,2,0.24,0,0,Both,Tier 1,0
C14550,17,71.0,14,749.0,10871.0,7,0.48,0,0,Store,Tier 2,0
C14551,1,54.0,9,850.0,8565.0,6,0.26,2,0,Online,Tier 2,0
C14552,51,177.0,7,1127.0,7535.0,6,0.67,0,0,Store,Tier 3,1
C14553,58,18.0,17,915.0,17766.0,8,0.33,1,1,Both,Tier 1,0
C14554,17,57.0,12,551.0,6463.0,2,0.53,2,0,Store,Tier 2,1
C14555,39,34.0,13,1161.0,12488.0,5,0.41,0,0,Both,Tier 1,0
C14556,41,45.0,8,1075.0,7246.0,6,0.72,1,1,Online,Tier 3,0
C14557,51,124.0,11,1375.0,14732.0,2,0.32,1,0,Store,Tier 2,0
C14558,12,30.0,9,800.0,6390.0,4,0.03,1,0,Online,Tier 3,0
C14559,37,31.0,17,1143.0,20679.0,1,0.1,0,0,Store,Tier 1,1
C14560,30,69.0,9,787.0,8188.0,6,0.32,0,1,Store,Tier 1,1
C14561,28,13.0,10,915.0,10000.0,4,0.67,0,1,Store,Tier 3,0
C14562,39,20.0,11,784.0,7589.0,3,0.62,2,1,Online,Tier 2,0
C14563,12,157.0,6,883.0,4929.0,4,0.01,1,1,Store,Tier 2,1
C14564,37,36.0,7,1670.0,9751.0,6,0.57,1,0,Both,Tier 1,0
C14565,41,108.0,11,965.0,10193.0,5,0.15,1,1,Store,Tier 1,1
C14566,46,84.0,13,840.0,8954.0,3,0.28,0,0,Store,Tier 1,1
C14567,58,16.0,7,445.0,3518.0,5,0.12,0,0,Store,Tier 3,0
C14568,39,36.0,13,968.0,13305.0,3,0.54,0,1,Both,Tier 1,0
C14569,52,122.0,9,681.0,6857.0,4,0.61,2,0,Online,Tier 3,1
C14570,55,128.0,11,359.0,4441.0,5,0.14,2,1,Online,Tier 2,1
C14571,42,15.0,10,1107.0,12739.0,4,0.54,0,1,Both,Tier 2,0
C14572,20,42.0,8,680.0,5235.0,3,0.27,1,1,Store,Tier 2,0
C14573,42,28.0,12,498.0,4863.0,2,0.32,0,1,Online,Tier 2,0
C14574,53,7.0,13,564.0,6195.0,6,0.63,0,0,Both,Tier 1,0
C14575,57,97.0,16,1034.0,18069.0,6,0.08,0,0,Store,Tier 2,1
C14576,32,137.0,7,1309.0,8468.0,4,0.93,0,1,Store,Tier 3,1
C14577,40,126.0,6,963.0,6118.0,2,0.33,0,1,Online,Tier 1,1
C14578,46,13.0,12,167.0,1698.0,1,0.1,1,1,Store,Tier 1,0
C14579,13,15.0,17,1009.0,17701.0,2,0.74,0,0,Store,Tier 2,0
C14580,35,51.0,14,1094.0,15327.0,3,0.55,0,0,Store,,0
C14581,39,18.0,12,712.0,6843.0,4,0.14,0,1,Store,Tier 3,0
C14582,39,68.0,8,523.0,3794.0,7,0.46,0,0,Store,Tier 2,0
C14583,60,6.0,10,1152.0,11753.0,4,0.22,0,1,Store,Tier 1,0
C14584,54,25.0,14,882.0,13428.0,6,0.56,0,1,Both,Tier 2,0
C14585,31,32.0,14,993.0,15707.0,4,0.62,0,0,Store,Tier 2,0
C14586,40,69.0,10,1008.0,9114.0,2,0.74,0,0,Store,Tier 1,1
C14587,51,143.0,5,273.0,1297.0,5,0.7,0,0,Both,Tier 1,0
C14588,2,56.0,6,1321.0,7839.0,4,0.28,0,1,Online,Tier 1,0
C14589,12,26.0,22,812.0,17445.0,2,0.05,0,0,Store,Tier 2,0
C14590,49,47.0,10,172.0,1913.0,3,0.38,0,1,Online,Tier 2,0
C14591,49,55.0,13,206.0,2424.0,2,0.2,0,1,Both,Tier 2,0
C14592,34,14.0,12,615.0,8004.0,3,0.53,0,0,Both,Tier 1,1
C14593,31,17.0,13,1190.0,14154.0,4,0.77,0,0,Both,Tier 3,0
C14594,55,103.0,8,813.0,6562.0,5,0.23,0,1,Store,Tier 3,0
C14595,14,42.0,9,1074.0,9419.0,2,0.34,0,1,Both,Tier 1,0
C14596,3,41.0,7,1044.0,6908.0,5,0.23,0,0,Store,Tier 2,1
C14597,51,8.0,12,981.0,9640.0,1,0.49,0,1,Store,Tier 1,0
C14598,29,18.0,12,843.0,8561.0,4,0.26,0,1,Store,Tier 3,0
C14599,10,152.0,8,906.0,6633.0,3,0.68,0,0,Both,Tier 2,0
C14600,19,82.0,13,941.0,10258.0,3,0.89,0,0,Both,Tier 1,1
C14601,30,66.0,11,1111.0,11182.0,8,0.33,0,0,Store,Tier 2,0
C14602,5,68.0,6,662.0,3426.0,4,0.81,0,0,Store,Tier 2,1
C14603,1,56.0,8,783.0,6918.0,3,0.75,0,1,Store,Tier 2,0
C14604,51,20.0,18,1422.0,28113.0,4,0.33,0,0,Store,Tier 1,0
C14605,27,20.0,4,1101.0,4024.0,7,0.66,0,0,Online,Tier 2,0
C14606,56,74.0,10,740.0,6729.0,2,0.52,1,0,Online,Tier 3,0
C14607,21,126.0,10,837.0,9154.0,4,0.62,0,0,Store,Tier 2,0
C14608,47,28.0,10,617.0,7176.0,6,0.31,0,0,Store,Tier 1,0
C14609,22,17.0,6,1267.0,7719.0,2,0.4,1,1,Store,Tier 1,0
C14610,47,79.0,18,860.0,17084.0,6,0.22,0,1,Online,Tier 1,0
C14611,19,106.0,9,1149.0,8892.0,6,0.72,1,0,Both,Tier 2,1
C14612,41,84.0,12,957.0,12846.0,3,0.28,1,0,Store,Tier 1,0
C14613,38,82.0,8,387.0,3200.0,6,0.37,1,1,Store,Tier 3,0
C14614,17,19.0,8,893.0,5962.0,3,0.2,0,1,Store,Tier 3,0
C14615,12,18.0,14,706.0,11242.0,5,0.42,0,1,Store,Tier 3,1
C14616,35,6.0,14,376.0,5683.0,3,0.3,0,0,Both,Tier 1,0
C14617,36,26.0,12,380.0,3968.0,3,0.41,0,1,Store,Tier 1,0
C14618,52,93.0,9,1330.0,13011.0,5,0.25,0,1,Store,Tier 2,1
C14619,6,40.0,11,901.0,9447.0,3,0.19,1,0,Store,Tier 1,1
C14620,31,15.0,20,1140.0,23941.0,3,0.46,2,1,Store,Tier 1,0
C14621,46,329.0,0,826.0,0.0,2,0.66,0,0,Online,,1
C14622,34,48.0,13,1486.0,17432.0,7,0.28,1,0,Online,Tier 3,0
C14623,37,58.0,15,562.0,9050.0,5,0.51,2,0,Online,Tier 1,0
C14624,12,6.0,10,734.0,7184.0,4,0.53,0,0,Store,Tier 1,0
C14625,13,84.0,7,537.0,3859.0,2,0.58,0,1,Online,Tier 1,1
C14626,7,88.0,10,986.0,10804.0,3,0.18,1,1,Store,Tier 2,0
C14627,47,73.0,13,576.0,6294.0,3,0.21,1,1,Both,Tier 2,0
C14628,7,15.0,17,767.0,14991.0,3,0.49,0,0,Both,Tier 1,0
C14629,54,216.0,3,636.0,1988.0,6,0.27,0,1,Both,Tier 1,1
C14630,44,19.0,15,712.0,11200.0,3,0.27,0,0,Online,Tier 2,0
C14631,53,93.0,11,1330.0,16207.0,2,0.78,0,1,Store,Tier 2,0
C14632,4,52.0,16,,8997.0,4,0.37,0,0,Store,Tier 2,0
C14633,21,31.0,11,1283.0,15609.0,3,0.05,0,0,Both,Tier 2,0
C14634,34,52.0,10,913.0,7485.0,5,0.05,0,1,Store,Tier 2,0
C14635,20,35.0,15,852.0,11794.0,3,0.04,0,0,Both,Tier 2,0
C14636,44,11.0,13,1026.0,12918.0,4,0.62,0,1,Both,Tier 1,0
C14637,6,89.0,8,853.0,6311.0,2,0.47,0,0,Store,Tier 1,0
C14638,53,43.0,16,1518.0,26260.0,8,0.19,0,0,Store,Tier 2,0
C14639,26,166.0,15,957.0,11884.0,7,0.52,0,0,Store,Tier 2,0
C14640,21,120.0,9,636.0,5915.0,6,0.74,0,0,Online,Tier 2,0
C14641,15,73.0,9,499.0,4604.0,2,0.33,0,0,Store,Tier 2,1
C14642,36,72.0,12,380.0,4026.0,5,0.59,0,0,Both,Tier 3,1
C14643,54,27.0,13,1104.0,12581.0,3,0.19,0,1,Store,Tier 1,0
C14644,51,34.0,14,594.0,8909.0,4,0.45,0,1,Both,Tier 1,0
C14645,36,184.0,6,474.0,2563.0,5,0.19,0,0,Both,Tier 2,0
C14646,35,28.0,15,1094.0,13592.0,2,0.33,0,1,Store,Tier 2,0
C14647,17,75.0,14,1094.0,14856.0,3,0.21,0,0,Online,Tier 3,1
C14648,3,57.0,15,470.0,6947.0,4,0.48,1,0,Online,Tier 1,1
C14649,25,34.0,9,1297.0,13392.0,6,0.35,0,0,Online,Tier 1,0
C14650,56,49.0,11,971.0,12780.0,6,0.41,0,1,Store,Tier 2,0
C14651,25,27.0,10,725.0,8351.0,7,0.72,0,1,Store,Tier 1,1
C14652,20,122.0,5,769.0,3156.0,7,0.2,1,0,Store,Tier 2,1
C14653,4,25.0,7,812.0,5641.0,8,0.1,0,0,Store,Tier 2,0
C14654,15,47.0,15,503.0,8793.0,2,0.39,0,0,Store,Tier 1,1
C14655,4,90.0,12,1027.0,10436.0,4,0.57,2,0,Online,Tier 2,1
C14656,43,20.0,10,471.0,3804.0,6,0.41,0,0,Store,Tier 2,0
C14657,11,20.0,17,1337.0,25338.0,1,0.36,0,0,Store,Tier 1,0
C14658,19,107.0,7,767.0,6093.0,1,0.42,0,1,Online,Tier 2,1
C14659,47,18.0,13,1429.0,17920.0,3,0.47,0,1,Online,Tier 2,0
C14660,4,27.0,17,803.0,14955.0,2,0.68,1,1,Store,Tier 3,0
C14661,30,74.0,14,861.0,9942.0,2,0.23,0,1,Store,Tier 1,0
C14662,8,19.0,13,735.0,7680.0,3,0.46,0,0,Online,Tier 2,0
C14663,18,46.0,16,1686.0,27907.0,7,0.64,0,1,Both,Tier 3,0
C14664,31,34.0,12,412.0,5335.0,4,0.78,0,0,Store,Tier 3,0
C14665,11,20.0,7,1046.0,7583.0,3,0.44,1,1,Store,Tier 2,0
C14666,48,81.0,11,,8611.0,2,0.8,0,0,Store,Tier 1,0
C14667,16,62.0,7,966.0,7617.0,5,0.49,1,0,Store,Tier 3,1
C14668,35,39.0,11,526.0,6676.0,6,0.28,0,1,Store,Tier 2,0
C14669,33,8.0,9,1056.0,7747.0,4,0.09,0,0,Store,Tier 2,0
C14670,7,43.0,11,884.0,8981.0,7,0.41,0,0,Store,Tier 1,0
C14671,22,48.0,16,1561.0,27628.0,3,0.54,0,0,Both,Tier 1,0
C14672,41,86.0,9,299.0,2403.0,4,0.54,0,1,Store,Tier 2,1
C14673,8,12.0,17,1080.0,20103.0,8,0.55,0,0,Both,Tier 3,0
C14674,20,33.0,15,719.0,10089.0,5,0.75,0,0,Both,Tier 1,0
C14675,46,55.0,13,1510.0,20857.0,3,0.53,0,0,Store,Tier 2,0
C14676,33,71.0,16,1357.0,20258.0,4,0.46,0,0,Store,Tier 1,0
C14677,44,51.0,11,482.0,4821.0,4,0.41,0,1,Both,Tier 1,0
C14678,52,7.0,12,885.0,9498.0,2,0.09,0,1,Store,Tier 2,0
C14679,22,41.0,11,1003.0,9175.0,2,0.24,1,0,Online,Tier 1,1
C14680,52,195.0,8,699.0,6238.0,3,0.07,0,1,Store,Tier 3,1
C14681,4,127.0,3,536.0,1473.0,4,0.44,1,1,Store,Tier 1,0
C14682,6,53.0,12,1395.0,13434.0,4,0.75,0,1,Online,Tier 2,0
C14683,43,8.0,10,1027.0,9491.0,5,0.62,0,0,Online,Tier 2,0
C14684,7,86.0,12,1119.0,10913.0,4,0.24,0,0,Store,Tier 2,0
C14685,26,60.0,8,959.0,8622.0,5,0.69,0,0,Store,Tier 2,0
C14686,15,20.0,12,239.0,2667.0,3,0.67,0,1,Both,Tier 2,0
C14687,52,37.0,10,681.0,5931.0,3,0.13,0,0,Store,Tier 1,0
C14688,22,54.0,11,888.0,8964.0,4,0.4,0,0,Store,Tier 2,1
C14689,55,81.0,15,1127.0,14976.0,3,0.13,0,1,Store,Tier 2,0
C14690,6,101.0,9,1350.0,11090.0,4,0.62,0,0,Store,Tier 2,1
C14691,16,76.0,12,1258.0,18050.0,7,0.55,2,1,Online,Tier 1,1
C14692,53,78.0,12,992.0,13932.0,7,0.74,0,1,Store,Tier 2,0
C14693,14,95.0,9,289.0,3005.0,5,0.22,2,1,Both,Tier 2,1
C14694,44,5.0,15,547.0,6613.0,2,0.47,1,1,Online,Tier 1,0
C14695,55,3.0,15,1438.0,19006.0,4,0.27,0,1,Online,Tier 1,0
C14696,52,99.0,10,671.0,7322.0,6,0.45,0,1,Store,Tier 1,1
C14697,19,23.0,14,744.0,9763.0,5,0.7,0,1,Online,Tier 2,0
C14698,46,2.0,13,226.0,2726.0,2,0.23,0,0,Store,Tier 3,1
C14699,33,200.0,10,1161.0,10245.0,2,0.5,0,1,Both,Tier 1,0
C14700,51,10.0,5,989.0,5424.0,6,0.55,0,0,Store,Tier 1,0
C14701,11,32.0,8,1301.0,9601.0,2,0.45,1,0,Store,Tier 2,0
C14702,43,64.0,10,742.0,7769.0,3,0.17,0,1,Both,Tier 2,0
C14703,31,22.0,10,150.0,1799.0,4,0.37,0,1,Online,Tier 3,0
C14704,48,42.0,12,640.0,8256.0,6,0.64,0,0,Store,Tier 2,0
C14705,51,59.0,12,332.0,4052.0,6,0.28,0,0,Both,Tier 1,0
C14706,34,75.0,5,747.0,4245.0,2,0.46,0,1,Store,Tier 2,0
C14707,5,133.0,12,932.0,11493.0,2,0.26,2,0,Store,Tier 2,0
C14708,43,46.0,13,1093.0,13353.0,3,0.45,1,0,Online,Tier 2,1
C14709,42,15.0,8,800.0,5556.0,4,0.56,0,1,Store,Tier 3,0
C14710,15,45.0,12,818.0,11504.0,3,0.68,1,0,Store,Tier 1,0
C14711,30,48.0,7,1521.0,9133.0,3,0.66,0,0,Online,Tier 2,0
C14712,18,35.0,15,831.0,14565.0,6,0.32,0,0,Both,Tier 2,0
C14713,17,18.0,13,744.0,10015.0,4,0.72,0,0,Store,Tier 1,0
C14714,10,2.0,20,1267.0,23897.0,3,0.12,0,1,Store,Tier 2,0
C14715,13,152.0,13,694.0,8702.0,2,0.92,0,0,Both,Tier 2,0
C14716,58,49.0,12,1178.0,14530.0,2,0.56,0,0,Store,Tier 1,0
C14717,55,54.0,9,932.0,8560.0,3,0.48,0,0,Online,Tier 2,1
C14718,51,15.0,15,327.0,4949.0,2,0.51,0,0,Store,Tier 3,0
C14719,7,47.0,10,1308.0,12770.0,5,0.4,0,0,Both,Tier 2,0
C14720,6,103.0,6,314.0,1578.0,2,0.79,0,0,Both,Tier 1,0
C14721,55,68.0,11,932.0,12214.0,1,0.4,0,0,Both,Tier 1,0
C14722,27,79.0,12,711.0,8816.0,6,0.37,1,1,Store,Tier 1,0
C14723,8,107.0,9,647.0,5701.0,5,0.76,0,0,Store,Tier 1,0
C14724,18,51.0,11,860.0,10091.0,3,0.25,0,1,Store,Tier 1,0
C14725,47,114.0,18,901.0,14703.0,2,0.75,0,1,Store,Tier 1,0
C14726,42,134.0,16,1152.0,19070.0,4,0.41,1,0,Store,Tier 1,0
C14727,36,72.0,11,1547.0,19255.0,2,0.57,0,1,Online,Tier 2,0
C14728,16,72.0,16,1092.0,16038.0,3,0.5,1,0,Store,Tier 3,0
C14729,40,130.0,10,583.0,6836.0,6,0.38,0,1,Both,Tier 2,0
C14730,16,57.0,11,1168.0,12344.0,7,0.58,0,0,Both,Tier 1,0
C14731,25,115.0,7,867.0,7086.0,7,0.36,0,0,Store,Tier 1,0
C14732,44,16.0,7,605.0,4396.0,3,0.56,0,1,Online,Tier 1,0
C14733,37,25.0,10,575.0,6205.0,4,0.67,1,1,Store,Tier 1,0
C14734,8,70.0,10,988.0,9263.0,1,0.1,0,1,Online,Tier 2,1
C14735,5,32.0,8,838.0,7358.0,7,0.23,0,0,Store,Tier 2,0
C14736,36,79.0,8,985.0,9227.0,3,0.15,0,0,Both,Tier 1,0
C14737,22,131.0,9,965.0,8892.0,3,0.24,0,1,Store,,0
C14738,25,103.0,14,842.0,14060.0,7,0.56,1,0,Online,Tier 2,0
C14739,41,27.0,9,461.0,3922.0,1,0.64,1,1,Store,,0
C14740,48,57.0,10,418.0,4188.0,3,0.29,0,1,Both,Tier 3,1
C14741,29,76.0,14,545.0,6347.0,6,0.18,0,1,Online,Tier 3,0
C14742,7,71.0,11,708.0,7419.0,2,0.46,0,1,Online,Tier 2,1
C14743,2,43.0,12,444.0,5932.0,7,0.53,1,0,Store,Tier 2,0
C14744,33,119.0,2,849.0,1763.0,6,0.62,1,1,Online,Tier 1,0
C14745,37,75.0,9,1674.0,15098.0,2,0.2,0,1,Both,Tier 1,0
C14746,37,37.0,18,649.0,12077.0,2,0.15,0,1,Both,Tier 1,0
C14747,27,26.0,15,607.0,7866.0,7,0.25,0,0,Store,Tier 1,0
C14748,14,2.0,23,775.0,15891.0,6,0.47,1,1,Both,Tier 1,0
C14749,30,53.0,11,807.0,8892.0,3,0.21,0,1,Both,Tier 1,0
C14750,24,60.0,13,1220.0,17944.0,4,0.44,0,0,Both,Tier 1,0
C14751,14,18.0,14,1433.0,16684.0,5,0.52,0,0,Store,Tier 2,0
C14752,58,214.0,8,958.0,6588.0,4,0.55,0,0,Store,Tier 2,0
C14753,47,34.0,9,605.0,4982.0,1,0.46,0,0,Both,Tier 1,0
C14754,32,54.0,10,457.0,5335.0,5,0.21,0,0,Store,Tier 3,0
C14755,30,61.0,9,1083.0,8539.0,5,0.61,0,0,Online,Tier 1,0
C14756,27,89.0,12,,13596.0,2,0.57,1,0,Store,Tier 1,1
C14757,34,109.0,10,1055.0,11168.0,4,0.86,0,1,Both,Tier 1,1
C14758,17,78.0,10,150.0,1720.0,4,0.6,0,0,Store,Tier 2,0
C14759,32,121.0,7,683.0,4102.0,2,0.08,0,1,Store,Tier 2,1
C14760,14,193.0,9,1205.0,10356.0,4,0.37,0,1,Both,Tier 2,0
C14761,37,33.0,11,847.0,8391.0,5,0.48,0,0,Store,Tier 2,0
C14762,2,48.0,16,503.0,8413.0,3,0.2,0,0,Store,Tier 2,0
C14763,50,87.0,10,616.0,6247.0,4,0.4,1,1,Online,Tier 2,1
C14764,57,91.0,8,672.0,5910.0,3,0.93,0,1,Online,Tier 1,0
C14765,39,73.0,13,161.0,2150.0,5,0.51,0,1,Both,Tier 1,0
C14766,22,64.0,12,786.0,10033.0,1,0.32,0,1,Both,Tier 1,0
C14767,51,49.0,19,546.0,11481.0,4,0.86,0,1,Store,Tier 2,0
C14768,15,41.0,11,1241.0,11035.0,4,0.24,1,0,Online,Tier 2,0
C14769,29,31.0,10,926.0,9373.0,2,0.33,0,0,Store,Tier 1,0
C14770,59,98.0,8,737.0,6274.0,6,0.41,0,1,Store,Tier 1,1
C14771,22,3.0,17,545.0,8190.0,5,0.49,1,0,Store,Tier 1,0
C14772,43,136.0,12,952.0,13026.0,1,0.6,1,0,Store,Tier 2,0
C14773,51,65.0,11,1129.0,12575.0,4,0.28,1,0,Both,Tier 1,0
C14774,24,65.0,10,651.0,6823.0,5,0.12,0,0,Store,Tier 1,0
C14775,42,77.0,13,725.0,8200.0,7,0.8,0,1,Store,Tier 2,0
C14776,23,47.0,16,,10836.0,2,0.7,0,0,Both,Tier 3,1
C14777,58,60.0,12,1021.0,13645.0,2,0.21,1,1,Online,Tier 1,0
C14778,20,162.0,6,889.0,4766.0,3,0.39,1,0,Both,Tier 1,1
C14779,58,81.0,8,802.0,5606.0,4,0.51,0,0,Both,Tier 3,0
C14780,7,14.0,14,1116.0,14632.0,4,0.47,1,0,Both,Tier 2,0
C14781,17,74.0,15,800.0,12111.0,5,0.51,0,1,Both,Tier 1,0
C14782,31,40.0,12,1130.0,14878.0,3,0.51,0,1,Store,Tier 1,0
C14783,4,174.0,5,683.0,4021.0,5,0.47,0,0,Store,Tier 2,1
C14784,49,64.0,13,,8367.0,4,0.39,1,0,Online,Tier 1,1
C14785,11,6.0,12,1084.0,14399.0,4,0.66,0,0,Store,Tier 1,0
C14786,28,193.0,8,837.0,5488.0,5,0.52,0,1,Store,Tier 2,0
C14787,16,52.0,16,563.0,9948.0,4,0.8,0,0,Store,Tier 1,0
C14788,12,13.0,12,908.0,11958.0,4,0.58,0,0,Store,Tier 2,0
C14789,32,66.0,6,642.0,3654.0,4,0.37,0,1,Store,Tier 2,0
C14790,45,59.0,8,740.0,6073.0,5,0.75,0,1,Store,Tier 2,0
C14791,17,12.0,14,1138.0,17628.0,4,0.45,0,0,Both,Tier 2,0
C14792,22,91.0,11,1335.0,15141.0,2,0.1,0,1,Both,Tier 2,1
C14793,37,32.0,15,1326.0,17044.0,3,0.52,0,0,Both,Tier 1,0
C14794,13,73.0,11,1203.0,15609.0,5,0.33,0,0,Both,Tier 2,0
C14795,15,20.0,9,1086.0,10948.0,6,0.1,0,1,Store,Tier 2,0
C14796,45,72.0,7,655.0,4947.0,2,0.16,1,0,Both,Tier 2,0
C14797,49,107.0,7,1085.0,7727.0,6,0.4,0,1,Store,Tier 2,1
C14798,45,9.0,15,1387.0,18029.0,4,0.3,0,1,Store,Tier 1,0
C14799,32,25.0,15,833.0,10216.0,2,0.33,1,1,Store,Tier 2,0
C14800,58,192.0,5,1300.0,6265.0,4,0.15,1,1,Online,Tier 1,0
C14801,43,31.0,16,1190.0,20331.0,2,0.26,0,0,Store,Tier 2,0
C14802,30,46.0,11,1252.0,13030.0,4,0.22,0,1,Both,Tier 3,0
C14803,8,13.0,8,810.0,5262.0,6,0.16,0,0,Both,Tier 2,0
C14804,24,18.0,9,803.0,7140.0,3,0.13,1,0,Online,Tier 1,0
C14805,25,38.0,16,1011.0,14287.0,5,0.47,0,0,Both,Tier 2,0
C14806,6,41.0,16,357.0,5424.0,6,0.53,0,0,Store,Tier 2,0
C14807,57,7.0,14,856.0,10801.0,8,0.35,1,1,Both,Tier 2,0
C14808,5,34.0,16,404.0,7485.0,3,0.33,0,0,Both,Tier 1,0
C14809,58,38.0,11,489.0,5395.0,4,0.2,0,1,Store,Tier 1,0
C14810,30,79.0,19,752.0,11941.0,5,0.33,1,0,Store,Tier 1,0
C14811,10,44.0,14,379.0,5202.0,5,0.18,0,0,Store,Tier 2,1
C14812,22,51.0,7,637.0,3628.0,5,0.5,1,0,Store,Tier 3,0
C14813,36,25.0,17,1003.0,15057.0,7,0.35,0,0,Store,,0
C14814,52,11.0,7,1013.0,6618.0,2,0.3,1,0,Both,Tier 1,1
C14815,9,38.0,16,875.0,13323.0,2,0.69,0,1,Both,Tier 2,0
C14816,10,127.0,7,798.0,4749.0,3,0.41,0,0,Both,Tier 1,1
C14817,60,16.0,13,1090.0,15370.0,2,0.44,1,1,Both,Tier 3,0
C14818,10,34.0,11,897.0,9081.0,1,0.2,0,1,Store,Tier 3,0
C14819,37,147.0,6,597.0,3145.0,3,0.25,0,1,Store,Tier 1,0
C14820,10,41.0,12,905.0,11434.0,3,0.7,0,0,Online,Tier 2,1
C14821,50,43.0,16,831.0,15536.0,1,0.23,0,0,Store,Tier 1,0
C14822,2,60.0,8,1104.0,9552.0,2,0.49,0,0,Both,Tier 2,1
C14823,44,92.0,11,1461.0,13459.0,8,0.16,0,1,Online,Tier 1,1
C14824,2,35.0,14,618.0,7694.0,5,0.56,0,0,Store,Tier 1,0
C14825,56,16.0,16,1227.0,16158.0,5,0.13,0,1,Online,Tier 3,0
C14826,59,164.0,10,1165.0,12753.0,2,0.23,1,1,Both,Tier 3,0
C14827,22,149.0,8,682.0,4878.0,5,0.25,0,0,Both,Tier 2,1
C14828,12,68.0,10,978.0,8325.0,3,0.5,0,1,Store,Tier 2,0
C14829,8,38.0,13,720.0,8592.0,6,0.48,2,0,Both,Tier 1,0
C14830,26,61.0,13,683.0,10655.0,6,0.12,1,0,Store,Tier 1,0
C14831,10,40.0,10,1233.0,12631.0,5,0.64,0,0,Online,Tier 1,0
C14832,11,88.0,11,959.0,11001.0,3,0.68,0,1,Store,Tier 1,0
C14833,33,15.0,12,1376.0,13404.0,3,0.45,0,1,Store,Tier 3,0
C14834,17,53.0,10,150.0,1415.0,3,0.16,0,0,Store,Tier 2,0
C14835,46,102.0,11,918.0,8721.0,5,0.75,0,1,Store,Tier 1,0
C14836,49,49.0,12,1148.0,11311.0,2,0.62,0,0,Store,Tier 2,0
C14837,58,74.0,14,527.0,6639.0,4,0.51,0,1,Store,Tier 2,0
C14838,58,37.0,13,475.0,6867.0,3,0.8,0,1,Store,Tier 3,0
C14839,17,10.0,21,884.0,16074.0,3,0.48,1,1,Online,Tier 2,0
C14840,38,62.0,8,741.0,6097.0,2,0.39,0,0,Both,Tier 2,1
C14841,55,99.0,14,1110.0,16577.0,4,0.2,0,0,Store,Tier 2,0
C14842,44,20.0,12,1193.0,13697.0,3,0.49,1,1,Online,Tier 2,0
C14843,25,76.0,13,1043.0,12953.0,4,0.37,0,1,Both,Tier 1,0
C14844,46,31.0,14,670.0,7599.0,3,0.68,0,0,Online,Tier 1,0
C14845,14,20.0,8,863.0,5983.0,3,0.41,1,0,Both,Tier 1,1
C14846,32,4.0,19,995.0,19797.0,6,0.41,0,1,Both,Tier 2,0
C14847,33,42.0,10,279.0,2871.0,1,0.41,1,0,Both,Tier 2,0
C14848,23,22.0,20,1025.0,22107.0,4,0.5,0,0,Both,Tier 1,0
C14849,8,28.0,9,863.0,7729.0,4,0.46,0,1,Both,Tier 1,0
C14850,11,54.0,17,881.0,13168.0,3,0.18,0,0,Both,Tier 2,0
C14851,1,76.0,13,861.0,12103.0,4,0.19,1,0,Online,Tier 2,1
C14852,42,31.0,18,1068.0,22009.0,6,0.37,0,1,Store,Tier 2,0
C14853,7,78.0,10,449.0,3705.0,3,0.27,0,0,Both,Tier 3,0
C14854,35,6.0,15,1091.0,15928.0,4,0.32,1,0,Store,Tier 1,0
C14855,45,12.0,14,1544.0,18125.0,5,0.58,0,1,Store,Tier 1,0
C14856,1,38.0,13,1180.0,15874.0,6,0.4,1,1,Store,Tier 2,0
C14857,11,104.0,14,780.0,12753.0,4,0.63,0,1,Store,Tier 1,0
C14858,10,36.0,19,666.0,13240.0,2,0.18,0,0,Store,Tier 2,0
C14859,43,37.0,10,810.0,8725.0,5,0.58,0,1,Online,Tier 1,0
C14860,21,116.0,11,926.0,8688.0,1,0.44,0,1,Both,Tier 2,0
C14861,36,149.0,8,1565.0,14548.0,4,0.42,1,0,Store,Tier 2,1
C14862,22,21.0,18,903.0,13171.0,1,0.54,2,1,Online,Tier 1,0
C14863,27,91.0,10,743.0,8312.0,6,0.4,0,0,Store,Tier 2,0
C14864,35,36.0,7,535.0,3204.0,4,0.31,0,1,Both,Tier 2,0
C14865,26,92.0,10,1178.0,11741.0,6,0.44,0,0,Online,Tier 2,0
C14866,54,63.0,9,428.0,3543.0,3,0.51,1,1,Online,Tier 1,1
C14867,38,191.0,5,740.0,4264.0,5,0.23,0,1,Store,Tier 2,1
C14868,4,9.0,12,670.0,6729.0,3,0.34,0,0,Both,Tier 1,0
C14869,7,77.0,12,750.0,10334.0,5,0.31,1,1,Both,Tier 1,0
C14870,39,64.0,9,866.0,7760.0,4,0.46,0,0,Store,Tier 2,0
C14871,5,46.0,14,784.0,9256.0,5,0.47,0,0,Store,Tier 1,0
C14872,2,66.0,9,657.0,6770.0,2,0.2,2,0,Both,Tier 1,0
C14873,47,23.0,7,800.0,5847.0,7,0.38,1,1,Both,Tier 3,0
C14874,4,29.0,14,356.0,4041.0,5,0.38,0,0,Store,Tier 1,0
C14875,52,51.0,13,717.0,9541.0,4,0.58,0,1,Store,Tier 1,0
C14876,53,170.0,7,1383.0,10037.0,4,0.65,0,1,Store,Tier 1,0
C14877,56,50.0,15,685.0,9869.0,2,0.25,0,0,Store,,0
C14878,54,166.0,5,1518.0,9052.0,3,0.73,1,0,Online,Tier 1,1
C14879,33,52.0,11,1422.0,14528.0,3,0.1,0,1,Online,Tier 3,0
C14880,26,23.0,18,391.0,8239.0,4,0.28,1,1,Store,Tier 1,0
C14881,20,145.0,8,735.0,6308.0,4,0.51,0,1,Both,Tier 1,0
C14882,24,77.0,15,854.0,11493.0,5,0.23,1,0,Store,Tier 2,0
C14883,36,53.0,6,1133.0,7627.0,1,0.68,2,1,Online,Tier 2,0
C14884,50,40.0,16,951.0,14300.0,3,0.29,0,0,Store,Tier 3,0
C14885,37,26.0,5,1188.0,5512.0,3,0.09,0,1,Both,Tier 2,0
C14886,33,73.0,9,969.0,8764.0,4,0.51,0,0,Store,Tier 2,0
C14887,6,84.0,13,1117.0,16706.0,1,0.32,2,0,Online,Tier 2,1
C14888,43,26.0,5,834.0,4070.0,3,0.17,0,1,Store,Tier 3,0
C14889,58,35.0,17,233.0,3413.0,4,0.3,0,1,Both,Tier 2,0
C14890,47,3.0,14,794.0,9542.0,6,0.35,0,1,Store,Tier 3,0
C14891,23,16.0,11,821.0,8866.0,3,0.53,0,1,Store,Tier 3,0
C14892,3,53.0,11,599.0,6411.0,6,0.46,0,0,Online,Tier 1,0
C14893,11,66.0,12,1052.0,15048.0,2,0.31,0,0,Both,Tier 1,0
C14894,30,34.0,9,1076.0,11045.0,3,0.57,0,0,Both,Tier 3,0
C14895,55,9.0,10,522.0,6029.0,3,0.15,0,1,Both,Tier 2,0
C14896,47,35.0,12,363.0,3954.0,4,0.89,0,0,Both,Tier 2,0
C14897,16,34.0,14,899.0,11363.0,5,0.37,0,1,Store,Tier 2,0
C14898,29,135.0,5,1104.0,6310.0,5,0.36,0,1,Both,Tier 1,1
C14899,13,117.0,11,679.0,8714.0,2,0.14,0,1,Both,Tier 2,0
C14900,15,26.0,13,1015.0,12211.0,6,0.14,1,1,Store,Tier 2,0
C14901,35,46.0,9,1473.0,14631.0,4,0.17,0,0,Store,Tier 2,0
C14902,43,33.0,9,578.0,5585.0,3,0.55,1,1,Both,Tier 1,0
C14903,25,78.0,6,477.0,2398.0,5,0.56,1,0,Store,Tier 2,0
C14904,55,68.0,14,845.0,11985.0,6,0.41,0,1,Store,Tier 2,0
C14905,49,18.0,9,397.0,2973.0,5,0.61,2,1,Store,Tier 1,0
C14906,19,163.0,13,1333.0,16698.0,1,0.61,0,0,Store,Tier 1,1
C14907,4,5.0,10,1470.0,12729.0,3,0.85,0,0,Store,Tier 1,0
C14908,4,54.0,8,390.0,2830.0,1,0.74,1,0,Store,Tier 1,1
C14909,53,19.0,9,333.0,2652.0,3,0.91,0,1,Both,Tier 1,0
C14910,51,131.0,6,612.0,3728.0,2,0.04,0,0,Both,Tier 2,0
C14911,31,8.0,16,1048.0,15273.0,4,0.18,0,1,Both,Tier 3,0
C14912,54,7.0,12,789.0,9161.0,5,0.27,1,1,Both,Tier 3,0
C14913,50,98.0,10,1207.0,12725.0,2,0.39,0,1,Both,Tier 2,0
C14914,3,31.0,15,220.0,2912.0,2,0.49,0,0,Online,Tier 2,0
C14915,58,16.0,13,698.0,8961.0,3,0.31,0,1,Store,Tier 2,0
C14916,3,1.0,12,550.0,7083.0,4,0.62,0,0,Both,Tier 2,0
C14917,21,24.0,13,1528.0,19999.0,8,0.37,0,0,Store,Tier 2,0
C14918,3,31.0,11,1144.0,11902.0,6,0.39,0,0,Store,Tier 1,0
C14919,8,141.0,9,270.0,2745.0,4,0.12,0,0,Store,Tier 3,0
C14920,33,23.0,21,1198.0,29833.0,3,0.13,0,1,Store,Tier 1,0
C14921,18,69.0,9,1114.0,11927.0,5,0.34,0,0,Store,Tier 3,0
C14922,14,91.0,5,980.0,4869.0,3,0.32,1,0,Store,Tier 1,1
C14923,16,81.0,6,689.0,4075.0,3,0.29,2,0,Store,Tier 3,1
C14924,16,45.0,6,1142.0,6667.0,4,0.44,1,1,Store,Tier 1,0
C14925,29,8.0,16,367.0,6912.0,5,0.42,0,1,Both,Tier 2,0
C14926,56,83.0,8,764.0,6364.0,4,0.13,0,1,Store,Tier 1,0
C14927,9,47.0,9,949.0,7410.0,4,0.29,1,0,Store,Tier 1,0
C14928,16,42.0,12,592.0,6218.0,6,0.12,1,0,Store,Tier 2,0
C14929,20,64.0,9,1171.0,9500.0,3,0.32,1,0,Both,Tier 2,0
C14930,7,79.0,13,1394.0,17327.0,5,0.22,0,1,Both,Tier 1,0
C14931,56,1.0,16,1054.0,18243.0,7,0.32,0,1,Both,Tier 1,1
C14932,5,27.0,18,914.0,18106.0,3,0.74,0,1,Online,Tier 1,1
C14933,26,73.0,13,1177.0,17135.0,4,0.35,0,0,Store,Tier 2,0
C14934,27,61.0,9,606.0,4978.0,1,0.77,0,0,Store,Tier 2,1
C14935,17,139.0,8,855.0,6683.0,4,0.46,0,0,Online,Tier 1,1
C14936,42,17.0,12,1114.0,14899.0,6,0.43,1,0,Store,Tier 2,0
C14937,3,1.0,19,1403.0,25839.0,5,0.2,0,0,Store,Tier 1,0
C14938,40,24.0,12,,15224.0,6,0.62,1,1,Both,Tier 1,0
C14939,26,23.0,9,1621.0,14810.0,2,0.21,0,0,Store,Tier 2,0
C14940,30,126.0,5,830.0,4297.0,5,0.24,0,0,Store,Tier 2,1
C14941,54,69.0,9,393.0,3901.0,4,0.17,0,0,Store,Tier 1,0
C14942,34,46.0,15,278.0,3737.0,2,0.13,0,1,Online,Tier 1,0
C14943,20,42.0,15,265.0,4134.0,5,0.22,0,1,Store,Tier 2,0
C14944,20,121.0,11,1404.0,17801.0,2,0.63,1,1,Store,Tier 2,1
C14945,40,4.0,19,159.0,2804.0,3,0.11,0,0,Online,Tier 2,0
C14946,55,10.0,17,1253.0,21512.0,4,0.49,1,0,Both,Tier 3,0
C14947,17,14.0,10,681.0,6514.0,3,0.5,1,1,Online,Tier 2,1
C14948,24,147.0,9,1099.0,9411.0,4,0.62,0,0,Store,Tier 1,1
C14949,12,123.0,10,459.0,4159.0,3,0.44,1,0,Store,Tier 2,0
C14950,18,26.0,16,942.0,14554.0,3,0.73,1,0,Both,Tier 2,0
C14951,41,11.0,13,1230.0,18893.0,8,0.39,1,1,Store,Tier 3,0
C14952,34,39.0,12,1539.0,16006.0,1,0.52,0,0,Both,Tier 1,0
C14953,13,12.0,14,485.0,7332.0,4,0.1,0,0,Online,Tier 2,0
C14954,36,11.0,17,766.0,13432.0,3,0.62,0,0,Store,Tier 2,0
C14955,53,35.0,13,1106.0,13320.0,4,0.34,0,0,Both,Tier 2,0
C14956,17,24.0,13,994.0,13199.0,5,0.68,0,1,Both,Tier 2,0
C14957,30,147.0,4,950.0,3761.0,6,0.25,0,1,Store,Tier 2,1
C14958,5,68.0,12,833.0,9490.0,6,0.52,0,1,Online,Tier 3,0
C14959,40,98.0,7,985.0,7810.0,2,0.33,0,0,Both,Tier 1,0
C14960,40,146.0,7,1217.0,6921.0,4,0.34,1,1,Store,Tier 3,0
C14961,8,55.0,2,1015.0,2350.0,3,0.45,0,0,Online,Tier 2,0
C14962,12,30.0,13,964.0,11492.0,1,0.37,1,1,Online,Tier 2,0
C14963,31,51.0,16,705.0,11239.0,5,0.44,0,0,Both,Tier 2,0
C14964,5,24.0,8,1212.0,9576.0,4,0.1,2,0,Both,Tier 2,1
C14965,50,20.0,9,1349.0,12453.0,3,0.18,0,1,Store,Tier 2,0
C14966,2,61.0,16,423.0,7873.0,3,0.72,1,1,Store,Tier 2,0
C14967,52,47.0,13,1008.0,10569.0,4,0.37,0,0,Both,Tier 2,0
C14968,34,34.0,16,1086.0,17495.0,3,0.17,0,1,Online,Tier 1,0
C14969,1,35.0,18,1142.0,23561.0,4,0.22,0,0,Store,Tier 1,0
C14970,29,140.0,5,563.0,2887.0,8,0.18,1,0,Both,Tier 1,0
C14971,13,9.0,13,1138.0,13473.0,2,0.61,0,0,Store,Tier 3,0
C14972,32,223.0,6,1553.0,8831.0,3,0.51,0,0,Both,Tier 3,1
C14973,4,64.0,11,1249.0,12354.0,1,0.11,1,1,Online,Tier 2,0
C14974,47,68.0,16,1280.0,21855.0,5,0.18,0,0,Both,Tier 2,0
C14975,31,24.0,13,825.0,12373.0,2,0.24,0,0,Both,Tier 2,0
C14976,42,76.0,8,898.0,5858.0,4,0.75,0,1,Both,Tier 3,0
C14977,13,29.0,21,1043.0,21244.0,6,0.34,0,0,Store,Tier 3,0
C14978,20,41.0,12,245.0,2968.0,3,0.64,2,0,Store,Tier 1,0
C14979,5,38.0,10,794.0,8600.0,2,0.38,0,0,Store,Tier 1,0
C14980,10,149.0,10,920.0,10995.0,8,0.17,1,1,Both,Tier 1,0
C14981,31,12.0,10,,10670.0,4,0.57,0,0,Store,Tier 3,0
C14982,42,47.0,20,,25549.0,6,0.62,1,0,Store,Tier 2,0
C14983,28,55.0,14,711.0,9084.0,4,0.31,0,1,Online,Tier 3,0
C14984,46,86.0,10,651.0,6091.0,8,0.38,0,1,Store,Tier 1,0
C14985,32,265.0,4,584.0,2425.0,4,0.21,0,1,Store,Tier 3,1
C14986,16,52.0,14,1209.0,16222.0,3,0.45,0,1,Both,Tier 2,0
C14987,51,21.0,25,741.0,19163.0,5,0.25,0,0,Store,Tier 1,0
C14988,47,52.0,11,1861.0,19163.0,3,0.83,0,1,Store,Tier 1,0
C14989,27,58.0,12,1251.0,14593.0,2,0.87,1,0,Store,Tier 2,1
C14990,9,22.0,16,825.0,15610.0,4,0.41,0,0,Store,Tier 3,0
C14991,15,107.0,8,676.0,5900.0,5,0.54,0,0,Store,Tier 2,1
C14992,42,111.0,6,1252.0,6876.0,2,0.51,1,0,Both,Tier 1,1
C14993,44,145.0,7,1112.0,7118.0,4,0.18,0,1,Both,Tier 1,0
C14994,34,31.0,13,1070.0,16138.0,3,0.6,0,1,Both,Tier 1,0
C14995,6,9.0,20,647.0,10413.0,4,0.33,1,0,Online,Tier 2,0
C14996,58,39.0,9,637.0,4886.0,4,0.37,0,0,Both,Tier 2,0
C14997,41,66.0,10,475.0,5568.0,3,0.26,0,0,Online,Tier 1,0
C14998,4,87.0,12,1146.0,11371.0,2,0.04,0,0,Online,Tier 1,0
C14999,18,53.0,15,832.0,13652.0,5,0.4,0,0,Both,Tier 2,0
C15000,56,1.0,11,733.0,8025.0,2,0.48,0,1,Store,Tier 2,0
