customer_id,segment,churn_prob,risk,monetary_12m
C00001,High-value regulars,0.036,Low,12223.0
C00002,High-value regulars,0.197,Low,13380.0
C00003,High-value regulars,0.338,Medium,10261.0
C00004,Lapsing / dormant,0.114,Low,5826.0
C00005,High-value regulars,0.261,Medium,9422.0
C00006,Lapsing / dormant,0.574,High,2235.0
C00007,Lapsing / dormant,0.343,Medium,8672.0
C00008,High-value regulars,0.125,Low,8138.0
C00009,Low-spend occasional,0.122,Low,4343.0
C00010,High-value regulars,0.283,Medium,9346.0
C00011,High-value regulars,0.064,Low,16105.0
C00012,High-value regulars,0.169,Low,19545.0
C00013,High-value regulars,0.08,Low,19851.0
C00014,High-value regulars,0.107,Low,11575.0
C00015,High-value regulars,0.176,Low,9682.0
C00016,Lapsing / dormant,0.251,Medium,5494.0
C00017,Lapsing / dormant,0.387,Medium,9260.0
C00018,High-value regulars,0.128,Low,9881.0
C00019,High-value regulars,0.078,Low,22321.0
C00020,High-value regulars,0.186,Low,15392.0
C00021,Lapsing / dormant,0.231,Low,6940.0
C00022,High-value regulars,0.08,Low,9939.0
C00023,Low-spend occasional,0.06,Low,4449.0
C00024,High-value regulars,0.08,Low,9888.0
C00025,Lapsing / dormant,0.239,Low,7397.0
C00026,High-value regulars,0.054,Low,13851.0
C00027,Lapsing / dormant,0.762,High,7649.0
C00028,High-value regulars,0.131,Low,19380.0
C00029,Low-spend occasional,0.049,Low,5120.0
C00030,High-value regulars,0.081,Low,18833.0
C00031,Lapsing / dormant,0.642,High,11186.0
C00032,Lapsing / dormant,0.695,High,3849.0
C00033,High-value regulars,0.072,Low,14466.0
C00034,High-value regulars,0.067,Low,12230.0
C00035,Low-spend occasional,0.133,Low,6815.0
C00036,High-value regulars,0.046,Low,13657.0
C00037,Low-spend occasional,0.136,Low,3978.0
C00038,High-value regulars,0.274,Medium,13836.0
C00039,High-value regulars,0.042,Low,21897.0
C00040,High-value regulars,0.077,Low,7739.0
C00041,Low-spend occasional,0.243,Low,6153.0
C00042,Low-spend occasional,0.057,Low,7472.0
C00043,Low-spend occasional,0.319,Medium,1660.0
C00044,High-value regulars,0.345,Medium,11826.0
C00045,High-value regulars,0.038,Low,26781.0
C00046,High-value regulars,0.104,Low,17645.0
C00047,Lapsing / dormant,0.33,Medium,7407.0
C00048,High-value regulars,0.148,Low,11921.0
C00049,Low-spend occasional,0.067,Low,3774.0
C00050,High-value regulars,0.08,Low,14614.0
C00051,High-value regulars,0.068,Low,10176.0
C00052,High-value regulars,0.081,Low,22117.0
C00053,High-value regulars,0.078,Low,21370.0
C00054,High-value regulars,0.106,Low,18318.0
C00055,High-value regulars,0.11,Low,7608.0
C00056,High-value regulars,0.111,Low,10828.0
C00057,High-value regulars,0.215,Low,10071.0
C00058,High-value regulars,0.035,Low,24837.0
C00059,High-value regulars,0.206,Low,9386.0
C00060,Lapsing / dormant,0.096,Low,7648.0
C00061,High-value regulars,0.2,Low,11400.0
C00062,High-value regulars,0.29,Medium,9138.0
C00063,Lapsing / dormant,0.477,Medium,7535.0
C00064,High-value regulars,0.106,Low,23140.0
C00065,High-value regulars,0.121,Low,13957.0
C00066,High-value regulars,0.095,Low,10393.0
C00067,Low-spend occasional,0.172,Low,2437.0
C00068,Lapsing / dormant,0.433,Medium,10327.0
C00069,High-value regulars,0.151,Low,11742.0
C00070,Lapsing / dormant,0.434,Medium,5576.0
C00071,Lapsing / dormant,0.821,High,2762.0
C00072,High-value regulars,0.081,Low,9413.0
C00073,High-value regulars,0.519,High,7306.0
C00074,High-value regulars,0.062,Low,22512.0
C00075,Lapsing / dormant,0.437,Medium,12894.0
C00076,High-value regulars,0.148,Low,16213.0
C00077,High-value regulars,0.037,Low,9884.0
C00078,Lapsing / dormant,0.693,High,3057.0
C00079,High-value regulars,0.066,Low,7308.0
C00080,High-value regulars,0.126,Low,9433.0
C00081,High-value regulars,0.208,Low,8089.0
C00082,Lapsing / dormant,0.215,Low,4260.0
C00083,High-value regulars,0.056,Low,18503.0
C00084,Lapsing / dormant,0.334,Medium,6852.0
C00085,Lapsing / dormant,0.283,Medium,7057.0
C00086,Lapsing / dormant,0.363,Medium,6783.0
C00087,High-value regulars,0.138,Low,10877.0
C00088,High-value regulars,0.029,Low,14934.0
C00089,Lapsing / dormant,0.147,Low,8657.0
C00090,High-value regulars,0.095,Low,13342.0
C00091,High-value regulars,0.153,Low,20988.0
C00092,Lapsing / dormant,0.155,Low,7954.0
C00093,Lapsing / dormant,0.23,Low,8837.0
C00094,High-value regulars,0.086,Low,15940.0
C00095,Lapsing / dormant,0.205,Low,3884.0
C00096,Lapsing / dormant,0.471,Medium,5918.0
C00097,High-value regulars,0.094,Low,13084.0
C00098,Lapsing / dormant,0.444,Medium,4461.0
C00099,High-value regulars,0.068,Low,16471.0
C00100,Low-spend occasional,0.253,Medium,5052.0
C00101,High-value regulars,0.035,Low,13201.0
C00102,High-value regulars,0.029,Low,17491.0
C00103,High-value regulars,0.137,Low,15035.0
C00104,High-value regulars,0.348,Medium,12862.0
C00105,High-value regulars,0.041,Low,7684.0
C00106,Lapsing / dormant,0.411,Medium,7275.0
C00107,High-value regulars,0.168,Low,11378.0
C00108,Lapsing / dormant,0.432,Medium,9181.0
C00109,High-value regulars,0.074,Low,13720.0
C00110,High-value regulars,0.149,Low,11980.0
C00111,Lapsing / dormant,0.239,Low,5731.0
C00112,High-value regulars,0.028,Low,20427.0
C00113,Lapsing / dormant,0.161,Low,6777.0
C00114,High-value regulars,0.053,Low,18687.0
C00115,High-value regulars,0.267,Medium,12477.0
C00116,Low-spend occasional,0.269,Medium,6577.0
C00117,High-value regulars,0.072,Low,12777.0
C00118,High-value regulars,0.161,Low,10016.0
C00119,Lapsing / dormant,0.256,Medium,6903.0
C00120,Lapsing / dormant,0.299,Medium,12644.0
C00121,Low-spend occasional,0.209,Low,4177.0
C00122,High-value regulars,0.315,Medium,20500.0
C00123,Lapsing / dormant,0.158,Low,9436.0
C00124,High-value regulars,0.18,Low,17404.0
C00125,High-value regulars,0.036,Low,15631.0
C00126,Lapsing / dormant,0.526,High,5734.0
C00127,Lapsing / dormant,0.351,Medium,2261.0
C00128,High-value regulars,0.132,Low,8867.0
C00129,High-value regulars,0.159,Low,11373.0
C00130,Low-spend occasional,0.259,Medium,3520.0
C00131,Lapsing / dormant,0.455,Medium,3956.0
C00132,Lapsing / dormant,0.689,High,4692.0
C00133,Lapsing / dormant,0.283,Medium,6265.0
C00134,High-value regulars,0.104,Low,7258.0
C00135,High-value regulars,0.079,Low,6711.0
C00136,Lapsing / dormant,0.7,High,4067.0
C00137,High-value regulars,0.229,Low,17489.0
C00138,High-value regulars,0.126,Low,9818.0
C00139,High-value regulars,0.051,Low,12581.0
C00140,High-value regulars,0.306,Medium,15530.0
C00141,High-value regulars,0.121,Low,17041.0
C00142,Lapsing / dormant,0.908,High,3928.0
C00143,High-value regulars,0.04,Low,15975.0
C00144,Low-spend occasional,0.308,Medium,1181.0
C00145,Lapsing / dormant,0.549,High,14290.0
C00146,High-value regulars,0.048,Low,10181.0
C00147,High-value regulars,0.247,Low,13688.0
C00148,High-value regulars,0.086,Low,16291.0
C00149,Lapsing / dormant,0.413,Medium,11183.0
C00150,High-value regulars,0.338,Medium,9021.0
C00151,High-value regulars,0.111,Low,13927.0
C00152,High-value regulars,0.102,Low,7428.0
C00153,High-value regulars,0.044,Low,21495.0
C00154,High-value regulars,0.059,Low,22395.0
C00155,High-value regulars,0.125,Low,16262.0
C00156,Lapsing / dormant,0.664,High,6747.0
C00157,Lapsing / dormant,0.538,High,8581.0
C00158,High-value regulars,0.218,Low,14832.0
C00159,Low-spend occasional,0.061,Low,7774.0
C00160,High-value regulars,0.195,Low,12971.0
C00161,Low-spend occasional,0.55,High,3443.0
C00162,High-value regulars,0.111,Low,11281.0
C00163,High-value regulars,0.294,Medium,14627.0
C00164,High-value regulars,0.155,Low,9952.0
C00165,Lapsing / dormant,0.152,Low,10497.0
C00166,Lapsing / dormant,0.235,Low,4795.0
C00167,Lapsing / dormant,0.611,High,1812.0
C00168,High-value regulars,0.121,Low,10863.0
C00169,Lapsing / dormant,0.662,High,8009.0
C00170,High-value regulars,0.136,Low,10641.0
C00171,High-value regulars,0.126,Low,9366.0
C00172,High-value regulars,0.113,Low,20836.0
C00173,High-value regulars,0.113,Low,13452.0
C00174,Lapsing / dormant,0.458,Medium,3803.0
C00175,Low-spend occasional,0.261,Medium,2450.0
C00176,High-value regulars,0.275,Medium,13889.0
C00177,High-value regulars,0.135,Low,15234.0
C00178,High-value regulars,0.092,Low,12661.0
C00179,High-value regulars,0.169,Low,6282.0
C00180,Lapsing / dormant,0.258,Medium,10665.0
C00181,Lapsing / dormant,0.387,Medium,6280.0
C00182,Lapsing / dormant,0.231,Low,8610.0
C00183,High-value regulars,0.113,Low,15129.0
C00184,Low-spend occasional,0.19,Low,3610.0
C00185,Low-spend occasional,0.215,Low,4939.0
C00186,Low-spend occasional,0.116,Low,4905.0
C00187,Lapsing / dormant,0.227,Low,8498.0
C00188,High-value regulars,0.064,Low,11578.0
C00189,High-value regulars,0.096,Low,11675.0
C00190,High-value regulars,0.117,Low,22434.0
C00191,High-value regulars,0.053,Low,24912.0
C00192,Lapsing / dormant,0.427,Medium,2943.0
C00193,Low-spend occasional,0.05,Low,2103.0
C00194,High-value regulars,0.194,Low,10091.0
C00195,High-value regulars,0.052,Low,10480.0
C00196,Lapsing / dormant,0.632,High,4263.0
C00197,Lapsing / dormant,0.089,Low,6580.0
C00198,Lapsing / dormant,0.263,Medium,9233.0
C00199,Low-spend occasional,0.089,Low,2942.0
C00200,High-value regulars,0.285,Medium,12738.0
C00201,Lapsing / dormant,0.117,Low,4773.0
C00202,High-value regulars,0.07,Low,14267.0
C00203,High-value regulars,0.14,Low,16141.0
C00204,High-value regulars,0.048,Low,19774.0
C00205,Lapsing / dormant,0.409,Medium,4533.0
C00206,High-value regulars,0.069,Low,12289.0
C00207,Lapsing / dormant,0.3,Medium,8570.0
C00208,Lapsing / dormant,0.552,High,3335.0
C00209,Lapsing / dormant,0.671,High,2251.0
C00210,Lapsing / dormant,0.219,Low,6932.0
C00211,High-value regulars,0.266,Medium,11587.0
C00212,Low-spend occasional,0.211,Low,3692.0
C00213,High-value regulars,0.512,High,14070.0
C00214,Lapsing / dormant,0.179,Low,5952.0
C00215,Lapsing / dormant,0.097,Low,7255.0
C00216,Low-spend occasional,0.326,Medium,1096.0
C00217,High-value regulars,0.245,Low,9112.0
C00218,High-value regulars,0.14,Low,16902.0
C00219,High-value regulars,0.26,Medium,14231.0
C00220,High-value regulars,0.089,Low,12884.0
C00221,Lapsing / dormant,0.27,Medium,7648.0
C00222,High-value regulars,0.166,Low,10175.0
C00223,High-value regulars,0.041,Low,22608.0
C00224,High-value regulars,0.093,Low,19531.0
C00225,Lapsing / dormant,0.373,Medium,13163.0
C00226,Low-spend occasional,0.096,Low,5873.0
C00227,High-value regulars,0.096,Low,7959.0
C00228,Low-spend occasional,0.14,Low,5183.0
C00229,Lapsing / dormant,0.191,Low,7307.0
C00230,Lapsing / dormant,0.411,Medium,7631.0
C00231,Low-spend occasional,0.067,Low,4322.0
C00232,Lapsing / dormant,0.077,Low,7411.0
C00233,High-value regulars,0.089,Low,13891.0
C00234,Lapsing / dormant,0.139,Low,8101.0
C00235,Lapsing / dormant,0.111,Low,4776.0
C00236,High-value regulars,0.242,Low,13693.0
C00237,High-value regulars,0.108,Low,13254.0
C00238,High-value regulars,0.217,Low,8858.0
C00239,Lapsing / dormant,0.241,Low,10150.0
C00240,Lapsing / dormant,0.381,Medium,10252.0
C00241,High-value regulars,0.123,Low,16447.0
C00242,Lapsing / dormant,0.122,Low,6059.0
C00243,Lapsing / dormant,0.384,Medium,7669.0
C00244,Low-spend occasional,0.123,Low,7561.0
C00245,Lapsing / dormant,0.728,High,2657.0
C00246,High-value regulars,0.373,Medium,16039.0
C00247,High-value regulars,0.04,Low,18455.0
C00248,High-value regulars,0.113,Low,9203.0
C00249,High-value regulars,0.187,Low,21636.0
C00250,Lapsing / dormant,0.111,Low,6426.0
C00251,High-value regulars,0.052,Low,13714.0
C00252,High-value regulars,0.256,Medium,11973.0
C00253,High-value regulars,0.14,Low,10673.0
C00254,High-value regulars,0.11,Low,10566.0
C00255,High-value regulars,0.118,Low,14650.0
C00256,High-value regulars,0.059,Low,8550.0
C00257,Lapsing / dormant,0.352,Medium,5356.0
C00258,Lapsing / dormant,0.244,Low,5613.0
C00259,Low-spend occasional,0.032,Low,4532.0
C00260,High-value regulars,0.047,Low,10196.0
C00261,High-value regulars,0.166,Low,14240.0
C00262,High-value regulars,0.168,Low,8337.0
C00263,Lapsing / dormant,0.088,Low,7598.0
C00264,Lapsing / dormant,0.606,High,12853.0
C00265,High-value regulars,0.122,Low,10487.0
C00266,Low-spend occasional,0.068,Low,4791.0
C00267,Low-spend occasional,0.301,Medium,5029.0
C00268,Lapsing / dormant,0.35,Medium,6188.0
C00269,Lapsing / dormant,0.205,Low,6867.0
C00270,High-value regulars,0.247,Low,14884.0
C00271,Lapsing / dormant,0.371,Medium,7015.0
C00272,High-value regulars,0.064,Low,30269.0
C00273,Lapsing / dormant,0.386,Medium,6746.0
C00274,High-value regulars,0.09,Low,9476.0
C00275,High-value regulars,0.045,Low,13464.0
C00276,Lapsing / dormant,0.677,High,6495.0
C00277,High-value regulars,0.244,Low,8619.0
C00278,High-value regulars,0.179,Low,12336.0
C00279,High-value regulars,0.049,Low,13121.0
C00280,Lapsing / dormant,0.736,High,6201.0
C00281,Lapsing / dormant,0.384,Medium,3385.0
C00282,Lapsing / dormant,0.249,Low,10503.0
C00283,Lapsing / dormant,0.537,High,9565.0
C00284,High-value regulars,0.092,Low,17266.0
C00285,High-value regulars,0.117,Low,17757.0
C00286,High-value regulars,0.103,Low,15578.0
C00287,Low-spend occasional,0.069,Low,6918.0
C00288,High-value regulars,0.122,Low,11877.0
C00289,High-value regulars,0.082,Low,10872.0
C00290,Lapsing / dormant,0.339,Medium,8129.0
C00291,High-value regulars,0.127,Low,17074.0
C00292,Low-spend occasional,0.399,Medium,3007.0
C00293,High-value regulars,0.07,Low,9661.0
C00294,High-value regulars,0.047,Low,17975.0
C00295,Lapsing / dormant,0.373,Medium,8701.0
C00296,High-value regulars,0.167,Low,11818.0
C00297,High-value regulars,0.168,Low,16441.0
C00298,High-value regulars,0.042,Low,14991.0
C00299,High-value regulars,0.05,Low,13551.0
C00300,High-value regulars,0.331,Medium,13211.0
C00301,Lapsing / dormant,0.142,Low,8688.0
C00302,High-value regulars,0.24,Low,9710.0
C00303,High-value regulars,0.142,Low,15130.0
C00304,High-value regulars,0.016,Low,23803.0
C00305,High-value regulars,0.041,Low,17283.0
C00306,Low-spend occasional,0.098,Low,5170.0
C00307,Low-spend occasional,0.171,Low,6911.0
C00308,High-value regulars,0.108,Low,16374.0
C00309,Low-spend occasional,0.178,Low,5626.0
C00310,Lapsing / dormant,0.178,Low,9306.0
C00311,Low-spend occasional,0.294,Medium,4335.0
C00312,Lapsing / dormant,0.094,Low,7338.0
C00313,Lapsing / dormant,0.409,Medium,12677.0
C00314,High-value regulars,0.168,Low,9879.0
C00315,Lapsing / dormant,0.378,Medium,4260.0
C00316,High-value regulars,0.194,Low,14531.0
C00317,High-value regulars,0.159,Low,8474.0
C00318,Lapsing / dormant,0.096,Low,7515.0
C00319,High-value regulars,0.24,Low,11023.0
C00320,Low-spend occasional,0.096,Low,6173.0
C00321,High-value regulars,0.069,Low,9596.0
C00322,Lapsing / dormant,0.505,High,5002.0
C00323,High-value regulars,0.231,Low,14081.0
C00324,High-value regulars,0.206,Low,10576.0
C00325,Low-spend occasional,0.084,Low,7320.0
C00326,High-value regulars,0.178,Low,10989.0
C00327,Low-spend occasional,0.25,Medium,5149.0
C00328,High-value regulars,0.064,Low,12027.0
C00329,High-value regulars,0.231,Low,12312.0
C00330,Lapsing / dormant,0.544,High,6954.0
C00331,High-value regulars,0.137,Low,8095.0
C00332,High-value regulars,0.043,Low,18471.0
C00333,Low-spend occasional,0.246,Low,7277.0
C00334,Lapsing / dormant,0.634,High,7960.0
C00335,Lapsing / dormant,0.342,Medium,5517.0
C00336,High-value regulars,0.107,Low,8695.0
C00337,High-value regulars,0.234,Low,10145.0
C00338,Low-spend occasional,0.621,High,3247.0
C00339,High-value regulars,0.139,Low,16758.0
C00340,Low-spend occasional,0.361,Medium,7731.0
C00341,Lapsing / dormant,0.249,Low,7907.0
C00342,Low-spend occasional,0.593,High,4945.0
C00343,Lapsing / dormant,0.877,High,6935.0
C00344,High-value regulars,0.083,Low,14898.0
C00345,High-value regulars,0.095,Low,8099.0
C00346,High-value regulars,0.043,Low,17536.0
C00347,High-value regulars,0.115,Low,23375.0
C00348,High-value regulars,0.212,Low,15604.0
C00349,High-value regulars,0.097,Low,9585.0
C00350,Lapsing / dormant,0.602,High,5354.0
C00351,Lapsing / dormant,0.512,High,2396.0
C00352,High-value regulars,0.131,Low,6823.0
C00353,High-value regulars,0.247,Low,16952.0
C00354,High-value regulars,0.067,Low,16417.0
C00355,High-value regulars,0.092,Low,21232.0
C00356,Lapsing / dormant,0.079,Low,8703.0
C00357,High-value regulars,0.124,Low,14101.0
C00358,Lapsing / dormant,0.134,Low,5020.0
C00359,Low-spend occasional,0.143,Low,7167.0
C00360,High-value regulars,0.036,Low,20338.0
C00361,High-value regulars,0.138,Low,10814.0
C00362,High-value regulars,0.112,Low,14315.0
C00363,High-value regulars,0.11,Low,10080.0
C00364,Low-spend occasional,0.28,Medium,3280.0
C00365,High-value regulars,0.204,Low,18649.0
C00366,Lapsing / dormant,0.365,Medium,9192.0
C00367,Lapsing / dormant,0.514,High,9388.0
C00368,High-value regulars,0.094,Low,20691.0
C00369,High-value regulars,0.103,Low,13898.0
C00370,Low-spend occasional,0.107,Low,4710.0
C00371,Lapsing / dormant,0.301,Medium,7278.0
C00372,High-value regulars,0.121,Low,17370.0
C00373,Lapsing / dormant,0.303,Medium,4547.0
C00374,High-value regulars,0.102,Low,14468.0
C00375,High-value regulars,0.073,Low,15125.0
C00376,High-value regulars,0.28,Medium,21046.0
C00377,Lapsing / dormant,0.28,Medium,10479.0
C00378,Lapsing / dormant,0.19,Low,8073.0
C00379,High-value regulars,0.098,Low,14966.0
C00380,High-value regulars,0.155,Low,11689.0
C00381,Low-spend occasional,0.328,Medium,2360.0
C00382,High-value regulars,0.098,Low,12559.0
C00383,Low-spend occasional,0.145,Low,5491.0
C00384,High-value regulars,0.14,Low,25015.0
C00385,Lapsing / dormant,0.922,High,2899.0
C00386,Lapsing / dormant,0.156,Low,6443.0
C00387,Lapsing / dormant,0.271,Medium,9985.0
C00388,High-value regulars,0.159,Low,15200.0
C00389,Lapsing / dormant,0.473,Medium,6238.0
C00390,Lapsing / dormant,0.291,Medium,6471.0
C00391,Low-spend occasional,0.051,Low,4201.0
C00392,Lapsing / dormant,0.247,Low,6861.0
C00393,Low-spend occasional,0.147,Low,4191.0
C00394,High-value regulars,0.058,Low,15489.0
C00395,Lapsing / dormant,0.689,High,10241.0
C00396,High-value regulars,0.118,Low,12373.0
C00397,Low-spend occasional,0.123,Low,1879.0
C00398,Low-spend occasional,0.327,Medium,6562.0
C00399,Lapsing / dormant,0.575,High,5375.0
C00400,High-value regulars,0.074,Low,9757.0
C00401,Lapsing / dormant,0.301,Medium,7873.0
C00402,High-value regulars,0.035,Low,11873.0
C00403,Lapsing / dormant,0.768,High,4140.0
C00404,High-value regulars,0.135,Low,12738.0
C00405,Low-spend occasional,0.027,Low,7238.0
C00406,Low-spend occasional,0.138,Low,2866.0
C00407,Low-spend occasional,0.332,Medium,6467.0
C00408,Low-spend occasional,0.196,Low,3489.0
C00409,High-value regulars,0.227,Low,24132.0
C00410,Lapsing / dormant,0.166,Low,9680.0
C00411,High-value regulars,0.28,Medium,12059.0
C00412,High-value regulars,0.135,Low,10664.0
C00413,High-value regulars,0.074,Low,13345.0
C00414,High-value regulars,0.175,Low,13879.0
C00415,High-value regulars,0.328,Medium,16764.0
C00416,High-value regulars,0.429,Medium,12614.0
C00417,High-value regulars,0.239,Low,12969.0
C00418,Lapsing / dormant,0.775,High,5544.0
C00419,Lapsing / dormant,0.186,Low,9079.0
C00420,Lapsing / dormant,0.247,Low,14620.0
C00421,High-value regulars,0.192,Low,12172.0
C00422,High-value regulars,0.084,Low,19823.0
C00423,Lapsing / dormant,0.134,Low,8229.0
C00424,High-value regulars,0.205,Low,9876.0
C00425,High-value regulars,0.333,Medium,10442.0
C00426,Low-spend occasional,0.351,Medium,3689.0
C00427,High-value regulars,0.112,Low,18074.0
C00428,High-value regulars,0.065,Low,10485.0
C00429,Lapsing / dormant,0.174,Low,7302.0
C00430,High-value regulars,0.052,Low,15512.0
C00431,Lapsing / dormant,0.126,Low,6470.0
C00432,Low-spend occasional,0.177,Low,5101.0
C00433,Lapsing / dormant,0.193,Low,5887.0
C00434,High-value regulars,0.139,Low,11784.0
C00435,High-value regulars,0.099,Low,11401.0
C00436,Lapsing / dormant,0.112,Low,8576.0
C00437,High-value regulars,0.06,Low,8931.0
C00438,Lapsing / dormant,0.302,Medium,4094.0
C00439,High-value regulars,0.095,Low,26638.0
C00440,High-value regulars,0.18,Low,15933.0
C00441,High-value regulars,0.056,Low,15487.0
C00442,High-value regulars,0.174,Low,10665.0
C00443,High-value regulars,0.044,Low,14312.0
C00444,High-value regulars,0.508,High,12188.0
C00445,Low-spend occasional,0.181,Low,5267.0
C00446,Low-spend occasional,0.622,High,4166.0
C00447,Lapsing / dormant,0.079,Low,5817.0
C00448,High-value regulars,0.081,Low,13292.0
C00449,Lapsing / dormant,0.184,Low,10898.0
C00450,High-value regulars,0.154,Low,10339.0
C00451,High-value regulars,0.028,Low,16517.0
C00452,Low-spend occasional,0.083,Low,4381.0
C00453,Lapsing / dormant,0.831,High,1634.0
C00454,High-value regulars,0.123,Low,14070.0
C00455,High-value regulars,0.07,Low,14383.0
C00456,Lapsing / dormant,0.236,Low,9481.0
C00457,High-value regulars,0.102,Low,30607.0
C00458,Lapsing / dormant,0.131,Low,9742.0
C00459,Lapsing / dormant,0.62,High,6950.0
C00460,High-value regulars,0.137,Low,9099.0
C00461,High-value regulars,0.046,Low,12194.0
C00462,Lapsing / dormant,0.578,High,6704.0
C00463,Lapsing / dormant,0.159,Low,4943.0
C00464,Low-spend occasional,0.066,Low,3598.0
C00465,High-value regulars,0.076,Low,14812.0
C00466,High-value regulars,0.131,Low,10886.0
C00467,High-value regulars,0.212,Low,19287.0
C00468,Low-spend occasional,0.156,Low,2093.0
C00469,Lapsing / dormant,0.141,Low,8663.0
C00470,Lapsing / dormant,0.407,Medium,14487.0
C00471,Lapsing / dormant,0.175,Low,6951.0
C00472,High-value regulars,0.253,Medium,16981.0
C00473,High-value regulars,0.096,Low,11077.0
C00474,Lapsing / dormant,0.852,High,4361.0
C00475,High-value regulars,0.087,Low,10730.0
C00476,High-value regulars,0.048,Low,7781.0
C00477,High-value regulars,0.096,Low,19159.0
C00478,High-value regulars,0.18,Low,20060.0
C00479,Low-spend occasional,0.091,Low,6285.0
C00480,High-value regulars,0.152,Low,7045.0
C00481,High-value regulars,0.092,Low,21175.0
C00482,Lapsing / dormant,0.363,Medium,12084.0
C00483,High-value regulars,0.142,Low,11420.0
C00484,Low-spend occasional,0.064,Low,4442.0
C00485,High-value regulars,0.069,Low,26258.0
C00486,High-value regulars,0.188,Low,8707.0
C00487,High-value regulars,0.111,Low,16027.0
C00488,High-value regulars,0.263,Medium,13128.0
C00489,High-value regulars,0.105,Low,18595.0
C00490,Low-spend occasional,0.171,Low,8428.0
C00491,Lapsing / dormant,0.78,High,11408.0
C00492,Lapsing / dormant,0.448,Medium,8057.0
C00493,High-value regulars,0.039,Low,9528.0
C00494,High-value regulars,0.149,Low,10388.0
C00495,High-value regulars,0.117,Low,23572.0
C00496,Lapsing / dormant,0.427,Medium,4719.0
C00497,High-value regulars,0.128,Low,28178.0
C00498,Lapsing / dormant,0.264,Medium,7117.0
C00499,Low-spend occasional,0.205,Low,5357.0
C00500,High-value regulars,0.055,Low,11377.0
C00501,High-value regulars,0.061,Low,17947.0
C00502,Lapsing / dormant,0.376,Medium,6409.0
C00503,High-value regulars,0.076,Low,10164.0
C00504,High-value regulars,0.078,Low,8359.0
C00505,High-value regulars,0.077,Low,15724.0
C00506,Lapsing / dormant,0.718,High,12303.0
C00507,Low-spend occasional,0.043,Low,2289.0
C00508,Lapsing / dormant,0.26,Medium,3161.0
C00509,Lapsing / dormant,0.463,Medium,8136.0
C00510,High-value regulars,0.155,Low,9744.0
C00511,Low-spend occasional,0.079,Low,5993.0
C00512,High-value regulars,0.061,Low,19295.0
C00513,High-value regulars,0.067,Low,15621.0
C00514,Lapsing / dormant,0.138,Low,6976.0
C00515,Lapsing / dormant,0.396,Medium,5307.0
C00516,Low-spend occasional,0.501,High,1803.0
C00517,Lapsing / dormant,0.257,Medium,5674.0
C00518,Lapsing / dormant,0.967,High,1548.0
C00519,Lapsing / dormant,0.314,Medium,12505.0
C00520,High-value regulars,0.247,Low,19683.0
C00521,Lapsing / dormant,0.605,High,3247.0
C00522,Lapsing / dormant,0.285,Medium,4942.0
C00523,Low-spend occasional,0.103,Low,5264.0
C00524,Low-spend occasional,0.104,Low,2593.0
C00525,Lapsing / dormant,0.322,Medium,6908.0
C00526,Lapsing / dormant,0.359,Medium,8662.0
C00527,High-value regulars,0.123,Low,14024.0
C00528,Low-spend occasional,0.51,High,2393.0
C00529,Lapsing / dormant,0.483,Medium,3967.0
C00530,Low-spend occasional,0.438,Medium,4578.0
C00531,High-value regulars,0.148,Low,13660.0
C00532,Lapsing / dormant,0.849,High,9928.0
C00533,Lapsing / dormant,0.336,Medium,4890.0
C00534,Low-spend occasional,0.216,Low,3835.0
C00535,Lapsing / dormant,0.222,Low,7619.0
C00536,High-value regulars,0.089,Low,15984.0
C00537,High-value regulars,0.191,Low,11585.0
C00538,High-value regulars,0.198,Low,11043.0
C00539,Lapsing / dormant,0.731,High,504.0
C00540,High-value regulars,0.203,Low,15186.0
C00541,High-value regulars,0.183,Low,8751.0
C00542,High-value regulars,0.082,Low,11840.0
C00543,Lapsing / dormant,0.527,High,5991.0
C00544,High-value regulars,0.03,Low,18938.0
C00545,Lapsing / dormant,0.363,Medium,7281.0
C00546,High-value regulars,0.138,Low,11818.0
C00547,Lapsing / dormant,0.336,Medium,8699.0
C00548,High-value regulars,0.113,Low,8697.0
C00549,Low-spend occasional,0.081,Low,4415.0
C00550,High-value regulars,0.069,Low,16654.0
C00551,High-value regulars,0.166,Low,14736.0
C00552,High-value regulars,0.042,Low,13362.0
C00553,Low-spend occasional,0.323,Medium,3159.0
C00554,High-value regulars,0.282,Medium,15004.0
C00555,Lapsing / dormant,0.3,Medium,7092.0
C00556,High-value regulars,0.345,Medium,12910.0
C00557,High-value regulars,0.045,Low,21091.0
C00558,Low-spend occasional,0.126,Low,2917.0
C00559,Lapsing / dormant,0.207,Low,9631.0
C00560,High-value regulars,0.131,Low,14996.0
C00561,High-value regulars,0.054,Low,25037.0
C00562,Lapsing / dormant,0.436,Medium,6250.0
C00563,Lapsing / dormant,0.124,Low,5730.0
C00564,Lapsing / dormant,0.243,Low,9774.0
C00565,High-value regulars,0.109,Low,20178.0
C00566,High-value regulars,0.153,Low,12459.0
C00567,Lapsing / dormant,0.29,Medium,10232.0
C00568,Low-spend occasional,0.249,Low,794.0
C00569,High-value regulars,0.067,Low,14166.0
C00570,Lapsing / dormant,0.333,Medium,4912.0
C00571,Lapsing / dormant,0.227,Low,9025.0
C00572,High-value regulars,0.03,Low,12290.0
C00573,Low-spend occasional,0.163,Low,5307.0
C00574,Lapsing / dormant,0.225,Low,8250.0
C00575,High-value regulars,0.097,Low,7052.0
C00576,High-value regulars,0.148,Low,13598.0
C00577,Lapsing / dormant,0.188,Low,7690.0
C00578,Low-spend occasional,0.059,Low,4881.0
C00579,Low-spend occasional,0.386,Medium,977.0
C00580,High-value regulars,0.085,Low,9621.0
C00581,High-value regulars,0.227,Low,9365.0
C00582,Lapsing / dormant,0.728,High,2781.0
C00583,High-value regulars,0.032,Low,21288.0
C00584,Low-spend occasional,0.542,High,5162.0
C00585,Lapsing / dormant,0.407,Medium,10426.0
C00586,High-value regulars,0.052,Low,17713.0
C00587,Lapsing / dormant,0.249,Low,7272.0
C00588,High-value regulars,0.11,Low,11704.0
C00589,Low-spend occasional,0.141,Low,1930.0
C00590,High-value regulars,0.034,Low,14468.0
C00591,High-value regulars,0.097,Low,10493.0
C00592,Low-spend occasional,0.153,Low,2744.0
C00593,High-value regulars,0.168,Low,10164.0
C00594,Lapsing / dormant,0.53,High,12471.0
C00595,High-value regulars,0.118,Low,10154.0
C00596,High-value regulars,0.114,Low,15556.0
C00597,High-value regulars,0.207,Low,8320.0
C00598,High-value regulars,0.115,Low,11716.0
C00599,Lapsing / dormant,0.314,Medium,8448.0
C00600,Lapsing / dormant,0.255,Medium,5601.0
C00601,Low-spend occasional,0.144,Low,4675.0
C00602,Lapsing / dormant,0.25,Medium,7977.0
C00603,High-value regulars,0.113,Low,18280.0
C00604,Lapsing / dormant,0.113,Low,9359.0
C00605,Lapsing / dormant,0.865,High,8257.0
C00606,High-value regulars,0.06,Low,16547.0
C00607,High-value regulars,0.022,Low,26260.0
C00608,High-value regulars,0.236,Low,9638.0
C00609,High-value regulars,0.753,High,10867.0
C00610,High-value regulars,0.053,Low,7429.0
C00611,Lapsing / dormant,0.39,Medium,7242.0
C00612,High-value regulars,0.133,Low,8645.0
C00613,Low-spend occasional,0.056,Low,5017.0
C00614,Low-spend occasional,0.165,Low,6270.0
C00615,High-value regulars,0.076,Low,10122.0
C00616,High-value regulars,0.136,Low,7712.0
C00617,High-value regulars,0.122,Low,13436.0
C00618,Lapsing / dormant,0.162,Low,4457.0
C00619,High-value regulars,0.056,Low,12654.0
C00620,High-value regulars,0.093,Low,15058.0
C00621,High-value regulars,0.065,Low,11885.0
C00622,Lapsing / dormant,0.713,High,8997.0
C00623,High-value regulars,0.346,Medium,18628.0
C00624,High-value regulars,0.091,Low,25817.0
C00625,Lapsing / dormant,0.282,Medium,7485.0
C00626,Lapsing / dormant,0.899,High,2886.0
C00627,High-value regulars,0.362,Medium,13393.0
C00628,Lapsing / dormant,0.462,Medium,4840.0
C00629,High-value regulars,0.056,Low,15064.0
C00630,High-value regulars,0.117,Low,12049.0
C00631,High-value regulars,0.099,Low,14265.0
C00632,Lapsing / dormant,0.162,Low,8523.0
C00633,High-value regulars,0.056,Low,11602.0
C00634,Lapsing / dormant,0.403,Medium,11572.0
C00635,Lapsing / dormant,0.443,Medium,7446.0
C00636,Low-spend occasional,0.047,Low,8148.0
C00637,Low-spend occasional,0.205,Low,2879.0
C00638,Lapsing / dormant,0.208,Low,7351.0
C00639,Low-spend occasional,0.22,Low,4394.0
C00640,High-value regulars,0.086,Low,12200.0
C00641,Low-spend occasional,0.107,Low,1940.0
C00642,Lapsing / dormant,0.321,Medium,10124.0
C00643,Lapsing / dormant,0.485,Medium,12542.0
C00644,Low-spend occasional,0.255,Medium,3636.0
C00645,Lapsing / dormant,0.292,Medium,10510.0
C00646,High-value regulars,0.177,Low,14807.0
C00647,High-value regulars,0.409,Medium,15262.0
C00648,High-value regulars,0.185,Low,12927.0
C00649,High-value regulars,0.306,Medium,21920.0
C00650,Lapsing / dormant,0.162,Low,6347.0
C00651,High-value regulars,0.063,Low,10141.0
C00652,Low-spend occasional,0.068,Low,8343.0
C00653,Low-spend occasional,0.067,Low,5309.0
C00654,High-value regulars,0.331,Medium,19721.0
C00655,Lapsing / dormant,0.208,Low,7207.0
C00656,High-value regulars,0.049,Low,20364.0
C00657,High-value regulars,0.414,Medium,9985.0
C00658,High-value regulars,0.392,Medium,21291.0
C00659,Lapsing / dormant,0.375,Medium,8256.0
C00660,Low-spend occasional,0.38,Medium,1740.0
C00661,Low-spend occasional,0.101,Low,2439.0
C00662,Lapsing / dormant,0.21,Low,8344.0
C00663,High-value regulars,0.094,Low,11973.0
C00664,Low-spend occasional,0.348,Medium,3390.0
C00665,Low-spend occasional,0.39,Medium,5040.0
C00666,Low-spend occasional,0.166,Low,7456.0
C00667,Lapsing / dormant,0.208,Low,7998.0
C00668,Lapsing / dormant,0.164,Low,11256.0
C00669,Low-spend occasional,0.456,Medium,1406.0
C00670,High-value regulars,0.236,Low,8535.0
C00671,High-value regulars,0.15,Low,17154.0
C00672,High-value regulars,0.372,Medium,8900.0
C00673,Lapsing / dormant,0.556,High,6374.0
C00674,Lapsing / dormant,0.489,Medium,13515.0
C00675,Lapsing / dormant,0.163,Low,6394.0
C00676,High-value regulars,0.357,Medium,14126.0
C00677,Lapsing / dormant,0.137,Low,6563.0
C00678,Lapsing / dormant,0.43,Medium,12335.0
C00679,High-value regulars,0.076,Low,4585.0
C00680,High-value regulars,0.105,Low,17822.0
C00681,Lapsing / dormant,0.461,Medium,4485.0
C00682,High-value regulars,0.157,Low,9956.0
C00683,Low-spend occasional,0.171,Low,1628.0
C00684,Lapsing / dormant,0.549,High,12132.0
C00685,High-value regulars,0.106,Low,11947.0
C00686,High-value regulars,0.116,Low,16429.0
C00687,Low-spend occasional,0.194,Low,3336.0
C00688,Lapsing / dormant,0.452,Medium,3862.0
C00689,High-value regulars,0.121,Low,8978.0
C00690,Lapsing / dormant,0.206,Low,6518.0
C00691,High-value regulars,0.125,Low,10506.0
C00692,Lapsing / dormant,0.414,Medium,3310.0
C00693,Lapsing / dormant,0.142,Low,8875.0
C00694,High-value regulars,0.186,Low,22725.0
C00695,Low-spend occasional,0.04,Low,4165.0
C00696,Low-spend occasional,0.11,Low,4696.0
C00697,High-value regulars,0.044,Low,21707.0
C00698,High-value regulars,0.127,Low,14605.0
C00699,High-value regulars,0.079,Low,9587.0
C00700,High-value regulars,0.196,Low,14596.0
C00701,High-value regulars,0.574,High,11193.0
C00702,Lapsing / dormant,0.131,Low,9428.0
C00703,High-value regulars,0.022,Low,16126.0
C00704,High-value regulars,0.172,Low,10947.0
C00705,High-value regulars,0.074,Low,4648.0
C00706,High-value regulars,0.227,Low,10137.0
C00707,High-value regulars,0.126,Low,7929.0
C00708,High-value regulars,0.096,Low,9753.0
C00709,High-value regulars,0.204,Low,10395.0
C00710,Low-spend occasional,0.161,Low,7931.0
C00711,High-value regulars,0.304,Medium,15459.0
C00712,Low-spend occasional,0.303,Medium,3765.0
C00713,Lapsing / dormant,0.362,Medium,6848.0
C00714,Lapsing / dormant,0.232,Low,5085.0
C00715,Lapsing / dormant,0.145,Low,5490.0
C00716,High-value regulars,0.14,Low,24926.0
C00717,Lapsing / dormant,0.413,Medium,7470.0
C00718,High-value regulars,0.37,Medium,10328.0
C00719,Lapsing / dormant,0.63,High,13977.0
C00720,High-value regulars,0.082,Low,16612.0
C00721,Lapsing / dormant,0.223,Low,5161.0
C00722,High-value regulars,0.108,Low,19277.0
C00723,Lapsing / dormant,0.18,Low,5953.0
C00724,Lapsing / dormant,0.638,High,7255.0
C00725,High-value regulars,0.338,Medium,8754.0
C00726,High-value regulars,0.101,Low,18040.0
C00727,High-value regulars,0.241,Low,9770.0
C00728,Lapsing / dormant,0.515,High,3084.0
C00729,Lapsing / dormant,0.156,Low,7364.0
C00730,High-value regulars,0.034,Low,12511.0
C00731,Lapsing / dormant,0.167,Low,7359.0
C00732,High-value regulars,0.078,Low,28017.0
C00733,Lapsing / dormant,0.377,Medium,11487.0
C00734,High-value regulars,0.198,Low,11317.0
C00735,High-value regulars,0.093,Low,9724.0
C00736,Lapsing / dormant,0.799,High,5039.0
C00737,High-value regulars,0.114,Low,18866.0
C00738,Low-spend occasional,0.154,Low,4036.0
C00739,High-value regulars,0.239,Low,14939.0
C00740,Lapsing / dormant,0.3,Medium,10418.0
C00741,High-value regulars,0.127,Low,17005.0
C00742,Lapsing / dormant,0.364,Medium,11803.0
C00743,High-value regulars,0.073,Low,11314.0
C00744,High-value regulars,0.037,Low,26747.0
C00745,Lapsing / dormant,0.42,Medium,7607.0
C00746,Low-spend occasional,0.113,Low,2179.0
C00747,Lapsing / dormant,0.878,High,2262.0
C00748,Low-spend occasional,0.084,Low,3127.0
C00749,High-value regulars,0.141,Low,12087.0
C00750,Low-spend occasional,0.078,Low,5783.0
C00751,Lapsing / dormant,0.359,Medium,11045.0
C00752,Lapsing / dormant,0.698,High,2111.0
C00753,Lapsing / dormant,0.483,Medium,5538.0
C00754,Lapsing / dormant,0.676,High,5217.0
C00755,High-value regulars,0.143,Low,14274.0
C00756,Lapsing / dormant,0.363,Medium,7328.0
C00757,High-value regulars,0.04,Low,14119.0
C00758,Lapsing / dormant,0.682,High,5965.0
C00759,High-value regulars,0.212,Low,11449.0
C00760,Lapsing / dormant,0.543,High,17125.0
C00761,Low-spend occasional,0.11,Low,4635.0
C00762,High-value regulars,0.183,Low,14252.0
C00763,High-value regulars,0.093,Low,7003.0
C00764,High-value regulars,0.207,Low,12263.0
C00765,Lapsing / dormant,0.607,High,4212.0
C00766,High-value regulars,0.077,Low,8895.0
C00767,High-value regulars,0.064,Low,20437.0
C00768,High-value regulars,0.243,Low,15384.0
C00769,High-value regulars,0.126,Low,12625.0
C00770,Lapsing / dormant,0.28,Medium,10905.0
C00771,High-value regulars,0.081,Low,10199.0
C00772,Lapsing / dormant,0.364,Medium,7481.0
C00773,High-value regulars,0.173,Low,7133.0
C00774,High-value regulars,0.194,Low,8503.0
C00775,High-value regulars,0.054,Low,18997.0
C00776,High-value regulars,0.111,Low,14148.0
C00777,Lapsing / dormant,0.561,High,7693.0
C00778,High-value regulars,0.068,Low,11815.0
C00779,Lapsing / dormant,0.202,Low,5886.0
C00780,Lapsing / dormant,0.24,Low,9562.0
C00781,Lapsing / dormant,0.496,Medium,6577.0
C00782,Lapsing / dormant,0.206,Low,8725.0
C00783,High-value regulars,0.12,Low,9649.0
C00784,Lapsing / dormant,0.135,Low,9600.0
C00785,Low-spend occasional,0.202,Low,5546.0
C00786,High-value regulars,0.139,Low,9136.0
C00787,High-value regulars,0.179,Low,9349.0
C00788,High-value regulars,0.092,Low,11170.0
C00789,High-value regulars,0.265,Medium,11162.0
C00790,High-value regulars,0.403,Medium,14061.0
C00791,High-value regulars,0.222,Low,19059.0
C00792,High-value regulars,0.128,Low,17594.0
C00793,High-value regulars,0.058,Low,8619.0
C00794,Lapsing / dormant,0.432,Medium,5714.0
C00795,High-value regulars,0.159,Low,24364.0
C00796,High-value regulars,0.188,Low,7658.0
C00797,High-value regulars,0.338,Medium,14784.0
C00798,Lapsing / dormant,0.34,Medium,6163.0
C00799,Low-spend occasional,0.116,Low,2952.0
C00800,Lapsing / dormant,0.408,Medium,5188.0
C00801,Low-spend occasional,0.066,Low,5966.0
C00802,High-value regulars,0.25,Medium,11552.0
C00803,High-value regulars,0.05,Low,25078.0
C00804,Lapsing / dormant,0.177,Low,6813.0
C00805,Lapsing / dormant,0.483,Medium,12979.0
C00806,Low-spend occasional,0.07,Low,3935.0
C00807,Low-spend occasional,0.546,High,2229.0
C00808,Low-spend occasional,0.135,Low,5169.0
C00809,High-value regulars,0.138,Low,8468.0
C00810,Low-spend occasional,0.39,Medium,6623.0
C00811,Lapsing / dormant,0.178,Low,4852.0
C00812,High-value regulars,0.199,Low,6870.0
C00813,Lapsing / dormant,0.446,Medium,3423.0
C00814,Low-spend occasional,0.113,Low,7129.0
C00815,Low-spend occasional,0.119,Low,5755.0
C00816,High-value regulars,0.031,Low,9814.0
C00817,Lapsing / dormant,0.299,Medium,11775.0
C00818,High-value regulars,0.514,High,14166.0
C00819,High-value regulars,0.074,Low,13519.0
C00820,Low-spend occasional,0.203,Low,4234.0
C00821,Lapsing / dormant,0.397,Medium,5072.0
C00822,High-value regulars,0.098,Low,14287.0
C00823,High-value regulars,0.067,Low,18816.0
C00824,High-value regulars,0.134,Low,16007.0
C00825,Low-spend occasional,0.102,Low,2958.0
C00826,Lapsing / dormant,0.179,Low,9584.0
C00827,High-value regulars,0.033,Low,17454.0
C00828,Lapsing / dormant,0.53,High,8731.0
C00829,Lapsing / dormant,0.38,Medium,11250.0
C00830,High-value regulars,0.072,Low,13829.0
C00831,Low-spend occasional,0.187,Low,3929.0
C00832,Lapsing / dormant,0.13,Low,7980.0
C00833,Low-spend occasional,0.314,Medium,2304.0
C00834,High-value regulars,0.205,Low,13350.0
C00835,High-value regulars,0.044,Low,13634.0
C00836,Low-spend occasional,0.119,Low,6069.0
C00837,High-value regulars,0.308,Medium,12417.0
C00838,Lapsing / dormant,0.275,Medium,3460.0
C00839,High-value regulars,0.142,Low,16437.0
C00840,Low-spend occasional,0.241,Low,3033.0
C00841,Lapsing / dormant,0.099,Low,7039.0
C00842,High-value regulars,0.103,Low,18503.0
C00843,High-value regulars,0.162,Low,10125.0
C00844,Low-spend occasional,0.225,Low,3859.0
C00845,High-value regulars,0.051,Low,13107.0
C00846,High-value regulars,0.288,Medium,13944.0
C00847,Low-spend occasional,0.436,Medium,3724.0
C00848,Lapsing / dormant,0.084,Low,8792.0
C00849,Lapsing / dormant,0.233,Low,7308.0
C00850,High-value regulars,0.291,Medium,13574.0
C00851,High-value regulars,0.209,Low,8630.0
C00852,Low-spend occasional,0.084,Low,1460.0
C00853,High-value regulars,0.174,Low,17243.0
C00854,High-value regulars,0.223,Low,14307.0
C00855,Low-spend occasional,0.232,Low,1923.0
C00856,Lapsing / dormant,0.205,Low,5579.0
C00857,High-value regulars,0.227,Low,13262.0
C00858,High-value regulars,0.256,Medium,11973.0
C00859,Lapsing / dormant,0.699,High,6766.0
C00860,High-value regulars,0.09,Low,10864.0
C00861,Low-spend occasional,0.177,Low,4475.0
C00862,High-value regulars,0.149,Low,10984.0
C00863,Lapsing / dormant,0.243,Low,4517.0
C00864,Low-spend occasional,0.252,Medium,1100.0
C00865,High-value regulars,0.193,Low,12911.0
C00866,Lapsing / dormant,0.561,High,14822.0
C00867,High-value regulars,0.289,Medium,9494.0
C00868,Low-spend occasional,0.16,Low,4694.0
C00869,High-value regulars,0.16,Low,16087.0
C00870,High-value regulars,0.039,Low,9328.0
C00871,High-value regulars,0.111,Low,14656.0
C00872,Low-spend occasional,0.058,Low,3356.0
C00873,Lapsing / dormant,0.167,Low,8706.0
C00874,High-value regulars,0.134,Low,23508.0
C00875,Low-spend occasional,0.353,Medium,998.0
C00876,High-value regulars,0.118,Low,25808.0
C00877,Lapsing / dormant,0.461,Medium,6089.0
C00878,Lapsing / dormant,0.381,Medium,8308.0
C00879,Lapsing / dormant,0.162,Low,10794.0
C00880,Lapsing / dormant,0.097,Low,12621.0
C00881,High-value regulars,0.207,Low,16770.0
C00882,High-value regulars,0.082,Low,16096.0
C00883,High-value regulars,0.042,Low,22073.0
C00884,Low-spend occasional,0.25,Low,2724.0
C00885,Low-spend occasional,0.183,Low,5874.0
C00886,Lapsing / dormant,0.145,Low,8413.0
C00887,High-value regulars,0.038,Low,9409.0
C00888,High-value regulars,0.055,Low,15277.0
C00889,High-value regulars,0.091,Low,24422.0
C00890,Low-spend occasional,0.237,Low,9010.0
C00891,Lapsing / dormant,0.346,Medium,4520.0
C00892,Lapsing / dormant,0.317,Medium,9968.0
C00893,Low-spend occasional,0.337,Medium,615.0
C00894,High-value regulars,0.16,Low,11514.0
C00895,High-value regulars,0.058,Low,11576.0
C00896,High-value regulars,0.471,Medium,12621.0
C00897,High-value regulars,0.151,Low,15614.0
C00898,Low-spend occasional,0.321,Medium,3200.0
C00899,Lapsing / dormant,0.616,High,9377.0
C00900,Lapsing / dormant,0.777,High,4431.0
C00901,Lapsing / dormant,0.958,High,4042.0
C00902,Lapsing / dormant,0.345,Medium,8060.0
C00903,Lapsing / dormant,0.576,High,4403.0
C00904,Lapsing / dormant,0.16,Low,7776.0
C00905,High-value regulars,0.611,High,14667.0
C00906,High-value regulars,0.27,Medium,14372.0
C00907,High-value regulars,0.154,Low,23075.0
C00908,Lapsing / dormant,0.306,Medium,6403.0
C00909,High-value regulars,0.074,Low,9182.0
C00910,Low-spend occasional,0.242,Low,2461.0
C00911,Low-spend occasional,0.124,Low,5239.0
C00912,High-value regulars,0.168,Low,17853.0
C00913,High-value regulars,0.108,Low,11691.0
C00914,Low-spend occasional,0.271,Medium,4055.0
C00915,Lapsing / dormant,0.53,High,4658.0
C00916,Lapsing / dormant,0.838,High,2779.0
C00917,Low-spend occasional,0.038,Low,7215.0
C00918,High-value regulars,0.372,Medium,18824.0
C00919,High-value regulars,0.168,Low,11165.0
C00920,High-value regulars,0.151,Low,12504.0
C00921,Lapsing / dormant,0.257,Medium,6231.0
C00922,High-value regulars,0.065,Low,7748.0
C00923,Lapsing / dormant,0.136,Low,5345.0
C00924,High-value regulars,0.032,Low,18756.0
C00925,High-value regulars,0.155,Low,11305.0
C00926,High-value regulars,0.11,Low,10086.0
C00927,High-value regulars,0.106,Low,12635.0
C00928,High-value regulars,0.049,Low,11809.0
C00929,High-value regulars,0.045,Low,7507.0
C00930,High-value regulars,0.036,Low,11876.0
C00931,High-value regulars,0.124,Low,9372.0
C00932,Low-spend occasional,0.129,Low,4560.0
C00933,Low-spend occasional,0.098,Low,5108.0
C00934,High-value regulars,0.081,Low,8748.0
C00935,Lapsing / dormant,0.162,Low,10831.0
C00936,High-value regulars,0.127,Low,15271.0
C00937,Lapsing / dormant,0.533,High,2654.0
C00938,Lapsing / dormant,0.087,Low,5997.0
C00939,High-value regulars,0.19,Low,9495.0
C00940,Lapsing / dormant,0.16,Low,8485.0
C00941,High-value regulars,0.045,Low,11411.0
C00942,High-value regulars,0.378,Medium,8156.0
C00943,Lapsing / dormant,0.412,Medium,5522.0
C00944,Lapsing / dormant,0.102,Low,6332.0
C00945,Lapsing / dormant,0.154,Low,6046.0
C00946,High-value regulars,0.031,Low,24663.0
C00947,Lapsing / dormant,0.233,Low,7737.0
C00948,Lapsing / dormant,0.645,High,8097.0
C00949,Low-spend occasional,0.194,Low,3783.0
C00950,High-value regulars,0.08,Low,13564.0
C00951,High-value regulars,0.397,Medium,13853.0
C00952,Lapsing / dormant,0.292,Medium,7008.0
C00953,Lapsing / dormant,0.302,Medium,6112.0
C00954,Lapsing / dormant,0.32,Medium,6203.0
C00955,Lapsing / dormant,0.521,High,4610.0
C00956,Lapsing / dormant,0.183,Low,10014.0
C00957,High-value regulars,0.232,Low,11927.0
C00958,High-value regulars,0.115,Low,8127.0
C00959,Lapsing / dormant,0.14,Low,3975.0
C00960,High-value regulars,0.176,Low,12968.0
C00961,Low-spend occasional,0.236,Low,4941.0
C00962,High-value regulars,0.089,Low,9209.0
C00963,High-value regulars,0.169,Low,10723.0
C00964,High-value regulars,0.167,Low,11783.0
C00965,High-value regulars,0.031,Low,16300.0
C00966,Lapsing / dormant,0.206,Low,7210.0
C00967,High-value regulars,0.055,Low,23916.0
C00968,High-value regulars,0.251,Medium,10080.0
C00969,Lapsing / dormant,0.254,Medium,5400.0
C00970,Low-spend occasional,0.348,Medium,7222.0
C00971,Lapsing / dormant,0.465,Medium,3653.0
C00972,High-value regulars,0.154,Low,13254.0
C00973,High-value regulars,0.349,Medium,15227.0
C00974,Lapsing / dormant,0.288,Medium,5752.0
C00975,High-value regulars,0.065,Low,13507.0
C00976,High-value regulars,0.117,Low,15226.0
C00977,Lapsing / dormant,0.616,High,3425.0
C00978,Low-spend occasional,0.239,Low,7779.0
C00979,High-value regulars,0.049,Low,10933.0
C00980,Lapsing / dormant,0.168,Low,7527.0
C00981,High-value regulars,0.133,Low,10340.0
C00982,Low-spend occasional,0.188,Low,3546.0
C00983,High-value regulars,0.184,Low,6582.0
C00984,High-value regulars,0.087,Low,14881.0
C00985,High-value regulars,0.097,Low,9294.0
C00986,Lapsing / dormant,0.41,Medium,2988.0
C00987,High-value regulars,0.028,Low,20539.0
C00988,Low-spend occasional,0.115,Low,4390.0
C00989,Low-spend occasional,0.158,Low,2780.0
C00990,High-value regulars,0.479,Medium,17988.0
C00991,Lapsing / dormant,0.414,Medium,11517.0
C00992,High-value regulars,0.088,Low,11549.0
C00993,High-value regulars,0.16,Low,11534.0
C00994,Lapsing / dormant,0.095,Low,9814.0
C00995,Lapsing / dormant,0.335,Medium,8014.0
C00996,Lapsing / dormant,0.684,High,1771.0
C00997,Low-spend occasional,0.207,Low,6397.0
C00998,Low-spend occasional,0.157,Low,8084.0
C00999,Low-spend occasional,0.178,Low,5152.0
C01000,Low-spend occasional,0.159,Low,5474.0
C01001,High-value regulars,0.114,Low,12539.0
C01002,High-value regulars,0.165,Low,7600.0
C01003,Lapsing / dormant,0.179,Low,6973.0
C01004,Lapsing / dormant,0.345,Medium,13559.0
C01005,Lapsing / dormant,0.363,Medium,6292.0
C01006,Low-spend occasional,0.382,Medium,779.0
C01007,High-value regulars,0.093,Low,12174.0
C01008,Low-spend occasional,0.066,Low,4948.0
C01009,Low-spend occasional,0.122,Low,4008.0
C01010,Low-spend occasional,0.079,Low,2135.0
C01011,High-value regulars,0.093,Low,13572.0
C01012,High-value regulars,0.06,Low,14967.0
C01013,Lapsing / dormant,0.331,Medium,7041.0
C01014,High-value regulars,0.057,Low,16187.0
C01015,Lapsing / dormant,0.097,Low,6767.0
C01016,High-value regulars,0.183,Low,16762.0
C01017,Lapsing / dormant,0.419,Medium,3277.0
C01018,High-value regulars,0.1,Low,11140.0
C01019,Lapsing / dormant,0.364,Medium,7625.0
C01020,Lapsing / dormant,0.468,Medium,15602.0
C01021,High-value regulars,0.096,Low,8934.0
C01022,High-value regulars,0.106,Low,17606.0
C01023,High-value regulars,0.095,Low,18331.0
C01024,Lapsing / dormant,0.3,Medium,7550.0
C01025,Low-spend occasional,0.077,Low,2460.0
C01026,High-value regulars,0.107,Low,21063.0
C01027,Lapsing / dormant,0.534,High,9659.0
C01028,Low-spend occasional,0.078,Low,2369.0
C01029,Lapsing / dormant,0.514,High,6222.0
C01030,High-value regulars,0.074,Low,7392.0
C01031,Low-spend occasional,0.151,Low,5954.0
C01032,High-value regulars,0.153,Low,16030.0
C01033,High-value regulars,0.27,Medium,16492.0
C01034,High-value regulars,0.126,Low,13471.0
C01035,High-value regulars,0.322,Medium,12316.0
C01036,High-value regulars,0.067,Low,9021.0
C01037,High-value regulars,0.051,Low,12888.0
C01038,Low-spend occasional,0.206,Low,1826.0
C01039,Lapsing / dormant,0.444,Medium,9150.0
C01040,High-value regulars,0.246,Low,11591.0
C01041,High-value regulars,0.104,Low,7258.0
C01042,Lapsing / dormant,0.336,Medium,7112.0
C01043,Low-spend occasional,0.173,Low,4753.0
C01044,High-value regulars,0.063,Low,13245.0
C01045,High-value regulars,0.319,Medium,8295.0
C01046,Lapsing / dormant,0.595,High,8132.0
C01047,High-value regulars,0.107,Low,24725.0
C01048,High-value regulars,0.029,Low,23487.0
C01049,High-value regulars,0.193,Low,9454.0
C01050,High-value regulars,0.033,Low,12120.0
C01051,Lapsing / dormant,0.673,High,7214.0
C01052,Low-spend occasional,0.166,Low,6002.0
C01053,Lapsing / dormant,0.735,High,5004.0
C01054,High-value regulars,0.099,Low,11753.0
C01055,High-value regulars,0.21,Low,11194.0
C01056,Lapsing / dormant,0.264,Medium,4741.0
C01057,Lapsing / dormant,0.191,Low,6208.0
C01058,High-value regulars,0.093,Low,14250.0
C01059,High-value regulars,0.126,Low,8010.0
C01060,High-value regulars,0.087,Low,7781.0
C01061,Lapsing / dormant,0.909,High,5314.0
C01062,Lapsing / dormant,0.129,Low,5821.0
C01063,High-value regulars,0.261,Medium,8579.0
C01064,High-value regulars,0.088,Low,8036.0
C01065,High-value regulars,0.023,Low,13603.0
C01066,Lapsing / dormant,0.315,Medium,10485.0
C01067,High-value regulars,0.102,Low,11198.0
C01068,Lapsing / dormant,0.329,Medium,14387.0
C01069,Lapsing / dormant,0.093,Low,7503.0
C01070,High-value regulars,0.087,Low,8687.0
C01071,Lapsing / dormant,0.066,Low,8938.0
C01072,Lapsing / dormant,0.204,Low,8560.0
C01073,High-value regulars,0.042,Low,14915.0
C01074,Low-spend occasional,0.284,Medium,4255.0
C01075,Lapsing / dormant,0.749,High,2787.0
C01076,High-value regulars,0.144,Low,10009.0
C01077,High-value regulars,0.137,Low,10867.0
C01078,High-value regulars,0.134,Low,13141.0
C01079,High-value regulars,0.126,Low,14264.0
C01080,Lapsing / dormant,0.189,Low,12349.0
C01081,High-value regulars,0.073,Low,10016.0
C01082,High-value regulars,0.141,Low,13644.0
C01083,Low-spend occasional,0.086,Low,4392.0
C01084,Lapsing / dormant,0.421,Medium,7090.0
C01085,High-value regulars,0.065,Low,12589.0
C01086,Lapsing / dormant,0.65,High,4673.0
C01087,Low-spend occasional,0.157,Low,3502.0
C01088,Lapsing / dormant,0.495,Medium,6436.0
C01089,High-value regulars,0.026,Low,37850.0
C01090,Lapsing / dormant,0.153,Low,4791.0
C01091,Low-spend occasional,0.027,Low,5529.0
C01092,High-value regulars,0.115,Low,16402.0
C01093,High-value regulars,0.034,Low,12827.0
C01094,High-value regulars,0.043,Low,33803.0
C01095,High-value regulars,0.139,Low,11486.0
C01096,High-value regulars,0.374,Medium,11922.0
C01097,High-value regulars,0.105,Low,13645.0
C01098,High-value regulars,0.144,Low,17419.0
C01099,Low-spend occasional,0.066,Low,4754.0
C01100,High-value regulars,0.129,Low,8903.0
C01101,Low-spend occasional,0.353,Medium,2663.0
C01102,High-value regulars,0.06,Low,10334.0
C01103,Lapsing / dormant,0.49,Medium,8145.0
C01104,Lapsing / dormant,0.16,Low,10027.0
C01105,High-value regulars,0.256,Medium,12259.0
C01106,Lapsing / dormant,0.14,Low,8939.0
C01107,High-value regulars,0.171,Low,20548.0
C01108,High-value regulars,0.084,Low,20333.0
C01109,High-value regulars,0.184,Low,18482.0
C01110,Lapsing / dormant,0.387,Medium,7385.0
C01111,Lapsing / dormant,0.283,Medium,10661.0
C01112,High-value regulars,0.026,Low,14378.0
C01113,High-value regulars,0.17,Low,14929.0
C01114,Low-spend occasional,0.069,Low,6451.0
C01115,High-value regulars,0.361,Medium,16688.0
C01116,High-value regulars,0.109,Low,12212.0
C01117,High-value regulars,0.165,Low,12481.0
C01118,High-value regulars,0.18,Low,13606.0
C01119,High-value regulars,0.121,Low,8603.0
C01120,High-value regulars,0.123,Low,14520.0
C01121,High-value regulars,0.031,Low,23543.0
C01122,Lapsing / dormant,0.515,High,6186.0
C01123,Lapsing / dormant,0.275,Medium,6550.0
C01124,Lapsing / dormant,0.237,Low,5645.0
C01125,High-value regulars,0.399,Medium,11819.0
C01126,Lapsing / dormant,0.589,High,4217.0
C01127,High-value regulars,0.039,Low,15392.0
C01128,Lapsing / dormant,0.731,High,9480.0
C01129,High-value regulars,0.134,Low,18546.0
C01130,Lapsing / dormant,0.252,Medium,7909.0
C01131,Lapsing / dormant,0.397,Medium,11350.0
C01132,High-value regulars,0.048,Low,7868.0
C01133,Lapsing / dormant,0.095,Low,7887.0
C01134,Low-spend occasional,0.199,Low,2747.0
C01135,Lapsing / dormant,0.321,Medium,1660.0
C01136,Lapsing / dormant,0.335,Medium,7401.0
C01137,Lapsing / dormant,0.23,Low,13034.0
C01138,High-value regulars,0.044,Low,25202.0
C01139,High-value regulars,0.189,Low,10121.0
C01140,High-value regulars,0.051,Low,15486.0
C01141,Lapsing / dormant,0.43,Medium,9501.0
C01142,High-value regulars,0.251,Medium,11842.0
C01143,Lapsing / dormant,0.097,Low,8323.0
C01144,Lapsing / dormant,0.176,Low,6331.0
C01145,Low-spend occasional,0.246,Low,2410.0
C01146,Lapsing / dormant,0.259,Medium,7935.0
C01147,High-value regulars,0.096,Low,16151.0
C01148,High-value regulars,0.083,Low,11695.0
C01149,High-value regulars,0.114,Low,16105.0
C01150,Lapsing / dormant,0.211,Low,7998.0
C01151,Low-spend occasional,0.092,Low,7486.0
C01152,High-value regulars,0.082,Low,14479.0
C01153,High-value regulars,0.162,Low,20110.0
C01154,Lapsing / dormant,0.28,Medium,8991.0
C01155,High-value regulars,0.081,Low,13759.0
C01156,High-value regulars,0.059,Low,11867.0
C01157,High-value regulars,0.119,Low,12576.0
C01158,Lapsing / dormant,0.351,Medium,10663.0
C01159,Lapsing / dormant,0.917,High,13460.0
C01160,High-value regulars,0.046,Low,12223.0
C01161,Lapsing / dormant,0.514,High,9931.0
C01162,High-value regulars,0.127,Low,14081.0
C01163,Low-spend occasional,0.288,Medium,4906.0
C01164,High-value regulars,0.089,Low,26353.0
C01165,Low-spend occasional,0.512,High,3633.0
C01166,Low-spend occasional,0.138,Low,5745.0
C01167,Lapsing / dormant,0.28,Medium,2839.0
C01168,Lapsing / dormant,0.122,Low,7353.0
C01169,Lapsing / dormant,0.313,Medium,14022.0
C01170,Low-spend occasional,0.104,Low,6568.0
C01171,High-value regulars,0.169,Low,19434.0
C01172,High-value regulars,0.3,Medium,15834.0
C01173,High-value regulars,0.078,Low,21268.0
C01174,High-value regulars,0.091,Low,20503.0
C01175,Low-spend occasional,0.031,Low,5170.0
C01176,High-value regulars,0.233,Low,14098.0
C01177,Lapsing / dormant,0.496,Medium,14812.0
C01178,High-value regulars,0.1,Low,16226.0
C01179,High-value regulars,0.084,Low,16211.0
C01180,High-value regulars,0.047,Low,9020.0
C01181,High-value regulars,0.075,Low,15939.0
C01182,High-value regulars,0.168,Low,17531.0
C01183,High-value regulars,0.363,Medium,11945.0
C01184,High-value regulars,0.122,Low,7027.0
C01185,Low-spend occasional,0.032,Low,6090.0
C01186,Low-spend occasional,0.188,Low,4290.0
C01187,High-value regulars,0.233,Low,12622.0
C01188,Lapsing / dormant,0.148,Low,9070.0
C01189,High-value regulars,0.156,Low,14982.0
C01190,Lapsing / dormant,0.286,Medium,7296.0
C01191,Lapsing / dormant,0.36,Medium,4764.0
C01192,Lapsing / dormant,0.646,High,9284.0
C01193,High-value regulars,0.124,Low,8137.0
C01194,High-value regulars,0.143,Low,10058.0
C01195,Lapsing / dormant,0.891,High,10364.0
C01196,High-value regulars,0.098,Low,9045.0
C01197,Low-spend occasional,0.066,Low,1866.0
C01198,Lapsing / dormant,0.489,Medium,14016.0
C01199,High-value regulars,0.135,Low,14295.0
C01200,High-value regulars,0.154,Low,15086.0
C01201,Low-spend occasional,0.198,Low,5894.0
C01202,Lapsing / dormant,0.295,Medium,7934.0
C01203,High-value regulars,0.041,Low,9513.0
C01204,Low-spend occasional,0.665,High,2109.0
C01205,Lapsing / dormant,0.64,High,6098.0
C01206,High-value regulars,0.09,Low,17523.0
C01207,Lapsing / dormant,0.346,Medium,9452.0
C01208,High-value regulars,0.045,Low,11663.0
C01209,High-value regulars,0.111,Low,15855.0
C01210,Lapsing / dormant,0.204,Low,7286.0
C01211,High-value regulars,0.134,Low,9878.0
C01212,High-value regulars,0.193,Low,15796.0
C01213,High-value regulars,0.239,Low,16299.0
C01214,Lapsing / dormant,0.154,Low,4871.0
C01215,High-value regulars,0.26,Medium,12196.0
C01216,Lapsing / dormant,0.293,Medium,7711.0
C01217,Low-spend occasional,0.919,High,0.0
C01218,High-value regulars,0.094,Low,21451.0
C01219,High-value regulars,0.055,Low,19325.0
C01220,High-value regulars,0.121,Low,8539.0
C01221,High-value regulars,0.043,Low,11526.0
C01222,High-value regulars,0.35,Medium,11324.0
C01223,High-value regulars,0.333,Medium,15586.0
C01224,High-value regulars,0.143,Low,16535.0
C01225,Lapsing / dormant,0.479,Medium,2683.0
C01226,High-value regulars,0.055,Low,17446.0
C01227,High-value regulars,0.185,Low,17468.0
C01228,Lapsing / dormant,0.634,High,8318.0
C01229,Lapsing / dormant,0.723,High,3898.0
C01230,Low-spend occasional,0.089,Low,2929.0
C01231,Low-spend occasional,0.053,Low,6292.0
C01232,Lapsing / dormant,0.215,Low,7953.0
C01233,High-value regulars,0.07,Low,18230.0
C01234,High-value regulars,0.182,Low,15924.0
C01235,High-value regulars,0.246,Low,11012.0
C01236,High-value regulars,0.103,Low,17284.0
C01237,High-value regulars,0.094,Low,8870.0
C01238,High-value regulars,0.046,Low,12886.0
C01239,Low-spend occasional,0.248,Low,5257.0
C01240,High-value regulars,0.246,Low,14113.0
C01241,Low-spend occasional,0.233,Low,4855.0
C01242,High-value regulars,0.12,Low,11420.0
C01243,Lapsing / dormant,0.163,Low,8347.0
C01244,High-value regulars,0.072,Low,10772.0
C01245,Lapsing / dormant,0.323,Medium,7961.0
C01246,Low-spend occasional,0.079,Low,6897.0
C01247,High-value regulars,0.067,Low,18474.0
C01248,High-value regulars,0.163,Low,12918.0
C01249,High-value regulars,0.208,Low,7727.0
C01250,High-value regulars,0.112,Low,13895.0
C01251,Lapsing / dormant,0.525,High,8162.0
C01252,High-value regulars,0.231,Low,14886.0
C01253,High-value regulars,0.145,Low,17506.0
C01254,High-value regulars,0.144,Low,19892.0
C01255,High-value regulars,0.275,Medium,11362.0
C01256,Lapsing / dormant,0.369,Medium,5751.0
C01257,High-value regulars,0.102,Low,9011.0
C01258,Lapsing / dormant,0.257,Medium,7195.0
C01259,High-value regulars,0.1,Low,27242.0
C01260,Lapsing / dormant,0.37,Medium,5624.0
C01261,High-value regulars,0.04,Low,9719.0
C01262,Lapsing / dormant,0.598,High,7874.0
C01263,High-value regulars,0.524,High,12690.0
C01264,High-value regulars,0.076,Low,9599.0
C01265,High-value regulars,0.043,Low,13549.0
C01266,High-value regulars,0.041,Low,16965.0
C01267,High-value regulars,0.286,Medium,16654.0
C01268,Low-spend occasional,0.06,Low,3568.0
C01269,High-value regulars,0.139,Low,13792.0
C01270,High-value regulars,0.121,Low,10841.0
C01271,High-value regulars,0.074,Low,23128.0
C01272,High-value regulars,0.039,Low,9947.0
C01273,High-value regulars,0.061,Low,10967.0
C01274,Lapsing / dormant,0.338,Medium,7714.0
C01275,Lapsing / dormant,0.194,Low,5015.0
C01276,High-value regulars,0.117,Low,16676.0
C01277,High-value regulars,0.075,Low,11089.0
C01278,High-value regulars,0.418,Medium,11965.0
C01279,High-value regulars,0.122,Low,21717.0
C01280,High-value regulars,0.106,Low,14870.0
C01281,High-value regulars,0.073,Low,9631.0
C01282,High-value regulars,0.032,Low,13774.0
C01283,Low-spend occasional,0.192,Low,2613.0
C01284,High-value regulars,0.074,Low,12152.0
C01285,Lapsing / dormant,0.128,Low,10114.0
C01286,High-value regulars,0.134,Low,8355.0
C01287,High-value regulars,0.062,Low,8621.0
C01288,Lapsing / dormant,0.716,High,5315.0
C01289,High-value regulars,0.158,Low,20265.0
C01290,Lapsing / dormant,0.676,High,5460.0
C01291,Lapsing / dormant,0.309,Medium,6670.0
C01292,High-value regulars,0.17,Low,18197.0
C01293,Low-spend occasional,0.156,Low,3687.0
C01294,Lapsing / dormant,0.24,Low,8479.0
C01295,High-value regulars,0.038,Low,16068.0
C01296,High-value regulars,0.125,Low,7269.0
C01297,High-value regulars,0.16,Low,11904.0
C01298,Lapsing / dormant,0.076,Low,8215.0
C01299,Lapsing / dormant,0.337,Medium,6972.0
C01300,Lapsing / dormant,0.327,Medium,4707.0
C01301,High-value regulars,0.331,Medium,23682.0
C01302,High-value regulars,0.02,Low,19415.0
C01303,Low-spend occasional,0.3,Medium,5912.0
C01304,High-value regulars,0.042,Low,11375.0
C01305,High-value regulars,0.192,Low,11629.0
C01306,High-value regulars,0.232,Low,33806.0
C01307,High-value regulars,0.08,Low,26353.0
C01308,Lapsing / dormant,0.552,High,8634.0
C01309,High-value regulars,0.122,Low,7219.0
C01310,Low-spend occasional,0.085,Low,5249.0
C01311,Lapsing / dormant,0.234,Low,12027.0
C01312,Lapsing / dormant,0.389,Medium,5223.0
C01313,Low-spend occasional,0.224,Low,882.0
C01314,High-value regulars,0.289,Medium,12695.0
C01315,Lapsing / dormant,0.264,Medium,6823.0
C01316,High-value regulars,0.209,Low,9386.0
C01317,High-value regulars,0.083,Low,24684.0
C01318,High-value regulars,0.12,Low,12294.0
C01319,High-value regulars,0.252,Medium,14981.0
C01320,High-value regulars,0.255,Medium,11047.0
C01321,High-value regulars,0.108,Low,14229.0
C01322,High-value regulars,0.328,Medium,9379.0
C01323,High-value regulars,0.166,Low,22090.0
C01324,High-value regulars,0.205,Low,14244.0
C01325,Lapsing / dormant,0.47,Medium,8896.0
C01326,High-value regulars,0.056,Low,11085.0
C01327,High-value regulars,0.133,Low,8679.0
C01328,Lapsing / dormant,0.928,High,1646.0
C01329,High-value regulars,0.169,Low,10888.0
C01330,Lapsing / dormant,0.278,Medium,8147.0
C01331,High-value regulars,0.211,Low,14775.0
C01332,High-value regulars,0.167,Low,11609.0
C01333,High-value regulars,0.15,Low,11812.0
C01334,Lapsing / dormant,0.494,Medium,7161.0
C01335,High-value regulars,0.053,Low,13402.0
C01336,High-value regulars,0.197,Low,19137.0
C01337,High-value regulars,0.147,Low,16478.0
C01338,High-value regulars,0.118,Low,16488.0
C01339,Lapsing / dormant,0.232,Low,6356.0
C01340,Low-spend occasional,0.04,Low,1968.0
C01341,Lapsing / dormant,0.175,Low,3261.0
C01342,High-value regulars,0.171,Low,16058.0
C01343,High-value regulars,0.047,Low,16077.0
C01344,Lapsing / dormant,0.204,Low,7748.0
C01345,High-value regulars,0.062,Low,13193.0
C01346,High-value regulars,0.094,Low,12255.0
C01347,Lapsing / dormant,0.563,High,3714.0
C01348,Lapsing / dormant,0.338,Medium,8762.0
C01349,High-value regulars,0.131,Low,11821.0
C01350,High-value regulars,0.08,Low,22189.0
C01351,High-value regulars,0.074,Low,10633.0
C01352,Low-spend occasional,0.073,Low,6912.0
C01353,High-value regulars,0.047,Low,11764.0
C01354,Lapsing / dormant,0.401,Medium,9400.0
C01355,High-value regulars,0.157,Low,11112.0
C01356,Lapsing / dormant,0.539,High,6140.0
C01357,Lapsing / dormant,0.331,Medium,8469.0
C01358,Lapsing / dormant,0.217,Low,8301.0
C01359,Lapsing / dormant,0.224,Low,9125.0
C01360,Lapsing / dormant,0.192,Low,9525.0
C01361,High-value regulars,0.138,Low,12065.0
C01362,High-value regulars,0.043,Low,15013.0
C01363,Lapsing / dormant,0.411,Medium,6580.0
C01364,Lapsing / dormant,0.652,High,9292.0
C01365,High-value regulars,0.086,Low,9892.0
C01366,Lapsing / dormant,0.211,Low,6262.0
C01367,High-value regulars,0.057,Low,15687.0
C01368,High-value regulars,0.099,Low,20212.0
C01369,Lapsing / dormant,0.257,Medium,4089.0
C01370,Lapsing / dormant,0.216,Low,9047.0
C01371,High-value regulars,0.089,Low,11346.0
C01372,Low-spend occasional,0.208,Low,6513.0
C01373,High-value regulars,0.039,Low,9745.0
C01374,High-value regulars,0.066,Low,12096.0
C01375,Lapsing / dormant,0.088,Low,6945.0
C01376,Lapsing / dormant,0.907,High,1369.0
C01377,Lapsing / dormant,0.338,Medium,8675.0
C01378,High-value regulars,0.128,Low,18623.0
C01379,High-value regulars,0.073,Low,18155.0
C01380,High-value regulars,0.062,Low,8108.0
C01381,Lapsing / dormant,0.466,Medium,6295.0
C01382,High-value regulars,0.09,Low,16389.0
C01383,Low-spend occasional,0.028,Low,4893.0
C01384,Lapsing / dormant,0.085,Low,10732.0
C01385,Low-spend occasional,0.145,Low,1963.0
C01386,Lapsing / dormant,0.18,Low,7498.0
C01387,High-value regulars,0.086,Low,16719.0
C01388,Lapsing / dormant,0.098,Low,5795.0
C01389,High-value regulars,0.023,Low,16831.0
C01390,High-value regulars,0.216,Low,14160.0
C01391,Lapsing / dormant,0.387,Medium,4189.0
C01392,Lapsing / dormant,0.179,Low,6932.0
C01393,High-value regulars,0.206,Low,14737.0
C01394,High-value regulars,0.165,Low,11756.0
C01395,High-value regulars,0.129,Low,8317.0
C01396,Low-spend occasional,0.109,Low,3699.0
C01397,Lapsing / dormant,0.364,Medium,4237.0
C01398,High-value regulars,0.125,Low,11811.0
C01399,High-value regulars,0.128,Low,10723.0
C01400,Lapsing / dormant,0.291,Medium,6571.0
C01401,Lapsing / dormant,0.503,High,8618.0
C01402,High-value regulars,0.018,Low,18073.0
C01403,High-value regulars,0.155,Low,13580.0
C01404,Lapsing / dormant,0.287,Medium,12583.0
C01405,High-value regulars,0.293,Medium,11784.0
C01406,Lapsing / dormant,0.252,Medium,11026.0
C01407,High-value regulars,0.079,Low,12154.0
C01408,High-value regulars,0.16,Low,13880.0
C01409,Lapsing / dormant,0.306,Medium,5569.0
C01410,High-value regulars,0.302,Medium,13461.0
C01411,High-value regulars,0.197,Low,11069.0
C01412,Lapsing / dormant,0.602,High,8201.0
C01413,Lapsing / dormant,0.326,Medium,7251.0
C01414,Lapsing / dormant,0.5,High,6843.0
C01415,High-value regulars,0.038,Low,25371.0
C01416,Lapsing / dormant,0.205,Low,8164.0
C01417,Lapsing / dormant,0.174,Low,6935.0
C01418,Lapsing / dormant,0.22,Low,5878.0
C01419,High-value regulars,0.255,Medium,10393.0
C01420,Low-spend occasional,0.193,Low,7648.0
C01421,High-value regulars,0.091,Low,8516.0
C01422,Lapsing / dormant,0.528,High,4880.0
C01423,Low-spend occasional,0.098,Low,4534.0
C01424,High-value regulars,0.065,Low,10280.0
C01425,High-value regulars,0.066,Low,12626.0
C01426,Lapsing / dormant,0.867,High,2264.0
C01427,Low-spend occasional,0.099,Low,3085.0
C01428,High-value regulars,0.195,Low,14092.0
C01429,High-value regulars,0.077,Low,6681.0
C01430,High-value regulars,0.058,Low,13684.0
C01431,High-value regulars,0.046,Low,10763.0
C01432,Low-spend occasional,0.125,Low,2060.0
C01433,Lapsing / dormant,0.144,Low,5856.0
C01434,High-value regulars,0.05,Low,11920.0
C01435,High-value regulars,0.079,Low,9448.0
C01436,Lapsing / dormant,0.579,High,4417.0
C01437,Low-spend occasional,0.269,Medium,3736.0
C01438,High-value regulars,0.253,Medium,19127.0
C01439,High-value regulars,0.121,Low,11666.0
C01440,Lapsing / dormant,0.148,Low,6842.0
C01441,High-value regulars,0.091,Low,12352.0
C01442,High-value regulars,0.068,Low,12735.0
C01443,High-value regulars,0.135,Low,7684.0
C01444,High-value regulars,0.133,Low,11492.0
C01445,Lapsing / dormant,0.265,Medium,8143.0
C01446,Lapsing / dormant,0.135,Low,7753.0
C01447,High-value regulars,0.033,Low,10328.0
C01448,Lapsing / dormant,0.238,Low,6325.0
C01449,High-value regulars,0.044,Low,15094.0
C01450,Lapsing / dormant,0.652,High,12508.0
C01451,High-value regulars,0.15,Low,13084.0
C01452,High-value regulars,0.369,Medium,11447.0
C01453,High-value regulars,0.108,Low,9203.0
C01454,High-value regulars,0.154,Low,19354.0
C01455,High-value regulars,0.236,Low,9595.0
C01456,Low-spend occasional,0.105,Low,5859.0
C01457,Low-spend occasional,0.108,Low,6811.0
C01458,High-value regulars,0.271,Medium,19397.0
C01459,Low-spend occasional,0.124,Low,3879.0
C01460,High-value regulars,0.095,Low,12304.0
C01461,High-value regulars,0.047,Low,8469.0
C01462,Lapsing / dormant,0.468,Medium,4260.0
C01463,High-value regulars,0.307,Medium,12717.0
C01464,High-value regulars,0.139,Low,12643.0
C01465,Low-spend occasional,0.124,Low,8255.0
C01466,High-value regulars,0.082,Low,9448.0
C01467,High-value regulars,0.059,Low,16569.0
C01468,Lapsing / dormant,0.647,High,5469.0
C01469,Lapsing / dormant,0.429,Medium,12933.0
C01470,High-value regulars,0.155,Low,11561.0
C01471,Lapsing / dormant,0.473,Medium,11806.0
C01472,High-value regulars,0.077,Low,15425.0
C01473,High-value regulars,0.084,Low,11476.0
C01474,Low-spend occasional,0.07,Low,2119.0
C01475,High-value regulars,0.418,Medium,9124.0
C01476,Lapsing / dormant,0.695,High,14478.0
C01477,High-value regulars,0.22,Low,8888.0
C01478,High-value regulars,0.052,Low,17604.0
C01479,High-value regulars,0.073,Low,23663.0
C01480,High-value regulars,0.126,Low,8309.0
C01481,Low-spend occasional,0.151,Low,4445.0
C01482,Lapsing / dormant,0.099,Low,8087.0
C01483,Lapsing / dormant,0.67,High,9285.0
C01484,High-value regulars,0.085,Low,9942.0
C01485,High-value regulars,0.207,Low,14758.0
C01486,High-value regulars,0.118,Low,8569.0
C01487,High-value regulars,0.072,Low,11566.0
C01488,High-value regulars,0.088,Low,15711.0
C01489,High-value regulars,0.225,Low,16744.0
C01490,Lapsing / dormant,0.971,High,2079.0
C01491,High-value regulars,0.057,Low,13341.0
C01492,Lapsing / dormant,0.12,Low,4679.0
C01493,High-value regulars,0.125,Low,10785.0
C01494,Lapsing / dormant,0.606,High,10496.0
C01495,Lapsing / dormant,0.16,Low,8410.0
C01496,High-value regulars,0.06,Low,18888.0
C01497,High-value regulars,0.062,Low,16667.0
C01498,High-value regulars,0.292,Medium,14477.0
C01499,High-value regulars,0.066,Low,17196.0
C01500,High-value regulars,0.064,Low,10538.0
C01501,Lapsing / dormant,0.652,High,11548.0
C01502,Low-spend occasional,0.134,Low,1610.0
C01503,Low-spend occasional,0.299,Medium,7187.0
C01504,High-value regulars,0.075,Low,12231.0
C01505,Low-spend occasional,0.211,Low,3414.0
C01506,High-value regulars,0.051,Low,12070.0
C01507,High-value regulars,0.078,Low,11031.0
C01508,High-value regulars,0.067,Low,9470.0
C01509,Low-spend occasional,0.33,Medium,4793.0
C01510,Lapsing / dormant,0.164,Low,8983.0
C01511,Lapsing / dormant,0.673,High,9941.0
C01512,High-value regulars,0.105,Low,15729.0
C01513,Low-spend occasional,0.948,High,1520.0
C01514,High-value regulars,0.07,Low,14518.0
C01515,High-value regulars,0.065,Low,9913.0
C01516,High-value regulars,0.091,Low,14054.0
C01517,High-value regulars,0.062,Low,12957.0
C01518,High-value regulars,0.401,Medium,13165.0
C01519,High-value regulars,0.151,Low,12984.0
C01520,High-value regulars,0.087,Low,16777.0
C01521,Lapsing / dormant,0.246,Low,8257.0
C01522,Low-spend occasional,0.193,Low,5419.0
C01523,High-value regulars,0.149,Low,14100.0
C01524,Lapsing / dormant,0.112,Low,4807.0
C01525,High-value regulars,0.071,Low,26646.0
C01526,High-value regulars,0.078,Low,12215.0
C01527,Lapsing / dormant,0.416,Medium,9871.0
C01528,High-value regulars,0.077,Low,8857.0
C01529,High-value regulars,0.099,Low,9056.0
C01530,Lapsing / dormant,0.43,Medium,5428.0
C01531,Low-spend occasional,0.05,Low,5818.0
C01532,Lapsing / dormant,0.376,Medium,8312.0
C01533,Low-spend occasional,0.11,Low,1962.0
C01534,Lapsing / dormant,0.425,Medium,6514.0
C01535,Low-spend occasional,0.144,Low,7113.0
C01536,Lapsing / dormant,0.447,Medium,6649.0
C01537,Lapsing / dormant,0.121,Low,8081.0
C01538,High-value regulars,0.124,Low,13855.0
C01539,Lapsing / dormant,0.577,High,5489.0
C01540,High-value regulars,0.138,Low,13791.0
C01541,High-value regulars,0.076,Low,13634.0
C01542,Lapsing / dormant,0.236,Low,5882.0
C01543,Low-spend occasional,0.102,Low,7362.0
C01544,High-value regulars,0.153,Low,10533.0
C01545,Lapsing / dormant,0.266,Medium,7360.0
C01546,High-value regulars,0.054,Low,8530.0
C01547,High-value regulars,0.085,Low,16762.0
C01548,Low-spend occasional,0.137,Low,7943.0
C01549,High-value regulars,0.148,Low,13946.0
C01550,Lapsing / dormant,0.535,High,5290.0
C01551,Lapsing / dormant,0.371,Medium,13325.0
C01552,Low-spend occasional,0.262,Medium,4682.0
C01553,High-value regulars,0.295,Medium,15471.0
C01554,High-value regulars,0.178,Low,21549.0
C01555,High-value regulars,0.083,Low,13748.0
C01556,Low-spend occasional,0.12,Low,3057.0
C01557,High-value regulars,0.097,Low,7843.0
C01558,High-value regulars,0.055,Low,20482.0
C01559,Low-spend occasional,0.166,Low,7421.0
C01560,Lapsing / dormant,0.392,Medium,9774.0
C01561,Low-spend occasional,0.965,High,0.0
C01562,Low-spend occasional,0.114,Low,4672.0
C01563,Lapsing / dormant,0.462,Medium,13514.0
C01564,Lapsing / dormant,0.074,Low,5938.0
C01565,Lapsing / dormant,0.362,Medium,8389.0
C01566,Low-spend occasional,0.056,Low,4578.0
C01567,Low-spend occasional,0.334,Medium,3136.0
C01568,High-value regulars,0.039,Low,9269.0
C01569,High-value regulars,0.331,Medium,11631.0
C01570,High-value regulars,0.217,Low,12323.0
C01571,High-value regulars,0.234,Low,9233.0
C01572,Lapsing / dormant,0.126,Low,6928.0
C01573,High-value regulars,0.047,Low,10147.0
C01574,High-value regulars,0.113,Low,10035.0
C01575,High-value regulars,0.08,Low,14907.0
C01576,Lapsing / dormant,0.465,Medium,6822.0
C01577,High-value regulars,0.082,Low,10813.0
C01578,High-value regulars,0.445,Medium,11965.0
C01579,Low-spend occasional,0.168,Low,999.0
C01580,Low-spend occasional,0.102,Low,6480.0
C01581,High-value regulars,0.091,Low,11528.0
C01582,Lapsing / dormant,0.459,Medium,10938.0
C01583,High-value regulars,0.041,Low,15515.0
C01584,Lapsing / dormant,0.641,High,3083.0
C01585,High-value regulars,0.113,Low,9743.0
C01586,High-value regulars,0.077,Low,15033.0
C01587,High-value regulars,0.088,Low,13272.0
C01588,Low-spend occasional,0.209,Low,7407.0
C01589,Low-spend occasional,0.217,Low,7157.0
C01590,Lapsing / dormant,0.34,Medium,10750.0
C01591,Lapsing / dormant,0.546,High,4161.0
C01592,High-value regulars,0.19,Low,16598.0
C01593,High-value regulars,0.127,Low,23256.0
C01594,High-value regulars,0.055,Low,14008.0
C01595,Lapsing / dormant,0.42,Medium,8147.0
C01596,Lapsing / dormant,0.386,Medium,7903.0
C01597,Lapsing / dormant,0.638,High,14983.0
C01598,Lapsing / dormant,0.307,Medium,6990.0
C01599,Lapsing / dormant,0.19,Low,6741.0
C01600,High-value regulars,0.298,Medium,9956.0
C01601,High-value regulars,0.181,Low,18945.0
C01602,Low-spend occasional,0.063,Low,5702.0
C01603,High-value regulars,0.136,Low,15166.0
C01604,Lapsing / dormant,0.486,Medium,6322.0
C01605,High-value regulars,0.099,Low,13987.0
C01606,High-value regulars,0.268,Medium,9971.0
C01607,High-value regulars,0.072,Low,14095.0
C01608,Lapsing / dormant,0.597,High,4916.0
C01609,High-value regulars,0.047,Low,17543.0
C01610,Low-spend occasional,0.333,Medium,3563.0
C01611,Low-spend occasional,0.167,Low,7175.0
C01612,High-value regulars,0.049,Low,13321.0
C01613,Lapsing / dormant,0.097,Low,6973.0
C01614,High-value regulars,0.13,Low,10480.0
C01615,Low-spend occasional,0.223,Low,1471.0
C01616,Lapsing / dormant,0.379,Medium,11162.0
C01617,High-value regulars,0.097,Low,14062.0
C01618,Lapsing / dormant,0.878,High,4793.0
C01619,Lapsing / dormant,0.141,Low,5323.0
C01620,Lapsing / dormant,0.382,Medium,4959.0
C01621,Lapsing / dormant,0.104,Low,8023.0
C01622,High-value regulars,0.072,Low,13762.0
C01623,High-value regulars,0.146,Low,10329.0
C01624,High-value regulars,0.049,Low,14200.0
C01625,Low-spend occasional,0.138,Low,4303.0
C01626,Lapsing / dormant,0.251,Medium,10567.0
C01627,High-value regulars,0.043,Low,9291.0
C01628,High-value regulars,0.326,Medium,13152.0
C01629,Lapsing / dormant,0.613,High,9852.0
C01630,Lapsing / dormant,0.102,Low,7082.0
C01631,High-value regulars,0.415,Medium,13834.0
C01632,High-value regulars,0.225,Low,11099.0
C01633,High-value regulars,0.397,Medium,11124.0
C01634,Lapsing / dormant,0.467,Medium,2028.0
C01635,High-value regulars,0.103,Low,13566.0
C01636,Lapsing / dormant,0.331,Medium,12553.0
C01637,Low-spend occasional,0.149,Low,2908.0
C01638,High-value regulars,0.196,Low,14262.0
C01639,Low-spend occasional,0.342,Medium,7066.0
C01640,Low-spend occasional,0.073,Low,8836.0
C01641,High-value regulars,0.106,Low,6029.0
C01642,High-value regulars,0.089,Low,14445.0
C01643,High-value regulars,0.043,Low,9692.0
C01644,High-value regulars,0.121,Low,7520.0
C01645,Lapsing / dormant,0.28,Medium,4404.0
C01646,Lapsing / dormant,0.175,Low,7881.0
C01647,High-value regulars,0.064,Low,14970.0
C01648,Lapsing / dormant,0.689,High,10551.0
C01649,Lapsing / dormant,0.418,Medium,10161.0
C01650,Low-spend occasional,0.43,Medium,4919.0
C01651,High-value regulars,0.021,Low,36475.0
C01652,High-value regulars,0.124,Low,15282.0
C01653,Lapsing / dormant,0.3,Medium,10222.0
C01654,High-value regulars,0.035,Low,10597.0
C01655,Low-spend occasional,0.165,Low,4740.0
C01656,Lapsing / dormant,0.178,Low,6279.0
C01657,Low-spend occasional,0.117,Low,5670.0
C01658,Lapsing / dormant,0.276,Medium,9491.0
C01659,High-value regulars,0.109,Low,10164.0
C01660,High-value regulars,0.084,Low,12233.0
C01661,High-value regulars,0.097,Low,21230.0
C01662,Low-spend occasional,0.148,Low,5143.0
C01663,High-value regulars,0.105,Low,19047.0
C01664,High-value regulars,0.083,Low,10394.0
C01665,High-value regulars,0.067,Low,6425.0
C01666,Low-spend occasional,0.241,Low,2725.0
C01667,Lapsing / dormant,0.096,Low,4709.0
C01668,High-value regulars,0.409,Medium,13265.0
C01669,High-value regulars,0.184,Low,11483.0
C01670,Lapsing / dormant,0.507,High,7085.0
C01671,High-value regulars,0.137,Low,15136.0
C01672,High-value regulars,0.058,Low,13662.0
C01673,High-value regulars,0.272,Medium,6939.0
C01674,Low-spend occasional,0.184,Low,4316.0
C01675,High-value regulars,0.242,Low,8311.0
C01676,Lapsing / dormant,0.58,High,3617.0
C01677,Lapsing / dormant,0.347,Medium,4343.0
C01678,High-value regulars,0.157,Low,14591.0
C01679,High-value regulars,0.253,Medium,15877.0
C01680,High-value regulars,0.055,Low,26765.0
C01681,High-value regulars,0.047,Low,27459.0
C01682,Lapsing / dormant,0.516,High,3873.0
C01683,Lapsing / dormant,0.591,High,9709.0
C01684,High-value regulars,0.069,Low,9627.0
C01685,High-value regulars,0.165,Low,17651.0
C01686,Low-spend occasional,0.125,Low,6992.0
C01687,High-value regulars,0.065,Low,14521.0
C01688,Lapsing / dormant,0.47,Medium,11225.0
C01689,High-value regulars,0.028,Low,12745.0
C01690,Low-spend occasional,0.52,High,3691.0
C01691,High-value regulars,0.042,Low,17466.0
C01692,High-value regulars,0.084,Low,12201.0
C01693,High-value regulars,0.055,Low,13366.0
C01694,High-value regulars,0.409,Medium,15501.0
C01695,Low-spend occasional,0.134,Low,2964.0
C01696,Low-spend occasional,0.266,Medium,6815.0
C01697,High-value regulars,0.126,Low,11357.0
C01698,Lapsing / dormant,0.254,Medium,11382.0
C01699,Lapsing / dormant,0.309,Medium,7994.0
C01700,High-value regulars,0.166,Low,10485.0
C01701,High-value regulars,0.081,Low,9020.0
C01702,High-value regulars,0.271,Medium,18618.0
C01703,High-value regulars,0.117,Low,16455.0
C01704,Low-spend occasional,0.105,Low,3512.0
C01705,High-value regulars,0.085,Low,15850.0
C01706,High-value regulars,0.104,Low,10224.0
C01707,Lapsing / dormant,0.371,Medium,5505.0
C01708,High-value regulars,0.125,Low,8474.0
C01709,High-value regulars,0.264,Medium,15450.0
C01710,Lapsing / dormant,0.216,Low,9131.0
C01711,Lapsing / dormant,0.253,Medium,8422.0
C01712,Lapsing / dormant,0.5,High,8698.0
C01713,Lapsing / dormant,0.236,Low,4782.0
C01714,High-value regulars,0.122,Low,10951.0
C01715,High-value regulars,0.153,Low,15160.0
C01716,High-value regulars,0.21,Low,11056.0
C01717,Lapsing / dormant,0.935,High,2393.0
C01718,Low-spend occasional,0.277,Medium,3283.0
C01719,High-value regulars,0.071,Low,23237.0
C01720,Lapsing / dormant,0.087,Low,8664.0
C01721,High-value regulars,0.118,Low,13312.0
C01722,Low-spend occasional,0.228,Low,4735.0
C01723,Lapsing / dormant,0.605,High,4325.0
C01724,High-value regulars,0.132,Low,8361.0
C01725,Lapsing / dormant,0.392,Medium,4941.0
C01726,High-value regulars,0.154,Low,13304.0
C01727,Lapsing / dormant,0.52,High,13246.0
C01728,High-value regulars,0.086,Low,13196.0
C01729,Lapsing / dormant,0.347,Medium,8544.0
C01730,Lapsing / dormant,0.104,Low,11363.0
C01731,Lapsing / dormant,0.198,Low,8702.0
C01732,High-value regulars,0.151,Low,15667.0
C01733,Lapsing / dormant,0.363,Medium,3817.0
C01734,Lapsing / dormant,0.264,Medium,8091.0
C01735,High-value regulars,0.362,Medium,14863.0
C01736,High-value regulars,0.08,Low,16534.0
C01737,High-value regulars,0.203,Low,8184.0
C01738,Lapsing / dormant,0.455,Medium,12959.0
C01739,High-value regulars,0.188,Low,11130.0
C01740,Lapsing / dormant,0.214,Low,7940.0
C01741,Lapsing / dormant,0.453,Medium,4214.0
C01742,High-value regulars,0.084,Low,21328.0
C01743,Lapsing / dormant,0.313,Medium,8590.0
C01744,High-value regulars,0.06,Low,17012.0
C01745,Lapsing / dormant,0.316,Medium,6536.0
C01746,High-value regulars,0.058,Low,23579.0
C01747,High-value regulars,0.058,Low,16851.0
C01748,Lapsing / dormant,0.368,Medium,13001.0
C01749,High-value regulars,0.144,Low,11689.0
C01750,Lapsing / dormant,0.495,Medium,8061.0
C01751,High-value regulars,0.059,Low,9335.0
C01752,Lapsing / dormant,0.203,Low,8957.0
C01753,High-value regulars,0.057,Low,16660.0
C01754,High-value regulars,0.177,Low,14735.0
C01755,Lapsing / dormant,0.206,Low,14745.0
C01756,High-value regulars,0.061,Low,9639.0
C01757,High-value regulars,0.055,Low,10145.0
C01758,Lapsing / dormant,0.269,Medium,9323.0
C01759,High-value regulars,0.155,Low,14050.0
C01760,High-value regulars,0.078,Low,11658.0
C01761,High-value regulars,0.134,Low,8773.0
C01762,High-value regulars,0.249,Low,13350.0
C01763,Low-spend occasional,0.23,Low,1950.0
C01764,High-value regulars,0.129,Low,15284.0
C01765,High-value regulars,0.085,Low,10545.0
C01766,High-value regulars,0.03,Low,14571.0
C01767,High-value regulars,0.192,Low,6711.0
C01768,Low-spend occasional,0.144,Low,7169.0
C01769,Lapsing / dormant,0.203,Low,8128.0
C01770,Lapsing / dormant,0.493,Medium,4801.0
C01771,High-value regulars,0.164,Low,10036.0
C01772,High-value regulars,0.198,Low,13188.0
C01773,Lapsing / dormant,0.462,Medium,5583.0
C01774,High-value regulars,0.059,Low,8537.0
C01775,High-value regulars,0.131,Low,9317.0
C01776,High-value regulars,0.067,Low,10317.0
C01777,High-value regulars,0.049,Low,14785.0
C01778,Low-spend occasional,0.424,Medium,5812.0
C01779,Low-spend occasional,0.558,High,2128.0
C01780,Lapsing / dormant,0.363,Medium,3895.0
C01781,Lapsing / dormant,0.823,High,2811.0
C01782,Low-spend occasional,0.439,Medium,4128.0
C01783,High-value regulars,0.041,Low,18984.0
C01784,Lapsing / dormant,0.615,High,5183.0
C01785,High-value regulars,0.33,Medium,10983.0
C01786,High-value regulars,0.08,Low,8224.0
C01787,High-value regulars,0.12,Low,8913.0
C01788,High-value regulars,0.071,Low,9043.0
C01789,High-value regulars,0.241,Low,16225.0
C01790,High-value regulars,0.329,Medium,14834.0
C01791,Lapsing / dormant,0.075,Low,7944.0
C01792,High-value regulars,0.229,Low,10562.0
C01793,Lapsing / dormant,0.237,Low,11967.0
C01794,Lapsing / dormant,0.14,Low,8779.0
C01795,High-value regulars,0.122,Low,11979.0
C01796,Low-spend occasional,0.132,Low,6533.0
C01797,Lapsing / dormant,0.423,Medium,5793.0
C01798,Lapsing / dormant,0.36,Medium,6075.0
C01799,High-value regulars,0.075,Low,9078.0
C01800,Lapsing / dormant,0.815,High,2223.0
C01801,High-value regulars,0.195,Low,8959.0
C01802,Lapsing / dormant,0.271,Medium,13337.0
C01803,Lapsing / dormant,0.153,Low,4250.0
C01804,High-value regulars,0.248,Low,17754.0
C01805,Lapsing / dormant,0.273,Medium,7712.0
C01806,High-value regulars,0.08,Low,8968.0
C01807,Low-spend occasional,0.081,Low,7898.0
C01808,Lapsing / dormant,0.314,Medium,12055.0
C01809,Lapsing / dormant,0.14,Low,4744.0
C01810,Lapsing / dormant,0.384,Medium,10148.0
C01811,High-value regulars,0.188,Low,7317.0
C01812,High-value regulars,0.164,Low,22524.0
C01813,Lapsing / dormant,0.203,Low,7945.0
C01814,High-value regulars,0.092,Low,9459.0
C01815,High-value regulars,0.145,Low,8129.0
C01816,Low-spend occasional,0.088,Low,6470.0
C01817,High-value regulars,0.16,Low,17882.0
C01818,Lapsing / dormant,0.18,Low,5988.0
C01819,Lapsing / dormant,0.253,Medium,5184.0
C01820,Lapsing / dormant,0.079,Low,9878.0
C01821,High-value regulars,0.156,Low,14569.0
C01822,High-value regulars,0.121,Low,10902.0
C01823,High-value regulars,0.037,Low,17631.0
C01824,Lapsing / dormant,0.528,High,16483.0
C01825,High-value regulars,0.055,Low,13271.0
C01826,Lapsing / dormant,0.128,Low,9134.0
C01827,Low-spend occasional,0.113,Low,4595.0
C01828,Lapsing / dormant,0.339,Medium,10298.0
C01829,Lapsing / dormant,0.181,Low,8205.0
C01830,High-value regulars,0.087,Low,7606.0
C01831,High-value regulars,0.111,Low,10095.0
C01832,Lapsing / dormant,0.081,Low,4782.0
C01833,High-value regulars,0.158,Low,13945.0
C01834,High-value regulars,0.084,Low,16355.0
C01835,Lapsing / dormant,0.594,High,4098.0
C01836,High-value regulars,0.382,Medium,10728.0
C01837,Lapsing / dormant,0.356,Medium,7816.0
C01838,High-value regulars,0.28,Medium,8781.0
C01839,High-value regulars,0.183,Low,7658.0
C01840,Lapsing / dormant,0.439,Medium,4691.0
C01841,Lapsing / dormant,0.763,High,2578.0
C01842,High-value regulars,0.088,Low,22113.0
C01843,Lapsing / dormant,0.204,Low,5228.0
C01844,High-value regulars,0.277,Medium,18675.0
C01845,Lapsing / dormant,0.19,Low,8338.0
C01846,High-value regulars,0.178,Low,14923.0
C01847,Lapsing / dormant,0.377,Medium,3422.0
C01848,Lapsing / dormant,0.698,High,4378.0
C01849,High-value regulars,0.077,Low,23122.0
C01850,High-value regulars,0.048,Low,18342.0
C01851,High-value regulars,0.079,Low,9382.0
C01852,Lapsing / dormant,0.378,Medium,10313.0
C01853,Low-spend occasional,0.039,Low,7225.0
C01854,High-value regulars,0.066,Low,17348.0
C01855,High-value regulars,0.117,Low,22860.0
C01856,Low-spend occasional,0.054,Low,3989.0
C01857,Lapsing / dormant,0.408,Medium,6432.0
C01858,Lapsing / dormant,0.133,Low,7709.0
C01859,High-value regulars,0.174,Low,11185.0
C01860,High-value regulars,0.181,Low,15787.0
C01861,Lapsing / dormant,0.605,High,3426.0
C01862,Lapsing / dormant,0.247,Low,6984.0
C01863,Low-spend occasional,0.081,Low,6579.0
C01864,High-value regulars,0.066,Low,11386.0
C01865,Lapsing / dormant,0.269,Medium,8608.0
C01866,Lapsing / dormant,0.575,High,4513.0
C01867,High-value regulars,0.07,Low,14592.0
C01868,High-value regulars,0.043,Low,13781.0
C01869,Lapsing / dormant,0.246,Low,6210.0
C01870,Lapsing / dormant,0.216,Low,6198.0
C01871,High-value regulars,0.323,Medium,14562.0
C01872,High-value regulars,0.099,Low,8910.0
C01873,High-value regulars,0.046,Low,14693.0
C01874,Lapsing / dormant,0.13,Low,10097.0
C01875,High-value regulars,0.057,Low,15394.0
C01876,Low-spend occasional,0.421,Medium,2945.0
C01877,High-value regulars,0.205,Low,11695.0
C01878,Lapsing / dormant,0.188,Low,11746.0
C01879,High-value regulars,0.09,Low,16978.0
C01880,High-value regulars,0.165,Low,17093.0
C01881,Low-spend occasional,0.147,Low,4818.0
C01882,High-value regulars,0.122,Low,9060.0
C01883,High-value regulars,0.043,Low,10171.0
C01884,High-value regulars,0.09,Low,7979.0
C01885,Lapsing / dormant,0.316,Medium,6800.0
C01886,Lapsing / dormant,0.257,Medium,7710.0
C01887,Lapsing / dormant,0.668,High,8293.0
C01888,High-value regulars,0.217,Low,11550.0
C01889,Lapsing / dormant,0.18,Low,6682.0
C01890,Lapsing / dormant,0.277,Medium,7159.0
C01891,Low-spend occasional,0.273,Medium,4376.0
C01892,Lapsing / dormant,0.815,High,3583.0
C01893,High-value regulars,0.116,Low,7246.0
C01894,High-value regulars,0.224,Low,10023.0
C01895,Lapsing / dormant,0.155,Low,6797.0
C01896,High-value regulars,0.06,Low,14517.0
C01897,High-value regulars,0.039,Low,16522.0
C01898,High-value regulars,0.192,Low,12221.0
C01899,Low-spend occasional,0.217,Low,5868.0
C01900,High-value regulars,0.104,Low,11532.0
C01901,Lapsing / dormant,0.19,Low,9991.0
C01902,High-value regulars,0.11,Low,17454.0
C01903,High-value regulars,0.054,Low,25627.0
C01904,Lapsing / dormant,0.784,High,5001.0
C01905,Lapsing / dormant,0.259,Medium,7113.0
C01906,High-value regulars,0.16,Low,6806.0
C01907,High-value regulars,0.056,Low,20272.0
C01908,High-value regulars,0.043,Low,15800.0
C01909,Lapsing / dormant,0.189,Low,7759.0
C01910,Lapsing / dormant,0.162,Low,7894.0
C01911,High-value regulars,0.137,Low,10139.0
C01912,Lapsing / dormant,0.342,Medium,8312.0
C01913,Low-spend occasional,0.337,Medium,3591.0
C01914,Lapsing / dormant,0.201,Low,8520.0
C01915,Lapsing / dormant,0.614,High,5042.0
C01916,High-value regulars,0.05,Low,9854.0
C01917,High-value regulars,0.167,Low,12340.0
C01918,High-value regulars,0.102,Low,10847.0
C01919,Lapsing / dormant,0.455,Medium,8009.0
C01920,Lapsing / dormant,0.334,Medium,4111.0
C01921,Lapsing / dormant,0.315,Medium,10580.0
C01922,Lapsing / dormant,0.439,Medium,8314.0
C01923,High-value regulars,0.053,Low,16540.0
C01924,High-value regulars,0.071,Low,12408.0
C01925,High-value regulars,0.083,Low,18077.0
C01926,High-value regulars,0.099,Low,7701.0
C01927,Lapsing / dormant,0.17,Low,9062.0
C01928,High-value regulars,0.13,Low,13416.0
C01929,High-value regulars,0.109,Low,18835.0
C01930,High-value regulars,0.052,Low,16251.0
C01931,High-value regulars,0.054,Low,14524.0
C01932,High-value regulars,0.038,Low,14122.0
C01933,High-value regulars,0.148,Low,16156.0
C01934,High-value regulars,0.176,Low,10611.0
C01935,Lapsing / dormant,0.161,Low,4932.0
C01936,High-value regulars,0.297,Medium,8464.0
C01937,Low-spend occasional,0.245,Low,2265.0
C01938,High-value regulars,0.196,Low,12115.0
C01939,Lapsing / dormant,0.141,Low,7755.0
C01940,Low-spend occasional,0.623,High,1476.0
C01941,Lapsing / dormant,0.636,High,8638.0
C01942,Low-spend occasional,0.143,Low,2211.0
C01943,Low-spend occasional,0.18,Low,2450.0
C01944,High-value regulars,0.154,Low,10953.0
C01945,Lapsing / dormant,0.089,Low,5407.0
C01946,High-value regulars,0.074,Low,12626.0
C01947,Lapsing / dormant,0.349,Medium,8140.0
C01948,High-value regulars,0.275,Medium,12770.0
C01949,Lapsing / dormant,0.138,Low,9770.0
C01950,High-value regulars,0.078,Low,11452.0
C01951,Low-spend occasional,0.158,Low,953.0
C01952,High-value regulars,0.227,Low,15323.0
C01953,Lapsing / dormant,0.451,Medium,9126.0
C01954,High-value regulars,0.122,Low,13401.0
C01955,Low-spend occasional,0.06,Low,5865.0
C01956,High-value regulars,0.121,Low,8182.0
C01957,High-value regulars,0.386,Medium,16121.0
C01958,High-value regulars,0.063,Low,18626.0
C01959,Lapsing / dormant,0.179,Low,6200.0
C01960,High-value regulars,0.17,Low,18437.0
C01961,High-value regulars,0.047,Low,12923.0
C01962,High-value regulars,0.413,Medium,17205.0
C01963,Lapsing / dormant,0.54,High,8117.0
C01964,High-value regulars,0.026,Low,24710.0
C01965,High-value regulars,0.086,Low,10550.0
C01966,High-value regulars,0.185,Low,19473.0
C01967,Lapsing / dormant,0.326,Medium,3666.0
C01968,High-value regulars,0.143,Low,12480.0
C01969,Lapsing / dormant,0.355,Medium,7049.0
C01970,Low-spend occasional,0.097,Low,3958.0
C01971,Low-spend occasional,0.131,Low,4484.0
C01972,High-value regulars,0.131,Low,18415.0
C01973,Low-spend occasional,0.236,Low,4370.0
C01974,Lapsing / dormant,0.647,High,7064.0
C01975,High-value regulars,0.214,Low,21455.0
C01976,High-value regulars,0.03,Low,25455.0
C01977,Low-spend occasional,0.233,Low,3097.0
C01978,Low-spend occasional,0.174,Low,5876.0
C01979,High-value regulars,0.16,Low,14356.0
C01980,Low-spend occasional,0.309,Medium,2983.0
C01981,High-value regulars,0.23,Low,12860.0
C01982,Lapsing / dormant,0.114,Low,8443.0
C01983,High-value regulars,0.176,Low,9457.0
C01984,Lapsing / dormant,0.218,Low,6624.0
C01985,Lapsing / dormant,0.136,Low,11486.0
C01986,Lapsing / dormant,0.311,Medium,5654.0
C01987,High-value regulars,0.112,Low,10302.0
C01988,High-value regulars,0.137,Low,6263.0
C01989,High-value regulars,0.075,Low,16008.0
C01990,High-value regulars,0.135,Low,11930.0
C01991,High-value regulars,0.032,Low,23742.0
C01992,Lapsing / dormant,0.489,Medium,3515.0
C01993,High-value regulars,0.078,Low,18582.0
C01994,High-value regulars,0.049,Low,14525.0
C01995,High-value regulars,0.476,Medium,17297.0
C01996,Low-spend occasional,0.254,Medium,2460.0
C01997,High-value regulars,0.203,Low,7770.0
C01998,Low-spend occasional,0.146,Low,6161.0
C01999,High-value regulars,0.176,Low,9849.0
C02000,Lapsing / dormant,0.159,Low,7818.0
C02001,Lapsing / dormant,0.339,Medium,7721.0
C02002,Low-spend occasional,0.341,Medium,2897.0
C02003,Lapsing / dormant,0.222,Low,8956.0
C02004,High-value regulars,0.032,Low,6486.0
C02005,High-value regulars,0.138,Low,18003.0
C02006,Low-spend occasional,0.732,High,2235.0
C02007,Lapsing / dormant,0.269,Medium,5481.0
C02008,High-value regulars,0.13,Low,13626.0
C02009,Lapsing / dormant,0.325,Medium,8230.0
C02010,High-value regulars,0.254,Medium,9428.0
C02011,High-value regulars,0.09,Low,16106.0
C02012,Lapsing / dormant,0.133,Low,5780.0
C02013,High-value regulars,0.057,Low,15390.0
C02014,High-value regulars,0.042,Low,15510.0
C02015,High-value regulars,0.133,Low,9604.0
C02016,High-value regulars,0.11,Low,19907.0
C02017,High-value regulars,0.044,Low,11425.0
C02018,High-value regulars,0.02,Low,14782.0
C02019,High-value regulars,0.053,Low,11796.0
C02020,High-value regulars,0.326,Medium,12083.0
C02021,High-value regulars,0.301,Medium,14827.0
C02022,High-value regulars,0.113,Low,16288.0
C02023,High-value regulars,0.143,Low,26558.0
C02024,High-value regulars,0.152,Low,12977.0
C02025,High-value regulars,0.093,Low,18250.0
C02026,Low-spend occasional,0.218,Low,2409.0
C02027,High-value regulars,0.148,Low,13672.0
C02028,High-value regulars,0.28,Medium,19623.0
C02029,Lapsing / dormant,0.245,Low,10047.0
C02030,High-value regulars,0.335,Medium,24021.0
C02031,Low-spend occasional,0.128,Low,4746.0
C02032,High-value regulars,0.233,Low,11572.0
C02033,High-value regulars,0.101,Low,10983.0
C02034,High-value regulars,0.126,Low,7176.0
C02035,Low-spend occasional,0.449,Medium,5802.0
C02036,Lapsing / dormant,0.42,Medium,4999.0
C02037,Lapsing / dormant,0.284,Medium,6606.0
C02038,Lapsing / dormant,0.202,Low,8062.0
C02039,Low-spend occasional,0.521,High,1638.0
C02040,High-value regulars,0.071,Low,12648.0
C02041,Lapsing / dormant,0.356,Medium,8104.0
C02042,Lapsing / dormant,0.146,Low,9792.0
C02043,Lapsing / dormant,0.171,Low,11653.0
C02044,High-value regulars,0.107,Low,10156.0
C02045,Low-spend occasional,0.132,Low,3138.0
C02046,High-value regulars,0.229,Low,11187.0
C02047,Lapsing / dormant,0.262,Medium,12205.0
C02048,High-value regulars,0.212,Low,16340.0
C02049,High-value regulars,0.043,Low,14389.0
C02050,High-value regulars,0.165,Low,20777.0
C02051,Lapsing / dormant,0.409,Medium,11176.0
C02052,Lapsing / dormant,0.35,Medium,5268.0
C02053,Lapsing / dormant,0.619,High,9618.0
C02054,Low-spend occasional,0.087,Low,6464.0
C02055,Lapsing / dormant,0.11,Low,9805.0
C02056,High-value regulars,0.459,Medium,8852.0
C02057,High-value regulars,0.316,Medium,11205.0
C02058,Lapsing / dormant,0.476,Medium,10961.0
C02059,Lapsing / dormant,0.22,Low,4759.0
C02060,High-value regulars,0.086,Low,10069.0
C02061,High-value regulars,0.21,Low,12570.0
C02062,High-value regulars,0.117,Low,9270.0
C02063,High-value regulars,0.086,Low,17957.0
C02064,High-value regulars,0.252,Medium,12107.0
C02065,High-value regulars,0.226,Low,8852.0
C02066,High-value regulars,0.044,Low,15619.0
C02067,High-value regulars,0.034,Low,9574.0
C02068,High-value regulars,0.068,Low,12582.0
C02069,High-value regulars,0.06,Low,14548.0
C02070,Lapsing / dormant,0.771,High,5210.0
C02071,Lapsing / dormant,0.169,Low,10537.0
C02072,High-value regulars,0.071,Low,10053.0
C02073,Lapsing / dormant,0.384,Medium,7460.0
C02074,High-value regulars,0.068,Low,11250.0
C02075,Lapsing / dormant,0.424,Medium,6705.0
C02076,High-value regulars,0.027,Low,31239.0
C02077,High-value regulars,0.122,Low,24426.0
C02078,High-value regulars,0.049,Low,16035.0
C02079,Lapsing / dormant,0.478,Medium,5741.0
C02080,Lapsing / dormant,0.2,Low,7143.0
C02081,High-value regulars,0.106,Low,16244.0
C02082,Lapsing / dormant,0.573,High,3909.0
C02083,Lapsing / dormant,0.482,Medium,13342.0
C02084,Low-spend occasional,0.092,Low,4886.0
C02085,Low-spend occasional,0.209,Low,4988.0
C02086,Low-spend occasional,0.142,Low,1731.0
C02087,Lapsing / dormant,0.798,High,5979.0
C02088,High-value regulars,0.117,Low,16810.0
C02089,Lapsing / dormant,0.385,Medium,10019.0
C02090,High-value regulars,0.157,Low,12086.0
C02091,High-value regulars,0.207,Low,17350.0
C02092,High-value regulars,0.101,Low,14057.0
C02093,High-value regulars,0.144,Low,15637.0
C02094,High-value regulars,0.213,Low,7602.0
C02095,High-value regulars,0.218,Low,4875.0
C02096,Low-spend occasional,0.302,Medium,5133.0
C02097,Lapsing / dormant,0.97,High,942.0
C02098,High-value regulars,0.129,Low,10901.0
C02099,High-value regulars,0.121,Low,11772.0
C02100,High-value regulars,0.198,Low,9998.0
C02101,High-value regulars,0.244,Low,8871.0
C02102,High-value regulars,0.047,Low,16311.0
C02103,High-value regulars,0.192,Low,11822.0
C02104,Lapsing / dormant,0.402,Medium,3210.0
C02105,Lapsing / dormant,0.164,Low,8003.0
C02106,Lapsing / dormant,0.385,Medium,6762.0
C02107,Lapsing / dormant,0.818,High,1636.0
C02108,Low-spend occasional,0.36,Medium,1739.0
C02109,Lapsing / dormant,0.173,Low,6472.0
C02110,High-value regulars,0.038,Low,17752.0
C02111,Lapsing / dormant,0.741,High,6263.0
C02112,High-value regulars,0.237,Low,11797.0
C02113,High-value regulars,0.157,Low,5962.0
C02114,High-value regulars,0.064,Low,13049.0
C02115,Low-spend occasional,0.159,Low,6674.0
C02116,High-value regulars,0.071,Low,14914.0
C02117,Lapsing / dormant,0.66,High,3048.0
C02118,Low-spend occasional,0.105,Low,3376.0
C02119,High-value regulars,0.091,Low,19372.0
C02120,High-value regulars,0.092,Low,11385.0
C02121,High-value regulars,0.062,Low,23055.0
C02122,Lapsing / dormant,0.464,Medium,6358.0
C02123,Low-spend occasional,0.229,Low,1509.0
C02124,Lapsing / dormant,0.249,Low,10692.0
C02125,High-value regulars,0.074,Low,12941.0
C02126,High-value regulars,0.082,Low,27526.0
C02127,High-value regulars,0.151,Low,27979.0
C02128,Lapsing / dormant,0.445,Medium,7608.0
C02129,High-value regulars,0.23,Low,18191.0
C02130,Lapsing / dormant,0.229,Low,10198.0
C02131,Lapsing / dormant,0.919,High,4105.0
C02132,High-value regulars,0.128,Low,6559.0
C02133,High-value regulars,0.083,Low,11287.0
C02134,Lapsing / dormant,0.559,High,5348.0
C02135,Low-spend occasional,0.783,High,1585.0
C02136,High-value regulars,0.05,Low,11639.0
C02137,High-value regulars,0.312,Medium,11907.0
C02138,High-value regulars,0.078,Low,20054.0
C02139,High-value regulars,0.056,Low,10521.0
C02140,High-value regulars,0.077,Low,17362.0
C02141,High-value regulars,0.048,Low,20595.0
C02142,High-value regulars,0.32,Medium,17786.0
C02143,Lapsing / dormant,0.431,Medium,6629.0
C02144,Lapsing / dormant,0.587,High,3664.0
C02145,High-value regulars,0.198,Low,16054.0
C02146,Low-spend occasional,0.262,Medium,4912.0
C02147,High-value regulars,0.304,Medium,8078.0
C02148,Lapsing / dormant,0.698,High,4767.0
C02149,High-value regulars,0.076,Low,19142.0
C02150,High-value regulars,0.095,Low,8497.0
C02151,Low-spend occasional,0.254,Medium,3028.0
C02152,High-value regulars,0.07,Low,8200.0
C02153,High-value regulars,0.353,Medium,12461.0
C02154,Lapsing / dormant,0.237,Low,6460.0
C02155,Lapsing / dormant,0.421,Medium,14392.0
C02156,High-value regulars,0.058,Low,12779.0
C02157,Low-spend occasional,0.601,High,3128.0
C02158,High-value regulars,0.284,Medium,9727.0
C02159,High-value regulars,0.511,High,11143.0
C02160,High-value regulars,0.103,Low,15151.0
C02161,Lapsing / dormant,0.175,Low,9599.0
C02162,High-value regulars,0.118,Low,11403.0
C02163,Lapsing / dormant,0.388,Medium,6937.0
C02164,Low-spend occasional,0.08,Low,4589.0
C02165,High-value regulars,0.04,Low,18074.0
C02166,Lapsing / dormant,0.101,Low,5209.0
C02167,Lapsing / dormant,0.735,High,6760.0
C02168,Lapsing / dormant,0.409,Medium,7576.0
C02169,High-value regulars,0.099,Low,9699.0
C02170,High-value regulars,0.193,Low,11412.0
C02171,Lapsing / dormant,0.601,High,6587.0
C02172,High-value regulars,0.204,Low,9944.0
C02173,High-value regulars,0.304,Medium,10753.0
C02174,Lapsing / dormant,0.659,High,3767.0
C02175,High-value regulars,0.059,Low,15200.0
C02176,High-value regulars,0.073,Low,24458.0
C02177,Low-spend occasional,0.204,Low,7143.0
C02178,Lapsing / dormant,0.273,Medium,8109.0
C02179,High-value regulars,0.088,Low,10735.0
C02180,High-value regulars,0.536,High,16825.0
C02181,High-value regulars,0.052,Low,23330.0
C02182,High-value regulars,0.313,Medium,15318.0
C02183,High-value regulars,0.05,Low,14271.0
C02184,Lapsing / dormant,0.167,Low,12270.0
C02185,High-value regulars,0.099,Low,12484.0
C02186,High-value regulars,0.187,Low,9220.0
C02187,High-value regulars,0.31,Medium,12280.0
C02188,Low-spend occasional,0.095,Low,4971.0
C02189,High-value regulars,0.121,Low,11498.0
C02190,High-value regulars,0.211,Low,11669.0
C02191,High-value regulars,0.392,Medium,19018.0
C02192,High-value regulars,0.331,Medium,14962.0
C02193,High-value regulars,0.346,Medium,17390.0
C02194,Low-spend occasional,0.149,Low,6337.0
C02195,High-value regulars,0.047,Low,10598.0
C02196,Lapsing / dormant,0.353,Medium,8264.0
C02197,High-value regulars,0.446,Medium,11312.0
C02198,High-value regulars,0.143,Low,8929.0
C02199,Low-spend occasional,0.13,Low,2951.0
C02200,Lapsing / dormant,0.566,High,9044.0
C02201,Lapsing / dormant,0.752,High,7199.0
C02202,High-value regulars,0.02,Low,21881.0
C02203,High-value regulars,0.143,Low,9833.0
C02204,Lapsing / dormant,0.661,High,9238.0
C02205,Low-spend occasional,0.311,Medium,4405.0
C02206,Lapsing / dormant,0.407,Medium,4586.0
C02207,Low-spend occasional,0.383,Medium,3650.0
C02208,High-value regulars,0.1,Low,13870.0
C02209,High-value regulars,0.18,Low,14090.0
C02210,Lapsing / dormant,0.408,Medium,8504.0
C02211,High-value regulars,0.054,Low,15602.0
C02212,Lapsing / dormant,0.12,Low,4759.0
C02213,Lapsing / dormant,0.134,Low,6479.0
C02214,Low-spend occasional,0.208,Low,3870.0
C02215,High-value regulars,0.144,Low,9251.0
C02216,Lapsing / dormant,0.698,High,9328.0
C02217,Low-spend occasional,0.138,Low,5293.0
C02218,Low-spend occasional,0.099,Low,6715.0
C02219,Lapsing / dormant,0.54,High,8061.0
C02220,Low-spend occasional,0.335,Medium,4703.0
C02221,High-value regulars,0.084,Low,13886.0
C02222,Low-spend occasional,0.212,Low,2334.0
C02223,Lapsing / dormant,0.275,Medium,6212.0
C02224,Low-spend occasional,0.171,Low,7233.0
C02225,Lapsing / dormant,0.238,Low,5313.0
C02226,High-value regulars,0.183,Low,14840.0
C02227,Lapsing / dormant,0.261,Medium,6644.0
C02228,Low-spend occasional,0.236,Low,7446.0
C02229,High-value regulars,0.097,Low,7977.0
C02230,Lapsing / dormant,0.6,High,3800.0
C02231,Lapsing / dormant,0.29,Medium,7968.0
C02232,High-value regulars,0.17,Low,10951.0
C02233,Lapsing / dormant,0.392,Medium,10872.0
C02234,High-value regulars,0.37,Medium,14260.0
C02235,Low-spend occasional,0.127,Low,6426.0
C02236,High-value regulars,0.143,Low,12797.0
C02237,High-value regulars,0.255,Medium,18115.0
C02238,High-value regulars,0.11,Low,13573.0
C02239,High-value regulars,0.141,Low,12600.0
C02240,Lapsing / dormant,0.221,Low,4077.0
C02241,High-value regulars,0.152,Low,5843.0
C02242,High-value regulars,0.071,Low,17548.0
C02243,High-value regulars,0.094,Low,12923.0
C02244,Lapsing / dormant,0.798,High,1724.0
C02245,Lapsing / dormant,0.225,Low,8225.0
C02246,Lapsing / dormant,0.277,Medium,10713.0
C02247,High-value regulars,0.155,Low,8178.0
C02248,Low-spend occasional,0.351,Medium,1787.0
C02249,Lapsing / dormant,0.206,Low,7041.0
C02250,Lapsing / dormant,0.097,Low,4359.0
C02251,High-value regulars,0.102,Low,24135.0
C02252,High-value regulars,0.205,Low,18670.0
C02253,High-value regulars,0.106,Low,10564.0
C02254,Lapsing / dormant,0.434,Medium,9412.0
C02255,High-value regulars,0.13,Low,17447.0
C02256,High-value regulars,0.078,Low,20411.0
C02257,Lapsing / dormant,0.261,Medium,4574.0
C02258,High-value regulars,0.107,Low,13115.0
C02259,Lapsing / dormant,0.404,Medium,9920.0
C02260,Lapsing / dormant,0.464,Medium,10618.0
C02261,High-value regulars,0.135,Low,21185.0
C02262,High-value regulars,0.084,Low,7975.0
C02263,Lapsing / dormant,0.548,High,7585.0
C02264,High-value regulars,0.165,Low,8541.0
C02265,High-value regulars,0.071,Low,14053.0
C02266,Low-spend occasional,0.365,Medium,853.0
C02267,High-value regulars,0.135,Low,10013.0
C02268,High-value regulars,0.064,Low,14856.0
C02269,High-value regulars,0.077,Low,13215.0
C02270,Lapsing / dormant,0.188,Low,5865.0
C02271,Low-spend occasional,0.083,Low,6202.0
C02272,Lapsing / dormant,0.434,Medium,4313.0
C02273,High-value regulars,0.096,Low,12427.0
C02274,High-value regulars,0.139,Low,21989.0
C02275,High-value regulars,0.071,Low,17145.0
C02276,High-value regulars,0.436,Medium,15147.0
C02277,Low-spend occasional,0.077,Low,6353.0
C02278,High-value regulars,0.145,Low,10762.0
C02279,High-value regulars,0.101,Low,17069.0
C02280,High-value regulars,0.061,Low,17134.0
C02281,Low-spend occasional,0.526,High,3658.0
C02282,High-value regulars,0.022,Low,10694.0
C02283,Lapsing / dormant,0.54,High,6922.0
C02284,High-value regulars,0.092,Low,7397.0
C02285,Low-spend occasional,0.082,Low,5282.0
C02286,Lapsing / dormant,0.291,Medium,11717.0
C02287,Lapsing / dormant,0.166,Low,6979.0
C02288,Lapsing / dormant,0.279,Medium,6033.0
C02289,High-value regulars,0.404,Medium,16401.0
C02290,Lapsing / dormant,0.445,Medium,7114.0
C02291,Low-spend occasional,0.191,Low,2835.0
C02292,High-value regulars,0.044,Low,11060.0
C02293,Lapsing / dormant,0.496,Medium,5584.0
C02294,High-value regulars,0.214,Low,12570.0
C02295,Lapsing / dormant,0.35,Medium,6761.0
C02296,High-value regulars,0.066,Low,10360.0
C02297,High-value regulars,0.271,Medium,11894.0
C02298,Low-spend occasional,0.042,Low,5545.0
C02299,Lapsing / dormant,0.375,Medium,10683.0
C02300,Low-spend occasional,0.218,Low,6515.0
C02301,Lapsing / dormant,0.236,Low,3458.0
C02302,High-value regulars,0.188,Low,11790.0
C02303,High-value regulars,0.068,Low,14521.0
C02304,Low-spend occasional,0.091,Low,3746.0
C02305,Low-spend occasional,0.04,Low,5541.0
C02306,High-value regulars,0.176,Low,12324.0
C02307,Lapsing / dormant,0.142,Low,7582.0
C02308,Low-spend occasional,0.469,Medium,2765.0
C02309,Low-spend occasional,0.087,Low,4251.0
C02310,Low-spend occasional,0.587,High,2850.0
C02311,Low-spend occasional,0.2,Low,2100.0
C02312,High-value regulars,0.056,Low,13133.0
C02313,High-value regulars,0.061,Low,28682.0
C02314,High-value regulars,0.292,Medium,15158.0
C02315,Low-spend occasional,0.226,Low,5560.0
C02316,High-value regulars,0.136,Low,14609.0
C02317,Lapsing / dormant,0.303,Medium,7958.0
C02318,High-value regulars,0.115,Low,12283.0
C02319,Low-spend occasional,0.298,Medium,3153.0
C02320,High-value regulars,0.308,Medium,14664.0
C02321,High-value regulars,0.077,Low,12285.0
C02322,Lapsing / dormant,0.44,Medium,4236.0
C02323,Low-spend occasional,0.289,Medium,1109.0
C02324,Lapsing / dormant,0.156,Low,7712.0
C02325,High-value regulars,0.074,Low,11306.0
C02326,High-value regulars,0.074,Low,9384.0
C02327,High-value regulars,0.204,Low,11559.0
C02328,Lapsing / dormant,0.48,Medium,9194.0
C02329,High-value regulars,0.073,Low,29493.0
C02330,Lapsing / dormant,0.102,Low,7824.0
C02331,Lapsing / dormant,0.513,High,6733.0
C02332,High-value regulars,0.066,Low,18932.0
C02333,Low-spend occasional,0.248,Low,1802.0
C02334,Low-spend occasional,0.138,Low,1849.0
C02335,High-value regulars,0.221,Low,12683.0
C02336,High-value regulars,0.099,Low,11420.0
C02337,High-value regulars,0.101,Low,9273.0
C02338,High-value regulars,0.075,Low,8851.0
C02339,Lapsing / dormant,0.488,Medium,6757.0
C02340,High-value regulars,0.018,Low,8470.0
C02341,High-value regulars,0.134,Low,12824.0
C02342,Lapsing / dormant,0.538,High,9941.0
C02343,High-value regulars,0.153,Low,12056.0
C02344,Low-spend occasional,0.044,Low,1489.0
C02345,Lapsing / dormant,0.491,Medium,6970.0
C02346,Lapsing / dormant,0.783,High,6916.0
C02347,High-value regulars,0.092,Low,15124.0
C02348,High-value regulars,0.177,Low,9530.0
C02349,High-value regulars,0.328,Medium,10312.0
C02350,High-value regulars,0.117,Low,15796.0
C02351,Lapsing / dormant,0.171,Low,7407.0
C02352,High-value regulars,0.209,Low,19424.0
C02353,High-value regulars,0.046,Low,24696.0
C02354,High-value regulars,0.052,Low,22081.0
C02355,High-value regulars,0.047,Low,14563.0
C02356,Low-spend occasional,0.346,Medium,1431.0
C02357,High-value regulars,0.203,Low,12465.0
C02358,Lapsing / dormant,0.349,Medium,5901.0
C02359,High-value regulars,0.229,Low,15451.0
C02360,High-value regulars,0.179,Low,9759.0
C02361,High-value regulars,0.211,Low,12713.0
C02362,High-value regulars,0.173,Low,17735.0
C02363,Lapsing / dormant,0.576,High,9396.0
C02364,High-value regulars,0.119,Low,11359.0
C02365,High-value regulars,0.095,Low,10515.0
C02366,Lapsing / dormant,0.238,Low,4777.0
C02367,Lapsing / dormant,0.461,Medium,3830.0
C02368,High-value regulars,0.1,Low,11585.0
C02369,Low-spend occasional,0.183,Low,4539.0
C02370,Lapsing / dormant,0.193,Low,6586.0
C02371,Low-spend occasional,0.122,Low,6836.0
C02372,Low-spend occasional,0.252,Medium,4731.0
C02373,High-value regulars,0.093,Low,10433.0
C02374,Lapsing / dormant,0.63,High,5512.0
C02375,High-value regulars,0.061,Low,13515.0
C02376,Lapsing / dormant,0.138,Low,6046.0
C02377,High-value regulars,0.165,Low,14001.0
C02378,Low-spend occasional,0.084,Low,5758.0
C02379,Lapsing / dormant,0.056,Low,8949.0
C02380,Lapsing / dormant,0.427,Medium,8065.0
C02381,Lapsing / dormant,0.709,High,3274.0
C02382,High-value regulars,0.253,Medium,10356.0
C02383,High-value regulars,0.103,Low,9671.0
C02384,Lapsing / dormant,0.17,Low,3149.0
C02385,Lapsing / dormant,0.775,High,5633.0
C02386,High-value regulars,0.065,Low,7834.0
C02387,Lapsing / dormant,0.248,Low,4376.0
C02388,Lapsing / dormant,0.269,Medium,5469.0
C02389,Lapsing / dormant,0.372,Medium,9978.0
C02390,Low-spend occasional,0.187,Low,5402.0
C02391,Low-spend occasional,0.069,Low,4718.0
C02392,Low-spend occasional,0.463,Medium,6533.0
C02393,High-value regulars,0.074,Low,11890.0
C02394,High-value regulars,0.166,Low,11861.0
C02395,High-value regulars,0.141,Low,5996.0
C02396,High-value regulars,0.163,Low,14043.0
C02397,High-value regulars,0.118,Low,20052.0
C02398,High-value regulars,0.035,Low,10570.0
C02399,High-value regulars,0.07,Low,12970.0
C02400,High-value regulars,0.069,Low,20667.0
C02401,High-value regulars,0.122,Low,8034.0
C02402,Low-spend occasional,0.374,Medium,1736.0
C02403,Lapsing / dormant,0.097,Low,7560.0
C02404,Lapsing / dormant,0.616,High,4737.0
C02405,Low-spend occasional,0.076,Low,1732.0
C02406,High-value regulars,0.112,Low,19481.0
C02407,Lapsing / dormant,0.122,Low,12163.0
C02408,High-value regulars,0.198,Low,10950.0
C02409,High-value regulars,0.036,Low,15413.0
C02410,Lapsing / dormant,0.278,Medium,6960.0
C02411,Low-spend occasional,0.138,Low,2734.0
C02412,High-value regulars,0.086,Low,11812.0
C02413,Lapsing / dormant,0.148,Low,8318.0
C02414,High-value regulars,0.093,Low,13015.0
C02415,High-value regulars,0.096,Low,14818.0
C02416,High-value regulars,0.05,Low,12106.0
C02417,Lapsing / dormant,0.341,Medium,3965.0
C02418,High-value regulars,0.216,Low,8225.0
C02419,High-value regulars,0.341,Medium,8234.0
C02420,Lapsing / dormant,0.408,Medium,8382.0
C02421,High-value regulars,0.369,Medium,15434.0
C02422,Lapsing / dormant,0.976,High,2121.0
C02423,Lapsing / dormant,0.358,Medium,13360.0
C02424,Lapsing / dormant,0.535,High,4919.0
C02425,Lapsing / dormant,0.127,Low,9464.0
C02426,High-value regulars,0.274,Medium,12311.0
C02427,Low-spend occasional,0.072,Low,5807.0
C02428,Lapsing / dormant,0.45,Medium,2185.0
C02429,High-value regulars,0.078,Low,12199.0
C02430,High-value regulars,0.253,Medium,9665.0
C02431,Lapsing / dormant,0.179,Low,7970.0
C02432,High-value regulars,0.145,Low,13962.0
C02433,High-value regulars,0.339,Medium,9807.0
C02434,Low-spend occasional,0.34,Medium,1169.0
C02435,High-value regulars,0.213,Low,15081.0
C02436,High-value regulars,0.15,Low,15150.0
C02437,High-value regulars,0.055,Low,14498.0
C02438,Lapsing / dormant,0.2,Low,10221.0
C02439,Low-spend occasional,0.212,Low,1945.0
C02440,Lapsing / dormant,0.094,Low,8386.0
C02441,High-value regulars,0.045,Low,26000.0
C02442,Lapsing / dormant,0.678,High,4765.0
C02443,High-value regulars,0.071,Low,8631.0
C02444,High-value regulars,0.23,Low,9849.0
C02445,High-value regulars,0.064,Low,6656.0
C02446,High-value regulars,0.059,Low,14148.0
C02447,High-value regulars,0.164,Low,15483.0
C02448,High-value regulars,0.09,Low,13268.0
C02449,Low-spend occasional,0.133,Low,3201.0
C02450,Lapsing / dormant,0.407,Medium,3085.0
C02451,Lapsing / dormant,0.579,High,5695.0
C02452,Low-spend occasional,0.109,Low,4162.0
C02453,Lapsing / dormant,0.952,High,3612.0
C02454,Lapsing / dormant,0.13,Low,3231.0
C02455,High-value regulars,0.09,Low,16384.0
C02456,Low-spend occasional,0.091,Low,3505.0
C02457,Lapsing / dormant,0.313,Medium,7524.0
C02458,High-value regulars,0.036,Low,9392.0
C02459,High-value regulars,0.115,Low,13744.0
C02460,Low-spend occasional,0.079,Low,3123.0
C02461,Lapsing / dormant,0.405,Medium,7928.0
C02462,High-value regulars,0.151,Low,15756.0
C02463,High-value regulars,0.151,Low,13515.0
C02464,High-value regulars,0.117,Low,7360.0
C02465,High-value regulars,0.059,Low,17132.0
C02466,Lapsing / dormant,0.528,High,10444.0
C02467,High-value regulars,0.133,Low,14661.0
C02468,High-value regulars,0.079,Low,9421.0
C02469,Lapsing / dormant,0.836,High,3962.0
C02470,Lapsing / dormant,0.959,High,1116.0
C02471,High-value regulars,0.135,Low,13482.0
C02472,High-value regulars,0.328,Medium,7850.0
C02473,Lapsing / dormant,0.333,Medium,3831.0
C02474,Low-spend occasional,0.146,Low,6336.0
C02475,Lapsing / dormant,0.222,Low,5953.0
C02476,Low-spend occasional,0.285,Medium,6128.0
C02477,Low-spend occasional,0.297,Medium,3341.0
C02478,High-value regulars,0.272,Medium,24867.0
C02479,High-value regulars,0.105,Low,12677.0
C02480,Lapsing / dormant,0.14,Low,5907.0
C02481,Lapsing / dormant,0.249,Low,11747.0
C02482,Lapsing / dormant,0.396,Medium,6538.0
C02483,Low-spend occasional,0.171,Low,5305.0
C02484,Lapsing / dormant,0.115,Low,4041.0
C02485,High-value regulars,0.115,Low,10688.0
C02486,Lapsing / dormant,0.416,Medium,6361.0
C02487,High-value regulars,0.14,Low,22476.0
C02488,High-value regulars,0.218,Low,15885.0
C02489,High-value regulars,0.113,Low,8456.0
C02490,High-value regulars,0.108,Low,8570.0
C02491,High-value regulars,0.087,Low,19009.0
C02492,High-value regulars,0.145,Low,13938.0
C02493,Low-spend occasional,0.149,Low,2625.0
C02494,Low-spend occasional,0.154,Low,7355.0
C02495,High-value regulars,0.227,Low,10759.0
C02496,High-value regulars,0.099,Low,11661.0
C02497,High-value regulars,0.133,Low,20044.0
C02498,Lapsing / dormant,0.266,Medium,8459.0
C02499,Lapsing / dormant,0.294,Medium,12069.0
C02500,Lapsing / dormant,0.401,Medium,10592.0
C02501,Lapsing / dormant,0.51,High,6133.0
C02502,Low-spend occasional,0.27,Medium,2583.0
C02503,Low-spend occasional,0.349,Medium,4685.0
C02504,Lapsing / dormant,0.194,Low,6301.0
C02505,Lapsing / dormant,0.415,Medium,8355.0
C02506,High-value regulars,0.155,Low,13491.0
C02507,Low-spend occasional,0.363,Medium,1414.0
C02508,High-value regulars,0.233,Low,15889.0
C02509,Low-spend occasional,0.188,Low,7191.0
C02510,Lapsing / dormant,0.14,Low,11908.0
C02511,Lapsing / dormant,0.264,Medium,5864.0
C02512,Low-spend occasional,0.04,Low,4638.0
C02513,High-value regulars,0.077,Low,11692.0
C02514,Lapsing / dormant,0.382,Medium,7659.0
C02515,High-value regulars,0.205,Low,11075.0
C02516,High-value regulars,0.092,Low,14113.0
C02517,Lapsing / dormant,0.13,Low,7576.0
C02518,High-value regulars,0.068,Low,17165.0
C02519,Lapsing / dormant,0.195,Low,8610.0
C02520,Lapsing / dormant,0.272,Medium,9600.0
C02521,Low-spend occasional,0.147,Low,6192.0
C02522,High-value regulars,0.065,Low,22313.0
C02523,Lapsing / dormant,0.45,Medium,4109.0
C02524,High-value regulars,0.049,Low,11563.0
C02525,Lapsing / dormant,0.178,Low,8488.0
C02526,High-value regulars,0.085,Low,7951.0
C02527,Lapsing / dormant,0.61,High,1804.0
C02528,High-value regulars,0.083,Low,13017.0
C02529,High-value regulars,0.143,Low,11632.0
C02530,High-value regulars,0.252,Medium,13399.0
C02531,High-value regulars,0.054,Low,6239.0
C02532,Lapsing / dormant,0.332,Medium,4235.0
C02533,Lapsing / dormant,0.34,Medium,6549.0
C02534,High-value regulars,0.089,Low,11264.0
C02535,High-value regulars,0.047,Low,10491.0
C02536,High-value regulars,0.03,Low,11311.0
C02537,High-value regulars,0.081,Low,14669.0
C02538,Lapsing / dormant,0.423,Medium,6737.0
C02539,High-value regulars,0.236,Low,12029.0
C02540,Low-spend occasional,0.079,Low,6866.0
C02541,High-value regulars,0.087,Low,13360.0
C02542,High-value regulars,0.135,Low,12015.0
C02543,High-value regulars,0.162,Low,11398.0
C02544,High-value regulars,0.062,Low,11301.0
C02545,High-value regulars,0.09,Low,16297.0
C02546,Lapsing / dormant,0.318,Medium,10453.0
C02547,High-value regulars,0.142,Low,11954.0
C02548,Lapsing / dormant,0.179,Low,8922.0
C02549,High-value regulars,0.193,Low,8689.0
C02550,High-value regulars,0.132,Low,15343.0
C02551,High-value regulars,0.084,Low,12357.0
C02552,Lapsing / dormant,0.407,Medium,8080.0
C02553,High-value regulars,0.112,Low,9211.0
C02554,High-value regulars,0.184,Low,11447.0
C02555,High-value regulars,0.131,Low,11917.0
C02556,Low-spend occasional,0.103,Low,1317.0
C02557,High-value regulars,0.038,Low,11706.0
C02558,Lapsing / dormant,0.128,Low,7631.0
C02559,High-value regulars,0.294,Medium,12207.0
C02560,Lapsing / dormant,0.252,Medium,7400.0
C02561,High-value regulars,0.09,Low,14357.0
C02562,High-value regulars,0.242,Low,8870.0
C02563,High-value regulars,0.171,Low,16106.0
C02564,High-value regulars,0.278,Medium,33032.0
C02565,High-value regulars,0.326,Medium,14971.0
C02566,Lapsing / dormant,0.224,Low,12515.0
C02567,High-value regulars,0.145,Low,10804.0
C02568,High-value regulars,0.029,Low,18632.0
C02569,Lapsing / dormant,0.236,Low,6482.0
C02570,Lapsing / dormant,0.621,High,3553.0
C02571,High-value regulars,0.276,Medium,15367.0
C02572,High-value regulars,0.043,Low,14616.0
C02573,Low-spend occasional,0.179,Low,3510.0
C02574,High-value regulars,0.21,Low,9116.0
C02575,Low-spend occasional,0.118,Low,6096.0
C02576,Lapsing / dormant,0.47,Medium,10876.0
C02577,Lapsing / dormant,0.465,Medium,9732.0
C02578,Low-spend occasional,0.375,Medium,2449.0
C02579,Lapsing / dormant,0.441,Medium,7934.0
C02580,Low-spend occasional,0.111,Low,4216.0
C02581,High-value regulars,0.074,Low,18180.0
C02582,High-value regulars,0.181,Low,23014.0
C02583,Low-spend occasional,0.175,Low,4723.0
C02584,Lapsing / dormant,0.464,Medium,5144.0
C02585,High-value regulars,0.038,Low,19663.0
C02586,High-value regulars,0.427,Medium,15691.0
C02587,Low-spend occasional,0.288,Medium,5256.0
C02588,Lapsing / dormant,0.179,Low,7398.0
C02589,High-value regulars,0.169,Low,16018.0
C02590,High-value regulars,0.075,Low,13634.0
C02591,Lapsing / dormant,0.275,Medium,11617.0
C02592,High-value regulars,0.125,Low,9181.0
C02593,High-value regulars,0.101,Low,7861.0
C02594,Low-spend occasional,0.313,Medium,3250.0
C02595,Lapsing / dormant,0.225,Low,8206.0
C02596,Low-spend occasional,0.842,High,2130.0
C02597,High-value regulars,0.109,Low,20320.0
C02598,High-value regulars,0.046,Low,20915.0
C02599,Low-spend occasional,0.285,Medium,2985.0
C02600,Lapsing / dormant,0.295,Medium,7194.0
C02601,Lapsing / dormant,0.456,Medium,5641.0
C02602,High-value regulars,0.247,Low,9670.0
C02603,High-value regulars,0.146,Low,7823.0
C02604,Lapsing / dormant,0.437,Medium,9564.0
C02605,High-value regulars,0.032,Low,14559.0
C02606,High-value regulars,0.173,Low,10784.0
C02607,Lapsing / dormant,0.417,Medium,6777.0
C02608,High-value regulars,0.241,Low,9343.0
C02609,High-value regulars,0.16,Low,11673.0
C02610,Lapsing / dormant,0.09,Low,7764.0
C02611,High-value regulars,0.311,Medium,12327.0
C02612,Lapsing / dormant,0.401,Medium,5799.0
C02613,High-value regulars,0.122,Low,12763.0
C02614,High-value regulars,0.447,Medium,9804.0
C02615,High-value regulars,0.086,Low,15019.0
C02616,High-value regulars,0.177,Low,14325.0
C02617,High-value regulars,0.207,Low,11174.0
C02618,Lapsing / dormant,0.126,Low,8873.0
C02619,Lapsing / dormant,0.23,Low,8527.0
C02620,High-value regulars,0.043,Low,14437.0
C02621,High-value regulars,0.327,Medium,7342.0
C02622,Low-spend occasional,0.177,Low,3420.0
C02623,High-value regulars,0.105,Low,9601.0
C02624,Lapsing / dormant,0.171,Low,6721.0
C02625,High-value regulars,0.125,Low,16485.0
C02626,High-value regulars,0.035,Low,18024.0
C02627,Lapsing / dormant,0.16,Low,6410.0
C02628,Lapsing / dormant,0.643,High,6458.0
C02629,Lapsing / dormant,0.394,Medium,3879.0
C02630,High-value regulars,0.135,Low,11299.0
C02631,Lapsing / dormant,0.355,Medium,12910.0
C02632,Lapsing / dormant,0.306,Medium,8111.0
C02633,High-value regulars,0.116,Low,8274.0
C02634,Low-spend occasional,0.157,Low,1781.0
C02635,Lapsing / dormant,0.247,Low,6656.0
C02636,Lapsing / dormant,0.23,Low,14090.0
C02637,Low-spend occasional,0.171,Low,4101.0
C02638,High-value regulars,0.167,Low,16242.0
C02639,Lapsing / dormant,0.568,High,5537.0
C02640,High-value regulars,0.028,Low,10803.0
C02641,Lapsing / dormant,0.3,Medium,7452.0
C02642,Lapsing / dormant,0.235,Low,8333.0
C02643,Low-spend occasional,0.133,Low,1597.0
C02644,High-value regulars,0.063,Low,17217.0
C02645,Lapsing / dormant,0.913,High,10469.0
C02646,Lapsing / dormant,0.54,High,1536.0
C02647,Low-spend occasional,0.125,Low,1607.0
C02648,High-value regulars,0.044,Low,18998.0
C02649,High-value regulars,0.141,Low,12926.0
C02650,High-value regulars,0.167,Low,11493.0
C02651,High-value regulars,0.104,Low,10840.0
C02652,Low-spend occasional,0.082,Low,5812.0
C02653,Lapsing / dormant,0.175,Low,8047.0
C02654,High-value regulars,0.135,Low,19482.0
C02655,Low-spend occasional,0.158,Low,3726.0
C02656,High-value regulars,0.037,Low,24437.0
C02657,Lapsing / dormant,0.139,Low,5151.0
C02658,Low-spend occasional,0.627,High,5102.0
C02659,High-value regulars,0.117,Low,8003.0
C02660,High-value regulars,0.292,Medium,10757.0
C02661,High-value regulars,0.058,Low,23635.0
C02662,High-value regulars,0.053,Low,13548.0
C02663,High-value regulars,0.113,Low,26811.0
C02664,High-value regulars,0.093,Low,18984.0
C02665,Low-spend occasional,0.085,Low,6210.0
C02666,High-value regulars,0.068,Low,12403.0
C02667,High-value regulars,0.059,Low,15303.0
C02668,High-value regulars,0.22,Low,10779.0
C02669,High-value regulars,0.203,Low,11208.0
C02670,High-value regulars,0.107,Low,10265.0
C02671,High-value regulars,0.295,Medium,8904.0
C02672,High-value regulars,0.029,Low,15183.0
C02673,Low-spend occasional,0.054,Low,7108.0
C02674,High-value regulars,0.142,Low,18979.0
C02675,High-value regulars,0.222,Low,18026.0
C02676,High-value regulars,0.03,Low,14507.0
C02677,High-value regulars,0.099,Low,16493.0
C02678,High-value regulars,0.101,Low,20149.0
C02679,High-value regulars,0.139,Low,11801.0
C02680,High-value regulars,0.224,Low,12194.0
C02681,Low-spend occasional,0.253,Medium,4804.0
C02682,High-value regulars,0.152,Low,12085.0
C02683,Lapsing / dormant,0.252,Medium,5546.0
C02684,High-value regulars,0.313,Medium,9912.0
C02685,Lapsing / dormant,0.161,Low,6696.0
C02686,High-value regulars,0.117,Low,15834.0
C02687,High-value regulars,0.262,Medium,11281.0
C02688,Low-spend occasional,0.137,Low,7182.0
C02689,Lapsing / dormant,0.268,Medium,6073.0
C02690,Lapsing / dormant,0.263,Medium,7220.0
C02691,Lapsing / dormant,0.38,Medium,9963.0
C02692,High-value regulars,0.138,Low,9654.0
C02693,High-value regulars,0.297,Medium,10935.0
C02694,High-value regulars,0.05,Low,20791.0
C02695,Lapsing / dormant,0.571,High,6566.0
C02696,Low-spend occasional,0.175,Low,2855.0
C02697,High-value regulars,0.048,Low,8382.0
C02698,Lapsing / dormant,0.349,Medium,4303.0
C02699,Lapsing / dormant,0.253,Medium,10419.0
C02700,Lapsing / dormant,0.744,High,3887.0
C02701,Lapsing / dormant,0.683,High,2331.0
C02702,Lapsing / dormant,0.889,High,2441.0
C02703,High-value regulars,0.243,Low,14073.0
C02704,Low-spend occasional,0.132,Low,6815.0
C02705,High-value regulars,0.099,Low,8342.0
C02706,High-value regulars,0.348,Medium,11486.0
C02707,High-value regulars,0.033,Low,19746.0
C02708,High-value regulars,0.1,Low,11475.0
C02709,High-value regulars,0.038,Low,15794.0
C02710,High-value regulars,0.046,Low,19711.0
C02711,High-value regulars,0.067,Low,8067.0
C02712,Low-spend occasional,0.134,Low,2920.0
C02713,High-value regulars,0.095,Low,14435.0
C02714,High-value regulars,0.454,Medium,17901.0
C02715,High-value regulars,0.09,Low,8561.0
C02716,High-value regulars,0.26,Medium,10913.0
C02717,High-value regulars,0.046,Low,16113.0
C02718,Lapsing / dormant,0.709,High,10943.0
C02719,Lapsing / dormant,0.076,Low,9342.0
C02720,Lapsing / dormant,0.323,Medium,10183.0
C02721,High-value regulars,0.276,Medium,15304.0
C02722,Low-spend occasional,0.157,Low,6187.0
C02723,High-value regulars,0.087,Low,10010.0
C02724,High-value regulars,0.085,Low,16437.0
C02725,Lapsing / dormant,0.588,High,7193.0
C02726,High-value regulars,0.071,Low,13353.0
C02727,High-value regulars,0.458,Medium,11426.0
C02728,High-value regulars,0.048,Low,14907.0
C02729,High-value regulars,0.213,Low,10258.0
C02730,High-value regulars,0.183,Low,14838.0
C02731,High-value regulars,0.122,Low,15366.0
C02732,High-value regulars,0.042,Low,14826.0
C02733,High-value regulars,0.057,Low,9453.0
C02734,Low-spend occasional,0.178,Low,5162.0
C02735,Lapsing / dormant,0.616,High,7451.0
C02736,Low-spend occasional,0.128,Low,4835.0
C02737,High-value regulars,0.105,Low,15483.0
C02738,High-value regulars,0.199,Low,20419.0
C02739,High-value regulars,0.067,Low,14863.0
C02740,Lapsing / dormant,0.443,Medium,8095.0
C02741,Low-spend occasional,0.398,Medium,4858.0
C02742,Lapsing / dormant,0.376,Medium,10490.0
C02743,Lapsing / dormant,0.419,Medium,10374.0
C02744,Low-spend occasional,0.414,Medium,3116.0
C02745,High-value regulars,0.089,Low,11750.0
C02746,High-value regulars,0.078,Low,10064.0
C02747,High-value regulars,0.045,Low,20620.0
C02748,High-value regulars,0.076,Low,12758.0
C02749,Lapsing / dormant,0.282,Medium,14224.0
C02750,Lapsing / dormant,0.284,Medium,8420.0
C02751,High-value regulars,0.085,Low,24794.0
C02752,High-value regulars,0.126,Low,12722.0
C02753,Lapsing / dormant,0.364,Medium,8810.0
C02754,High-value regulars,0.181,Low,12120.0
C02755,High-value regulars,0.059,Low,19237.0
C02756,High-value regulars,0.133,Low,17863.0
C02757,Lapsing / dormant,0.227,Low,4401.0
C02758,Lapsing / dormant,0.383,Medium,6860.0
C02759,Lapsing / dormant,0.354,Medium,4389.0
C02760,High-value regulars,0.181,Low,11194.0
C02761,High-value regulars,0.064,Low,11370.0
C02762,Lapsing / dormant,0.902,High,3963.0
C02763,Low-spend occasional,0.233,Low,7773.0
C02764,Lapsing / dormant,0.16,Low,9068.0
C02765,High-value regulars,0.088,Low,10638.0
C02766,High-value regulars,0.088,Low,19891.0
C02767,Low-spend occasional,0.082,Low,3626.0
C02768,Lapsing / dormant,0.216,Low,5579.0
C02769,High-value regulars,0.198,Low,12856.0
C02770,Low-spend occasional,0.194,Low,7955.0
C02771,Low-spend occasional,0.161,Low,715.0
C02772,High-value regulars,0.331,Medium,12503.0
C02773,Lapsing / dormant,0.622,High,8031.0
C02774,High-value regulars,0.073,Low,10975.0
C02775,High-value regulars,0.05,Low,13678.0
C02776,Lapsing / dormant,0.291,Medium,8773.0
C02777,Low-spend occasional,0.098,Low,3985.0
C02778,Lapsing / dormant,0.234,Low,5893.0
C02779,Lapsing / dormant,0.834,High,4201.0
C02780,High-value regulars,0.261,Medium,11280.0
C02781,High-value regulars,0.155,Low,14101.0
C02782,Lapsing / dormant,0.539,High,6187.0
C02783,Lapsing / dormant,0.269,Medium,9562.0
C02784,High-value regulars,0.102,Low,7838.0
C02785,Lapsing / dormant,0.221,Low,9992.0
C02786,Low-spend occasional,0.165,Low,6933.0
C02787,Low-spend occasional,0.151,Low,6757.0
C02788,High-value regulars,0.231,Low,9638.0
C02789,High-value regulars,0.07,Low,10897.0
C02790,Low-spend occasional,0.262,Medium,1400.0
C02791,High-value regulars,0.155,Low,12056.0
C02792,Low-spend occasional,0.747,High,2077.0
C02793,High-value regulars,0.193,Low,21337.0
C02794,Low-spend occasional,0.28,Medium,6016.0
C02795,High-value regulars,0.066,Low,17517.0
C02796,High-value regulars,0.106,Low,11818.0
C02797,High-value regulars,0.161,Low,7146.0
C02798,Lapsing / dormant,0.282,Medium,6326.0
C02799,High-value regulars,0.474,Medium,22824.0
C02800,Low-spend occasional,0.174,Low,5998.0
C02801,High-value regulars,0.12,Low,8318.0
C02802,High-value regulars,0.232,Low,16861.0
C02803,Lapsing / dormant,0.192,Low,13281.0
C02804,Low-spend occasional,0.245,Low,5111.0
C02805,Low-spend occasional,0.067,Low,5259.0
C02806,Lapsing / dormant,0.346,Medium,3582.0
C02807,Lapsing / dormant,0.189,Low,12581.0
C02808,High-value regulars,0.116,Low,19285.0
C02809,Low-spend occasional,0.846,High,0.0
C02810,Lapsing / dormant,0.221,Low,7548.0
C02811,High-value regulars,0.317,Medium,13202.0
C02812,High-value regulars,0.126,Low,15490.0
C02813,High-value regulars,0.128,Low,12958.0
C02814,Lapsing / dormant,0.2,Low,5555.0
C02815,Lapsing / dormant,0.125,Low,8586.0
C02816,Low-spend occasional,0.331,Medium,2917.0
C02817,High-value regulars,0.087,Low,9261.0
C02818,Low-spend occasional,0.266,Medium,3963.0
C02819,High-value regulars,0.088,Low,13242.0
C02820,Low-spend occasional,0.099,Low,7233.0
C02821,Low-spend occasional,0.312,Medium,2864.0
C02822,High-value regulars,0.057,Low,21728.0
C02823,High-value regulars,0.14,Low,22352.0
C02824,High-value regulars,0.087,Low,9050.0
C02825,High-value regulars,0.084,Low,21687.0
C02826,Lapsing / dormant,0.122,Low,5845.0
C02827,High-value regulars,0.194,Low,10860.0
C02828,Lapsing / dormant,0.311,Medium,8058.0
C02829,Lapsing / dormant,0.235,Low,9578.0
C02830,Lapsing / dormant,0.156,Low,4350.0
C02831,High-value regulars,0.146,Low,11935.0
C02832,High-value regulars,0.055,Low,16218.0
C02833,Lapsing / dormant,0.131,Low,11110.0
C02834,Lapsing / dormant,0.358,Medium,7551.0
C02835,High-value regulars,0.057,Low,23159.0
C02836,Lapsing / dormant,0.224,Low,4596.0
C02837,Lapsing / dormant,0.724,High,2993.0
C02838,High-value regulars,0.096,Low,9205.0
C02839,Lapsing / dormant,0.144,Low,3896.0
C02840,Low-spend occasional,0.237,Low,5219.0
C02841,High-value regulars,0.05,Low,16200.0
C02842,High-value regulars,0.062,Low,19799.0
C02843,High-value regulars,0.234,Low,13149.0
C02844,Lapsing / dormant,0.53,High,11075.0
C02845,High-value regulars,0.112,Low,19900.0
C02846,Lapsing / dormant,0.552,High,4078.0
C02847,High-value regulars,0.157,Low,11129.0
C02848,High-value regulars,0.082,Low,20792.0
C02849,Lapsing / dormant,0.527,High,2468.0
C02850,Lapsing / dormant,0.522,High,8379.0
C02851,Lapsing / dormant,0.267,Medium,8844.0
C02852,High-value regulars,0.115,Low,9189.0
C02853,High-value regulars,0.174,Low,7984.0
C02854,Lapsing / dormant,0.399,Medium,13784.0
C02855,Low-spend occasional,0.081,Low,2458.0
C02856,High-value regulars,0.136,Low,11779.0
C02857,Lapsing / dormant,0.268,Medium,6505.0
C02858,Low-spend occasional,0.327,Medium,4868.0
C02859,Lapsing / dormant,0.194,Low,8992.0
C02860,High-value regulars,0.253,Medium,16406.0
C02861,Lapsing / dormant,0.251,Medium,9264.0
C02862,High-value regulars,0.103,Low,9019.0
C02863,Low-spend occasional,0.238,Low,4933.0
C02864,High-value regulars,0.097,Low,14420.0
C02865,Lapsing / dormant,0.328,Medium,7103.0
C02866,Lapsing / dormant,0.64,High,4336.0
C02867,Lapsing / dormant,0.162,Low,9881.0
C02868,High-value regulars,0.105,Low,9582.0
C02869,Lapsing / dormant,0.139,Low,9311.0
C02870,Low-spend occasional,0.505,High,4722.0
C02871,High-value regulars,0.042,Low,7561.0
C02872,Lapsing / dormant,0.298,Medium,6070.0
C02873,High-value regulars,0.103,Low,12854.0
C02874,Lapsing / dormant,0.602,High,5072.0
C02875,Lapsing / dormant,0.241,Low,8633.0
C02876,High-value regulars,0.109,Low,12149.0
C02877,Lapsing / dormant,0.364,Medium,5152.0
C02878,High-value regulars,0.415,Medium,14822.0
C02879,High-value regulars,0.111,Low,10459.0
C02880,High-value regulars,0.03,Low,13732.0
C02881,High-value regulars,0.074,Low,9166.0
C02882,Lapsing / dormant,0.473,Medium,13390.0
C02883,Low-spend occasional,0.884,High,2603.0
C02884,High-value regulars,0.078,Low,12320.0
C02885,High-value regulars,0.071,Low,33419.0
C02886,High-value regulars,0.133,Low,11597.0
C02887,High-value regulars,0.115,Low,11870.0
C02888,Low-spend occasional,0.117,Low,6558.0
C02889,High-value regulars,0.2,Low,12136.0
C02890,High-value regulars,0.109,Low,8847.0
C02891,High-value regulars,0.096,Low,5184.0
C02892,High-value regulars,0.234,Low,12275.0
C02893,Low-spend occasional,0.103,Low,3737.0
C02894,High-value regulars,0.203,Low,18158.0
C02895,Lapsing / dormant,0.431,Medium,10892.0
C02896,Lapsing / dormant,0.297,Medium,7555.0
C02897,Lapsing / dormant,0.183,Low,7494.0
C02898,High-value regulars,0.116,Low,17381.0
C02899,Low-spend occasional,0.081,Low,4996.0
C02900,High-value regulars,0.068,Low,9308.0
C02901,Lapsing / dormant,0.565,High,10548.0
C02902,High-value regulars,0.055,Low,10423.0
C02903,High-value regulars,0.396,Medium,19494.0
C02904,Lapsing / dormant,0.221,Low,5875.0
C02905,Lapsing / dormant,0.238,Low,4862.0
C02906,Lapsing / dormant,0.511,High,9234.0
C02907,Low-spend occasional,0.157,Low,6119.0
C02908,Low-spend occasional,0.446,Medium,3506.0
C02909,High-value regulars,0.1,Low,12987.0
C02910,Lapsing / dormant,0.683,High,7162.0
C02911,Lapsing / dormant,0.151,Low,10502.0
C02912,High-value regulars,0.118,Low,12044.0
C02913,Lapsing / dormant,0.53,High,3647.0
C02914,High-value regulars,0.171,Low,10315.0
C02915,High-value regulars,0.041,Low,11878.0
C02916,High-value regulars,0.231,Low,11106.0
C02917,Lapsing / dormant,0.356,Medium,7955.0
C02918,Lapsing / dormant,0.413,Medium,3889.0
C02919,High-value regulars,0.187,Low,10519.0
C02920,Lapsing / dormant,0.146,Low,8951.0
C02921,High-value regulars,0.118,Low,12112.0
C02922,High-value regulars,0.129,Low,16726.0
C02923,High-value regulars,0.236,Low,18360.0
C02924,Lapsing / dormant,0.241,Low,7112.0
C02925,High-value regulars,0.166,Low,13683.0
C02926,High-value regulars,0.443,Medium,14832.0
C02927,Low-spend occasional,0.179,Low,5023.0
C02928,High-value regulars,0.122,Low,20523.0
C02929,Lapsing / dormant,0.133,Low,5367.0
C02930,High-value regulars,0.083,Low,19719.0
C02931,Low-spend occasional,0.136,Low,1121.0
C02932,High-value regulars,0.141,Low,19458.0
C02933,Lapsing / dormant,0.27,Medium,10996.0
C02934,Lapsing / dormant,0.283,Medium,8850.0
C02935,Lapsing / dormant,0.23,Low,10233.0
C02936,Lapsing / dormant,0.114,Low,8555.0
C02937,Low-spend occasional,0.113,Low,6072.0
C02938,Lapsing / dormant,0.338,Medium,15563.0
C02939,Lapsing / dormant,0.203,Low,6986.0
C02940,High-value regulars,0.126,Low,18090.0
C02941,High-value regulars,0.163,Low,10535.0
C02942,High-value regulars,0.172,Low,13174.0
C02943,High-value regulars,0.088,Low,12488.0
C02944,High-value regulars,0.182,Low,9533.0
C02945,Lapsing / dormant,0.316,Medium,10895.0
C02946,High-value regulars,0.107,Low,13042.0
C02947,Lapsing / dormant,0.347,Medium,7490.0
C02948,High-value regulars,0.098,Low,15212.0
C02949,High-value regulars,0.084,Low,8149.0
C02950,High-value regulars,0.128,Low,12294.0
C02951,Low-spend occasional,0.056,Low,6590.0
C02952,Lapsing / dormant,0.264,Medium,6663.0
C02953,High-value regulars,0.037,Low,24177.0
C02954,Lapsing / dormant,0.453,Medium,6753.0
C02955,Lapsing / dormant,0.118,Low,6437.0
C02956,Lapsing / dormant,0.117,Low,11476.0
C02957,High-value regulars,0.05,Low,13635.0
C02958,Lapsing / dormant,0.398,Medium,7353.0
C02959,High-value regulars,0.07,Low,7092.0
C02960,High-value regulars,0.226,Low,17056.0
C02961,Lapsing / dormant,0.511,High,8777.0
C02962,High-value regulars,0.057,Low,19654.0
C02963,Low-spend occasional,0.218,Low,6463.0
C02964,Lapsing / dormant,0.093,Low,11581.0
C02965,High-value regulars,0.26,Medium,17954.0
C02966,High-value regulars,0.165,Low,12395.0
C02967,Lapsing / dormant,0.053,Low,6958.0
C02968,High-value regulars,0.146,Low,11271.0
C02969,High-value regulars,0.183,Low,18727.0
C02970,Low-spend occasional,0.257,Medium,3811.0
C02971,Low-spend occasional,0.15,Low,5127.0
C02972,High-value regulars,0.398,Medium,14450.0
C02973,Lapsing / dormant,0.585,High,10350.0
C02974,High-value regulars,0.131,Low,12013.0
C02975,Low-spend occasional,0.181,Low,6981.0
C02976,Lapsing / dormant,0.531,High,11810.0
C02977,High-value regulars,0.186,Low,13148.0
C02978,Lapsing / dormant,0.191,Low,9165.0
C02979,High-value regulars,0.068,Low,9236.0
C02980,Lapsing / dormant,0.625,High,3447.0
C02981,High-value regulars,0.101,Low,18211.0
C02982,High-value regulars,0.192,Low,7231.0
C02983,High-value regulars,0.096,Low,9579.0
C02984,High-value regulars,0.029,Low,20933.0
C02985,High-value regulars,0.074,Low,8988.0
C02986,High-value regulars,0.305,Medium,9736.0
C02987,Lapsing / dormant,0.159,Low,6979.0
C02988,High-value regulars,0.249,Low,9910.0
C02989,Lapsing / dormant,0.545,High,8382.0
C02990,High-value regulars,0.146,Low,18174.0
C02991,High-value regulars,0.121,Low,16144.0
C02992,High-value regulars,0.108,Low,8724.0
C02993,High-value regulars,0.243,Low,19825.0
C02994,High-value regulars,0.121,Low,13939.0
C02995,Lapsing / dormant,0.6,High,8436.0
C02996,High-value regulars,0.115,Low,20954.0
C02997,High-value regulars,0.048,Low,18119.0
C02998,Low-spend occasional,0.491,Medium,3808.0
C02999,High-value regulars,0.191,Low,10425.0
C03000,High-value regulars,0.039,Low,10632.0
C03001,High-value regulars,0.055,Low,15126.0
C03002,Lapsing / dormant,0.357,Medium,9054.0
C03003,Lapsing / dormant,0.086,Low,9869.0
C03004,Lapsing / dormant,0.368,Medium,7438.0
C03005,Low-spend occasional,0.043,Low,1373.0
C03006,High-value regulars,0.137,Low,6117.0
C03007,Lapsing / dormant,0.434,Medium,3288.0
C03008,High-value regulars,0.232,Low,14542.0
C03009,High-value regulars,0.213,Low,14498.0
C03010,High-value regulars,0.176,Low,12301.0
C03011,High-value regulars,0.075,Low,18659.0
C03012,Low-spend occasional,0.157,Low,6455.0
C03013,High-value regulars,0.073,Low,9691.0
C03014,Low-spend occasional,0.211,Low,4983.0
C03015,High-value regulars,0.191,Low,23064.0
C03016,High-value regulars,0.054,Low,14919.0
C03017,Low-spend occasional,0.064,Low,2583.0
C03018,Lapsing / dormant,0.182,Low,4496.0
C03019,Lapsing / dormant,0.654,High,9790.0
C03020,Low-spend occasional,0.133,Low,2269.0
C03021,High-value regulars,0.252,Medium,10413.0
C03022,Lapsing / dormant,0.765,High,7833.0
C03023,High-value regulars,0.178,Low,16007.0
C03024,High-value regulars,0.068,Low,19464.0
C03025,Lapsing / dormant,0.152,Low,8042.0
C03026,Lapsing / dormant,0.23,Low,11102.0
C03027,Lapsing / dormant,0.612,High,3229.0
C03028,Low-spend occasional,0.394,Medium,6822.0
C03029,Lapsing / dormant,0.419,Medium,6023.0
C03030,High-value regulars,0.083,Low,11986.0
C03031,Low-spend occasional,0.11,Low,3474.0
C03032,High-value regulars,0.03,Low,14711.0
C03033,High-value regulars,0.03,Low,12101.0
C03034,High-value regulars,0.042,Low,10933.0
C03035,High-value regulars,0.183,Low,15959.0
C03036,Low-spend occasional,0.06,Low,4551.0
C03037,High-value regulars,0.298,Medium,16034.0
C03038,Lapsing / dormant,0.526,High,3243.0
C03039,Lapsing / dormant,0.437,Medium,5265.0
C03040,High-value regulars,0.121,Low,14678.0
C03041,Low-spend occasional,0.206,Low,2974.0
C03042,High-value regulars,0.262,Medium,11756.0
C03043,High-value regulars,0.056,Low,10770.0
C03044,Low-spend occasional,0.053,Low,6100.0
C03045,Lapsing / dormant,0.49,Medium,8177.0
C03046,High-value regulars,0.052,Low,13319.0
C03047,High-value regulars,0.131,Low,13974.0
C03048,High-value regulars,0.105,Low,11049.0
C03049,High-value regulars,0.131,Low,13297.0
C03050,Lapsing / dormant,0.557,High,5123.0
C03051,Lapsing / dormant,0.223,Low,9923.0
C03052,High-value regulars,0.082,Low,16325.0
C03053,Lapsing / dormant,0.073,Low,4451.0
C03054,High-value regulars,0.188,Low,8469.0
C03055,High-value regulars,0.169,Low,13127.0
C03056,Lapsing / dormant,0.097,Low,7575.0
C03057,High-value regulars,0.11,Low,18808.0
C03058,Lapsing / dormant,0.206,Low,9104.0
C03059,Low-spend occasional,0.477,Medium,2213.0
C03060,High-value regulars,0.128,Low,14618.0
C03061,Lapsing / dormant,0.117,Low,7493.0
C03062,Lapsing / dormant,0.161,Low,10621.0
C03063,Lapsing / dormant,0.279,Medium,5382.0
C03064,Lapsing / dormant,0.208,Low,5037.0
C03065,High-value regulars,0.052,Low,10211.0
C03066,Lapsing / dormant,0.572,High,10094.0
C03067,High-value regulars,0.114,Low,11115.0
C03068,High-value regulars,0.068,Low,8170.0
C03069,Lapsing / dormant,0.116,Low,6294.0
C03070,High-value regulars,0.354,Medium,11529.0
C03071,High-value regulars,0.185,Low,10846.0
C03072,High-value regulars,0.168,Low,13540.0
C03073,High-value regulars,0.311,Medium,19064.0
C03074,High-value regulars,0.113,Low,12242.0
C03075,High-value regulars,0.24,Low,9307.0
C03076,Low-spend occasional,0.069,Low,2676.0
C03077,High-value regulars,0.161,Low,9871.0
C03078,High-value regulars,0.115,Low,9727.0
C03079,Low-spend occasional,0.255,Medium,4892.0
C03080,Lapsing / dormant,0.432,Medium,4823.0
C03081,High-value regulars,0.069,Low,14750.0
C03082,High-value regulars,0.024,Low,14902.0
C03083,High-value regulars,0.156,Low,13917.0
C03084,Lapsing / dormant,0.666,High,7484.0
C03085,Lapsing / dormant,0.291,Medium,7887.0
C03086,Low-spend occasional,0.109,Low,2890.0
C03087,Lapsing / dormant,0.197,Low,8421.0
C03088,Lapsing / dormant,0.859,High,5702.0
C03089,High-value regulars,0.096,Low,11777.0
C03090,Lapsing / dormant,0.405,Medium,5526.0
C03091,Lapsing / dormant,0.589,High,4081.0
C03092,High-value regulars,0.082,Low,14365.0
C03093,High-value regulars,0.173,Low,8977.0
C03094,Lapsing / dormant,0.848,High,2827.0
C03095,Lapsing / dormant,0.474,Medium,13006.0
C03096,High-value regulars,0.161,Low,16151.0
C03097,High-value regulars,0.064,Low,17734.0
C03098,Low-spend occasional,0.092,Low,6723.0
C03099,Lapsing / dormant,0.302,Medium,7523.0
C03100,High-value regulars,0.102,Low,15544.0
C03101,High-value regulars,0.161,Low,15987.0
C03102,Lapsing / dormant,0.258,Medium,1952.0
C03103,Low-spend occasional,0.08,Low,5773.0
C03104,Lapsing / dormant,0.6,High,9516.0
C03105,Lapsing / dormant,0.614,High,13513.0
C03106,High-value regulars,0.17,Low,8678.0
C03107,Lapsing / dormant,0.252,Medium,6492.0
C03108,Lapsing / dormant,0.388,Medium,9776.0
C03109,High-value regulars,0.156,Low,12167.0
C03110,Low-spend occasional,0.473,Medium,7129.0
C03111,Lapsing / dormant,0.34,Medium,14834.0
C03112,High-value regulars,0.059,Low,13003.0
C03113,Lapsing / dormant,0.153,Low,5455.0
C03114,High-value regulars,0.284,Medium,11794.0
C03115,Lapsing / dormant,0.269,Medium,8362.0
C03116,Lapsing / dormant,0.52,High,9758.0
C03117,High-value regulars,0.155,Low,9005.0
C03118,Low-spend occasional,0.289,Medium,2503.0
C03119,High-value regulars,0.216,Low,12862.0
C03120,Lapsing / dormant,0.129,Low,6772.0
C03121,Lapsing / dormant,0.233,Low,7103.0
C03122,Low-spend occasional,0.115,Low,5555.0
C03123,Low-spend occasional,0.064,Low,2003.0
C03124,High-value regulars,0.027,Low,9041.0
C03125,High-value regulars,0.17,Low,16407.0
C03126,Low-spend occasional,0.08,Low,5283.0
C03127,High-value regulars,0.135,Low,12618.0
C03128,Low-spend occasional,0.183,Low,6504.0
C03129,High-value regulars,0.154,Low,12350.0
C03130,Low-spend occasional,0.086,Low,4455.0
C03131,Lapsing / dormant,0.786,High,4752.0
C03132,Lapsing / dormant,0.233,Low,6452.0
C03133,Low-spend occasional,0.138,Low,4905.0
C03134,High-value regulars,0.128,Low,9958.0
C03135,High-value regulars,0.151,Low,17781.0
C03136,Lapsing / dormant,0.071,Low,8766.0
C03137,Lapsing / dormant,0.45,Medium,9118.0
C03138,High-value regulars,0.299,Medium,12151.0
C03139,Lapsing / dormant,0.203,Low,7847.0
C03140,Low-spend occasional,0.087,Low,4168.0
C03141,High-value regulars,0.243,Low,9274.0
C03142,High-value regulars,0.108,Low,18403.0
C03143,Lapsing / dormant,0.213,Low,10664.0
C03144,High-value regulars,0.21,Low,19502.0
C03145,High-value regulars,0.094,Low,14846.0
C03146,High-value regulars,0.131,Low,13970.0
C03147,Low-spend occasional,0.178,Low,8311.0
C03148,High-value regulars,0.17,Low,16753.0
C03149,High-value regulars,0.04,Low,7476.0
C03150,High-value regulars,0.043,Low,17119.0
C03151,High-value regulars,0.173,Low,14273.0
C03152,High-value regulars,0.134,Low,6953.0
C03153,High-value regulars,0.064,Low,12668.0
C03154,High-value regulars,0.09,Low,12987.0
C03155,Lapsing / dormant,0.427,Medium,9944.0
C03156,Lapsing / dormant,0.544,High,7723.0
C03157,High-value regulars,0.105,Low,21486.0
C03158,High-value regulars,0.072,Low,14745.0
C03159,High-value regulars,0.039,Low,21081.0
C03160,High-value regulars,0.142,Low,13281.0
C03161,High-value regulars,0.1,Low,12733.0
C03162,Lapsing / dormant,0.349,Medium,6149.0
C03163,High-value regulars,0.033,Low,10891.0
C03164,Lapsing / dormant,0.074,Low,6861.0
C03165,High-value regulars,0.212,Low,9550.0
C03166,High-value regulars,0.244,Low,15670.0
C03167,Low-spend occasional,0.287,Medium,1588.0
C03168,Lapsing / dormant,0.188,Low,7252.0
C03169,High-value regulars,0.026,Low,10183.0
C03170,High-value regulars,0.153,Low,12773.0
C03171,Lapsing / dormant,0.195,Low,8172.0
C03172,High-value regulars,0.102,Low,18368.0
C03173,High-value regulars,0.286,Medium,7656.0
C03174,Low-spend occasional,0.206,Low,5994.0
C03175,High-value regulars,0.042,Low,11287.0
C03176,Lapsing / dormant,0.426,Medium,9832.0
C03177,Lapsing / dormant,0.705,High,8189.0
C03178,High-value regulars,0.031,Low,14928.0
C03179,Lapsing / dormant,0.364,Medium,10291.0
C03180,High-value regulars,0.077,Low,13067.0
C03181,High-value regulars,0.121,Low,18718.0
C03182,High-value regulars,0.171,Low,16041.0
C03183,High-value regulars,0.143,Low,13102.0
C03184,Lapsing / dormant,0.303,Medium,10623.0
C03185,Low-spend occasional,0.175,Low,4123.0
C03186,Low-spend occasional,0.272,Medium,1370.0
C03187,High-value regulars,0.181,Low,12583.0
C03188,Low-spend occasional,0.106,Low,8321.0
C03189,High-value regulars,0.061,Low,16105.0
C03190,High-value regulars,0.231,Low,14060.0
C03191,Lapsing / dormant,0.206,Low,8154.0
C03192,Lapsing / dormant,0.105,Low,11723.0
C03193,High-value regulars,0.163,Low,12162.0
C03194,Lapsing / dormant,0.36,Medium,9827.0
C03195,High-value regulars,0.066,Low,10695.0
C03196,Low-spend occasional,0.219,Low,4201.0
C03197,Low-spend occasional,0.097,Low,5521.0
C03198,Lapsing / dormant,0.42,Medium,13279.0
C03199,High-value regulars,0.237,Low,15011.0
C03200,Low-spend occasional,0.243,Low,5765.0
C03201,High-value regulars,0.322,Medium,13861.0
C03202,Lapsing / dormant,0.388,Medium,4456.0
C03203,High-value regulars,0.021,Low,11727.0
C03204,High-value regulars,0.051,Low,15069.0
C03205,Lapsing / dormant,0.128,Low,6162.0
C03206,Lapsing / dormant,0.616,High,6104.0
C03207,Low-spend occasional,0.17,Low,4105.0
C03208,Lapsing / dormant,0.223,Low,8057.0
C03209,High-value regulars,0.134,Low,13586.0
C03210,Lapsing / dormant,0.153,Low,7055.0
C03211,Lapsing / dormant,0.228,Low,5902.0
C03212,High-value regulars,0.144,Low,10893.0
C03213,Lapsing / dormant,0.369,Medium,3758.0
C03214,High-value regulars,0.285,Medium,9826.0
C03215,Lapsing / dormant,0.881,High,8591.0
C03216,Lapsing / dormant,0.863,High,1041.0
C03217,Low-spend occasional,0.244,Low,3533.0
C03218,High-value regulars,0.07,Low,9673.0
C03219,Low-spend occasional,0.124,Low,5661.0
C03220,Lapsing / dormant,0.262,Medium,9221.0
C03221,High-value regulars,0.16,Low,10794.0
C03222,High-value regulars,0.088,Low,14187.0
C03223,Low-spend occasional,0.199,Low,5743.0
C03224,Lapsing / dormant,0.447,Medium,5748.0
C03225,Low-spend occasional,0.155,Low,4046.0
C03226,Lapsing / dormant,0.371,Medium,9795.0
C03227,Lapsing / dormant,0.177,Low,6935.0
C03228,High-value regulars,0.079,Low,11529.0
C03229,High-value regulars,0.159,Low,12779.0
C03230,High-value regulars,0.168,Low,11496.0
C03231,Lapsing / dormant,0.317,Medium,6803.0
C03232,Low-spend occasional,0.622,High,0.0
C03233,Lapsing / dormant,0.497,Medium,4612.0
C03234,High-value regulars,0.163,Low,17208.0
C03235,High-value regulars,0.04,Low,11166.0
C03236,High-value regulars,0.105,Low,10654.0
C03237,High-value regulars,0.122,Low,19725.0
C03238,Lapsing / dormant,0.145,Low,7698.0
C03239,Lapsing / dormant,0.373,Medium,13924.0
C03240,Lapsing / dormant,0.356,Medium,10497.0
C03241,High-value regulars,0.164,Low,12438.0
C03242,Low-spend occasional,0.079,Low,9937.0
C03243,Lapsing / dormant,0.424,Medium,10089.0
C03244,Low-spend occasional,0.112,Low,2151.0
C03245,Low-spend occasional,0.051,Low,2045.0
C03246,Low-spend occasional,0.024,Low,2648.0
C03247,High-value regulars,0.049,Low,14861.0
C03248,High-value regulars,0.051,Low,13905.0
C03249,High-value regulars,0.196,Low,14825.0
C03250,Low-spend occasional,0.279,Medium,2454.0
C03251,Lapsing / dormant,0.14,Low,6081.0
C03252,High-value regulars,0.12,Low,11316.0
C03253,Low-spend occasional,0.172,Low,1858.0
C03254,Lapsing / dormant,0.48,Medium,3800.0
C03255,High-value regulars,0.112,Low,9194.0
C03256,Lapsing / dormant,0.262,Medium,7139.0
C03257,Lapsing / dormant,0.294,Medium,5276.0
C03258,Lapsing / dormant,0.455,Medium,3751.0
C03259,High-value regulars,0.096,Low,12173.0
C03260,Lapsing / dormant,0.237,Low,10315.0
C03261,Lapsing / dormant,0.73,High,3116.0
C03262,Lapsing / dormant,0.216,Low,8359.0
C03263,High-value regulars,0.305,Medium,13665.0
C03264,High-value regulars,0.263,Medium,19565.0
C03265,Low-spend occasional,0.453,Medium,2109.0
C03266,Lapsing / dormant,0.559,High,9994.0
C03267,Lapsing / dormant,0.258,Medium,9389.0
C03268,High-value regulars,0.329,Medium,14441.0
C03269,High-value regulars,0.15,Low,11475.0
C03270,High-value regulars,0.073,Low,18725.0
C03271,High-value regulars,0.21,Low,8759.0
C03272,High-value regulars,0.122,Low,17362.0
C03273,Lapsing / dormant,0.122,Low,13991.0
C03274,Lapsing / dormant,0.378,Medium,6402.0
C03275,High-value regulars,0.27,Medium,7653.0
C03276,High-value regulars,0.047,Low,23770.0
C03277,High-value regulars,0.116,Low,12245.0
C03278,High-value regulars,0.082,Low,7915.0
C03279,High-value regulars,0.216,Low,16546.0
C03280,Lapsing / dormant,0.756,High,7869.0
C03281,High-value regulars,0.094,Low,9661.0
C03282,Low-spend occasional,0.043,Low,1969.0
C03283,Lapsing / dormant,0.289,Medium,10490.0
C03284,High-value regulars,0.324,Medium,7862.0
C03285,High-value regulars,0.037,Low,14661.0
C03286,High-value regulars,0.073,Low,10339.0
C03287,High-value regulars,0.067,Low,13673.0
C03288,Lapsing / dormant,0.359,Medium,4546.0
C03289,High-value regulars,0.121,Low,14407.0
C03290,Lapsing / dormant,0.342,Medium,5009.0
C03291,Lapsing / dormant,0.517,High,12923.0
C03292,High-value regulars,0.179,Low,5905.0
C03293,High-value regulars,0.299,Medium,17023.0
C03294,Low-spend occasional,0.166,Low,3573.0
C03295,High-value regulars,0.057,Low,9927.0
C03296,Lapsing / dormant,0.539,High,7242.0
C03297,High-value regulars,0.09,Low,11327.0
C03298,High-value regulars,0.252,Medium,7190.0
C03299,Lapsing / dormant,0.186,Low,6467.0
C03300,High-value regulars,0.189,Low,10635.0
C03301,High-value regulars,0.114,Low,11462.0
C03302,High-value regulars,0.078,Low,13076.0
C03303,Lapsing / dormant,0.677,High,3776.0
C03304,Lapsing / dormant,0.334,Medium,7810.0
C03305,Lapsing / dormant,0.454,Medium,1963.0
C03306,Low-spend occasional,0.166,Low,5654.0
C03307,Lapsing / dormant,0.75,High,5501.0
C03308,Lapsing / dormant,0.411,Medium,10031.0
C03309,Lapsing / dormant,0.177,Low,5558.0
C03310,Low-spend occasional,0.08,Low,5136.0
C03311,High-value regulars,0.141,Low,32130.0
C03312,Lapsing / dormant,0.448,Medium,9832.0
C03313,Low-spend occasional,0.166,Low,1171.0
C03314,Lapsing / dormant,0.182,Low,6897.0
C03315,Lapsing / dormant,0.657,High,6819.0
C03316,Lapsing / dormant,0.429,Medium,9961.0
C03317,Low-spend occasional,0.11,Low,3915.0
C03318,High-value regulars,0.102,Low,11673.0
C03319,Lapsing / dormant,0.462,Medium,13569.0
C03320,Low-spend occasional,0.324,Medium,6762.0
C03321,High-value regulars,0.066,Low,12351.0
C03322,High-value regulars,0.16,Low,13195.0
C03323,High-value regulars,0.062,Low,29135.0
C03324,Lapsing / dormant,0.277,Medium,10909.0
C03325,High-value regulars,0.067,Low,11160.0
C03326,High-value regulars,0.057,Low,14666.0
C03327,Lapsing / dormant,0.184,Low,7788.0
C03328,High-value regulars,0.144,Low,8533.0
C03329,Low-spend occasional,0.189,Low,3904.0
C03330,Lapsing / dormant,0.305,Medium,10989.0
C03331,High-value regulars,0.042,Low,16829.0
C03332,Lapsing / dormant,0.211,Low,6050.0
C03333,High-value regulars,0.209,Low,15739.0
C03334,Lapsing / dormant,0.854,High,3213.0
C03335,High-value regulars,0.039,Low,17266.0
C03336,Low-spend occasional,0.148,Low,2759.0
C03337,Lapsing / dormant,0.677,High,8618.0
C03338,Lapsing / dormant,0.378,Medium,5530.0
C03339,High-value regulars,0.086,Low,14485.0
C03340,Lapsing / dormant,0.743,High,3653.0
C03341,Low-spend occasional,0.131,Low,6307.0
C03342,Lapsing / dormant,0.415,Medium,9958.0
C03343,Lapsing / dormant,0.71,High,6674.0
C03344,High-value regulars,0.073,Low,19581.0
C03345,High-value regulars,0.122,Low,9329.0
C03346,High-value regulars,0.043,Low,9177.0
C03347,High-value regulars,0.074,Low,14200.0
C03348,High-value regulars,0.06,Low,16780.0
C03349,High-value regulars,0.083,Low,18073.0
C03350,Low-spend occasional,0.08,Low,4466.0
C03351,Low-spend occasional,0.126,Low,2691.0
C03352,Low-spend occasional,0.151,Low,6597.0
C03353,Low-spend occasional,0.128,Low,6594.0
C03354,High-value regulars,0.181,Low,12736.0
C03355,High-value regulars,0.236,Low,10213.0
C03356,High-value regulars,0.112,Low,10077.0
C03357,High-value regulars,0.132,Low,14843.0
C03358,High-value regulars,0.099,Low,10084.0
C03359,High-value regulars,0.073,Low,18990.0
C03360,High-value regulars,0.491,Medium,13075.0
C03361,High-value regulars,0.27,Medium,8401.0
C03362,Lapsing / dormant,0.112,Low,6789.0
C03363,High-value regulars,0.284,Medium,12169.0
C03364,High-value regulars,0.156,Low,10600.0
C03365,High-value regulars,0.3,Medium,10429.0
C03366,Lapsing / dormant,0.436,Medium,4502.0
C03367,Lapsing / dormant,0.26,Medium,9001.0
C03368,High-value regulars,0.193,Low,7280.0
C03369,High-value regulars,0.073,Low,15391.0
C03370,Low-spend occasional,0.417,Medium,2434.0
C03371,High-value regulars,0.08,Low,7018.0
C03372,High-value regulars,0.071,Low,9855.0
C03373,High-value regulars,0.211,Low,12707.0
C03374,High-value regulars,0.199,Low,12090.0
C03375,High-value regulars,0.091,Low,18042.0
C03376,High-value regulars,0.222,Low,8952.0
C03377,High-value regulars,0.244,Low,12637.0
C03378,Lapsing / dormant,0.266,Medium,9543.0
C03379,Lapsing / dormant,0.292,Medium,8911.0
C03380,Low-spend occasional,0.3,Medium,6243.0
C03381,High-value regulars,0.34,Medium,8083.0
C03382,High-value regulars,0.194,Low,12385.0
C03383,High-value regulars,0.075,Low,15852.0
C03384,Lapsing / dormant,0.147,Low,8936.0
C03385,Lapsing / dormant,0.806,High,1327.0
C03386,Lapsing / dormant,0.147,Low,13008.0
C03387,Lapsing / dormant,0.534,High,2075.0
C03388,Low-spend occasional,0.305,Medium,3455.0
C03389,Lapsing / dormant,0.968,High,877.0
C03390,High-value regulars,0.177,Low,15574.0
C03391,High-value regulars,0.039,Low,10671.0
C03392,Lapsing / dormant,0.279,Medium,12254.0
C03393,High-value regulars,0.298,Medium,15079.0
C03394,High-value regulars,0.128,Low,14589.0
C03395,High-value regulars,0.055,Low,23936.0
C03396,High-value regulars,0.32,Medium,9788.0
C03397,High-value regulars,0.045,Low,21567.0
C03398,Low-spend occasional,0.295,Medium,5109.0
C03399,High-value regulars,0.098,Low,23404.0
C03400,Low-spend occasional,0.121,Low,5932.0
C03401,High-value regulars,0.093,Low,12231.0
C03402,Lapsing / dormant,0.393,Medium,8683.0
C03403,Lapsing / dormant,0.758,High,8163.0
C03404,High-value regulars,0.306,Medium,14811.0
C03405,High-value regulars,0.263,Medium,11334.0
C03406,Lapsing / dormant,0.536,High,4306.0
C03407,High-value regulars,0.267,Medium,14985.0
C03408,High-value regulars,0.106,Low,10134.0
C03409,Low-spend occasional,0.639,High,2213.0
C03410,High-value regulars,0.295,Medium,11820.0
C03411,High-value regulars,0.133,Low,13801.0
C03412,Low-spend occasional,0.054,Low,6597.0
C03413,Lapsing / dormant,0.3,Medium,6692.0
C03414,High-value regulars,0.066,Low,12903.0
C03415,Low-spend occasional,0.075,Low,5531.0
C03416,High-value regulars,0.05,Low,22764.0
C03417,High-value regulars,0.04,Low,16246.0
C03418,Lapsing / dormant,0.315,Medium,7522.0
C03419,High-value regulars,0.026,Low,18155.0
C03420,Lapsing / dormant,0.364,Medium,10687.0
C03421,High-value regulars,0.161,Low,7554.0
C03422,High-value regulars,0.082,Low,16647.0
C03423,High-value regulars,0.021,Low,19836.0
C03424,Lapsing / dormant,0.134,Low,6651.0
C03425,Low-spend occasional,0.058,Low,3714.0
C03426,High-value regulars,0.27,Medium,11382.0
C03427,High-value regulars,0.151,Low,9678.0
C03428,High-value regulars,0.048,Low,19863.0
C03429,Low-spend occasional,0.118,Low,3846.0
C03430,Lapsing / dormant,0.314,Medium,10839.0
C03431,Lapsing / dormant,0.381,Medium,6429.0
C03432,High-value regulars,0.051,Low,9395.0
C03433,Lapsing / dormant,0.352,Medium,9117.0
C03434,High-value regulars,0.08,Low,13120.0
C03435,High-value regulars,0.083,Low,22251.0
C03436,High-value regulars,0.261,Medium,10798.0
C03437,High-value regulars,0.051,Low,8745.0
C03438,High-value regulars,0.049,Low,13902.0
C03439,High-value regulars,0.153,Low,7959.0
C03440,High-value regulars,0.27,Medium,11775.0
C03441,High-value regulars,0.066,Low,10395.0
C03442,Low-spend occasional,0.519,High,3487.0
C03443,Lapsing / dormant,0.394,Medium,8556.0
C03444,High-value regulars,0.277,Medium,10458.0
C03445,Lapsing / dormant,0.345,Medium,5435.0
C03446,Lapsing / dormant,0.248,Low,7891.0
C03447,High-value regulars,0.062,Low,13188.0
C03448,Lapsing / dormant,0.518,High,2322.0
C03449,Lapsing / dormant,0.271,Medium,6057.0
C03450,High-value regulars,0.172,Low,7101.0
C03451,Lapsing / dormant,0.252,Medium,7622.0
C03452,Lapsing / dormant,0.77,High,4965.0
C03453,Low-spend occasional,0.042,Low,7972.0
C03454,High-value regulars,0.061,Low,10141.0
C03455,High-value regulars,0.129,Low,9298.0
C03456,High-value regulars,0.131,Low,12607.0
C03457,High-value regulars,0.152,Low,15111.0
C03458,Low-spend occasional,0.319,Medium,4104.0
C03459,Lapsing / dormant,0.528,High,7720.0
C03460,High-value regulars,0.045,Low,18095.0
C03461,Low-spend occasional,0.267,Medium,4720.0
C03462,High-value regulars,0.114,Low,10089.0
C03463,High-value regulars,0.1,Low,15328.0
C03464,Lapsing / dormant,0.576,High,7756.0
C03465,High-value regulars,0.108,Low,11689.0
C03466,High-value regulars,0.142,Low,9685.0
C03467,High-value regulars,0.19,Low,13207.0
C03468,High-value regulars,0.113,Low,13383.0
C03469,Lapsing / dormant,0.394,Medium,6503.0
C03470,Lapsing / dormant,0.103,Low,8193.0
C03471,High-value regulars,0.04,Low,16867.0
C03472,High-value regulars,0.062,Low,19984.0
C03473,Lapsing / dormant,0.257,Medium,8621.0
C03474,Lapsing / dormant,0.891,High,2312.0
C03475,Low-spend occasional,0.125,Low,5991.0
C03476,Low-spend occasional,0.1,Low,3948.0
C03477,Lapsing / dormant,0.744,High,4746.0
C03478,Lapsing / dormant,0.49,Medium,7688.0
C03479,High-value regulars,0.06,Low,8476.0
C03480,High-value regulars,0.126,Low,7016.0
C03481,High-value regulars,0.136,Low,11421.0
C03482,Lapsing / dormant,0.293,Medium,5603.0
C03483,High-value regulars,0.155,Low,8037.0
C03484,High-value regulars,0.09,Low,8012.0
C03485,Lapsing / dormant,0.518,High,9578.0
C03486,Lapsing / dormant,0.15,Low,5540.0
C03487,High-value regulars,0.077,Low,16950.0
C03488,Low-spend occasional,0.142,Low,7830.0
C03489,High-value regulars,0.119,Low,12929.0
C03490,High-value regulars,0.164,Low,16456.0
C03491,High-value regulars,0.048,Low,13915.0
C03492,Lapsing / dormant,0.239,Low,4746.0
C03493,High-value regulars,0.064,Low,12493.0
C03494,Low-spend occasional,0.133,Low,6767.0
C03495,High-value regulars,0.08,Low,8514.0
C03496,Lapsing / dormant,0.217,Low,3208.0
C03497,Lapsing / dormant,0.274,Medium,6606.0
C03498,Low-spend occasional,0.132,Low,5469.0
C03499,High-value regulars,0.058,Low,13597.0
C03500,High-value regulars,0.09,Low,10584.0
C03501,Lapsing / dormant,0.101,Low,7291.0
C03502,High-value regulars,0.115,Low,9139.0
C03503,High-value regulars,0.159,Low,10685.0
C03504,High-value regulars,0.105,Low,15864.0
C03505,Low-spend occasional,0.077,Low,5116.0
C03506,High-value regulars,0.325,Medium,17370.0
C03507,High-value regulars,0.035,Low,9652.0
C03508,High-value regulars,0.033,Low,22880.0
C03509,Low-spend occasional,0.067,Low,2419.0
C03510,Low-spend occasional,0.052,Low,7705.0
C03511,High-value regulars,0.032,Low,11950.0
C03512,High-value regulars,0.119,Low,10126.0
C03513,Low-spend occasional,0.136,Low,3063.0
C03514,Lapsing / dormant,0.704,High,6918.0
C03515,Lapsing / dormant,0.404,Medium,5263.0
C03516,Lapsing / dormant,0.159,Low,7958.0
C03517,High-value regulars,0.035,Low,9697.0
C03518,High-value regulars,0.039,Low,25482.0
C03519,High-value regulars,0.097,Low,8139.0
C03520,Lapsing / dormant,0.414,Medium,8388.0
C03521,Lapsing / dormant,0.453,Medium,10229.0
C03522,High-value regulars,0.111,Low,13199.0
C03523,Low-spend occasional,0.227,Low,4544.0
C03524,High-value regulars,0.116,Low,13165.0
C03525,Lapsing / dormant,0.205,Low,6878.0
C03526,High-value regulars,0.166,Low,15286.0
C03527,Lapsing / dormant,0.35,Medium,8408.0
C03528,Lapsing / dormant,0.1,Low,7962.0
C03529,Lapsing / dormant,0.17,Low,3887.0
C03530,High-value regulars,0.08,Low,16177.0
C03531,Lapsing / dormant,0.234,Low,6248.0
C03532,Lapsing / dormant,0.494,Medium,7459.0
C03533,Lapsing / dormant,0.579,High,6545.0
C03534,Lapsing / dormant,0.548,High,12456.0
C03535,Lapsing / dormant,0.236,Low,8164.0
C03536,High-value regulars,0.157,Low,12755.0
C03537,High-value regulars,0.161,Low,7830.0
C03538,Lapsing / dormant,0.175,Low,5552.0
C03539,Lapsing / dormant,0.301,Medium,7231.0
C03540,Low-spend occasional,0.245,Low,3750.0
C03541,High-value regulars,0.123,Low,11781.0
C03542,Lapsing / dormant,0.441,Medium,4162.0
C03543,Low-spend occasional,0.875,High,359.0
C03544,Low-spend occasional,0.257,Medium,3755.0
C03545,Low-spend occasional,0.423,Medium,7403.0
C03546,Lapsing / dormant,0.427,Medium,13626.0
C03547,Lapsing / dormant,0.557,High,9725.0
C03548,Lapsing / dormant,0.258,Medium,10796.0
C03549,High-value regulars,0.098,Low,11610.0
C03550,Low-spend occasional,0.488,Medium,6543.0
C03551,High-value regulars,0.07,Low,18043.0
C03552,High-value regulars,0.028,Low,13128.0
C03553,Low-spend occasional,0.438,Medium,2007.0
C03554,High-value regulars,0.152,Low,13220.0
C03555,High-value regulars,0.077,Low,8690.0
C03556,Lapsing / dormant,0.348,Medium,10064.0
C03557,Lapsing / dormant,0.159,Low,10272.0
C03558,High-value regulars,0.122,Low,14153.0
C03559,Lapsing / dormant,0.123,Low,6773.0
C03560,Low-spend occasional,0.399,Medium,5940.0
C03561,Lapsing / dormant,0.413,Medium,11088.0
C03562,High-value regulars,0.067,Low,26885.0
C03563,High-value regulars,0.06,Low,14349.0
C03564,Lapsing / dormant,0.095,Low,8879.0
C03565,Low-spend occasional,0.069,Low,1148.0
C03566,Lapsing / dormant,0.435,Medium,8306.0
C03567,Lapsing / dormant,0.162,Low,7068.0
C03568,High-value regulars,0.142,Low,14150.0
C03569,High-value regulars,0.087,Low,12666.0
C03570,High-value regulars,0.16,Low,12905.0
C03571,Lapsing / dormant,0.14,Low,4510.0
C03572,Low-spend occasional,0.225,Low,6229.0
C03573,High-value regulars,0.043,Low,16213.0
C03574,Low-spend occasional,0.202,Low,4849.0
C03575,Lapsing / dormant,0.575,High,4498.0
C03576,High-value regulars,0.073,Low,8563.0
C03577,High-value regulars,0.028,Low,17139.0
C03578,Low-spend occasional,0.114,Low,6986.0
C03579,Lapsing / dormant,0.661,High,4850.0
C03580,Low-spend occasional,0.098,Low,5447.0
C03581,Low-spend occasional,0.313,Medium,6108.0
C03582,High-value regulars,0.084,Low,9969.0
C03583,Low-spend occasional,0.282,Medium,4999.0
C03584,Lapsing / dormant,0.477,Medium,10966.0
C03585,Lapsing / dormant,0.842,High,861.0
C03586,High-value regulars,0.193,Low,11657.0
C03587,Lapsing / dormant,0.221,Low,10097.0
C03588,Lapsing / dormant,0.347,Medium,3960.0
C03589,Low-spend occasional,0.129,Low,4469.0
C03590,High-value regulars,0.065,Low,18086.0
C03591,Low-spend occasional,0.219,Low,7908.0
C03592,Low-spend occasional,0.137,Low,5691.0
C03593,High-value regulars,0.103,Low,31743.0
C03594,High-value regulars,0.098,Low,15255.0
C03595,High-value regulars,0.077,Low,7572.0
C03596,High-value regulars,0.087,Low,14223.0
C03597,Lapsing / dormant,0.367,Medium,4724.0
C03598,High-value regulars,0.086,Low,8164.0
C03599,High-value regulars,0.083,Low,15183.0
C03600,High-value regulars,0.28,Medium,14939.0
C03601,High-value regulars,0.101,Low,14414.0
C03602,Low-spend occasional,0.104,Low,8334.0
C03603,Low-spend occasional,0.105,Low,4557.0
C03604,Lapsing / dormant,0.204,Low,7181.0
C03605,High-value regulars,0.209,Low,13393.0
C03606,High-value regulars,0.216,Low,11680.0
C03607,Low-spend occasional,0.097,Low,2007.0
C03608,High-value regulars,0.09,Low,9450.0
C03609,Low-spend occasional,0.072,Low,7126.0
C03610,Lapsing / dormant,0.693,High,5086.0
C03611,High-value regulars,0.163,Low,8121.0
C03612,Low-spend occasional,0.767,High,2645.0
C03613,High-value regulars,0.036,Low,23040.0
C03614,Lapsing / dormant,0.339,Medium,4373.0
C03615,High-value regulars,0.3,Medium,14584.0
C03616,High-value regulars,0.364,Medium,11530.0
C03617,High-value regulars,0.034,Low,15891.0
C03618,High-value regulars,0.035,Low,9216.0
C03619,Lapsing / dormant,0.395,Medium,7774.0
C03620,Low-spend occasional,0.083,Low,3137.0
C03621,Lapsing / dormant,0.3,Medium,3143.0
C03622,Lapsing / dormant,0.154,Low,8168.0
C03623,High-value regulars,0.077,Low,7744.0
C03624,High-value regulars,0.13,Low,10462.0
C03625,Lapsing / dormant,0.143,Low,4353.0
C03626,Low-spend occasional,0.103,Low,3291.0
C03627,Low-spend occasional,0.169,Low,4312.0
C03628,High-value regulars,0.172,Low,12720.0
C03629,Lapsing / dormant,0.327,Medium,7459.0
C03630,High-value regulars,0.11,Low,11067.0
C03631,Lapsing / dormant,0.679,High,2272.0
C03632,High-value regulars,0.114,Low,16865.0
C03633,High-value regulars,0.333,Medium,13083.0
C03634,High-value regulars,0.11,Low,8168.0
C03635,High-value regulars,0.186,Low,22125.0
C03636,Lapsing / dormant,0.09,Low,9866.0
C03637,Lapsing / dormant,0.471,Medium,6559.0
C03638,High-value regulars,0.174,Low,11436.0
C03639,Lapsing / dormant,0.322,Medium,6981.0
C03640,Lapsing / dormant,0.205,Low,5747.0
C03641,High-value regulars,0.265,Medium,12209.0
C03642,High-value regulars,0.098,Low,9382.0
C03643,High-value regulars,0.186,Low,13367.0
C03644,Lapsing / dormant,0.454,Medium,11886.0
C03645,High-value regulars,0.267,Medium,17293.0
C03646,High-value regulars,0.149,Low,9458.0
C03647,Lapsing / dormant,0.727,High,3685.0
C03648,High-value regulars,0.121,Low,8146.0
C03649,Lapsing / dormant,0.529,High,9692.0
C03650,High-value regulars,0.084,Low,9937.0
C03651,High-value regulars,0.017,Low,19274.0
C03652,High-value regulars,0.451,Medium,16751.0
C03653,High-value regulars,0.162,Low,10976.0
C03654,High-value regulars,0.152,Low,25357.0
C03655,Lapsing / dormant,0.483,Medium,4938.0
C03656,High-value regulars,0.269,Medium,11111.0
C03657,High-value regulars,0.066,Low,7522.0
C03658,High-value regulars,0.127,Low,9813.0
C03659,Low-spend occasional,0.073,Low,5633.0
C03660,High-value regulars,0.095,Low,14948.0
C03661,Lapsing / dormant,0.248,Low,7869.0
C03662,High-value regulars,0.102,Low,9557.0
C03663,High-value regulars,0.067,Low,8075.0
C03664,High-value regulars,0.132,Low,15155.0
C03665,High-value regulars,0.215,Low,9240.0
C03666,High-value regulars,0.252,Medium,13871.0
C03667,Lapsing / dormant,0.884,High,1096.0
C03668,Lapsing / dormant,0.168,Low,9293.0
C03669,High-value regulars,0.226,Low,17087.0
C03670,Lapsing / dormant,0.218,Low,8123.0
C03671,Lapsing / dormant,0.092,Low,6999.0
C03672,High-value regulars,0.036,Low,19516.0
C03673,Low-spend occasional,0.265,Medium,6284.0
C03674,High-value regulars,0.36,Medium,8706.0
C03675,High-value regulars,0.042,Low,19488.0
C03676,Low-spend occasional,0.361,Medium,3570.0
C03677,High-value regulars,0.057,Low,8395.0
C03678,High-value regulars,0.232,Low,10400.0
C03679,High-value regulars,0.094,Low,10561.0
C03680,High-value regulars,0.053,Low,9978.0
C03681,Lapsing / dormant,0.207,Low,7181.0
C03682,High-value regulars,0.101,Low,13286.0
C03683,Low-spend occasional,0.318,Medium,7487.0
C03684,High-value regulars,0.117,Low,11780.0
C03685,High-value regulars,0.132,Low,12122.0
C03686,Lapsing / dormant,0.276,Medium,6479.0
C03687,High-value regulars,0.115,Low,14792.0
C03688,Lapsing / dormant,0.636,High,8535.0
C03689,Low-spend occasional,0.06,Low,1728.0
C03690,Lapsing / dormant,0.063,Low,7971.0
C03691,Lapsing / dormant,0.209,Low,7930.0
C03692,Lapsing / dormant,0.245,Low,9292.0
C03693,High-value regulars,0.115,Low,11128.0
C03694,High-value regulars,0.272,Medium,8157.0
C03695,Lapsing / dormant,0.367,Medium,8455.0
C03696,High-value regulars,0.183,Low,14011.0
C03697,High-value regulars,0.078,Low,9006.0
C03698,High-value regulars,0.141,Low,12103.0
C03699,High-value regulars,0.046,Low,15095.0
C03700,Low-spend occasional,0.094,Low,4685.0
C03701,Lapsing / dormant,0.107,Low,9120.0
C03702,Low-spend occasional,0.263,Medium,5145.0
C03703,High-value regulars,0.068,Low,9829.0
C03704,High-value regulars,0.053,Low,12914.0
C03705,High-value regulars,0.109,Low,15443.0
C03706,Lapsing / dormant,0.234,Low,5507.0
C03707,High-value regulars,0.294,Medium,9387.0
C03708,High-value regulars,0.093,Low,20614.0
C03709,High-value regulars,0.099,Low,9004.0
C03710,Lapsing / dormant,0.298,Medium,16796.0
C03711,High-value regulars,0.115,Low,17953.0
C03712,High-value regulars,0.083,Low,11073.0
C03713,Lapsing / dormant,0.328,Medium,10023.0
C03714,High-value regulars,0.338,Medium,14307.0
C03715,High-value regulars,0.097,Low,8652.0
C03716,High-value regulars,0.059,Low,15362.0
C03717,Lapsing / dormant,0.613,High,5617.0
C03718,Low-spend occasional,0.063,Low,4279.0
C03719,Lapsing / dormant,0.492,Medium,5682.0
C03720,High-value regulars,0.043,Low,11558.0
C03721,Low-spend occasional,0.081,Low,5593.0
C03722,High-value regulars,0.22,Low,12469.0
C03723,High-value regulars,0.164,Low,16574.0
C03724,Low-spend occasional,0.245,Low,1152.0
C03725,Lapsing / dormant,0.269,Medium,4776.0
C03726,Lapsing / dormant,0.613,High,9734.0
C03727,Low-spend occasional,0.57,High,1452.0
C03728,High-value regulars,0.081,Low,12078.0
C03729,High-value regulars,0.208,Low,19607.0
C03730,High-value regulars,0.209,Low,14397.0
C03731,Lapsing / dormant,0.146,Low,7018.0
C03732,High-value regulars,0.139,Low,14044.0
C03733,Lapsing / dormant,0.23,Low,7407.0
C03734,High-value regulars,0.086,Low,14516.0
C03735,High-value regulars,0.067,Low,12450.0
C03736,Lapsing / dormant,0.155,Low,10185.0
C03737,Lapsing / dormant,0.573,High,7461.0
C03738,High-value regulars,0.119,Low,14643.0
C03739,High-value regulars,0.156,Low,9864.0
C03740,Low-spend occasional,0.318,Medium,6693.0
C03741,High-value regulars,0.124,Low,8510.0
C03742,High-value regulars,0.051,Low,21174.0
C03743,High-value regulars,0.053,Low,14127.0
C03744,High-value regulars,0.112,Low,16490.0
C03745,High-value regulars,0.063,Low,14325.0
C03746,High-value regulars,0.241,Low,12885.0
C03747,Low-spend occasional,0.037,Low,6505.0
C03748,High-value regulars,0.051,Low,19268.0
C03749,Lapsing / dormant,0.142,Low,3678.0
C03750,High-value regulars,0.035,Low,15589.0
C03751,Low-spend occasional,0.382,Medium,5896.0
C03752,High-value regulars,0.258,Medium,14640.0
C03753,High-value regulars,0.12,Low,16341.0
C03754,Lapsing / dormant,0.392,Medium,7799.0
C03755,Low-spend occasional,0.169,Low,6077.0
C03756,Lapsing / dormant,0.149,Low,6530.0
C03757,High-value regulars,0.293,Medium,16013.0
C03758,High-value regulars,0.023,Low,23549.0
C03759,High-value regulars,0.13,Low,7147.0
C03760,Low-spend occasional,0.108,Low,7859.0
C03761,High-value regulars,0.105,Low,19457.0
C03762,Lapsing / dormant,0.655,High,7039.0
C03763,Lapsing / dormant,0.089,Low,7376.0
C03764,High-value regulars,0.123,Low,16143.0
C03765,High-value regulars,0.213,Low,15641.0
C03766,Lapsing / dormant,0.119,Low,6566.0
C03767,Lapsing / dormant,0.097,Low,7133.0
C03768,Low-spend occasional,0.102,Low,1512.0
C03769,High-value regulars,0.114,Low,13417.0
C03770,Lapsing / dormant,0.648,High,3305.0
C03771,High-value regulars,0.064,Low,11463.0
C03772,Lapsing / dormant,0.635,High,9611.0
C03773,High-value regulars,0.23,Low,10069.0
C03774,High-value regulars,0.137,Low,19054.0
C03775,Lapsing / dormant,0.595,High,8094.0
C03776,High-value regulars,0.035,Low,17751.0
C03777,Lapsing / dormant,0.327,Medium,6010.0
C03778,High-value regulars,0.19,Low,11303.0
C03779,High-value regulars,0.064,Low,11609.0
C03780,High-value regulars,0.139,Low,14944.0
C03781,High-value regulars,0.147,Low,13606.0
C03782,High-value regulars,0.262,Medium,9426.0
C03783,High-value regulars,0.199,Low,12864.0
C03784,High-value regulars,0.034,Low,16789.0
C03785,High-value regulars,0.083,Low,11662.0
C03786,Lapsing / dormant,0.259,Medium,11247.0
C03787,Lapsing / dormant,0.223,Low,7167.0
C03788,High-value regulars,0.141,Low,22038.0
C03789,High-value regulars,0.473,Medium,13097.0
C03790,Lapsing / dormant,0.161,Low,6763.0
C03791,High-value regulars,0.198,Low,16311.0
C03792,Low-spend occasional,0.456,Medium,6972.0
C03793,High-value regulars,0.212,Low,8508.0
C03794,High-value regulars,0.26,Medium,11545.0
C03795,High-value regulars,0.087,Low,12685.0
C03796,Lapsing / dormant,0.173,Low,10759.0
C03797,High-value regulars,0.163,Low,20575.0
C03798,High-value regulars,0.14,Low,8227.0
C03799,Low-spend occasional,0.148,Low,6366.0
C03800,Low-spend occasional,0.361,Medium,4493.0
C03801,Low-spend occasional,0.202,Low,1452.0
C03802,High-value regulars,0.124,Low,10604.0
C03803,Low-spend occasional,0.131,Low,3385.0
C03804,High-value regulars,0.14,Low,8595.0
C03805,High-value regulars,0.019,Low,10577.0
C03806,High-value regulars,0.317,Medium,13698.0
C03807,Lapsing / dormant,0.067,Low,7223.0
C03808,Lapsing / dormant,0.23,Low,5803.0
C03809,Lapsing / dormant,0.161,Low,8008.0
C03810,Low-spend occasional,0.154,Low,4501.0
C03811,High-value regulars,0.193,Low,15553.0
C03812,Lapsing / dormant,0.911,High,3334.0
C03813,Lapsing / dormant,0.417,Medium,8338.0
C03814,High-value regulars,0.133,Low,21457.0
C03815,Lapsing / dormant,0.338,Medium,7943.0
C03816,High-value regulars,0.078,Low,10798.0
C03817,High-value regulars,0.085,Low,11308.0
C03818,Low-spend occasional,0.367,Medium,3066.0
C03819,Lapsing / dormant,0.699,High,9915.0
C03820,Lapsing / dormant,0.19,Low,6689.0
C03821,High-value regulars,0.205,Low,6651.0
C03822,Lapsing / dormant,0.253,Medium,7307.0
C03823,Low-spend occasional,0.104,Low,4111.0
C03824,High-value regulars,0.263,Medium,9879.0
C03825,High-value regulars,0.089,Low,12370.0
C03826,Low-spend occasional,0.221,Low,2892.0
C03827,Lapsing / dormant,0.578,High,7663.0
C03828,High-value regulars,0.213,Low,10511.0
C03829,High-value regulars,0.206,Low,14753.0
C03830,Lapsing / dormant,0.195,Low,7369.0
C03831,High-value regulars,0.119,Low,21718.0
C03832,High-value regulars,0.175,Low,9070.0
C03833,High-value regulars,0.083,Low,15653.0
C03834,Lapsing / dormant,0.175,Low,8306.0
C03835,High-value regulars,0.084,Low,11747.0
C03836,Low-spend occasional,0.027,Low,6353.0
C03837,Low-spend occasional,0.139,Low,6278.0
C03838,High-value regulars,0.163,Low,8102.0
C03839,Lapsing / dormant,0.382,Medium,14551.0
C03840,High-value regulars,0.141,Low,15060.0
C03841,High-value regulars,0.117,Low,9155.0
C03842,Lapsing / dormant,0.081,Low,5601.0
C03843,High-value regulars,0.341,Medium,11313.0
C03844,Lapsing / dormant,0.559,High,3331.0
C03845,Lapsing / dormant,0.266,Medium,6549.0
C03846,Lapsing / dormant,0.63,High,7650.0
C03847,Low-spend occasional,0.099,Low,3546.0
C03848,High-value regulars,0.119,Low,16404.0
C03849,Lapsing / dormant,0.27,Medium,12235.0
C03850,High-value regulars,0.045,Low,13446.0
C03851,High-value regulars,0.116,Low,20260.0
C03852,High-value regulars,0.067,Low,17698.0
C03853,Lapsing / dormant,0.302,Medium,4465.0
C03854,Lapsing / dormant,0.194,Low,9804.0
C03855,High-value regulars,0.242,Low,18764.0
C03856,Lapsing / dormant,0.403,Medium,9116.0
C03857,High-value regulars,0.073,Low,13042.0
C03858,Lapsing / dormant,0.411,Medium,8907.0
C03859,Lapsing / dormant,0.241,Low,6574.0
C03860,Lapsing / dormant,0.368,Medium,8370.0
C03861,Lapsing / dormant,0.598,High,9742.0
C03862,Lapsing / dormant,0.763,High,3572.0
C03863,High-value regulars,0.204,Low,8656.0
C03864,High-value regulars,0.209,Low,12876.0
C03865,Low-spend occasional,0.108,Low,4813.0
C03866,Lapsing / dormant,0.676,High,6143.0
C03867,High-value regulars,0.229,Low,13185.0
C03868,High-value regulars,0.056,Low,21428.0
C03869,High-value regulars,0.067,Low,13215.0
C03870,High-value regulars,0.207,Low,13436.0
C03871,High-value regulars,0.045,Low,14435.0
C03872,Low-spend occasional,0.117,Low,6837.0
C03873,High-value regulars,0.121,Low,20479.0
C03874,High-value regulars,0.048,Low,10223.0
C03875,High-value regulars,0.049,Low,8777.0
C03876,Lapsing / dormant,0.291,Medium,5250.0
C03877,Lapsing / dormant,0.121,Low,5108.0
C03878,High-value regulars,0.192,Low,11592.0
C03879,Lapsing / dormant,0.513,High,4522.0
C03880,Lapsing / dormant,0.445,Medium,9350.0
C03881,Low-spend occasional,0.237,Low,2444.0
C03882,Lapsing / dormant,0.704,High,11577.0
C03883,Low-spend occasional,0.093,Low,4129.0
C03884,Low-spend occasional,0.139,Low,6175.0
C03885,High-value regulars,0.082,Low,17298.0
C03886,High-value regulars,0.138,Low,24746.0
C03887,High-value regulars,0.209,Low,12758.0
C03888,Lapsing / dormant,0.481,Medium,6684.0
C03889,High-value regulars,0.145,Low,12298.0
C03890,Lapsing / dormant,0.174,Low,7546.0
C03891,Lapsing / dormant,0.296,Medium,10784.0
C03892,Low-spend occasional,0.17,Low,5567.0
C03893,High-value regulars,0.174,Low,10855.0
C03894,High-value regulars,0.087,Low,11499.0
C03895,High-value regulars,0.131,Low,18739.0
C03896,Lapsing / dormant,0.235,Low,13301.0
C03897,Low-spend occasional,0.119,Low,4184.0
C03898,Lapsing / dormant,0.287,Medium,8627.0
C03899,Lapsing / dormant,0.077,Low,8999.0
C03900,High-value regulars,0.09,Low,27588.0
C03901,Lapsing / dormant,0.684,High,6983.0
C03902,High-value regulars,0.091,Low,8116.0
C03903,Low-spend occasional,0.207,Low,6210.0
C03904,High-value regulars,0.218,Low,9970.0
C03905,Lapsing / dormant,0.275,Medium,8796.0
C03906,High-value regulars,0.057,Low,15088.0
C03907,High-value regulars,0.094,Low,12791.0
C03908,High-value regulars,0.095,Low,10896.0
C03909,High-value regulars,0.105,Low,11386.0
C03910,Lapsing / dormant,0.136,Low,9645.0
C03911,High-value regulars,0.177,Low,14590.0
C03912,High-value regulars,0.137,Low,18726.0
C03913,Low-spend occasional,0.17,Low,5910.0
C03914,High-value regulars,0.054,Low,8105.0
C03915,Low-spend occasional,0.421,Medium,3426.0
C03916,Low-spend occasional,0.637,High,2695.0
C03917,High-value regulars,0.056,Low,11136.0
C03918,Lapsing / dormant,0.249,Low,7339.0
C03919,Low-spend occasional,0.5,High,2342.0
C03920,Lapsing / dormant,0.392,Medium,2542.0
C03921,High-value regulars,0.084,Low,17711.0
C03922,Low-spend occasional,0.248,Low,3893.0
C03923,High-value regulars,0.07,Low,12613.0
C03924,High-value regulars,0.358,Medium,10782.0
C03925,Lapsing / dormant,0.725,High,6626.0
C03926,High-value regulars,0.075,Low,17434.0
C03927,High-value regulars,0.034,Low,13076.0
C03928,Lapsing / dormant,0.228,Low,13630.0
C03929,Lapsing / dormant,0.761,High,6745.0
C03930,Lapsing / dormant,0.352,Medium,6270.0
C03931,Low-spend occasional,0.123,Low,4330.0
C03932,High-value regulars,0.131,Low,15249.0
C03933,High-value regulars,0.14,Low,18061.0
C03934,Lapsing / dormant,0.217,Low,6105.0
C03935,Lapsing / dormant,0.452,Medium,8063.0
C03936,High-value regulars,0.168,Low,10242.0
C03937,Low-spend occasional,0.224,Low,2385.0
C03938,Lapsing / dormant,0.294,Medium,11081.0
C03939,Lapsing / dormant,0.238,Low,5949.0
C03940,High-value regulars,0.358,Medium,15381.0
C03941,High-value regulars,0.091,Low,16245.0
C03942,High-value regulars,0.113,Low,16001.0
C03943,High-value regulars,0.155,Low,12197.0
C03944,High-value regulars,0.176,Low,11887.0
C03945,High-value regulars,0.038,Low,11458.0
C03946,High-value regulars,0.307,Medium,10007.0
C03947,Lapsing / dormant,0.632,High,7883.0
C03948,Lapsing / dormant,0.331,Medium,3093.0
C03949,Lapsing / dormant,0.223,Low,8757.0
C03950,Low-spend occasional,0.079,Low,5062.0
C03951,High-value regulars,0.082,Low,33074.0
C03952,High-value regulars,0.159,Low,15140.0
C03953,Lapsing / dormant,0.25,Medium,13739.0
C03954,Low-spend occasional,0.171,Low,7540.0
C03955,High-value regulars,0.192,Low,11813.0
C03956,High-value regulars,0.083,Low,15903.0
C03957,Lapsing / dormant,0.307,Medium,4061.0
C03958,Lapsing / dormant,0.264,Medium,11056.0
C03959,High-value regulars,0.384,Medium,12479.0
C03960,Lapsing / dormant,0.923,High,1319.0
C03961,High-value regulars,0.112,Low,10831.0
C03962,High-value regulars,0.147,Low,12186.0
C03963,High-value regulars,0.1,Low,13551.0
C03964,Lapsing / dormant,0.086,Low,6720.0
C03965,High-value regulars,0.249,Low,13411.0
C03966,High-value regulars,0.173,Low,9234.0
C03967,Lapsing / dormant,0.276,Medium,9971.0
C03968,High-value regulars,0.139,Low,10501.0
C03969,High-value regulars,0.082,Low,20585.0
C03970,Lapsing / dormant,0.313,Medium,10922.0
C03971,Lapsing / dormant,0.269,Medium,12161.0
C03972,Low-spend occasional,0.138,Low,4750.0
C03973,Lapsing / dormant,0.209,Low,8773.0
C03974,Lapsing / dormant,0.275,Medium,4687.0
C03975,Lapsing / dormant,0.618,High,3343.0
C03976,Low-spend occasional,0.171,Low,6431.0
C03977,High-value regulars,0.451,Medium,10759.0
C03978,Lapsing / dormant,0.247,Low,5560.0
C03979,High-value regulars,0.218,Low,12486.0
C03980,Lapsing / dormant,0.232,Low,6304.0
C03981,High-value regulars,0.119,Low,20177.0
C03982,Lapsing / dormant,0.234,Low,7790.0
C03983,High-value regulars,0.239,Low,17335.0
C03984,Lapsing / dormant,0.53,High,7868.0
C03985,Low-spend occasional,0.468,Medium,3288.0
C03986,High-value regulars,0.117,Low,16395.0
C03987,Lapsing / dormant,0.203,Low,8441.0
C03988,High-value regulars,0.055,Low,10048.0
C03989,High-value regulars,0.088,Low,22733.0
C03990,Lapsing / dormant,0.188,Low,7708.0
C03991,High-value regulars,0.153,Low,11097.0
C03992,Lapsing / dormant,0.605,High,8762.0
C03993,High-value regulars,0.091,Low,6902.0
C03994,Lapsing / dormant,0.167,Low,7408.0
C03995,Lapsing / dormant,0.556,High,8291.0
C03996,High-value regulars,0.165,Low,19666.0
C03997,Lapsing / dormant,0.102,Low,8699.0
C03998,High-value regulars,0.104,Low,10299.0
C03999,High-value regulars,0.448,Medium,16160.0
C04000,Lapsing / dormant,0.304,Medium,11224.0
C04001,Lapsing / dormant,0.574,High,7418.0
C04002,Low-spend occasional,0.189,Low,2590.0
C04003,Lapsing / dormant,0.19,Low,8883.0
C04004,Lapsing / dormant,0.144,Low,8753.0
C04005,Lapsing / dormant,0.204,Low,8600.0
C04006,Low-spend occasional,0.122,Low,3464.0
C04007,High-value regulars,0.078,Low,12883.0
C04008,High-value regulars,0.389,Medium,27720.0
C04009,Lapsing / dormant,0.214,Low,8039.0
C04010,Lapsing / dormant,0.354,Medium,5117.0
C04011,High-value regulars,0.362,Medium,12674.0
C04012,Lapsing / dormant,0.583,High,4436.0
C04013,High-value regulars,0.203,Low,13052.0
C04014,High-value regulars,0.083,Low,10582.0
C04015,Low-spend occasional,0.132,Low,4215.0
C04016,Lapsing / dormant,0.519,High,4564.0
C04017,Low-spend occasional,0.068,Low,5560.0
C04018,High-value regulars,0.044,Low,13717.0
C04019,High-value regulars,0.091,Low,4669.0
C04020,High-value regulars,0.058,Low,20586.0
C04021,High-value regulars,0.027,Low,20930.0
C04022,Lapsing / dormant,0.254,Medium,9674.0
C04023,Lapsing / dormant,0.426,Medium,10462.0
C04024,Lapsing / dormant,0.537,High,10283.0
C04025,High-value regulars,0.116,Low,16976.0
C04026,High-value regulars,0.159,Low,9098.0
C04027,High-value regulars,0.189,Low,21436.0
C04028,High-value regulars,0.347,Medium,12971.0
C04029,High-value regulars,0.242,Low,14349.0
C04030,Low-spend occasional,0.063,Low,3747.0
C04031,High-value regulars,0.281,Medium,9435.0
C04032,Lapsing / dormant,0.128,Low,6895.0
C04033,High-value regulars,0.088,Low,13902.0
C04034,Lapsing / dormant,0.183,Low,8340.0
C04035,Low-spend occasional,0.095,Low,6881.0
C04036,High-value regulars,0.07,Low,11609.0
C04037,High-value regulars,0.037,Low,9621.0
C04038,Lapsing / dormant,0.165,Low,5127.0
C04039,High-value regulars,0.156,Low,13599.0
C04040,Lapsing / dormant,0.229,Low,9182.0
C04041,Low-spend occasional,0.223,Low,1794.0
C04042,High-value regulars,0.115,Low,9430.0
C04043,Low-spend occasional,0.22,Low,5455.0
C04044,High-value regulars,0.083,Low,8547.0
C04045,Lapsing / dormant,0.511,High,7115.0
C04046,High-value regulars,0.068,Low,14092.0
C04047,High-value regulars,0.052,Low,8645.0
C04048,Lapsing / dormant,0.265,Medium,7479.0
C04049,Lapsing / dormant,0.235,Low,6155.0
C04050,High-value regulars,0.143,Low,13287.0
C04051,High-value regulars,0.058,Low,14656.0
C04052,Lapsing / dormant,0.126,Low,10684.0
C04053,Lapsing / dormant,0.261,Medium,7516.0
C04054,High-value regulars,0.224,Low,10810.0
C04055,Lapsing / dormant,0.356,Medium,9139.0
C04056,Lapsing / dormant,0.335,Medium,6525.0
C04057,High-value regulars,0.076,Low,8596.0
C04058,High-value regulars,0.095,Low,20349.0
C04059,High-value regulars,0.122,Low,8568.0
C04060,Low-spend occasional,0.402,Medium,3965.0
C04061,Lapsing / dormant,0.241,Low,5816.0
C04062,Lapsing / dormant,0.68,High,6560.0
C04063,Low-spend occasional,0.081,Low,3315.0
C04064,High-value regulars,0.161,Low,14952.0
C04065,High-value regulars,0.085,Low,12573.0
C04066,Lapsing / dormant,0.254,Medium,7160.0
C04067,Lapsing / dormant,0.28,Medium,6673.0
C04068,High-value regulars,0.031,Low,20975.0
C04069,High-value regulars,0.195,Low,10733.0
C04070,High-value regulars,0.347,Medium,20547.0
C04071,Lapsing / dormant,0.52,High,7259.0
C04072,Lapsing / dormant,0.554,High,5577.0
C04073,Low-spend occasional,0.18,Low,6317.0
C04074,Low-spend occasional,0.612,High,1893.0
C04075,High-value regulars,0.079,Low,6837.0
C04076,Lapsing / dormant,0.712,High,5328.0
C04077,Low-spend occasional,0.045,Low,4450.0
C04078,Low-spend occasional,0.196,Low,7484.0
C04079,High-value regulars,0.124,Low,19161.0
C04080,Lapsing / dormant,0.171,Low,6948.0
C04081,High-value regulars,0.116,Low,9892.0
C04082,High-value regulars,0.127,Low,19043.0
C04083,Low-spend occasional,0.06,Low,6277.0
C04084,Low-spend occasional,0.694,High,348.0
C04085,High-value regulars,0.154,Low,16288.0
C04086,Lapsing / dormant,0.6,High,6719.0
C04087,Low-spend occasional,0.159,Low,2049.0
C04088,High-value regulars,0.131,Low,28066.0
C04089,Low-spend occasional,0.227,Low,5761.0
C04090,Lapsing / dormant,0.14,Low,7998.0
C04091,High-value regulars,0.156,Low,11664.0
C04092,High-value regulars,0.247,Low,13690.0
C04093,Low-spend occasional,0.278,Medium,3359.0
C04094,High-value regulars,0.04,Low,10636.0
C04095,High-value regulars,0.177,Low,14992.0
C04096,High-value regulars,0.133,Low,10594.0
C04097,High-value regulars,0.062,Low,11927.0
C04098,Lapsing / dormant,0.195,Low,9718.0
C04099,High-value regulars,0.146,Low,17195.0
C04100,High-value regulars,0.13,Low,11832.0
C04101,High-value regulars,0.273,Medium,10984.0
C04102,High-value regulars,0.135,Low,13071.0
C04103,High-value regulars,0.038,Low,22628.0
C04104,Lapsing / dormant,0.69,High,5574.0
C04105,High-value regulars,0.027,Low,26504.0
C04106,High-value regulars,0.1,Low,10233.0
C04107,Lapsing / dormant,0.567,High,11258.0
C04108,High-value regulars,0.078,Low,12252.0
C04109,Lapsing / dormant,0.257,Medium,6957.0
C04110,High-value regulars,0.255,Medium,17831.0
C04111,Low-spend occasional,0.053,Low,7125.0
C04112,Low-spend occasional,0.246,Low,4541.0
C04113,Low-spend occasional,0.47,Medium,3141.0
C04114,Lapsing / dormant,0.402,Medium,14164.0
C04115,High-value regulars,0.062,Low,20797.0
C04116,High-value regulars,0.143,Low,12772.0
C04117,Low-spend occasional,0.286,Medium,3708.0
C04118,Lapsing / dormant,0.251,Medium,7923.0
C04119,Lapsing / dormant,0.466,Medium,7459.0
C04120,Lapsing / dormant,0.112,Low,4668.0
C04121,Low-spend occasional,0.284,Medium,4710.0
C04122,High-value regulars,0.11,Low,9956.0
C04123,Lapsing / dormant,0.317,Medium,8587.0
C04124,Lapsing / dormant,0.149,Low,7551.0
C04125,High-value regulars,0.14,Low,14544.0
C04126,Lapsing / dormant,0.464,Medium,7188.0
C04127,High-value regulars,0.06,Low,16462.0
C04128,High-value regulars,0.093,Low,11255.0
C04129,Lapsing / dormant,0.179,Low,10920.0
C04130,High-value regulars,0.065,Low,14573.0
C04131,High-value regulars,0.391,Medium,9280.0
C04132,Lapsing / dormant,0.669,High,2672.0
C04133,Low-spend occasional,0.128,Low,2023.0
C04134,Lapsing / dormant,0.261,Medium,9790.0
C04135,High-value regulars,0.095,Low,11690.0
C04136,High-value regulars,0.06,Low,11009.0
C04137,Lapsing / dormant,0.184,Low,5856.0
C04138,High-value regulars,0.06,Low,9690.0
C04139,High-value regulars,0.137,Low,11679.0
C04140,Lapsing / dormant,0.775,High,7340.0
C04141,High-value regulars,0.07,Low,11573.0
C04142,High-value regulars,0.043,Low,15611.0
C04143,Lapsing / dormant,0.449,Medium,12716.0
C04144,Lapsing / dormant,0.316,Medium,8576.0
C04145,Lapsing / dormant,0.609,High,6271.0
C04146,Lapsing / dormant,0.445,Medium,8948.0
C04147,High-value regulars,0.046,Low,13098.0
C04148,Lapsing / dormant,0.272,Medium,7633.0
C04149,High-value regulars,0.045,Low,10981.0
C04150,Lapsing / dormant,0.148,Low,7641.0
C04151,Lapsing / dormant,0.263,Medium,7178.0
C04152,Lapsing / dormant,0.395,Medium,4345.0
C04153,High-value regulars,0.169,Low,12119.0
C04154,High-value regulars,0.079,Low,20096.0
C04155,Lapsing / dormant,0.546,High,5187.0
C04156,High-value regulars,0.019,Low,16763.0
C04157,High-value regulars,0.121,Low,11677.0
C04158,High-value regulars,0.205,Low,14832.0
C04159,Low-spend occasional,0.12,Low,7366.0
C04160,Lapsing / dormant,0.153,Low,8248.0
C04161,High-value regulars,0.172,Low,9213.0
C04162,High-value regulars,0.039,Low,13228.0
C04163,High-value regulars,0.258,Medium,12559.0
C04164,High-value regulars,0.145,Low,13629.0
C04165,Lapsing / dormant,0.425,Medium,10286.0
C04166,High-value regulars,0.321,Medium,24189.0
C04167,High-value regulars,0.156,Low,15790.0
C04168,Lapsing / dormant,0.977,High,2435.0
C04169,High-value regulars,0.085,Low,14147.0
C04170,Lapsing / dormant,0.292,Medium,10600.0
C04171,Lapsing / dormant,0.485,Medium,10676.0
C04172,High-value regulars,0.19,Low,11597.0
C04173,Lapsing / dormant,0.142,Low,4978.0
C04174,High-value regulars,0.208,Low,10992.0
C04175,High-value regulars,0.123,Low,11070.0
C04176,Lapsing / dormant,0.637,High,4780.0
C04177,High-value regulars,0.139,Low,11188.0
C04178,High-value regulars,0.124,Low,12851.0
C04179,High-value regulars,0.037,Low,11981.0
C04180,High-value regulars,0.068,Low,13879.0
C04181,Lapsing / dormant,0.466,Medium,6173.0
C04182,Lapsing / dormant,0.269,Medium,8442.0
C04183,Low-spend occasional,0.063,Low,7463.0
C04184,Lapsing / dormant,0.367,Medium,9261.0
C04185,Low-spend occasional,0.46,Medium,4839.0
C04186,Lapsing / dormant,0.126,Low,4843.0
C04187,High-value regulars,0.107,Low,11185.0
C04188,High-value regulars,0.058,Low,12907.0
C04189,High-value regulars,0.024,Low,11270.0
C04190,High-value regulars,0.372,Medium,13950.0
C04191,High-value regulars,0.055,Low,9505.0
C04192,High-value regulars,0.156,Low,12265.0
C04193,Lapsing / dormant,0.205,Low,10194.0
C04194,Lapsing / dormant,0.426,Medium,8051.0
C04195,Lapsing / dormant,0.212,Low,7538.0
C04196,High-value regulars,0.146,Low,9497.0
C04197,Lapsing / dormant,0.182,Low,5546.0
C04198,High-value regulars,0.055,Low,13267.0
C04199,Lapsing / dormant,0.271,Medium,8089.0
C04200,Lapsing / dormant,0.411,Medium,6596.0
C04201,Lapsing / dormant,0.287,Medium,5342.0
C04202,Lapsing / dormant,0.73,High,12172.0
C04203,High-value regulars,0.189,Low,14720.0
C04204,Lapsing / dormant,0.42,Medium,5034.0
C04205,Low-spend occasional,0.398,Medium,5695.0
C04206,Lapsing / dormant,0.636,High,4250.0
C04207,High-value regulars,0.139,Low,8537.0
C04208,High-value regulars,0.175,Low,6307.0
C04209,High-value regulars,0.052,Low,10806.0
C04210,High-value regulars,0.104,Low,8383.0
C04211,High-value regulars,0.072,Low,20584.0
C04212,Lapsing / dormant,0.114,Low,6774.0
C04213,High-value regulars,0.09,Low,11172.0
C04214,Lapsing / dormant,0.239,Low,8956.0
C04215,High-value regulars,0.12,Low,18006.0
C04216,High-value regulars,0.081,Low,15000.0
C04217,High-value regulars,0.091,Low,20821.0
C04218,High-value regulars,0.152,Low,10676.0
C04219,Lapsing / dormant,0.58,High,5324.0
C04220,Lapsing / dormant,0.465,Medium,8043.0
C04221,High-value regulars,0.075,Low,12990.0
C04222,Lapsing / dormant,0.215,Low,10497.0
C04223,Lapsing / dormant,0.173,Low,8730.0
C04224,Lapsing / dormant,0.3,Medium,9887.0
C04225,High-value regulars,0.12,Low,12954.0
C04226,Lapsing / dormant,0.554,High,3562.0
C04227,High-value regulars,0.036,Low,9084.0
C04228,Lapsing / dormant,0.472,Medium,6033.0
C04229,Low-spend occasional,0.049,Low,7259.0
C04230,High-value regulars,0.047,Low,14545.0
C04231,Lapsing / dormant,0.574,High,4920.0
C04232,High-value regulars,0.055,Low,14368.0
C04233,Low-spend occasional,0.252,Medium,6360.0
C04234,Low-spend occasional,0.159,Low,3496.0
C04235,High-value regulars,0.149,Low,12488.0
C04236,Lapsing / dormant,0.336,Medium,4957.0
C04237,High-value regulars,0.227,Low,11292.0
C04238,Lapsing / dormant,0.544,High,13939.0
C04239,Lapsing / dormant,0.274,Medium,8123.0
C04240,High-value regulars,0.077,Low,9833.0
C04241,Lapsing / dormant,0.365,Medium,8312.0
C04242,High-value regulars,0.205,Low,11849.0
C04243,High-value regulars,0.342,Medium,14330.0
C04244,Low-spend occasional,0.153,Low,2678.0
C04245,Lapsing / dormant,0.778,High,3760.0
C04246,High-value regulars,0.106,Low,6810.0
C04247,Low-spend occasional,0.316,Medium,5966.0
C04248,Lapsing / dormant,0.233,Low,10522.0
C04249,Lapsing / dormant,0.429,Medium,7082.0
C04250,Low-spend occasional,0.065,Low,4424.0
C04251,Low-spend occasional,0.416,Medium,4591.0
C04252,Low-spend occasional,0.358,Medium,3698.0
C04253,Low-spend occasional,0.27,Medium,4094.0
C04254,High-value regulars,0.069,Low,11615.0
C04255,High-value regulars,0.084,Low,14465.0
C04256,Lapsing / dormant,0.521,High,4703.0
C04257,Lapsing / dormant,0.124,Low,4342.0
C04258,Low-spend occasional,0.144,Low,3153.0
C04259,High-value regulars,0.101,Low,16452.0
C04260,Lapsing / dormant,0.464,Medium,3297.0
C04261,Lapsing / dormant,0.636,High,5877.0
C04262,Lapsing / dormant,0.238,Low,10888.0
C04263,Lapsing / dormant,0.251,Medium,5872.0
C04264,Lapsing / dormant,0.658,High,2070.0
C04265,High-value regulars,0.038,Low,15602.0
C04266,Lapsing / dormant,0.334,Medium,8067.0
C04267,High-value regulars,0.11,Low,12934.0
C04268,Lapsing / dormant,0.478,Medium,17324.0
C04269,High-value regulars,0.063,Low,10504.0
C04270,High-value regulars,0.095,Low,13107.0
C04271,Low-spend occasional,0.501,High,4726.0
C04272,Lapsing / dormant,0.508,High,3187.0
C04273,High-value regulars,0.238,Low,15823.0
C04274,Lapsing / dormant,0.267,Medium,3338.0
C04275,Lapsing / dormant,0.15,Low,4931.0
C04276,High-value regulars,0.033,Low,20121.0
C04277,Lapsing / dormant,0.247,Low,7869.0
C04278,Low-spend occasional,0.25,Low,3897.0
C04279,Lapsing / dormant,0.297,Medium,9015.0
C04280,Lapsing / dormant,0.484,Medium,5579.0
C04281,Lapsing / dormant,0.11,Low,6323.0
C04282,High-value regulars,0.074,Low,14813.0
C04283,High-value regulars,0.035,Low,8592.0
C04284,High-value regulars,0.154,Low,9653.0
C04285,Lapsing / dormant,0.311,Medium,8324.0
C04286,Lapsing / dormant,0.227,Low,6183.0
C04287,High-value regulars,0.127,Low,9757.0
C04288,High-value regulars,0.165,Low,17284.0
C04289,High-value regulars,0.101,Low,17712.0
C04290,Lapsing / dormant,0.198,Low,9861.0
C04291,High-value regulars,0.163,Low,12007.0
C04292,High-value regulars,0.039,Low,15690.0
C04293,High-value regulars,0.149,Low,18399.0
C04294,High-value regulars,0.093,Low,19658.0
C04295,Lapsing / dormant,0.315,Medium,8173.0
C04296,High-value regulars,0.058,Low,10520.0
C04297,High-value regulars,0.189,Low,11428.0
C04298,High-value regulars,0.22,Low,8139.0
C04299,High-value regulars,0.116,Low,16589.0
C04300,Lapsing / dormant,0.717,High,6695.0
C04301,High-value regulars,0.101,Low,7568.0
C04302,High-value regulars,0.135,Low,12379.0
C04303,High-value regulars,0.197,Low,15890.0
C04304,Lapsing / dormant,0.123,Low,6489.0
C04305,High-value regulars,0.066,Low,37381.0
C04306,Lapsing / dormant,0.59,High,2985.0
C04307,Low-spend occasional,0.331,Medium,4211.0
C04308,High-value regulars,0.133,Low,9580.0
C04309,Lapsing / dormant,0.282,Medium,12284.0
C04310,Low-spend occasional,0.319,Medium,6404.0
C04311,Lapsing / dormant,0.366,Medium,5574.0
C04312,Lapsing / dormant,0.133,Low,5632.0
C04313,High-value regulars,0.352,Medium,17671.0
C04314,Lapsing / dormant,0.578,High,6085.0
C04315,High-value regulars,0.069,Low,14546.0
C04316,High-value regulars,0.131,Low,13280.0
C04317,Low-spend occasional,0.056,Low,6169.0
C04318,High-value regulars,0.09,Low,18131.0
C04319,High-value regulars,0.097,Low,10456.0
C04320,Low-spend occasional,0.164,Low,5124.0
C04321,High-value regulars,0.061,Low,11943.0
C04322,Lapsing / dormant,0.527,High,11022.0
C04323,High-value regulars,0.068,Low,18190.0
C04324,Lapsing / dormant,0.402,Medium,9780.0
C04325,Lapsing / dormant,0.284,Medium,11761.0
C04326,Lapsing / dormant,0.45,Medium,4496.0
C04327,Lapsing / dormant,0.171,Low,7286.0
C04328,Low-spend occasional,0.094,Low,6643.0
C04329,Low-spend occasional,0.357,Medium,5055.0
C04330,Low-spend occasional,0.118,Low,4726.0
C04331,Lapsing / dormant,0.163,Low,8695.0
C04332,Low-spend occasional,0.084,Low,1425.0
C04333,High-value regulars,0.104,Low,14675.0
C04334,High-value regulars,0.132,Low,16840.0
C04335,High-value regulars,0.107,Low,22970.0
C04336,Low-spend occasional,0.298,Medium,5657.0
C04337,Lapsing / dormant,0.874,High,5737.0
C04338,High-value regulars,0.047,Low,21206.0
C04339,Lapsing / dormant,0.369,Medium,4079.0
C04340,High-value regulars,0.072,Low,12410.0
C04341,High-value regulars,0.111,Low,8533.0
C04342,Lapsing / dormant,0.685,High,3531.0
C04343,High-value regulars,0.164,Low,14473.0
C04344,Lapsing / dormant,0.292,Medium,12666.0
C04345,Lapsing / dormant,0.267,Medium,5330.0
C04346,High-value regulars,0.055,Low,15052.0
C04347,Lapsing / dormant,0.544,High,7596.0
C04348,High-value regulars,0.305,Medium,23109.0
C04349,Low-spend occasional,0.129,Low,8120.0
C04350,High-value regulars,0.11,Low,14902.0
C04351,Lapsing / dormant,0.307,Medium,9642.0
C04352,High-value regulars,0.074,Low,13049.0
C04353,Lapsing / dormant,0.249,Low,9210.0
C04354,Lapsing / dormant,0.153,Low,9511.0
C04355,Lapsing / dormant,0.471,Medium,7894.0
C04356,Lapsing / dormant,0.125,Low,7490.0
C04357,Lapsing / dormant,0.347,Medium,9935.0
C04358,Lapsing / dormant,0.229,Low,9480.0
C04359,High-value regulars,0.172,Low,22419.0
C04360,Lapsing / dormant,0.746,High,4177.0
C04361,Lapsing / dormant,0.215,Low,9258.0
C04362,Low-spend occasional,0.059,Low,5244.0
C04363,High-value regulars,0.041,Low,13878.0
C04364,High-value regulars,0.183,Low,16122.0
C04365,Lapsing / dormant,0.126,Low,6623.0
C04366,Low-spend occasional,0.057,Low,6845.0
C04367,High-value regulars,0.112,Low,14951.0
C04368,High-value regulars,0.249,Low,16378.0
C04369,High-value regulars,0.177,Low,12271.0
C04370,High-value regulars,0.085,Low,13954.0
C04371,High-value regulars,0.126,Low,7188.0
C04372,High-value regulars,0.241,Low,9336.0
C04373,High-value regulars,0.132,Low,12565.0
C04374,Low-spend occasional,0.562,High,8361.0
C04375,Low-spend occasional,0.186,Low,5800.0
C04376,Lapsing / dormant,0.145,Low,5061.0
C04377,Low-spend occasional,0.085,Low,6774.0
C04378,High-value regulars,0.083,Low,15743.0
C04379,Low-spend occasional,0.201,Low,3180.0
C04380,High-value regulars,0.166,Low,9774.0
C04381,Low-spend occasional,0.328,Medium,4534.0
C04382,High-value regulars,0.047,Low,15456.0
C04383,High-value regulars,0.057,Low,11303.0
C04384,Low-spend occasional,0.223,Low,3398.0
C04385,High-value regulars,0.447,Medium,13014.0
C04386,Lapsing / dormant,0.981,High,1780.0
C04387,Lapsing / dormant,0.435,Medium,4971.0
C04388,High-value regulars,0.053,Low,20849.0
C04389,Low-spend occasional,0.072,Low,2234.0
C04390,High-value regulars,0.23,Low,12862.0
C04391,High-value regulars,0.171,Low,8784.0
C04392,High-value regulars,0.038,Low,9252.0
C04393,Low-spend occasional,0.22,Low,2896.0
C04394,Lapsing / dormant,0.456,Medium,6568.0
C04395,Lapsing / dormant,0.675,High,2323.0
C04396,Low-spend occasional,0.181,Low,7719.0
C04397,Lapsing / dormant,0.219,Low,8649.0
C04398,Low-spend occasional,0.076,Low,3204.0
C04399,Low-spend occasional,0.077,Low,4428.0
C04400,Low-spend occasional,0.198,Low,6492.0
C04401,High-value regulars,0.151,Low,9359.0
C04402,Lapsing / dormant,0.321,Medium,8012.0
C04403,High-value regulars,0.107,Low,16967.0
C04404,High-value regulars,0.219,Low,18326.0
C04405,Lapsing / dormant,0.13,Low,7089.0
C04406,Lapsing / dormant,0.33,Medium,6918.0
C04407,High-value regulars,0.119,Low,13489.0
C04408,High-value regulars,0.068,Low,8878.0
C04409,Lapsing / dormant,0.578,High,7060.0
C04410,Low-spend occasional,0.126,Low,5061.0
C04411,High-value regulars,0.111,Low,11347.0
C04412,Lapsing / dormant,0.239,Low,7796.0
C04413,High-value regulars,0.069,Low,15827.0
C04414,High-value regulars,0.144,Low,10320.0
C04415,Lapsing / dormant,0.291,Medium,10561.0
C04416,Lapsing / dormant,0.145,Low,10305.0
C04417,Lapsing / dormant,0.601,High,5222.0
C04418,High-value regulars,0.024,Low,11551.0
C04419,Low-spend occasional,0.042,Low,4354.0
C04420,Low-spend occasional,0.402,Medium,6703.0
C04421,Lapsing / dormant,0.572,High,8696.0
C04422,Lapsing / dormant,0.127,Low,6670.0
C04423,High-value regulars,0.428,Medium,14387.0
C04424,Low-spend occasional,0.196,Low,1614.0
C04425,Low-spend occasional,0.231,Low,6666.0
C04426,High-value regulars,0.241,Low,9648.0
C04427,High-value regulars,0.16,Low,8759.0
C04428,Lapsing / dormant,0.144,Low,8451.0
C04429,High-value regulars,0.052,Low,15132.0
C04430,High-value regulars,0.055,Low,10924.0
C04431,Lapsing / dormant,0.798,High,8475.0
C04432,Lapsing / dormant,0.436,Medium,3589.0
C04433,Low-spend occasional,0.278,Medium,4556.0
C04434,High-value regulars,0.029,Low,19987.0
C04435,Lapsing / dormant,0.296,Medium,7844.0
C04436,Low-spend occasional,0.127,Low,6298.0
C04437,Lapsing / dormant,0.087,Low,7964.0
C04438,High-value regulars,0.081,Low,9326.0
C04439,High-value regulars,0.106,Low,12026.0
C04440,High-value regulars,0.059,Low,7837.0
C04441,High-value regulars,0.102,Low,17381.0
C04442,High-value regulars,0.116,Low,16696.0
C04443,Lapsing / dormant,0.269,Medium,5367.0
C04444,High-value regulars,0.227,Low,20271.0
C04445,Lapsing / dormant,0.343,Medium,5228.0
C04446,High-value regulars,0.113,Low,15515.0
C04447,Lapsing / dormant,0.293,Medium,4796.0
C04448,High-value regulars,0.222,Low,12568.0
C04449,High-value regulars,0.13,Low,20467.0
C04450,High-value regulars,0.171,Low,10138.0
C04451,Lapsing / dormant,0.656,High,13328.0
C04452,Low-spend occasional,0.229,Low,7081.0
C04453,High-value regulars,0.039,Low,11051.0
C04454,Low-spend occasional,0.171,Low,5740.0
C04455,High-value regulars,0.187,Low,14646.0
C04456,Lapsing / dormant,0.645,High,3953.0
C04457,High-value regulars,0.07,Low,15321.0
C04458,High-value regulars,0.108,Low,8604.0
C04459,High-value regulars,0.165,Low,8748.0
C04460,Lapsing / dormant,0.297,Medium,6347.0
C04461,High-value regulars,0.062,Low,13542.0
C04462,Lapsing / dormant,0.635,High,5525.0
C04463,Low-spend occasional,0.399,Medium,1328.0
C04464,Lapsing / dormant,0.401,Medium,6718.0
C04465,High-value regulars,0.127,Low,14518.0
C04466,High-value regulars,0.057,Low,19235.0
C04467,High-value regulars,0.143,Low,22249.0
C04468,High-value regulars,0.054,Low,6856.0
C04469,Lapsing / dormant,0.576,High,3772.0
C04470,High-value regulars,0.062,Low,8914.0
C04471,Low-spend occasional,0.475,Medium,2850.0
C04472,High-value regulars,0.065,Low,12493.0
C04473,High-value regulars,0.069,Low,6267.0
C04474,Lapsing / dormant,0.31,Medium,7980.0
C04475,High-value regulars,0.15,Low,13216.0
C04476,Lapsing / dormant,0.171,Low,9365.0
C04477,High-value regulars,0.163,Low,13632.0
C04478,Low-spend occasional,0.251,Medium,3281.0
C04479,High-value regulars,0.112,Low,11818.0
C04480,Lapsing / dormant,0.386,Medium,4396.0
C04481,Lapsing / dormant,0.109,Low,11706.0
C04482,Low-spend occasional,0.318,Medium,7556.0
C04483,Lapsing / dormant,0.612,High,3857.0
C04484,High-value regulars,0.113,Low,7001.0
C04485,High-value regulars,0.047,Low,20940.0
C04486,Low-spend occasional,0.199,Low,3101.0
C04487,Low-spend occasional,0.148,Low,6261.0
C04488,High-value regulars,0.029,Low,21031.0
C04489,Lapsing / dormant,0.218,Low,8662.0
C04490,High-value regulars,0.034,Low,12356.0
C04491,High-value regulars,0.236,Low,13456.0
C04492,High-value regulars,0.199,Low,14701.0
C04493,High-value regulars,0.22,Low,15685.0
C04494,High-value regulars,0.093,Low,11314.0
C04495,Lapsing / dormant,0.836,High,2335.0
C04496,High-value regulars,0.138,Low,11854.0
C04497,High-value regulars,0.028,Low,20185.0
C04498,High-value regulars,0.101,Low,12418.0
C04499,Lapsing / dormant,0.781,High,10246.0
C04500,High-value regulars,0.103,Low,10118.0
C04501,High-value regulars,0.103,Low,7052.0
C04502,High-value regulars,0.138,Low,16271.0
C04503,Lapsing / dormant,0.32,Medium,9237.0
C04504,Low-spend occasional,0.204,Low,4891.0
C04505,Low-spend occasional,0.233,Low,8052.0
C04506,High-value regulars,0.172,Low,8997.0
C04507,Low-spend occasional,0.281,Medium,4876.0
C04508,Lapsing / dormant,0.275,Medium,4202.0
C04509,High-value regulars,0.244,Low,8621.0
C04510,High-value regulars,0.1,Low,16579.0
C04511,High-value regulars,0.066,Low,8480.0
C04512,Low-spend occasional,0.109,Low,6197.0
C04513,High-value regulars,0.113,Low,13613.0
C04514,Lapsing / dormant,0.248,Low,8104.0
C04515,High-value regulars,0.057,Low,11926.0
C04516,Lapsing / dormant,0.634,High,16180.0
C04517,High-value regulars,0.059,Low,10704.0
C04518,Lapsing / dormant,0.11,Low,6518.0
C04519,Low-spend occasional,0.21,Low,1785.0
C04520,Low-spend occasional,0.266,Medium,2939.0
C04521,High-value regulars,0.085,Low,13553.0
C04522,High-value regulars,0.19,Low,11686.0
C04523,Lapsing / dormant,0.157,Low,6627.0
C04524,High-value regulars,0.044,Low,11938.0
C04525,High-value regulars,0.042,Low,20620.0
C04526,Lapsing / dormant,0.227,Low,7772.0
C04527,High-value regulars,0.215,Low,10323.0
C04528,Lapsing / dormant,0.422,Medium,6449.0
C04529,High-value regulars,0.094,Low,21199.0
C04530,High-value regulars,0.324,Medium,9541.0
C04531,Lapsing / dormant,0.398,Medium,6333.0
C04532,High-value regulars,0.236,Low,9179.0
C04533,High-value regulars,0.094,Low,21720.0
C04534,Low-spend occasional,0.228,Low,2766.0
C04535,High-value regulars,0.158,Low,7830.0
C04536,High-value regulars,0.101,Low,14166.0
C04537,Lapsing / dormant,0.24,Low,11209.0
C04538,High-value regulars,0.41,Medium,11797.0
C04539,Lapsing / dormant,0.34,Medium,11849.0
C04540,Lapsing / dormant,0.134,Low,5414.0
C04541,Lapsing / dormant,0.138,Low,6808.0
C04542,Low-spend occasional,0.241,Low,4702.0
C04543,Lapsing / dormant,0.203,Low,8442.0
C04544,Lapsing / dormant,0.191,Low,9311.0
C04545,Low-spend occasional,0.067,Low,4497.0
C04546,High-value regulars,0.043,Low,14083.0
C04547,Lapsing / dormant,0.139,Low,7096.0
C04548,High-value regulars,0.08,Low,8966.0
C04549,High-value regulars,0.174,Low,9553.0
C04550,High-value regulars,0.277,Medium,12575.0
C04551,High-value regulars,0.137,Low,21192.0
C04552,Lapsing / dormant,0.375,Medium,8482.0
C04553,Low-spend occasional,0.118,Low,3247.0
C04554,Lapsing / dormant,0.293,Medium,15344.0
C04555,High-value regulars,0.251,Medium,21132.0
C04556,Lapsing / dormant,0.292,Medium,7516.0
C04557,Lapsing / dormant,0.27,Medium,8599.0
C04558,High-value regulars,0.091,Low,15938.0
C04559,High-value regulars,0.073,Low,24967.0
C04560,High-value regulars,0.119,Low,10707.0
C04561,Low-spend occasional,0.241,Low,3157.0
C04562,Lapsing / dormant,0.601,High,4527.0
C04563,High-value regulars,0.229,Low,14141.0
C04564,High-value regulars,0.128,Low,13776.0
C04565,Lapsing / dormant,0.642,High,10285.0
C04566,Low-spend occasional,0.068,Low,7171.0
C04567,Low-spend occasional,0.049,Low,4718.0
C04568,High-value regulars,0.137,Low,23642.0
C04569,High-value regulars,0.037,Low,18900.0
C04570,High-value regulars,0.031,Low,15597.0
C04571,High-value regulars,0.067,Low,14895.0
C04572,Low-spend occasional,0.316,Medium,5451.0
C04573,Lapsing / dormant,0.432,Medium,9219.0
C04574,High-value regulars,0.027,Low,32974.0
C04575,High-value regulars,0.122,Low,15406.0
C04576,High-value regulars,0.033,Low,14699.0
C04577,Low-spend occasional,0.055,Low,6530.0
C04578,High-value regulars,0.199,Low,13767.0
C04579,High-value regulars,0.044,Low,22045.0
C04580,Low-spend occasional,0.066,Low,6136.0
C04581,High-value regulars,0.028,Low,12114.0
C04582,High-value regulars,0.047,Low,20331.0
C04583,Lapsing / dormant,0.203,Low,7025.0
C04584,High-value regulars,0.094,Low,10578.0
C04585,Low-spend occasional,0.096,Low,6175.0
C04586,High-value regulars,0.147,Low,17848.0
C04587,Lapsing / dormant,0.144,Low,7025.0
C04588,Low-spend occasional,0.182,Low,4168.0
C04589,Lapsing / dormant,0.231,Low,11792.0
C04590,High-value regulars,0.1,Low,12332.0
C04591,Lapsing / dormant,0.354,Medium,8206.0
C04592,Lapsing / dormant,0.11,Low,9584.0
C04593,High-value regulars,0.017,Low,22472.0
C04594,High-value regulars,0.071,Low,14735.0
C04595,Low-spend occasional,0.198,Low,4985.0
C04596,High-value regulars,0.04,Low,13814.0
C04597,High-value regulars,0.205,Low,14676.0
C04598,High-value regulars,0.051,Low,11428.0
C04599,Lapsing / dormant,0.275,Medium,4867.0
C04600,High-value regulars,0.129,Low,27845.0
C04601,Lapsing / dormant,0.158,Low,5379.0
C04602,Lapsing / dormant,0.299,Medium,4371.0
C04603,Low-spend occasional,0.153,Low,4982.0
C04604,High-value regulars,0.152,Low,15849.0
C04605,High-value regulars,0.046,Low,27388.0
C04606,High-value regulars,0.049,Low,29560.0
C04607,High-value regulars,0.085,Low,17693.0
C04608,High-value regulars,0.157,Low,17606.0
C04609,High-value regulars,0.115,Low,9941.0
C04610,High-value regulars,0.143,Low,15160.0
C04611,Lapsing / dormant,0.501,High,4267.0
C04612,High-value regulars,0.045,Low,22815.0
C04613,High-value regulars,0.08,Low,12092.0
C04614,Lapsing / dormant,0.208,Low,7034.0
C04615,Lapsing / dormant,0.173,Low,9873.0
C04616,Lapsing / dormant,0.354,Medium,8041.0
C04617,Low-spend occasional,0.146,Low,8739.0
C04618,Lapsing / dormant,0.138,Low,6961.0
C04619,High-value regulars,0.104,Low,17229.0
C04620,Lapsing / dormant,0.226,Low,8384.0
C04621,Lapsing / dormant,0.246,Low,8864.0
C04622,High-value regulars,0.072,Low,23021.0
C04623,Lapsing / dormant,0.147,Low,4671.0
C04624,Low-spend occasional,0.09,Low,1638.0
C04625,High-value regulars,0.252,Medium,9513.0
C04626,High-value regulars,0.152,Low,9788.0
C04627,Lapsing / dormant,0.264,Medium,12864.0
C04628,High-value regulars,0.077,Low,15243.0
C04629,High-value regulars,0.067,Low,19676.0
C04630,Lapsing / dormant,0.185,Low,6006.0
C04631,High-value regulars,0.104,Low,18189.0
C04632,High-value regulars,0.263,Medium,17546.0
C04633,Lapsing / dormant,0.229,Low,7676.0
C04634,Lapsing / dormant,0.489,Medium,2571.0
C04635,High-value regulars,0.334,Medium,12839.0
C04636,High-value regulars,0.129,Low,17524.0
C04637,Low-spend occasional,0.438,Medium,4181.0
C04638,Low-spend occasional,0.21,Low,5328.0
C04639,High-value regulars,0.067,Low,10830.0
C04640,High-value regulars,0.076,Low,17440.0
C04641,High-value regulars,0.113,Low,12759.0
C04642,High-value regulars,0.065,Low,15742.0
C04643,Lapsing / dormant,0.443,Medium,5498.0
C04644,Lapsing / dormant,0.218,Low,6296.0
C04645,High-value regulars,0.094,Low,14907.0
C04646,High-value regulars,0.072,Low,25188.0
C04647,High-value regulars,0.127,Low,10418.0
C04648,Lapsing / dormant,0.406,Medium,8922.0
C04649,High-value regulars,0.165,Low,7418.0
C04650,Lapsing / dormant,0.303,Medium,5622.0
C04651,High-value regulars,0.048,Low,20153.0
C04652,Low-spend occasional,0.574,High,815.0
C04653,Lapsing / dormant,0.119,Low,10275.0
C04654,Lapsing / dormant,0.42,Medium,7715.0
C04655,High-value regulars,0.062,Low,8770.0
C04656,High-value regulars,0.284,Medium,13290.0
C04657,High-value regulars,0.029,Low,20516.0
C04658,Low-spend occasional,0.402,Medium,4821.0
C04659,Low-spend occasional,0.305,Medium,2285.0
C04660,High-value regulars,0.036,Low,19461.0
C04661,High-value regulars,0.104,Low,16487.0
C04662,High-value regulars,0.024,Low,13372.0
C04663,Lapsing / dormant,0.23,Low,7839.0
C04664,Lapsing / dormant,0.371,Medium,11000.0
C04665,Low-spend occasional,0.202,Low,5247.0
C04666,Lapsing / dormant,0.479,Medium,11028.0
C04667,Lapsing / dormant,0.753,High,5024.0
C04668,High-value regulars,0.063,Low,8818.0
C04669,High-value regulars,0.013,Low,16799.0
C04670,Low-spend occasional,0.137,Low,2104.0
C04671,Low-spend occasional,0.177,Low,5992.0
C04672,High-value regulars,0.19,Low,9317.0
C04673,Lapsing / dormant,0.384,Medium,10586.0
C04674,Low-spend occasional,0.107,Low,2312.0
C04675,Low-spend occasional,0.062,Low,6031.0
C04676,Lapsing / dormant,0.338,Medium,9128.0
C04677,Lapsing / dormant,0.688,High,5242.0
C04678,High-value regulars,0.051,Low,12808.0
C04679,Lapsing / dormant,0.219,Low,3965.0
C04680,High-value regulars,0.055,Low,17478.0
C04681,Low-spend occasional,0.093,Low,5834.0
C04682,High-value regulars,0.123,Low,21398.0
C04683,High-value regulars,0.098,Low,8569.0
C04684,Lapsing / dormant,0.252,Medium,5822.0
C04685,Lapsing / dormant,0.378,Medium,4778.0
C04686,Lapsing / dormant,0.378,Medium,5508.0
C04687,High-value regulars,0.128,Low,8057.0
C04688,High-value regulars,0.185,Low,9417.0
C04689,Low-spend occasional,0.069,Low,6332.0
C04690,High-value regulars,0.063,Low,12440.0
C04691,High-value regulars,0.131,Low,11144.0
C04692,High-value regulars,0.036,Low,12834.0
C04693,Lapsing / dormant,0.27,Medium,3427.0
C04694,High-value regulars,0.284,Medium,12513.0
C04695,High-value regulars,0.038,Low,15943.0
C04696,High-value regulars,0.05,Low,15386.0
C04697,High-value regulars,0.127,Low,11166.0
C04698,High-value regulars,0.231,Low,9331.0
C04699,High-value regulars,0.053,Low,11041.0
C04700,Low-spend occasional,0.06,Low,6412.0
C04701,High-value regulars,0.039,Low,23637.0
C04702,High-value regulars,0.283,Medium,12686.0
C04703,High-value regulars,0.053,Low,23716.0
C04704,High-value regulars,0.229,Low,14161.0
C04705,High-value regulars,0.144,Low,9341.0
C04706,High-value regulars,0.328,Medium,13461.0
C04707,High-value regulars,0.158,Low,10107.0
C04708,Low-spend occasional,0.163,Low,3119.0
C04709,High-value regulars,0.064,Low,12688.0
C04710,Lapsing / dormant,0.587,High,5142.0
C04711,High-value regulars,0.089,Low,6615.0
C04712,High-value regulars,0.078,Low,13584.0
C04713,High-value regulars,0.073,Low,16687.0
C04714,High-value regulars,0.065,Low,13749.0
C04715,Lapsing / dormant,0.512,High,9206.0
C04716,Lapsing / dormant,0.29,Medium,8634.0
C04717,Lapsing / dormant,0.086,Low,8074.0
C04718,Low-spend occasional,0.042,Low,6133.0
C04719,High-value regulars,0.137,Low,8520.0
C04720,Lapsing / dormant,0.119,Low,14236.0
C04721,Lapsing / dormant,0.521,High,9759.0
C04722,Lapsing / dormant,0.599,High,11167.0
C04723,High-value regulars,0.056,Low,21164.0
C04724,High-value regulars,0.115,Low,10652.0
C04725,Lapsing / dormant,0.554,High,8973.0
C04726,Lapsing / dormant,0.42,Medium,12455.0
C04727,High-value regulars,0.512,High,23698.0
C04728,High-value regulars,0.091,Low,10875.0
C04729,Lapsing / dormant,0.291,Medium,12112.0
C04730,High-value regulars,0.1,Low,21047.0
C04731,High-value regulars,0.252,Medium,11439.0
C04732,High-value regulars,0.13,Low,13917.0
C04733,Lapsing / dormant,0.095,Low,5993.0
C04734,High-value regulars,0.15,Low,9426.0
C04735,High-value regulars,0.079,Low,14807.0
C04736,Low-spend occasional,0.037,Low,7315.0
C04737,Lapsing / dormant,0.439,Medium,15159.0
C04738,High-value regulars,0.19,Low,24367.0
C04739,Lapsing / dormant,0.106,Low,7021.0
C04740,Lapsing / dormant,0.129,Low,10137.0
C04741,High-value regulars,0.111,Low,15315.0
C04742,High-value regulars,0.089,Low,12729.0
C04743,Lapsing / dormant,0.624,High,6049.0
C04744,Low-spend occasional,0.033,Low,8359.0
C04745,High-value regulars,0.117,Low,16851.0
C04746,High-value regulars,0.276,Medium,18353.0
C04747,Low-spend occasional,0.163,Low,4630.0
C04748,Lapsing / dormant,0.502,High,11243.0
C04749,Low-spend occasional,0.294,Medium,5025.0
C04750,Lapsing / dormant,0.465,Medium,11654.0
C04751,High-value regulars,0.203,Low,11804.0
C04752,High-value regulars,0.06,Low,11075.0
C04753,High-value regulars,0.116,Low,20362.0
C04754,Lapsing / dormant,0.541,High,3355.0
C04755,High-value regulars,0.148,Low,22741.0
C04756,Lapsing / dormant,0.164,Low,8876.0
C04757,Lapsing / dormant,0.307,Medium,8083.0
C04758,High-value regulars,0.053,Low,14340.0
C04759,Low-spend occasional,0.085,Low,2212.0
C04760,Low-spend occasional,0.294,Medium,2613.0
C04761,High-value regulars,0.239,Low,15721.0
C04762,High-value regulars,0.054,Low,14052.0
C04763,High-value regulars,0.035,Low,26689.0
C04764,Low-spend occasional,0.171,Low,5283.0
C04765,High-value regulars,0.105,Low,11040.0
C04766,High-value regulars,0.133,Low,9299.0
C04767,Low-spend occasional,0.494,Medium,1025.0
C04768,High-value regulars,0.142,Low,13105.0
C04769,Lapsing / dormant,0.429,Medium,9874.0
C04770,Low-spend occasional,0.211,Low,5222.0
C04771,Lapsing / dormant,0.673,High,3334.0
C04772,High-value regulars,0.177,Low,11892.0
C04773,Lapsing / dormant,0.401,Medium,8211.0
C04774,High-value regulars,0.055,Low,27390.0
C04775,Lapsing / dormant,0.156,Low,7568.0
C04776,Lapsing / dormant,0.325,Medium,5822.0
C04777,Low-spend occasional,0.117,Low,4063.0
C04778,High-value regulars,0.043,Low,11860.0
C04779,High-value regulars,0.097,Low,8863.0
C04780,High-value regulars,0.111,Low,9010.0
C04781,Lapsing / dormant,0.261,Medium,6115.0
C04782,Low-spend occasional,0.086,Low,5597.0
C04783,Low-spend occasional,0.056,Low,4962.0
C04784,Low-spend occasional,0.415,Medium,4313.0
C04785,Lapsing / dormant,0.101,Low,9891.0
C04786,High-value regulars,0.15,Low,17084.0
C04787,Lapsing / dormant,0.383,Medium,7542.0
C04788,Low-spend occasional,0.243,Low,1446.0
C04789,Lapsing / dormant,0.512,High,13448.0
C04790,Lapsing / dormant,0.479,Medium,11343.0
C04791,High-value regulars,0.131,Low,15556.0
C04792,Lapsing / dormant,0.138,Low,6742.0
C04793,Low-spend occasional,0.192,Low,4600.0
C04794,High-value regulars,0.039,Low,15927.0
C04795,High-value regulars,0.183,Low,8593.0
C04796,High-value regulars,0.085,Low,16727.0
C04797,High-value regulars,0.086,Low,10905.0
C04798,Low-spend occasional,0.136,Low,5424.0
C04799,High-value regulars,0.315,Medium,13210.0
C04800,High-value regulars,0.134,Low,8476.0
C04801,High-value regulars,0.167,Low,14446.0
C04802,High-value regulars,0.196,Low,18396.0
C04803,High-value regulars,0.059,Low,12248.0
C04804,Lapsing / dormant,0.244,Low,8265.0
C04805,High-value regulars,0.169,Low,13252.0
C04806,High-value regulars,0.081,Low,8058.0
C04807,Low-spend occasional,0.074,Low,6024.0
C04808,High-value regulars,0.377,Medium,16355.0
C04809,Lapsing / dormant,0.524,High,9192.0
C04810,Lapsing / dormant,0.435,Medium,4681.0
C04811,High-value regulars,0.209,Low,8243.0
C04812,High-value regulars,0.05,Low,11123.0
C04813,Low-spend occasional,0.147,Low,6193.0
C04814,High-value regulars,0.117,Low,18059.0
C04815,High-value regulars,0.251,Medium,9424.0
C04816,Lapsing / dormant,0.159,Low,9379.0
C04817,High-value regulars,0.052,Low,11192.0
C04818,High-value regulars,0.084,Low,11423.0
C04819,High-value regulars,0.169,Low,11579.0
C04820,High-value regulars,0.128,Low,22591.0
C04821,High-value regulars,0.192,Low,11832.0
C04822,High-value regulars,0.173,Low,14720.0
C04823,Lapsing / dormant,0.088,Low,11110.0
C04824,Lapsing / dormant,0.414,Medium,7795.0
C04825,High-value regulars,0.231,Low,17437.0
C04826,High-value regulars,0.123,Low,13978.0
C04827,High-value regulars,0.198,Low,4295.0
C04828,High-value regulars,0.049,Low,14465.0
C04829,Lapsing / dormant,0.461,Medium,4597.0
C04830,High-value regulars,0.163,Low,7392.0
C04831,Low-spend occasional,0.235,Low,1314.0
C04832,Lapsing / dormant,0.586,High,5617.0
C04833,High-value regulars,0.1,Low,10056.0
C04834,Low-spend occasional,0.167,Low,4638.0
C04835,High-value regulars,0.061,Low,20367.0
C04836,Lapsing / dormant,0.429,Medium,8588.0
C04837,Lapsing / dormant,0.694,High,3805.0
C04838,High-value regulars,0.021,Low,29920.0
C04839,High-value regulars,0.117,Low,10358.0
C04840,High-value regulars,0.091,Low,15601.0
C04841,High-value regulars,0.097,Low,18514.0
C04842,High-value regulars,0.084,Low,8043.0
C04843,Lapsing / dormant,0.269,Medium,7307.0
C04844,High-value regulars,0.216,Low,8574.0
C04845,Lapsing / dormant,0.376,Medium,8161.0
C04846,High-value regulars,0.27,Medium,14936.0
C04847,High-value regulars,0.08,Low,13267.0
C04848,Low-spend occasional,0.118,Low,1952.0
C04849,High-value regulars,0.149,Low,13182.0
C04850,High-value regulars,0.143,Low,10901.0
C04851,High-value regulars,0.075,Low,9969.0
C04852,High-value regulars,0.278,Medium,10391.0
C04853,Lapsing / dormant,0.278,Medium,10736.0
C04854,Lapsing / dormant,0.291,Medium,3326.0
C04855,High-value regulars,0.249,Low,14084.0
C04856,Lapsing / dormant,0.339,Medium,1925.0
C04857,High-value regulars,0.057,Low,11365.0
C04858,High-value regulars,0.022,Low,11315.0
C04859,High-value regulars,0.113,Low,12198.0
C04860,Lapsing / dormant,0.199,Low,7819.0
C04861,High-value regulars,0.23,Low,19648.0
C04862,High-value regulars,0.28,Medium,10075.0
C04863,High-value regulars,0.063,Low,26666.0
C04864,Lapsing / dormant,0.258,Medium,6908.0
C04865,Lapsing / dormant,0.368,Medium,7612.0
C04866,Lapsing / dormant,0.442,Medium,10304.0
C04867,High-value regulars,0.24,Low,10993.0
C04868,High-value regulars,0.233,Low,16182.0
C04869,High-value regulars,0.38,Medium,10998.0
C04870,High-value regulars,0.048,Low,13628.0
C04871,High-value regulars,0.125,Low,10578.0
C04872,Lapsing / dormant,0.198,Low,6546.0
C04873,High-value regulars,0.044,Low,15824.0
C04874,Lapsing / dormant,0.258,Medium,4994.0
C04875,High-value regulars,0.066,Low,16931.0
C04876,High-value regulars,0.314,Medium,10456.0
C04877,High-value regulars,0.104,Low,15812.0
C04878,High-value regulars,0.086,Low,9367.0
C04879,High-value regulars,0.08,Low,13035.0
C04880,High-value regulars,0.156,Low,15096.0
C04881,Low-spend occasional,0.237,Low,5882.0
C04882,Lapsing / dormant,0.373,Medium,7097.0
C04883,High-value regulars,0.08,Low,12713.0
C04884,Low-spend occasional,0.041,Low,5945.0
C04885,High-value regulars,0.088,Low,14725.0
C04886,Lapsing / dormant,0.281,Medium,3625.0
C04887,High-value regulars,0.079,Low,17346.0
C04888,High-value regulars,0.168,Low,17695.0
C04889,Low-spend occasional,0.428,Medium,2956.0
C04890,Lapsing / dormant,0.95,High,1910.0
C04891,High-value regulars,0.123,Low,9743.0
C04892,Low-spend occasional,0.094,Low,6226.0
C04893,Lapsing / dormant,0.193,Low,9948.0
C04894,High-value regulars,0.08,Low,11531.0
C04895,High-value regulars,0.03,Low,15743.0
C04896,High-value regulars,0.183,Low,12076.0
C04897,Lapsing / dormant,0.301,Medium,3260.0
C04898,Lapsing / dormant,0.258,Medium,6336.0
C04899,High-value regulars,0.071,Low,13824.0
C04900,Lapsing / dormant,0.817,High,5401.0
C04901,Lapsing / dormant,0.29,Medium,9484.0
C04902,High-value regulars,0.054,Low,16393.0
C04903,High-value regulars,0.133,Low,12216.0
C04904,High-value regulars,0.05,Low,12833.0
C04905,High-value regulars,0.073,Low,6515.0
C04906,High-value regulars,0.098,Low,15268.0
C04907,High-value regulars,0.07,Low,30403.0
C04908,High-value regulars,0.232,Low,13687.0
C04909,High-value regulars,0.107,Low,8133.0
C04910,High-value regulars,0.165,Low,25269.0
C04911,High-value regulars,0.166,Low,18207.0
C04912,Lapsing / dormant,0.236,Low,12301.0
C04913,High-value regulars,0.076,Low,9665.0
C04914,Low-spend occasional,0.273,Medium,5405.0
C04915,Lapsing / dormant,0.371,Medium,12102.0
C04916,High-value regulars,0.056,Low,10729.0
C04917,Lapsing / dormant,0.257,Medium,3826.0
C04918,High-value regulars,0.07,Low,9084.0
C04919,High-value regulars,0.089,Low,12625.0
C04920,Lapsing / dormant,0.166,Low,7475.0
C04921,Low-spend occasional,0.39,Medium,3792.0
C04922,High-value regulars,0.069,Low,17991.0
C04923,Lapsing / dormant,0.116,Low,5194.0
C04924,Lapsing / dormant,0.362,Medium,9292.0
C04925,Lapsing / dormant,0.328,Medium,8182.0
C04926,High-value regulars,0.123,Low,18514.0
C04927,Lapsing / dormant,0.258,Medium,7201.0
C04928,High-value regulars,0.092,Low,8550.0
C04929,High-value regulars,0.25,Medium,16714.0
C04930,High-value regulars,0.154,Low,18428.0
C04931,Lapsing / dormant,0.286,Medium,1450.0
C04932,Low-spend occasional,0.09,Low,4127.0
C04933,High-value regulars,0.126,Low,13037.0
C04934,High-value regulars,0.145,Low,15566.0
C04935,Low-spend occasional,0.735,High,976.0
C04936,High-value regulars,0.053,Low,20738.0
C04937,Lapsing / dormant,0.402,Medium,7072.0
C04938,Lapsing / dormant,0.578,High,9681.0
C04939,High-value regulars,0.029,Low,15423.0
C04940,High-value regulars,0.058,Low,27614.0
C04941,Low-spend occasional,0.051,Low,6640.0
C04942,High-value regulars,0.151,Low,14614.0
C04943,High-value regulars,0.13,Low,7996.0
C04944,Lapsing / dormant,0.092,Low,6510.0
C04945,Low-spend occasional,0.749,High,130.0
C04946,Lapsing / dormant,0.871,High,2210.0
C04947,Low-spend occasional,0.089,Low,8083.0
C04948,High-value regulars,0.1,Low,17892.0
C04949,Low-spend occasional,0.207,Low,4823.0
C04950,Lapsing / dormant,0.589,High,10670.0
C04951,High-value regulars,0.15,Low,12130.0
C04952,High-value regulars,0.093,Low,9605.0
C04953,High-value regulars,0.171,Low,8431.0
C04954,Lapsing / dormant,0.268,Medium,5710.0
C04955,High-value regulars,0.026,Low,13348.0
C04956,Lapsing / dormant,0.382,Medium,8557.0
C04957,Lapsing / dormant,0.504,High,8965.0
C04958,High-value regulars,0.13,Low,13630.0
C04959,Low-spend occasional,0.218,Low,1627.0
C04960,Low-spend occasional,0.154,Low,2957.0
C04961,High-value regulars,0.244,Low,17192.0
C04962,Low-spend occasional,0.094,Low,5835.0
C04963,Lapsing / dormant,0.344,Medium,6302.0
C04964,High-value regulars,0.083,Low,17536.0
C04965,Lapsing / dormant,0.384,Medium,7116.0
C04966,High-value regulars,0.123,Low,11734.0
C04967,Low-spend occasional,0.848,High,1060.0
C04968,High-value regulars,0.064,Low,11515.0
C04969,High-value regulars,0.071,Low,13954.0
C04970,High-value regulars,0.24,Low,9936.0
C04971,High-value regulars,0.066,Low,21066.0
C04972,High-value regulars,0.1,Low,9521.0
C04973,High-value regulars,0.043,Low,8658.0
C04974,Lapsing / dormant,0.577,High,3352.0
C04975,Lapsing / dormant,0.154,Low,7435.0
C04976,High-value regulars,0.103,Low,13771.0
C04977,High-value regulars,0.084,Low,22507.0
C04978,High-value regulars,0.083,Low,23876.0
C04979,Low-spend occasional,0.139,Low,5091.0
C04980,High-value regulars,0.32,Medium,12759.0
C04981,Low-spend occasional,0.106,Low,4612.0
C04982,High-value regulars,0.177,Low,8905.0
C04983,High-value regulars,0.123,Low,27567.0
C04984,High-value regulars,0.129,Low,17778.0
C04985,High-value regulars,0.098,Low,9955.0
C04986,Low-spend occasional,0.08,Low,6726.0
C04987,Lapsing / dormant,0.516,High,10853.0
C04988,High-value regulars,0.115,Low,12402.0
C04989,High-value regulars,0.038,Low,16171.0
C04990,Lapsing / dormant,0.295,Medium,8068.0
C04991,High-value regulars,0.08,Low,24241.0
C04992,Lapsing / dormant,0.198,Low,9849.0
C04993,Lapsing / dormant,0.093,Low,7045.0
C04994,Low-spend occasional,0.511,High,6290.0
C04995,High-value regulars,0.105,Low,12765.0
C04996,Lapsing / dormant,0.26,Medium,8052.0
C04997,High-value regulars,0.219,Low,13342.0
C04998,Lapsing / dormant,0.305,Medium,3913.0
C04999,High-value regulars,0.172,Low,13286.0
C05000,High-value regulars,0.043,Low,15248.0
C05001,Low-spend occasional,0.644,High,2456.0
C05002,High-value regulars,0.079,Low,10692.0
C05003,High-value regulars,0.197,Low,9640.0
C05004,Lapsing / dormant,0.366,Medium,5937.0
C05005,High-value regulars,0.177,Low,9387.0
C05006,High-value regulars,0.134,Low,17168.0
C05007,High-value regulars,0.11,Low,14054.0
C05008,High-value regulars,0.163,Low,13915.0
C05009,High-value regulars,0.104,Low,12895.0
C05010,High-value regulars,0.046,Low,17312.0
C05011,Low-spend occasional,0.204,Low,3759.0
C05012,High-value regulars,0.165,Low,13691.0
C05013,High-value regulars,0.115,Low,9114.0
C05014,High-value regulars,0.265,Medium,17263.0
C05015,High-value regulars,0.073,Low,10275.0
C05016,High-value regulars,0.206,Low,10895.0
C05017,Lapsing / dormant,0.333,Medium,4436.0
C05018,High-value regulars,0.197,Low,13483.0
C05019,Lapsing / dormant,0.493,Medium,10444.0
C05020,High-value regulars,0.385,Medium,13497.0
C05021,High-value regulars,0.162,Low,17535.0
C05022,High-value regulars,0.169,Low,13218.0
C05023,High-value regulars,0.072,Low,21850.0
C05024,Lapsing / dormant,0.398,Medium,6057.0
C05025,High-value regulars,0.079,Low,9208.0
C05026,High-value regulars,0.209,Low,12827.0
C05027,High-value regulars,0.049,Low,18211.0
C05028,Lapsing / dormant,0.192,Low,5974.0
C05029,Lapsing / dormant,0.616,High,13558.0
C05030,High-value regulars,0.177,Low,11184.0
C05031,High-value regulars,0.048,Low,23633.0
C05032,High-value regulars,0.099,Low,16070.0
C05033,Low-spend occasional,0.188,Low,2710.0
C05034,High-value regulars,0.188,Low,15868.0
C05035,Low-spend occasional,0.279,Medium,5982.0
C05036,High-value regulars,0.102,Low,13085.0
C05037,High-value regulars,0.284,Medium,21839.0
C05038,Lapsing / dormant,0.339,Medium,2229.0
C05039,High-value regulars,0.06,Low,17054.0
C05040,High-value regulars,0.13,Low,12686.0
C05041,High-value regulars,0.105,Low,9986.0
C05042,High-value regulars,0.361,Medium,16595.0
C05043,High-value regulars,0.042,Low,17340.0
C05044,High-value regulars,0.108,Low,13960.0
C05045,High-value regulars,0.046,Low,14214.0
C05046,Lapsing / dormant,0.277,Medium,7918.0
C05047,High-value regulars,0.381,Medium,7798.0
C05048,High-value regulars,0.176,Low,21415.0
C05049,Low-spend occasional,0.14,Low,2379.0
C05050,Low-spend occasional,0.061,Low,6063.0
C05051,Lapsing / dormant,0.492,Medium,3101.0
C05052,High-value regulars,0.104,Low,17638.0
C05053,Lapsing / dormant,0.571,High,6602.0
C05054,High-value regulars,0.172,Low,9463.0
C05055,High-value regulars,0.107,Low,24946.0
C05056,High-value regulars,0.165,Low,21696.0
C05057,Lapsing / dormant,0.835,High,5304.0
C05058,Lapsing / dormant,0.303,Medium,7377.0
C05059,High-value regulars,0.06,Low,27963.0
C05060,High-value regulars,0.035,Low,13549.0
C05061,Lapsing / dormant,0.166,Low,9710.0
C05062,Lapsing / dormant,0.592,High,7291.0
C05063,Lapsing / dormant,0.293,Medium,7915.0
C05064,High-value regulars,0.225,Low,14801.0
C05065,Lapsing / dormant,0.469,Medium,9523.0
C05066,High-value regulars,0.201,Low,12792.0
C05067,High-value regulars,0.076,Low,12511.0
C05068,High-value regulars,0.072,Low,13374.0
C05069,High-value regulars,0.045,Low,14218.0
C05070,Lapsing / dormant,0.317,Medium,8950.0
C05071,Lapsing / dormant,0.484,Medium,4860.0
C05072,Low-spend occasional,0.187,Low,6758.0
C05073,Lapsing / dormant,0.491,Medium,12153.0
C05074,Lapsing / dormant,0.127,Low,8263.0
C05075,High-value regulars,0.042,Low,20873.0
C05076,High-value regulars,0.223,Low,9814.0
C05077,High-value regulars,0.183,Low,17851.0
C05078,High-value regulars,0.138,Low,11558.0
C05079,High-value regulars,0.132,Low,8747.0
C05080,High-value regulars,0.115,Low,14037.0
C05081,High-value regulars,0.026,Low,15313.0
C05082,High-value regulars,0.215,Low,12538.0
C05083,Low-spend occasional,0.781,High,2632.0
C05084,Lapsing / dormant,0.791,High,7287.0
C05085,High-value regulars,0.12,Low,12023.0
C05086,Lapsing / dormant,0.296,Medium,15352.0
C05087,High-value regulars,0.033,Low,16636.0
C05088,Low-spend occasional,0.049,Low,5844.0
C05089,High-value regulars,0.108,Low,11161.0
C05090,High-value regulars,0.079,Low,9696.0
C05091,High-value regulars,0.132,Low,9381.0
C05092,High-value regulars,0.225,Low,19851.0
C05093,Low-spend occasional,0.122,Low,7196.0
C05094,Lapsing / dormant,0.157,Low,7221.0
C05095,High-value regulars,0.07,Low,18016.0
C05096,High-value regulars,0.182,Low,12147.0
C05097,High-value regulars,0.113,Low,23778.0
C05098,High-value regulars,0.084,Low,7283.0
C05099,High-value regulars,0.022,Low,24787.0
C05100,Lapsing / dormant,0.425,Medium,11134.0
C05101,High-value regulars,0.116,Low,19971.0
C05102,Low-spend occasional,0.346,Medium,2980.0
C05103,Low-spend occasional,0.211,Low,4256.0
C05104,High-value regulars,0.205,Low,11382.0
C05105,Lapsing / dormant,0.281,Medium,5523.0
C05106,High-value regulars,0.177,Low,13044.0
C05107,Low-spend occasional,0.341,Medium,3173.0
C05108,High-value regulars,0.073,Low,10510.0
C05109,Lapsing / dormant,0.125,Low,9070.0
C05110,Low-spend occasional,0.334,Medium,4999.0
C05111,Lapsing / dormant,0.153,Low,9918.0
C05112,Low-spend occasional,0.142,Low,7682.0
C05113,Lapsing / dormant,0.345,Medium,10267.0
C05114,High-value regulars,0.069,Low,21446.0
C05115,High-value regulars,0.138,Low,12577.0
C05116,High-value regulars,0.423,Medium,9613.0
C05117,High-value regulars,0.224,Low,11950.0
C05118,Low-spend occasional,0.25,Medium,3677.0
C05119,High-value regulars,0.126,Low,18213.0
C05120,High-value regulars,0.289,Medium,12383.0
C05121,High-value regulars,0.117,Low,16514.0
C05122,Low-spend occasional,0.09,Low,4184.0
C05123,High-value regulars,0.122,Low,15685.0
C05124,Low-spend occasional,0.149,Low,6077.0
C05125,High-value regulars,0.245,Low,14622.0
C05126,Low-spend occasional,0.118,Low,5861.0
C05127,Lapsing / dormant,0.208,Low,12791.0
C05128,High-value regulars,0.295,Medium,22483.0
C05129,High-value regulars,0.173,Low,10399.0
C05130,High-value regulars,0.073,Low,16788.0
C05131,High-value regulars,0.076,Low,10461.0
C05132,High-value regulars,0.144,Low,15583.0
C05133,Lapsing / dormant,0.417,Medium,10087.0
C05134,High-value regulars,0.102,Low,15232.0
C05135,High-value regulars,0.169,Low,12002.0
C05136,Lapsing / dormant,0.251,Medium,10390.0
C05137,High-value regulars,0.017,Low,29741.0
C05138,Lapsing / dormant,0.112,Low,8721.0
C05139,High-value regulars,0.038,Low,12988.0
C05140,High-value regulars,0.152,Low,11847.0
C05141,High-value regulars,0.057,Low,9663.0
C05142,High-value regulars,0.059,Low,23732.0
C05143,High-value regulars,0.104,Low,12906.0
C05144,High-value regulars,0.068,Low,8534.0
C05145,High-value regulars,0.266,Medium,10744.0
C05146,Low-spend occasional,0.112,Low,7614.0
C05147,High-value regulars,0.061,Low,22175.0
C05148,Lapsing / dormant,0.207,Low,9056.0
C05149,Lapsing / dormant,0.071,Low,6342.0
C05150,Lapsing / dormant,0.338,Medium,6043.0
C05151,Lapsing / dormant,0.882,High,4045.0
C05152,High-value regulars,0.097,Low,18268.0
C05153,Lapsing / dormant,0.524,High,6058.0
C05154,High-value regulars,0.135,Low,11340.0
C05155,Low-spend occasional,0.094,Low,3338.0
C05156,Low-spend occasional,0.144,Low,6117.0
C05157,High-value regulars,0.049,Low,21438.0
C05158,High-value regulars,0.116,Low,13485.0
C05159,Lapsing / dormant,0.309,Medium,6295.0
C05160,Lapsing / dormant,0.205,Low,9239.0
C05161,Lapsing / dormant,0.669,High,4699.0
C05162,Low-spend occasional,0.116,Low,2466.0
C05163,High-value regulars,0.065,Low,9900.0
C05164,Lapsing / dormant,0.513,High,6513.0
C05165,High-value regulars,0.361,Medium,13155.0
C05166,High-value regulars,0.011,Low,25831.0
C05167,High-value regulars,0.058,Low,12828.0
C05168,High-value regulars,0.066,Low,19069.0
C05169,Lapsing / dormant,0.137,Low,8432.0
C05170,High-value regulars,0.147,Low,7779.0
C05171,High-value regulars,0.151,Low,12866.0
C05172,Lapsing / dormant,0.577,High,3519.0
C05173,Lapsing / dormant,0.545,High,9815.0
C05174,High-value regulars,0.074,Low,13910.0
C05175,High-value regulars,0.078,Low,19015.0
C05176,Lapsing / dormant,0.274,Medium,7324.0
C05177,High-value regulars,0.188,Low,11741.0
C05178,Lapsing / dormant,0.16,Low,7265.0
C05179,Lapsing / dormant,0.423,Medium,6000.0
C05180,High-value regulars,0.06,Low,13318.0
C05181,Lapsing / dormant,0.133,Low,11597.0
C05182,High-value regulars,0.094,Low,16478.0
C05183,Lapsing / dormant,0.166,Low,8933.0
C05184,High-value regulars,0.045,Low,10740.0
C05185,Lapsing / dormant,0.406,Medium,2879.0
C05186,High-value regulars,0.21,Low,10988.0
C05187,High-value regulars,0.094,Low,14708.0
C05188,High-value regulars,0.134,Low,15090.0
C05189,High-value regulars,0.066,Low,12375.0
C05190,High-value regulars,0.063,Low,13007.0
C05191,High-value regulars,0.042,Low,13942.0
C05192,Lapsing / dormant,0.084,Low,7315.0
C05193,High-value regulars,0.3,Medium,11774.0
C05194,High-value regulars,0.032,Low,7920.0
C05195,Low-spend occasional,0.08,Low,5402.0
C05196,High-value regulars,0.048,Low,8581.0
C05197,Low-spend occasional,0.267,Medium,4050.0
C05198,High-value regulars,0.051,Low,17988.0
C05199,High-value regulars,0.07,Low,10009.0
C05200,High-value regulars,0.141,Low,14061.0
C05201,High-value regulars,0.344,Medium,10517.0
C05202,Lapsing / dormant,0.74,High,7346.0
C05203,High-value regulars,0.183,Low,16957.0
C05204,Low-spend occasional,0.084,Low,6137.0
C05205,Lapsing / dormant,0.903,High,2660.0
C05206,High-value regulars,0.056,Low,10455.0
C05207,High-value regulars,0.127,Low,9776.0
C05208,Lapsing / dormant,0.194,Low,8400.0
C05209,Low-spend occasional,0.228,Low,5580.0
C05210,High-value regulars,0.156,Low,9557.0
C05211,High-value regulars,0.047,Low,10851.0
C05212,High-value regulars,0.241,Low,12366.0
C05213,Lapsing / dormant,0.343,Medium,9321.0
C05214,Low-spend occasional,0.138,Low,4837.0
C05215,High-value regulars,0.116,Low,13290.0
C05216,High-value regulars,0.121,Low,16439.0
C05217,Low-spend occasional,0.028,Low,6736.0
C05218,Lapsing / dormant,0.384,Medium,7544.0
C05219,High-value regulars,0.047,Low,23214.0
C05220,High-value regulars,0.078,Low,17898.0
C05221,Lapsing / dormant,0.655,High,6876.0
C05222,Lapsing / dormant,0.101,Low,7407.0
C05223,Lapsing / dormant,0.221,Low,7081.0
C05224,High-value regulars,0.03,Low,25832.0
C05225,High-value regulars,0.076,Low,16459.0
C05226,High-value regulars,0.06,Low,21795.0
C05227,Lapsing / dormant,0.227,Low,8551.0
C05228,High-value regulars,0.2,Low,8771.0
C05229,Low-spend occasional,0.064,Low,4515.0
C05230,High-value regulars,0.146,Low,13197.0
C05231,High-value regulars,0.059,Low,7597.0
C05232,High-value regulars,0.028,Low,15863.0
C05233,High-value regulars,0.232,Low,11870.0
C05234,High-value regulars,0.115,Low,9569.0
C05235,Lapsing / dormant,0.267,Medium,10816.0
C05236,High-value regulars,0.116,Low,13281.0
C05237,Lapsing / dormant,0.57,High,2823.0
C05238,High-value regulars,0.033,Low,8535.0
C05239,Lapsing / dormant,0.13,Low,5321.0
C05240,Lapsing / dormant,0.45,Medium,4932.0
C05241,High-value regulars,0.093,Low,7164.0
C05242,High-value regulars,0.368,Medium,16303.0
C05243,High-value regulars,0.174,Low,4259.0
C05244,Low-spend occasional,0.1,Low,5521.0
C05245,High-value regulars,0.189,Low,15748.0
C05246,High-value regulars,0.076,Low,12829.0
C05247,High-value regulars,0.234,Low,16271.0
C05248,Low-spend occasional,0.728,High,3752.0
C05249,High-value regulars,0.192,Low,25346.0
C05250,High-value regulars,0.051,Low,25286.0
C05251,High-value regulars,0.08,Low,25420.0
C05252,High-value regulars,0.084,Low,10316.0
C05253,High-value regulars,0.105,Low,17494.0
C05254,Low-spend occasional,0.121,Low,4672.0
C05255,High-value regulars,0.073,Low,9529.0
C05256,Low-spend occasional,0.046,Low,6993.0
C05257,High-value regulars,0.068,Low,13406.0
C05258,High-value regulars,0.053,Low,18048.0
C05259,High-value regulars,0.028,Low,20017.0
C05260,High-value regulars,0.074,Low,13253.0
C05261,High-value regulars,0.067,Low,15349.0
C05262,High-value regulars,0.077,Low,10114.0
C05263,High-value regulars,0.142,Low,12607.0
C05264,High-value regulars,0.085,Low,9805.0
C05265,High-value regulars,0.061,Low,13920.0
C05266,Low-spend occasional,0.058,Low,4720.0
C05267,Lapsing / dormant,0.399,Medium,11707.0
C05268,High-value regulars,0.198,Low,8996.0
C05269,Lapsing / dormant,0.423,Medium,10461.0
C05270,High-value regulars,0.236,Low,13819.0
C05271,Lapsing / dormant,0.716,High,4728.0
C05272,High-value regulars,0.057,Low,18403.0
C05273,Lapsing / dormant,0.689,High,4463.0
C05274,Low-spend occasional,0.194,Low,5168.0
C05275,Lapsing / dormant,0.559,High,11027.0
C05276,High-value regulars,0.133,Low,13663.0
C05277,High-value regulars,0.073,Low,21675.0
C05278,Lapsing / dormant,0.305,Medium,5646.0
C05279,Lapsing / dormant,0.075,Low,6026.0
C05280,Low-spend occasional,0.128,Low,5335.0
C05281,Lapsing / dormant,0.103,Low,9097.0
C05282,Low-spend occasional,0.274,Medium,4271.0
C05283,High-value regulars,0.089,Low,16123.0
C05284,Lapsing / dormant,0.13,Low,5367.0
C05285,High-value regulars,0.154,Low,14055.0
C05286,High-value regulars,0.098,Low,16438.0
C05287,High-value regulars,0.052,Low,9771.0
C05288,Lapsing / dormant,0.376,Medium,10979.0
C05289,Lapsing / dormant,0.485,Medium,9540.0
C05290,Lapsing / dormant,0.268,Medium,9114.0
C05291,Low-spend occasional,0.467,Medium,5283.0
C05292,High-value regulars,0.068,Low,10789.0
C05293,High-value regulars,0.139,Low,8191.0
C05294,High-value regulars,0.314,Medium,10602.0
C05295,Low-spend occasional,0.225,Low,3867.0
C05296,Low-spend occasional,0.091,Low,5976.0
C05297,High-value regulars,0.065,Low,20164.0
C05298,High-value regulars,0.088,Low,14294.0
C05299,Lapsing / dormant,0.29,Medium,7530.0
C05300,High-value regulars,0.069,Low,16352.0
C05301,Lapsing / dormant,0.294,Medium,12893.0
C05302,High-value regulars,0.106,Low,14552.0
C05303,High-value regulars,0.159,Low,11596.0
C05304,High-value regulars,0.229,Low,5737.0
C05305,High-value regulars,0.083,Low,19536.0
C05306,High-value regulars,0.144,Low,5733.0
C05307,High-value regulars,0.154,Low,13460.0
C05308,Low-spend occasional,0.085,Low,4181.0
C05309,Lapsing / dormant,0.123,Low,6200.0
C05310,Lapsing / dormant,0.412,Medium,5453.0
C05311,High-value regulars,0.252,Medium,12047.0
C05312,High-value regulars,0.182,Low,10282.0
C05313,High-value regulars,0.224,Low,10445.0
C05314,Low-spend occasional,0.101,Low,5817.0
C05315,Lapsing / dormant,0.423,Medium,6423.0
C05316,Lapsing / dormant,0.417,Medium,11129.0
C05317,High-value regulars,0.182,Low,11330.0
C05318,High-value regulars,0.059,Low,12275.0
C05319,Low-spend occasional,0.116,Low,6629.0
C05320,High-value regulars,0.23,Low,13209.0
C05321,Lapsing / dormant,0.299,Medium,4903.0
C05322,High-value regulars,0.062,Low,9134.0
C05323,High-value regulars,0.09,Low,22352.0
C05324,Lapsing / dormant,0.396,Medium,13727.0
C05325,High-value regulars,0.063,Low,10865.0
C05326,High-value regulars,0.373,Medium,12021.0
C05327,Lapsing / dormant,0.549,High,3010.0
C05328,High-value regulars,0.071,Low,10727.0
C05329,Lapsing / dormant,0.534,High,13546.0
C05330,Low-spend occasional,0.137,Low,6764.0
C05331,High-value regulars,0.085,Low,11279.0
C05332,High-value regulars,0.105,Low,21651.0
C05333,High-value regulars,0.062,Low,10340.0
C05334,High-value regulars,0.036,Low,16669.0
C05335,Lapsing / dormant,0.064,Low,8984.0
C05336,Low-spend occasional,0.284,Medium,5078.0
C05337,High-value regulars,0.051,Low,19404.0
C05338,Lapsing / dormant,0.332,Medium,11325.0
C05339,High-value regulars,0.177,Low,8896.0
C05340,Lapsing / dormant,0.362,Medium,7464.0
C05341,Lapsing / dormant,0.588,High,7129.0
C05342,Lapsing / dormant,0.8,High,5828.0
C05343,Lapsing / dormant,0.312,Medium,13812.0
C05344,Lapsing / dormant,0.276,Medium,6992.0
C05345,High-value regulars,0.093,Low,8648.0
C05346,Lapsing / dormant,0.504,High,5046.0
C05347,High-value regulars,0.301,Medium,9610.0
C05348,Lapsing / dormant,0.132,Low,6515.0
C05349,High-value regulars,0.093,Low,14669.0
C05350,High-value regulars,0.07,Low,9022.0
C05351,Lapsing / dormant,0.459,Medium,7930.0
C05352,Lapsing / dormant,0.517,High,2573.0
C05353,High-value regulars,0.208,Low,11026.0
C05354,High-value regulars,0.036,Low,18740.0
C05355,Lapsing / dormant,0.502,High,10110.0
C05356,High-value regulars,0.266,Medium,16316.0
C05357,High-value regulars,0.272,Medium,14272.0
C05358,High-value regulars,0.078,Low,8823.0
C05359,High-value regulars,0.105,Low,9173.0
C05360,High-value regulars,0.107,Low,10801.0
C05361,Lapsing / dormant,0.48,Medium,9010.0
C05362,Lapsing / dormant,0.286,Medium,5278.0
C05363,Lapsing / dormant,0.231,Low,8537.0
C05364,Low-spend occasional,0.091,Low,6538.0
C05365,Lapsing / dormant,0.148,Low,8972.0
C05366,High-value regulars,0.076,Low,20680.0
C05367,High-value regulars,0.143,Low,10005.0
C05368,Lapsing / dormant,0.132,Low,6859.0
C05369,High-value regulars,0.368,Medium,8583.0
C05370,High-value regulars,0.216,Low,9442.0
C05371,Lapsing / dormant,0.724,High,8312.0
C05372,Lapsing / dormant,0.826,High,6729.0
C05373,High-value regulars,0.219,Low,13331.0
C05374,Lapsing / dormant,0.189,Low,5014.0
C05375,Lapsing / dormant,0.65,High,9401.0
C05376,High-value regulars,0.037,Low,9177.0
C05377,Low-spend occasional,0.091,Low,2372.0
C05378,Lapsing / dormant,0.295,Medium,6214.0
C05379,High-value regulars,0.107,Low,11308.0
C05380,High-value regulars,0.271,Medium,13046.0
C05381,Lapsing / dormant,0.638,High,4610.0
C05382,Low-spend occasional,0.143,Low,4235.0
C05383,High-value regulars,0.194,Low,9713.0
C05384,High-value regulars,0.212,Low,8490.0
C05385,Lapsing / dormant,0.622,High,3973.0
C05386,High-value regulars,0.113,Low,14491.0
C05387,High-value regulars,0.092,Low,11572.0
C05388,High-value regulars,0.181,Low,13618.0
C05389,High-value regulars,0.176,Low,15309.0
C05390,High-value regulars,0.075,Low,10853.0
C05391,High-value regulars,0.182,Low,10807.0
C05392,Lapsing / dormant,0.135,Low,6384.0
C05393,Lapsing / dormant,0.338,Medium,3771.0
C05394,Lapsing / dormant,0.902,High,2249.0
C05395,Lapsing / dormant,0.383,Medium,9591.0
C05396,High-value regulars,0.045,Low,14634.0
C05397,High-value regulars,0.183,Low,25109.0
C05398,Lapsing / dormant,0.19,Low,4851.0
C05399,Lapsing / dormant,0.353,Medium,7509.0
C05400,High-value regulars,0.156,Low,8471.0
C05401,Lapsing / dormant,0.427,Medium,5153.0
C05402,Lapsing / dormant,0.432,Medium,7824.0
C05403,Lapsing / dormant,0.217,Low,6620.0
C05404,Low-spend occasional,0.315,Medium,6080.0
C05405,High-value regulars,0.126,Low,15329.0
C05406,Low-spend occasional,0.082,Low,1613.0
C05407,High-value regulars,0.033,Low,27191.0
C05408,Low-spend occasional,0.557,High,4272.0
C05409,Low-spend occasional,0.224,Low,1342.0
C05410,Lapsing / dormant,0.608,High,8405.0
C05411,Low-spend occasional,0.146,Low,6476.0
C05412,Lapsing / dormant,0.148,Low,12871.0
C05413,Lapsing / dormant,0.392,Medium,7899.0
C05414,Lapsing / dormant,0.19,Low,6526.0
C05415,High-value regulars,0.193,Low,10832.0
C05416,High-value regulars,0.114,Low,17695.0
C05417,High-value regulars,0.262,Medium,10797.0
C05418,High-value regulars,0.148,Low,8761.0
C05419,High-value regulars,0.197,Low,10201.0
C05420,High-value regulars,0.251,Medium,14638.0
C05421,High-value regulars,0.253,Medium,18968.0
C05422,High-value regulars,0.068,Low,7894.0
C05423,Lapsing / dormant,0.907,High,4787.0
C05424,High-value regulars,0.055,Low,10906.0
C05425,Lapsing / dormant,0.315,Medium,7743.0
C05426,High-value regulars,0.045,Low,23603.0
C05427,Lapsing / dormant,0.357,Medium,9935.0
C05428,High-value regulars,0.091,Low,12974.0
C05429,High-value regulars,0.434,Medium,13964.0
C05430,High-value regulars,0.546,High,15195.0
C05431,Lapsing / dormant,0.299,Medium,9574.0
C05432,Low-spend occasional,0.289,Medium,4112.0
C05433,High-value regulars,0.145,Low,14870.0
C05434,Low-spend occasional,0.277,Medium,3544.0
C05435,High-value regulars,0.054,Low,24336.0
C05436,Lapsing / dormant,0.215,Low,8454.0
C05437,Lapsing / dormant,0.261,Medium,1975.0
C05438,Lapsing / dormant,0.296,Medium,5275.0
C05439,Lapsing / dormant,0.381,Medium,7448.0
C05440,High-value regulars,0.112,Low,11376.0
C05441,High-value regulars,0.104,Low,16508.0
C05442,Lapsing / dormant,0.105,Low,6894.0
C05443,High-value regulars,0.044,Low,11423.0
C05444,High-value regulars,0.214,Low,13059.0
C05445,Low-spend occasional,0.201,Low,2574.0
C05446,Lapsing / dormant,0.43,Medium,7636.0
C05447,Lapsing / dormant,0.205,Low,1927.0
C05448,Lapsing / dormant,0.525,High,5332.0
C05449,Lapsing / dormant,0.229,Low,12887.0
C05450,Low-spend occasional,0.08,Low,4864.0
C05451,High-value regulars,0.131,Low,16327.0
C05452,High-value regulars,0.059,Low,9703.0
C05453,Lapsing / dormant,0.112,Low,7877.0
C05454,Low-spend occasional,0.072,Low,6624.0
C05455,High-value regulars,0.237,Low,12982.0
C05456,Lapsing / dormant,0.132,Low,5833.0
C05457,High-value regulars,0.245,Low,15226.0
C05458,High-value regulars,0.089,Low,13529.0
C05459,Lapsing / dormant,0.117,Low,8977.0
C05460,High-value regulars,0.062,Low,9696.0
C05461,Lapsing / dormant,0.276,Medium,3180.0
C05462,High-value regulars,0.114,Low,11591.0
C05463,High-value regulars,0.136,Low,16307.0
C05464,High-value regulars,0.131,Low,16135.0
C05465,Low-spend occasional,0.093,Low,7263.0
C05466,Lapsing / dormant,0.161,Low,9631.0
C05467,Low-spend occasional,0.726,High,1448.0
C05468,Low-spend occasional,0.377,Medium,1876.0
C05469,High-value regulars,0.059,Low,11868.0
C05470,High-value regulars,0.177,Low,7762.0
C05471,Low-spend occasional,0.188,Low,2688.0
C05472,High-value regulars,0.145,Low,20302.0
C05473,Low-spend occasional,0.092,Low,4912.0
C05474,Lapsing / dormant,0.248,Low,7137.0
C05475,High-value regulars,0.146,Low,22260.0
C05476,High-value regulars,0.2,Low,9795.0
C05477,High-value regulars,0.077,Low,18580.0
C05478,High-value regulars,0.049,Low,9414.0
C05479,High-value regulars,0.054,Low,10492.0
C05480,High-value regulars,0.233,Low,13805.0
C05481,Lapsing / dormant,0.825,High,2802.0
C05482,High-value regulars,0.135,Low,10611.0
C05483,Lapsing / dormant,0.417,Medium,6741.0
C05484,Lapsing / dormant,0.395,Medium,7496.0
C05485,High-value regulars,0.044,Low,13889.0
C05486,High-value regulars,0.166,Low,17212.0
C05487,Lapsing / dormant,0.817,High,7551.0
C05488,High-value regulars,0.067,Low,9422.0
C05489,High-value regulars,0.203,Low,17934.0
C05490,High-value regulars,0.105,Low,11059.0
C05491,Low-spend occasional,0.572,High,3393.0
C05492,High-value regulars,0.149,Low,12869.0
C05493,Low-spend occasional,0.181,Low,2037.0
C05494,Lapsing / dormant,0.477,Medium,1161.0
C05495,High-value regulars,0.129,Low,11222.0
C05496,High-value regulars,0.057,Low,11461.0
C05497,High-value regulars,0.071,Low,15579.0
C05498,High-value regulars,0.302,Medium,13456.0
C05499,High-value regulars,0.17,Low,10051.0
C05500,Low-spend occasional,0.141,Low,3830.0
C05501,Lapsing / dormant,0.25,Low,5781.0
C05502,High-value regulars,0.098,Low,8157.0
C05503,Lapsing / dormant,0.134,Low,11942.0
C05504,Low-spend occasional,0.038,Low,7291.0
C05505,Lapsing / dormant,0.347,Medium,11013.0
C05506,High-value regulars,0.041,Low,7751.0
C05507,High-value regulars,0.176,Low,8860.0
C05508,Lapsing / dormant,0.611,High,5822.0
C05509,Lapsing / dormant,0.222,Low,4792.0
C05510,High-value regulars,0.158,Low,8321.0
C05511,High-value regulars,0.084,Low,6500.0
C05512,High-value regulars,0.048,Low,8897.0
C05513,Lapsing / dormant,0.564,High,3353.0
C05514,High-value regulars,0.058,Low,11828.0
C05515,High-value regulars,0.07,Low,14450.0
C05516,Lapsing / dormant,0.481,Medium,7651.0
C05517,High-value regulars,0.094,Low,8766.0
C05518,Low-spend occasional,0.172,Low,4903.0
C05519,Lapsing / dormant,0.511,High,9878.0
C05520,Lapsing / dormant,0.847,High,1497.0
C05521,High-value regulars,0.097,Low,13513.0
C05522,High-value regulars,0.129,Low,12232.0
C05523,Lapsing / dormant,0.164,Low,4496.0
C05524,Lapsing / dormant,0.306,Medium,5548.0
C05525,High-value regulars,0.047,Low,15251.0
C05526,High-value regulars,0.131,Low,11276.0
C05527,High-value regulars,0.133,Low,11289.0
C05528,Lapsing / dormant,0.367,Medium,1770.0
C05529,High-value regulars,0.311,Medium,8298.0
C05530,High-value regulars,0.026,Low,11896.0
C05531,High-value regulars,0.099,Low,17847.0
C05532,Lapsing / dormant,0.067,Low,6986.0
C05533,High-value regulars,0.372,Medium,10646.0
C05534,Lapsing / dormant,0.255,Medium,6972.0
C05535,High-value regulars,0.155,Low,9255.0
C05536,High-value regulars,0.148,Low,13531.0
C05537,High-value regulars,0.367,Medium,6034.0
C05538,High-value regulars,0.36,Medium,9345.0
C05539,High-value regulars,0.027,Low,9345.0
C05540,High-value regulars,0.09,Low,13863.0
C05541,High-value regulars,0.074,Low,7799.0
C05542,Lapsing / dormant,0.281,Medium,7622.0
C05543,Lapsing / dormant,0.609,High,6922.0
C05544,High-value regulars,0.195,Low,12852.0
C05545,High-value regulars,0.181,Low,9587.0
C05546,High-value regulars,0.061,Low,21113.0
C05547,High-value regulars,0.088,Low,11801.0
C05548,Lapsing / dormant,0.33,Medium,5229.0
C05549,High-value regulars,0.362,Medium,11243.0
C05550,Low-spend occasional,0.241,Low,6052.0
C05551,High-value regulars,0.098,Low,14547.0
C05552,High-value regulars,0.101,Low,12470.0
C05553,High-value regulars,0.04,Low,7662.0
C05554,Low-spend occasional,0.382,Medium,1765.0
C05555,High-value regulars,0.054,Low,19260.0
C05556,Lapsing / dormant,0.378,Medium,10190.0
C05557,High-value regulars,0.246,Low,13215.0
C05558,Lapsing / dormant,0.204,Low,14383.0
C05559,High-value regulars,0.2,Low,10431.0
C05560,High-value regulars,0.076,Low,7469.0
C05561,Lapsing / dormant,0.567,High,8149.0
C05562,Lapsing / dormant,0.252,Medium,6732.0
C05563,Lapsing / dormant,0.175,Low,6114.0
C05564,High-value regulars,0.12,Low,13719.0
C05565,High-value regulars,0.246,Low,13613.0
C05566,Lapsing / dormant,0.627,High,5726.0
C05567,High-value regulars,0.155,Low,10091.0
C05568,High-value regulars,0.13,Low,14667.0
C05569,High-value regulars,0.069,Low,13198.0
C05570,High-value regulars,0.235,Low,13438.0
C05571,Lapsing / dormant,0.718,High,3872.0
C05572,High-value regulars,0.261,Medium,9448.0
C05573,Lapsing / dormant,0.606,High,8645.0
C05574,Low-spend occasional,0.234,Low,4820.0
C05575,High-value regulars,0.081,Low,7386.0
C05576,Lapsing / dormant,0.333,Medium,8564.0
C05577,High-value regulars,0.053,Low,10252.0
C05578,Lapsing / dormant,0.381,Medium,8675.0
C05579,High-value regulars,0.128,Low,12693.0
C05580,Lapsing / dormant,0.284,Medium,8815.0
C05581,Lapsing / dormant,0.191,Low,14105.0
C05582,Low-spend occasional,0.207,Low,7767.0
C05583,High-value regulars,0.157,Low,21882.0
C05584,High-value regulars,0.357,Medium,15123.0
C05585,Lapsing / dormant,0.488,Medium,3806.0
C05586,High-value regulars,0.086,Low,12882.0
C05587,High-value regulars,0.093,Low,19625.0
C05588,High-value regulars,0.27,Medium,9186.0
C05589,High-value regulars,0.061,Low,15739.0
C05590,Low-spend occasional,0.052,Low,7099.0
C05591,Low-spend occasional,0.201,Low,4020.0
C05592,Lapsing / dormant,0.563,High,3898.0
C05593,Low-spend occasional,0.045,Low,2724.0
C05594,High-value regulars,0.038,Low,25875.0
C05595,High-value regulars,0.099,Low,22245.0
C05596,High-value regulars,0.177,Low,10640.0
C05597,Low-spend occasional,0.06,Low,8223.0
C05598,Lapsing / dormant,0.434,Medium,13384.0
C05599,Lapsing / dormant,0.287,Medium,7476.0
C05600,Lapsing / dormant,0.594,High,5903.0
C05601,Lapsing / dormant,0.273,Medium,8044.0
C05602,High-value regulars,0.086,Low,10480.0
C05603,High-value regulars,0.073,Low,21482.0
C05604,Lapsing / dormant,0.25,Medium,5985.0
C05605,Low-spend occasional,0.113,Low,4655.0
C05606,Lapsing / dormant,0.171,Low,8194.0
C05607,Low-spend occasional,0.122,Low,5653.0
C05608,Lapsing / dormant,0.539,High,7323.0
C05609,High-value regulars,0.06,Low,8647.0
C05610,Low-spend occasional,0.319,Medium,3255.0
C05611,High-value regulars,0.101,Low,8970.0
C05612,Lapsing / dormant,0.188,Low,6523.0
C05613,High-value regulars,0.117,Low,13009.0
C05614,Lapsing / dormant,0.367,Medium,3285.0
C05615,High-value regulars,0.149,Low,11040.0
C05616,Low-spend occasional,0.629,High,3434.0
C05617,High-value regulars,0.043,Low,9034.0
C05618,High-value regulars,0.059,Low,14274.0
C05619,High-value regulars,0.093,Low,9748.0
C05620,Lapsing / dormant,0.154,Low,11938.0
C05621,High-value regulars,0.094,Low,14769.0
C05622,High-value regulars,0.041,Low,10628.0
C05623,Low-spend occasional,0.488,Medium,3910.0
C05624,Low-spend occasional,0.084,Low,5811.0
C05625,Lapsing / dormant,0.582,High,10962.0
C05626,High-value regulars,0.126,Low,13498.0
C05627,High-value regulars,0.091,Low,12760.0
C05628,Lapsing / dormant,0.302,Medium,7581.0
C05629,Lapsing / dormant,0.437,Medium,10004.0
C05630,High-value regulars,0.078,Low,17135.0
C05631,High-value regulars,0.178,Low,18701.0
C05632,Lapsing / dormant,0.206,Low,4710.0
C05633,Lapsing / dormant,0.083,Low,11472.0
C05634,High-value regulars,0.181,Low,12987.0
C05635,Low-spend occasional,0.104,Low,4481.0
C05636,Lapsing / dormant,0.376,Medium,10666.0
C05637,Low-spend occasional,0.164,Low,2018.0
C05638,Low-spend occasional,0.189,Low,2254.0
C05639,High-value regulars,0.126,Low,11358.0
C05640,Low-spend occasional,0.094,Low,4813.0
C05641,High-value regulars,0.303,Medium,17787.0
C05642,Lapsing / dormant,0.292,Medium,5359.0
C05643,High-value regulars,0.044,Low,38933.0
C05644,High-value regulars,0.119,Low,17706.0
C05645,Lapsing / dormant,0.394,Medium,11023.0
C05646,Lapsing / dormant,0.205,Low,6557.0
C05647,High-value regulars,0.069,Low,20991.0
C05648,Lapsing / dormant,0.603,High,5862.0
C05649,High-value regulars,0.323,Medium,18773.0
C05650,High-value regulars,0.156,Low,10471.0
C05651,Low-spend occasional,0.13,Low,8111.0
C05652,Lapsing / dormant,0.239,Low,8366.0
C05653,High-value regulars,0.074,Low,8286.0
C05654,Lapsing / dormant,0.397,Medium,7443.0
C05655,Lapsing / dormant,0.216,Low,4882.0
C05656,Lapsing / dormant,0.812,High,4764.0
C05657,Lapsing / dormant,0.337,Medium,6068.0
C05658,High-value regulars,0.102,Low,12355.0
C05659,High-value regulars,0.083,Low,19019.0
C05660,High-value regulars,0.121,Low,10775.0
C05661,Low-spend occasional,0.189,Low,8382.0
C05662,Lapsing / dormant,0.518,High,6558.0
C05663,High-value regulars,0.151,Low,12466.0
C05664,Low-spend occasional,0.05,Low,5621.0
C05665,Lapsing / dormant,0.123,Low,5732.0
C05666,High-value regulars,0.174,Low,12131.0
C05667,High-value regulars,0.09,Low,7853.0
C05668,Lapsing / dormant,0.122,Low,8409.0
C05669,High-value regulars,0.146,Low,21997.0
C05670,Lapsing / dormant,0.726,High,6773.0
C05671,Low-spend occasional,0.185,Low,4691.0
C05672,Low-spend occasional,0.425,Medium,973.0
C05673,High-value regulars,0.158,Low,10945.0
C05674,High-value regulars,0.208,Low,9588.0
C05675,Lapsing / dormant,0.423,Medium,10731.0
C05676,Lapsing / dormant,0.222,Low,8037.0
C05677,Lapsing / dormant,0.106,Low,12441.0
C05678,High-value regulars,0.073,Low,25208.0
C05679,Low-spend occasional,0.054,Low,2946.0
C05680,High-value regulars,0.09,Low,8780.0
C05681,High-value regulars,0.095,Low,10873.0
C05682,Lapsing / dormant,0.142,Low,7858.0
C05683,Lapsing / dormant,0.55,High,13440.0
C05684,High-value regulars,0.24,Low,13047.0
C05685,Lapsing / dormant,0.353,Medium,5564.0
C05686,High-value regulars,0.082,Low,19669.0
C05687,High-value regulars,0.041,Low,15264.0
C05688,Low-spend occasional,0.105,Low,5753.0
C05689,Lapsing / dormant,0.691,High,5519.0
C05690,High-value regulars,0.182,Low,9628.0
C05691,Low-spend occasional,0.077,Low,4662.0
C05692,Low-spend occasional,0.131,Low,4250.0
C05693,Low-spend occasional,0.306,Medium,3424.0
C05694,Lapsing / dormant,0.492,Medium,5778.0
C05695,Low-spend occasional,0.086,Low,4780.0
C05696,Low-spend occasional,0.053,Low,5148.0
C05697,Lapsing / dormant,0.348,Medium,11016.0
C05698,Lapsing / dormant,0.154,Low,7386.0
C05699,High-value regulars,0.06,Low,15056.0
C05700,High-value regulars,0.091,Low,12129.0
C05701,High-value regulars,0.091,Low,8343.0
C05702,High-value regulars,0.094,Low,11105.0
C05703,Lapsing / dormant,0.321,Medium,7891.0
C05704,High-value regulars,0.033,Low,11833.0
C05705,Lapsing / dormant,0.128,Low,6714.0
C05706,High-value regulars,0.033,Low,19615.0
C05707,High-value regulars,0.243,Low,8453.0
C05708,High-value regulars,0.074,Low,16783.0
C05709,High-value regulars,0.093,Low,10304.0
C05710,Lapsing / dormant,0.213,Low,8803.0
C05711,Lapsing / dormant,0.196,Low,11830.0
C05712,Lapsing / dormant,0.266,Medium,6333.0
C05713,High-value regulars,0.074,Low,12208.0
C05714,Lapsing / dormant,0.13,Low,8034.0
C05715,High-value regulars,0.139,Low,16055.0
C05716,Lapsing / dormant,0.127,Low,10907.0
C05717,High-value regulars,0.101,Low,15655.0
C05718,High-value regulars,0.205,Low,18559.0
C05719,Lapsing / dormant,0.125,Low,9668.0
C05720,Lapsing / dormant,0.131,Low,8480.0
C05721,High-value regulars,0.331,Medium,17047.0
C05722,Low-spend occasional,0.132,Low,4993.0
C05723,High-value regulars,0.188,Low,14517.0
C05724,Lapsing / dormant,0.4,Medium,6924.0
C05725,Lapsing / dormant,0.613,High,5429.0
C05726,Lapsing / dormant,0.118,Low,10635.0
C05727,Lapsing / dormant,0.414,Medium,8569.0
C05728,High-value regulars,0.129,Low,13987.0
C05729,Lapsing / dormant,0.204,Low,8217.0
C05730,High-value regulars,0.051,Low,18082.0
C05731,Lapsing / dormant,0.317,Medium,6550.0
C05732,Lapsing / dormant,0.292,Medium,6354.0
C05733,High-value regulars,0.115,Low,16917.0
C05734,High-value regulars,0.044,Low,9237.0
C05735,High-value regulars,0.35,Medium,9976.0
C05736,Lapsing / dormant,0.49,Medium,7843.0
C05737,High-value regulars,0.235,Low,8136.0
C05738,High-value regulars,0.16,Low,22067.0
C05739,High-value regulars,0.116,Low,16725.0
C05740,High-value regulars,0.134,Low,21796.0
C05741,High-value regulars,0.087,Low,17329.0
C05742,High-value regulars,0.16,Low,7319.0
C05743,Low-spend occasional,0.087,Low,4406.0
C05744,High-value regulars,0.102,Low,24502.0
C05745,High-value regulars,0.11,Low,23527.0
C05746,Lapsing / dormant,0.289,Medium,10700.0
C05747,High-value regulars,0.157,Low,12095.0
C05748,High-value regulars,0.145,Low,10703.0
C05749,High-value regulars,0.017,Low,39115.0
C05750,High-value regulars,0.223,Low,9798.0
C05751,Low-spend occasional,0.064,Low,6857.0
C05752,High-value regulars,0.317,Medium,14161.0
C05753,High-value regulars,0.159,Low,15277.0
C05754,High-value regulars,0.03,Low,25178.0
C05755,High-value regulars,0.361,Medium,15274.0
C05756,Lapsing / dormant,0.408,Medium,7391.0
C05757,High-value regulars,0.219,Low,16491.0
C05758,High-value regulars,0.058,Low,12990.0
C05759,High-value regulars,0.278,Medium,17693.0
C05760,High-value regulars,0.073,Low,14057.0
C05761,Low-spend occasional,0.901,High,3142.0
C05762,High-value regulars,0.058,Low,9479.0
C05763,Lapsing / dormant,0.723,High,7148.0
C05764,Lapsing / dormant,0.534,High,2862.0
C05765,High-value regulars,0.146,Low,21183.0
C05766,Lapsing / dormant,0.294,Medium,7483.0
C05767,Low-spend occasional,0.538,High,1608.0
C05768,Lapsing / dormant,0.26,Medium,3953.0
C05769,Lapsing / dormant,0.289,Medium,8280.0
C05770,High-value regulars,0.151,Low,11379.0
C05771,High-value regulars,0.044,Low,15190.0
C05772,High-value regulars,0.066,Low,9802.0
C05773,Lapsing / dormant,0.184,Low,7687.0
C05774,High-value regulars,0.062,Low,12527.0
C05775,Lapsing / dormant,0.261,Medium,4506.0
C05776,Lapsing / dormant,0.112,Low,6499.0
C05777,High-value regulars,0.152,Low,9057.0
C05778,High-value regulars,0.213,Low,12310.0
C05779,High-value regulars,0.093,Low,27780.0
C05780,Lapsing / dormant,0.463,Medium,9306.0
C05781,High-value regulars,0.019,Low,31015.0
C05782,Low-spend occasional,0.292,Medium,2372.0
C05783,Low-spend occasional,0.127,Low,6051.0
C05784,High-value regulars,0.143,Low,13704.0
C05785,Lapsing / dormant,0.675,High,9397.0
C05786,High-value regulars,0.217,Low,16410.0
C05787,Low-spend occasional,0.099,Low,1022.0
C05788,High-value regulars,0.279,Medium,12962.0
C05789,High-value regulars,0.197,Low,10961.0
C05790,High-value regulars,0.123,Low,10706.0
C05791,High-value regulars,0.094,Low,14652.0
C05792,Low-spend occasional,0.134,Low,2219.0
C05793,High-value regulars,0.107,Low,12640.0
C05794,Lapsing / dormant,0.175,Low,8430.0
C05795,Lapsing / dormant,0.428,Medium,13688.0
C05796,Low-spend occasional,0.094,Low,4499.0
C05797,High-value regulars,0.118,Low,11339.0
C05798,Low-spend occasional,0.306,Medium,1582.0
C05799,High-value regulars,0.284,Medium,12217.0
C05800,Lapsing / dormant,0.893,High,1343.0
C05801,High-value regulars,0.23,Low,16166.0
C05802,High-value regulars,0.066,Low,7349.0
C05803,Lapsing / dormant,0.528,High,9141.0
C05804,High-value regulars,0.169,Low,12195.0
C05805,High-value regulars,0.201,Low,12578.0
C05806,High-value regulars,0.287,Medium,11445.0
C05807,High-value regulars,0.274,Medium,8643.0
C05808,Lapsing / dormant,0.204,Low,11045.0
C05809,Lapsing / dormant,0.162,Low,9625.0
C05810,Low-spend occasional,0.325,Medium,5329.0
C05811,Lapsing / dormant,0.888,High,6130.0
C05812,Lapsing / dormant,0.153,Low,8848.0
C05813,Lapsing / dormant,0.627,High,6333.0
C05814,Low-spend occasional,0.217,Low,6017.0
C05815,High-value regulars,0.078,Low,23767.0
C05816,Lapsing / dormant,0.121,Low,6370.0
C05817,Low-spend occasional,0.093,Low,3329.0
C05818,Lapsing / dormant,0.297,Medium,4813.0
C05819,High-value regulars,0.052,Low,16890.0
C05820,High-value regulars,0.079,Low,13024.0
C05821,Lapsing / dormant,0.335,Medium,8373.0
C05822,Lapsing / dormant,0.115,Low,6665.0
C05823,Lapsing / dormant,0.338,Medium,11935.0
C05824,High-value regulars,0.179,Low,15941.0
C05825,Lapsing / dormant,0.438,Medium,15563.0
C05826,High-value regulars,0.195,Low,20031.0
C05827,High-value regulars,0.056,Low,14618.0
C05828,High-value regulars,0.058,Low,10088.0
C05829,High-value regulars,0.099,Low,11712.0
C05830,High-value regulars,0.099,Low,17397.0
C05831,High-value regulars,0.083,Low,17437.0
C05832,Lapsing / dormant,0.256,Medium,6007.0
C05833,High-value regulars,0.136,Low,16654.0
C05834,Lapsing / dormant,0.664,High,10414.0
C05835,Lapsing / dormant,0.271,Medium,8597.0
C05836,High-value regulars,0.056,Low,12621.0
C05837,High-value regulars,0.076,Low,19363.0
C05838,Lapsing / dormant,0.339,Medium,8236.0
C05839,Low-spend occasional,0.325,Medium,3946.0
C05840,Low-spend occasional,0.343,Medium,3815.0
C05841,Lapsing / dormant,0.109,Low,6159.0
C05842,High-value regulars,0.101,Low,12939.0
C05843,High-value regulars,0.051,Low,12889.0
C05844,Lapsing / dormant,0.619,High,9182.0
C05845,Lapsing / dormant,0.447,Medium,4808.0
C05846,High-value regulars,0.238,Low,10485.0
C05847,Lapsing / dormant,0.153,Low,5650.0
C05848,Lapsing / dormant,0.16,Low,8038.0
C05849,High-value regulars,0.058,Low,15645.0
C05850,High-value regulars,0.218,Low,13081.0
C05851,Low-spend occasional,0.347,Medium,1873.0
C05852,High-value regulars,0.157,Low,8470.0
C05853,High-value regulars,0.025,Low,10180.0
C05854,High-value regulars,0.034,Low,19433.0
C05855,Low-spend occasional,0.179,Low,6899.0
C05856,High-value regulars,0.193,Low,9113.0
C05857,High-value regulars,0.356,Medium,15103.0
C05858,Lapsing / dormant,0.86,High,1322.0
C05859,Low-spend occasional,0.068,Low,2592.0
C05860,High-value regulars,0.065,Low,19389.0
C05861,Lapsing / dormant,0.173,Low,11125.0
C05862,Low-spend occasional,0.107,Low,4162.0
C05863,High-value regulars,0.14,Low,7410.0
C05864,High-value regulars,0.019,Low,15469.0
C05865,Lapsing / dormant,0.263,Medium,2294.0
C05866,High-value regulars,0.109,Low,15725.0
C05867,High-value regulars,0.044,Low,9577.0
C05868,High-value regulars,0.165,Low,10563.0
C05869,Lapsing / dormant,0.48,Medium,15426.0
C05870,Lapsing / dormant,0.423,Medium,5408.0
C05871,Lapsing / dormant,0.747,High,8012.0
C05872,Lapsing / dormant,0.186,Low,4407.0
C05873,Lapsing / dormant,0.511,High,3586.0
C05874,Lapsing / dormant,0.348,Medium,8133.0
C05875,High-value regulars,0.187,Low,11882.0
C05876,High-value regulars,0.247,Low,18660.0
C05877,Lapsing / dormant,0.547,High,8714.0
C05878,Lapsing / dormant,0.366,Medium,8122.0
C05879,High-value regulars,0.09,Low,13948.0
C05880,High-value regulars,0.067,Low,15121.0
C05881,Lapsing / dormant,0.228,Low,4659.0
C05882,High-value regulars,0.111,Low,10049.0
C05883,Lapsing / dormant,0.613,High,8641.0
C05884,Lapsing / dormant,0.133,Low,4517.0
C05885,High-value regulars,0.234,Low,8996.0
C05886,High-value regulars,0.062,Low,6835.0
C05887,High-value regulars,0.06,Low,20993.0
C05888,High-value regulars,0.082,Low,10723.0
C05889,High-value regulars,0.046,Low,12357.0
C05890,High-value regulars,0.412,Medium,16095.0
C05891,Lapsing / dormant,0.379,Medium,9268.0
C05892,High-value regulars,0.045,Low,11594.0
C05893,Lapsing / dormant,0.249,Low,7241.0
C05894,High-value regulars,0.197,Low,12339.0
C05895,High-value regulars,0.071,Low,22774.0
C05896,Lapsing / dormant,0.566,High,5894.0
C05897,High-value regulars,0.168,Low,9545.0
C05898,Low-spend occasional,0.088,Low,5568.0
C05899,Lapsing / dormant,0.18,Low,12176.0
C05900,High-value regulars,0.087,Low,23524.0
C05901,High-value regulars,0.176,Low,11487.0
C05902,Low-spend occasional,0.276,Medium,3579.0
C05903,High-value regulars,0.178,Low,20923.0
C05904,High-value regulars,0.091,Low,7706.0
C05905,High-value regulars,0.218,Low,14147.0
C05906,High-value regulars,0.159,Low,9032.0
C05907,High-value regulars,0.218,Low,10652.0
C05908,Lapsing / dormant,0.152,Low,4982.0
C05909,High-value regulars,0.388,Medium,12923.0
C05910,High-value regulars,0.104,Low,7910.0
C05911,High-value regulars,0.176,Low,19416.0
C05912,High-value regulars,0.119,Low,6479.0
C05913,Lapsing / dormant,0.156,Low,10510.0
C05914,Lapsing / dormant,0.392,Medium,8239.0
C05915,High-value regulars,0.195,Low,11943.0
C05916,Lapsing / dormant,0.622,High,2804.0
C05917,High-value regulars,0.086,Low,21328.0
C05918,Lapsing / dormant,0.807,High,4811.0
C05919,High-value regulars,0.089,Low,18834.0
C05920,Lapsing / dormant,0.295,Medium,13954.0
C05921,Low-spend occasional,0.22,Low,7229.0
C05922,Lapsing / dormant,0.394,Medium,2496.0
C05923,Lapsing / dormant,0.552,High,2560.0
C05924,High-value regulars,0.053,Low,16741.0
C05925,High-value regulars,0.146,Low,18526.0
C05926,Lapsing / dormant,0.375,Medium,3027.0
C05927,High-value regulars,0.183,Low,12801.0
C05928,High-value regulars,0.06,Low,17330.0
C05929,High-value regulars,0.355,Medium,13539.0
C05930,High-value regulars,0.026,Low,19217.0
C05931,High-value regulars,0.124,Low,12359.0
C05932,High-value regulars,0.111,Low,6893.0
C05933,High-value regulars,0.074,Low,10668.0
C05934,Lapsing / dormant,0.274,Medium,7954.0
C05935,Low-spend occasional,0.078,Low,2714.0
C05936,Lapsing / dormant,0.316,Medium,8312.0
C05937,High-value regulars,0.082,Low,7655.0
C05938,Low-spend occasional,0.207,Low,1254.0
C05939,Lapsing / dormant,0.27,Medium,7374.0
C05940,High-value regulars,0.047,Low,15790.0
C05941,Lapsing / dormant,0.125,Low,5874.0
C05942,High-value regulars,0.141,Low,12755.0
C05943,High-value regulars,0.051,Low,10641.0
C05944,High-value regulars,0.068,Low,16062.0
C05945,Lapsing / dormant,0.59,High,11069.0
C05946,High-value regulars,0.087,Low,9537.0
C05947,High-value regulars,0.045,Low,13098.0
C05948,High-value regulars,0.224,Low,12629.0
C05949,Lapsing / dormant,0.333,Medium,4937.0
C05950,High-value regulars,0.389,Medium,14626.0
C05951,High-value regulars,0.084,Low,11973.0
C05952,Low-spend occasional,0.07,Low,4112.0
C05953,High-value regulars,0.058,Low,20901.0
C05954,High-value regulars,0.161,Low,12168.0
C05955,High-value regulars,0.134,Low,22823.0
C05956,High-value regulars,0.14,Low,11445.0
C05957,Low-spend occasional,0.41,Medium,6605.0
C05958,High-value regulars,0.194,Low,25485.0
C05959,High-value regulars,0.208,Low,8152.0
C05960,Lapsing / dormant,0.08,Low,7006.0
C05961,High-value regulars,0.081,Low,23997.0
C05962,Lapsing / dormant,0.638,High,6023.0
C05963,High-value regulars,0.068,Low,21092.0
C05964,Lapsing / dormant,0.354,Medium,11728.0
C05965,Low-spend occasional,0.127,Low,3071.0
C05966,High-value regulars,0.102,Low,8224.0
C05967,Lapsing / dormant,0.44,Medium,6968.0
C05968,Low-spend occasional,0.137,Low,5942.0
C05969,High-value regulars,0.237,Low,13927.0
C05970,Lapsing / dormant,0.24,Low,13986.0
C05971,High-value regulars,0.074,Low,12253.0
C05972,High-value regulars,0.14,Low,13780.0
C05973,High-value regulars,0.026,Low,21279.0
C05974,High-value regulars,0.141,Low,14277.0
C05975,High-value regulars,0.114,Low,28445.0
C05976,Lapsing / dormant,0.276,Medium,4331.0
C05977,Lapsing / dormant,0.635,High,7232.0
C05978,Lapsing / dormant,0.19,Low,7380.0
C05979,High-value regulars,0.082,Low,7569.0
C05980,High-value regulars,0.13,Low,12117.0
C05981,Lapsing / dormant,0.522,High,9851.0
C05982,Lapsing / dormant,0.317,Medium,5929.0
C05983,High-value regulars,0.036,Low,17636.0
C05984,Low-spend occasional,0.21,Low,3164.0
C05985,Low-spend occasional,0.141,Low,3882.0
C05986,High-value regulars,0.154,Low,11033.0
C05987,High-value regulars,0.098,Low,14285.0
C05988,Low-spend occasional,0.437,Medium,4732.0
C05989,High-value regulars,0.106,Low,8161.0
C05990,Low-spend occasional,0.229,Low,5461.0
C05991,Lapsing / dormant,0.374,Medium,9342.0
C05992,Low-spend occasional,0.074,Low,6392.0
C05993,High-value regulars,0.111,Low,14805.0
C05994,High-value regulars,0.41,Medium,12371.0
C05995,High-value regulars,0.143,Low,19893.0
C05996,Lapsing / dormant,0.377,Medium,8815.0
C05997,Lapsing / dormant,0.531,High,5511.0
C05998,High-value regulars,0.103,Low,14789.0
C05999,High-value regulars,0.049,Low,11638.0
C06000,Lapsing / dormant,0.308,Medium,10732.0
C06001,Lapsing / dormant,0.083,Low,6095.0
C06002,Low-spend occasional,0.1,Low,4402.0
C06003,Lapsing / dormant,0.441,Medium,10581.0
C06004,High-value regulars,0.146,Low,8371.0
C06005,Low-spend occasional,0.251,Medium,3362.0
C06006,High-value regulars,0.048,Low,7701.0
C06007,Lapsing / dormant,0.244,Low,5775.0
C06008,Lapsing / dormant,0.384,Medium,12226.0
C06009,Low-spend occasional,0.309,Medium,1965.0
C06010,High-value regulars,0.137,Low,23271.0
C06011,High-value regulars,0.113,Low,16044.0
C06012,High-value regulars,0.097,Low,14229.0
C06013,Low-spend occasional,0.25,Low,1310.0
C06014,High-value regulars,0.057,Low,18153.0
C06015,High-value regulars,0.024,Low,20458.0
C06016,Low-spend occasional,0.131,Low,6677.0
C06017,High-value regulars,0.138,Low,16509.0
C06018,High-value regulars,0.172,Low,12661.0
C06019,High-value regulars,0.225,Low,11985.0
C06020,Low-spend occasional,0.265,Medium,5378.0
C06021,Lapsing / dormant,0.418,Medium,7130.0
C06022,Low-spend occasional,0.06,Low,6524.0
C06023,Lapsing / dormant,0.561,High,4206.0
C06024,Low-spend occasional,0.865,High,918.0
C06025,High-value regulars,0.051,Low,18290.0
C06026,Lapsing / dormant,0.304,Medium,11119.0
C06027,High-value regulars,0.127,Low,18848.0
C06028,High-value regulars,0.271,Medium,16518.0
C06029,High-value regulars,0.182,Low,11600.0
C06030,High-value regulars,0.118,Low,11043.0
C06031,High-value regulars,0.042,Low,17222.0
C06032,Low-spend occasional,0.172,Low,7803.0
C06033,Low-spend occasional,0.096,Low,8115.0
C06034,High-value regulars,0.095,Low,9681.0
C06035,High-value regulars,0.187,Low,11428.0
C06036,High-value regulars,0.275,Medium,15076.0
C06037,Low-spend occasional,0.123,Low,5921.0
C06038,High-value regulars,0.12,Low,24251.0
C06039,Low-spend occasional,0.282,Medium,4236.0
C06040,Low-spend occasional,0.585,High,3771.0
C06041,High-value regulars,0.232,Low,11304.0
C06042,High-value regulars,0.845,High,15023.0
C06043,High-value regulars,0.14,Low,8898.0
C06044,Lapsing / dormant,0.686,High,9156.0
C06045,Lapsing / dormant,0.679,High,5813.0
C06046,Lapsing / dormant,0.515,High,4583.0
C06047,High-value regulars,0.059,Low,7449.0
C06048,High-value regulars,0.065,Low,7644.0
C06049,Lapsing / dormant,0.421,Medium,9151.0
C06050,High-value regulars,0.272,Medium,13943.0
C06051,High-value regulars,0.055,Low,14098.0
C06052,Lapsing / dormant,0.284,Medium,4980.0
C06053,High-value regulars,0.258,Medium,10073.0
C06054,Lapsing / dormant,0.145,Low,7906.0
C06055,High-value regulars,0.096,Low,13651.0
C06056,High-value regulars,0.12,Low,12805.0
C06057,Low-spend occasional,0.088,Low,1859.0
C06058,High-value regulars,0.104,Low,12156.0
C06059,Lapsing / dormant,0.268,Medium,9066.0
C06060,High-value regulars,0.183,Low,9471.0
C06061,High-value regulars,0.269,Medium,8324.0
C06062,Lapsing / dormant,0.447,Medium,7050.0
C06063,High-value regulars,0.174,Low,7233.0
C06064,High-value regulars,0.039,Low,29312.0
C06065,Lapsing / dormant,0.178,Low,8915.0
C06066,High-value regulars,0.094,Low,8894.0
C06067,Lapsing / dormant,0.207,Low,7354.0
C06068,High-value regulars,0.056,Low,6310.0
C06069,Low-spend occasional,0.243,Low,8036.0
C06070,High-value regulars,0.123,Low,8420.0
C06071,High-value regulars,0.108,Low,6939.0
C06072,Lapsing / dormant,0.368,Medium,7647.0
C06073,Lapsing / dormant,0.459,Medium,13237.0
C06074,High-value regulars,0.091,Low,15822.0
C06075,Lapsing / dormant,0.109,Low,9851.0
C06076,High-value regulars,0.126,Low,12261.0
C06077,High-value regulars,0.182,Low,17640.0
C06078,Low-spend occasional,0.117,Low,5795.0
C06079,Low-spend occasional,0.211,Low,4762.0
C06080,Lapsing / dormant,0.443,Medium,8213.0
C06081,High-value regulars,0.277,Medium,10979.0
C06082,Lapsing / dormant,0.16,Low,8836.0
C06083,High-value regulars,0.111,Low,8677.0
C06084,High-value regulars,0.112,Low,22583.0
C06085,Lapsing / dormant,0.346,Medium,8852.0
C06086,High-value regulars,0.584,High,19844.0
C06087,High-value regulars,0.201,Low,18598.0
C06088,High-value regulars,0.19,Low,10575.0
C06089,Low-spend occasional,0.192,Low,7543.0
C06090,High-value regulars,0.173,Low,12348.0
C06091,High-value regulars,0.107,Low,10549.0
C06092,High-value regulars,0.102,Low,11889.0
C06093,High-value regulars,0.127,Low,10978.0
C06094,Lapsing / dormant,0.196,Low,6323.0
C06095,Low-spend occasional,0.132,Low,6998.0
C06096,High-value regulars,0.079,Low,16989.0
C06097,High-value regulars,0.139,Low,9536.0
C06098,High-value regulars,0.17,Low,16242.0
C06099,Low-spend occasional,0.071,Low,6197.0
C06100,High-value regulars,0.065,Low,13006.0
C06101,Lapsing / dormant,0.184,Low,4690.0
C06102,High-value regulars,0.059,Low,7783.0
C06103,High-value regulars,0.097,Low,16038.0
C06104,High-value regulars,0.052,Low,8135.0
C06105,Low-spend occasional,0.226,Low,5436.0
C06106,High-value regulars,0.099,Low,15197.0
C06107,Low-spend occasional,0.242,Low,7951.0
C06108,Lapsing / dormant,0.488,Medium,6362.0
C06109,Lapsing / dormant,0.297,Medium,3808.0
C06110,Lapsing / dormant,0.465,Medium,5409.0
C06111,High-value regulars,0.113,Low,8347.0
C06112,Lapsing / dormant,0.241,Low,11255.0
C06113,Lapsing / dormant,0.119,Low,6655.0
C06114,Low-spend occasional,0.11,Low,2136.0
C06115,High-value regulars,0.254,Medium,9328.0
C06116,High-value regulars,0.144,Low,17954.0
C06117,High-value regulars,0.085,Low,19789.0
C06118,Lapsing / dormant,0.526,High,11640.0
C06119,Lapsing / dormant,0.465,Medium,9783.0
C06120,High-value regulars,0.133,Low,8238.0
C06121,Lapsing / dormant,0.695,High,3578.0
C06122,Lapsing / dormant,0.328,Medium,2032.0
C06123,High-value regulars,0.076,Low,13125.0
C06124,Lapsing / dormant,0.18,Low,5815.0
C06125,High-value regulars,0.081,Low,17410.0
C06126,Lapsing / dormant,0.187,Low,7593.0
C06127,Lapsing / dormant,0.422,Medium,5358.0
C06128,Lapsing / dormant,0.47,Medium,8825.0
C06129,Lapsing / dormant,0.189,Low,16695.0
C06130,Lapsing / dormant,0.44,Medium,10147.0
C06131,High-value regulars,0.072,Low,18177.0
C06132,Lapsing / dormant,0.403,Medium,12030.0
C06133,High-value regulars,0.116,Low,13498.0
C06134,High-value regulars,0.212,Low,11024.0
C06135,Lapsing / dormant,0.254,Medium,11552.0
C06136,Lapsing / dormant,0.308,Medium,10565.0
C06137,Lapsing / dormant,0.478,Medium,7403.0
C06138,High-value regulars,0.133,Low,10213.0
C06139,High-value regulars,0.127,Low,11735.0
C06140,Lapsing / dormant,0.123,Low,8132.0
C06141,High-value regulars,0.14,Low,9820.0
C06142,High-value regulars,0.087,Low,13068.0
C06143,High-value regulars,0.1,Low,20167.0
C06144,High-value regulars,0.112,Low,13087.0
C06145,High-value regulars,0.055,Low,14704.0
C06146,Low-spend occasional,0.18,Low,2858.0
C06147,High-value regulars,0.082,Low,12026.0
C06148,Low-spend occasional,0.221,Low,5123.0
C06149,High-value regulars,0.088,Low,17288.0
C06150,Low-spend occasional,0.102,Low,5982.0
C06151,Lapsing / dormant,0.389,Medium,5290.0
C06152,Lapsing / dormant,0.844,High,4936.0
C06153,Low-spend occasional,0.274,Medium,8264.0
C06154,Low-spend occasional,0.027,Low,6571.0
C06155,High-value regulars,0.179,Low,13906.0
C06156,Low-spend occasional,0.496,Medium,3404.0
C06157,High-value regulars,0.21,Low,11292.0
C06158,Low-spend occasional,0.38,Medium,2661.0
C06159,Low-spend occasional,0.081,Low,5794.0
C06160,High-value regulars,0.189,Low,22277.0
C06161,Lapsing / dormant,0.354,Medium,6472.0
C06162,High-value regulars,0.244,Low,16486.0
C06163,High-value regulars,0.221,Low,8659.0
C06164,Low-spend occasional,0.24,Low,7726.0
C06165,Low-spend occasional,0.397,Medium,7656.0
C06166,High-value regulars,0.153,Low,10889.0
C06167,High-value regulars,0.101,Low,20011.0
C06168,High-value regulars,0.197,Low,15902.0
C06169,High-value regulars,0.08,Low,14909.0
C06170,High-value regulars,0.093,Low,7242.0
C06171,High-value regulars,0.214,Low,13635.0
C06172,Lapsing / dormant,0.291,Medium,5992.0
C06173,High-value regulars,0.052,Low,20117.0
C06174,Lapsing / dormant,0.334,Medium,4210.0
C06175,High-value regulars,0.057,Low,12943.0
C06176,High-value regulars,0.13,Low,8327.0
C06177,Lapsing / dormant,0.429,Medium,8442.0
C06178,High-value regulars,0.246,Low,8384.0
C06179,Low-spend occasional,0.094,Low,3156.0
C06180,High-value regulars,0.277,Medium,12551.0
C06181,Low-spend occasional,0.245,Low,3925.0
C06182,High-value regulars,0.156,Low,13491.0
C06183,Lapsing / dormant,0.3,Medium,8732.0
C06184,High-value regulars,0.078,Low,9902.0
C06185,High-value regulars,0.14,Low,18745.0
C06186,High-value regulars,0.089,Low,12249.0
C06187,High-value regulars,0.068,Low,8221.0
C06188,High-value regulars,0.083,Low,18058.0
C06189,High-value regulars,0.435,Medium,15809.0
C06190,High-value regulars,0.15,Low,10328.0
C06191,Lapsing / dormant,0.361,Medium,5411.0
C06192,Lapsing / dormant,0.312,Medium,3605.0
C06193,Low-spend occasional,0.131,Low,5318.0
C06194,High-value regulars,0.124,Low,9051.0
C06195,Low-spend occasional,0.171,Low,4584.0
C06196,Lapsing / dormant,0.326,Medium,8276.0
C06197,Lapsing / dormant,0.397,Medium,4198.0
C06198,Lapsing / dormant,0.675,High,5782.0
C06199,Lapsing / dormant,0.359,Medium,7777.0
C06200,Lapsing / dormant,0.465,Medium,6916.0
C06201,Lapsing / dormant,0.479,Medium,7757.0
C06202,Low-spend occasional,0.136,Low,8297.0
C06203,High-value regulars,0.183,Low,6730.0
C06204,Lapsing / dormant,0.194,Low,6385.0
C06205,Lapsing / dormant,0.618,High,6234.0
C06206,Lapsing / dormant,0.161,Low,9093.0
C06207,High-value regulars,0.159,Low,10391.0
C06208,Lapsing / dormant,0.63,High,6736.0
C06209,Lapsing / dormant,0.33,Medium,8569.0
C06210,High-value regulars,0.162,Low,11782.0
C06211,High-value regulars,0.135,Low,10707.0
C06212,High-value regulars,0.043,Low,14971.0
C06213,High-value regulars,0.265,Medium,18445.0
C06214,Lapsing / dormant,0.078,Low,9348.0
C06215,High-value regulars,0.273,Medium,16459.0
C06216,High-value regulars,0.415,Medium,12856.0
C06217,High-value regulars,0.124,Low,25327.0
C06218,Low-spend occasional,0.082,Low,6211.0
C06219,High-value regulars,0.281,Medium,20975.0
C06220,High-value regulars,0.086,Low,7191.0
C06221,High-value regulars,0.37,Medium,12973.0
C06222,High-value regulars,0.032,Low,9937.0
C06223,High-value regulars,0.166,Low,12098.0
C06224,Lapsing / dormant,0.219,Low,5090.0
C06225,Lapsing / dormant,0.333,Medium,8814.0
C06226,Lapsing / dormant,0.349,Medium,11335.0
C06227,High-value regulars,0.345,Medium,7394.0
C06228,Low-spend occasional,0.207,Low,5458.0
C06229,High-value regulars,0.176,Low,7240.0
C06230,High-value regulars,0.047,Low,18948.0
C06231,Low-spend occasional,0.075,Low,4269.0
C06232,Lapsing / dormant,0.577,High,6527.0
C06233,Lapsing / dormant,0.127,Low,6537.0
C06234,High-value regulars,0.067,Low,11692.0
C06235,High-value regulars,0.155,Low,16425.0
C06236,High-value regulars,0.128,Low,11510.0
C06237,High-value regulars,0.266,Medium,13539.0
C06238,Lapsing / dormant,0.431,Medium,11785.0
C06239,Lapsing / dormant,0.232,Low,8182.0
C06240,High-value regulars,0.104,Low,6745.0
C06241,High-value regulars,0.176,Low,10528.0
C06242,Lapsing / dormant,0.171,Low,6323.0
C06243,Low-spend occasional,0.48,Medium,3129.0
C06244,High-value regulars,0.214,Low,12065.0
C06245,High-value regulars,0.103,Low,7871.0
C06246,Low-spend occasional,0.035,Low,6360.0
C06247,Lapsing / dormant,0.133,Low,8423.0
C06248,High-value regulars,0.078,Low,9442.0
C06249,Lapsing / dormant,0.585,High,2923.0
C06250,Low-spend occasional,0.139,Low,4315.0
C06251,Lapsing / dormant,0.204,Low,14288.0
C06252,Lapsing / dormant,0.485,Medium,7109.0
C06253,Lapsing / dormant,0.393,Medium,8383.0
C06254,High-value regulars,0.144,Low,10464.0
C06255,Low-spend occasional,0.213,Low,7393.0
C06256,Low-spend occasional,0.105,Low,4548.0
C06257,Lapsing / dormant,0.23,Low,5858.0
C06258,High-value regulars,0.181,Low,12552.0
C06259,Lapsing / dormant,0.252,Medium,9277.0
C06260,High-value regulars,0.207,Low,20753.0
C06261,High-value regulars,0.107,Low,20973.0
C06262,High-value regulars,0.025,Low,35274.0
C06263,Lapsing / dormant,0.666,High,5447.0
C06264,Lapsing / dormant,0.21,Low,7920.0
C06265,High-value regulars,0.028,Low,9088.0
C06266,Lapsing / dormant,0.246,Low,8577.0
C06267,High-value regulars,0.098,Low,11364.0
C06268,High-value regulars,0.083,Low,13050.0
C06269,Low-spend occasional,0.185,Low,3769.0
C06270,High-value regulars,0.065,Low,9376.0
C06271,High-value regulars,0.025,Low,17581.0
C06272,Low-spend occasional,0.166,Low,6380.0
C06273,High-value regulars,0.079,Low,20365.0
C06274,Lapsing / dormant,0.212,Low,6140.0
C06275,Lapsing / dormant,0.42,Medium,8105.0
C06276,High-value regulars,0.045,Low,18139.0
C06277,Low-spend occasional,0.177,Low,3002.0
C06278,High-value regulars,0.223,Low,13228.0
C06279,Lapsing / dormant,0.332,Medium,4775.0
C06280,High-value regulars,0.143,Low,18672.0
C06281,High-value regulars,0.065,Low,15162.0
C06282,High-value regulars,0.016,Low,22026.0
C06283,Lapsing / dormant,0.617,High,5038.0
C06284,Low-spend occasional,0.333,Medium,3912.0
C06285,High-value regulars,0.113,Low,12911.0
C06286,High-value regulars,0.19,Low,12981.0
C06287,High-value regulars,0.106,Low,10565.0
C06288,Low-spend occasional,0.17,Low,4793.0
C06289,High-value regulars,0.514,High,14031.0
C06290,High-value regulars,0.07,Low,13018.0
C06291,High-value regulars,0.171,Low,8268.0
C06292,Low-spend occasional,0.479,Medium,2591.0
C06293,Lapsing / dormant,0.409,Medium,6355.0
C06294,Low-spend occasional,0.441,Medium,3678.0
C06295,Low-spend occasional,0.14,Low,6351.0
C06296,Lapsing / dormant,0.365,Medium,13575.0
C06297,High-value regulars,0.117,Low,19672.0
C06298,High-value regulars,0.069,Low,8403.0
C06299,High-value regulars,0.091,Low,13830.0
C06300,Low-spend occasional,0.113,Low,4166.0
C06301,Low-spend occasional,0.255,Medium,3871.0
C06302,High-value regulars,0.104,Low,15996.0
C06303,Low-spend occasional,0.465,Medium,4861.0
C06304,High-value regulars,0.149,Low,10254.0
C06305,High-value regulars,0.113,Low,7828.0
C06306,High-value regulars,0.158,Low,10778.0
C06307,Lapsing / dormant,0.178,Low,7392.0
C06308,High-value regulars,0.126,Low,21839.0
C06309,High-value regulars,0.149,Low,9411.0
C06310,Lapsing / dormant,0.502,High,9101.0
C06311,High-value regulars,0.112,Low,9963.0
C06312,High-value regulars,0.143,Low,11598.0
C06313,High-value regulars,0.129,Low,11685.0
C06314,High-value regulars,0.3,Medium,15240.0
C06315,Lapsing / dormant,0.301,Medium,9063.0
C06316,High-value regulars,0.074,Low,14239.0
C06317,Lapsing / dormant,0.207,Low,2606.0
C06318,High-value regulars,0.13,Low,14009.0
C06319,Lapsing / dormant,0.325,Medium,7131.0
C06320,Low-spend occasional,0.582,High,4442.0
C06321,Low-spend occasional,0.148,Low,6249.0
C06322,Lapsing / dormant,0.13,Low,6491.0
C06323,High-value regulars,0.225,Low,14264.0
C06324,Low-spend occasional,0.614,High,1194.0
C06325,High-value regulars,0.123,Low,16672.0
C06326,High-value regulars,0.038,Low,15208.0
C06327,Low-spend occasional,0.302,Medium,3726.0
C06328,High-value regulars,0.055,Low,16660.0
C06329,High-value regulars,0.091,Low,12605.0
C06330,Low-spend occasional,0.198,Low,3661.0
C06331,Lapsing / dormant,0.419,Medium,5276.0
C06332,Lapsing / dormant,0.745,High,8236.0
C06333,High-value regulars,0.021,Low,24150.0
C06334,Low-spend occasional,0.696,High,5138.0
C06335,High-value regulars,0.112,Low,13534.0
C06336,High-value regulars,0.06,Low,7227.0
C06337,High-value regulars,0.037,Low,20369.0
C06338,High-value regulars,0.149,Low,7992.0
C06339,Lapsing / dormant,0.517,High,3864.0
C06340,High-value regulars,0.187,Low,11565.0
C06341,High-value regulars,0.351,Medium,11444.0
C06342,High-value regulars,0.044,Low,13466.0
C06343,Lapsing / dormant,0.333,Medium,7086.0
C06344,Lapsing / dormant,0.275,Medium,3194.0
C06345,Low-spend occasional,0.243,Low,9254.0
C06346,Lapsing / dormant,0.16,Low,6999.0
C06347,Lapsing / dormant,0.338,Medium,4607.0
C06348,Low-spend occasional,0.063,Low,7435.0
C06349,Lapsing / dormant,0.848,High,2492.0
C06350,Low-spend occasional,0.07,Low,5142.0
C06351,Low-spend occasional,0.086,Low,5753.0
C06352,Lapsing / dormant,0.158,Low,10612.0
C06353,High-value regulars,0.056,Low,9942.0
C06354,High-value regulars,0.201,Low,12205.0
C06355,Lapsing / dormant,0.502,High,2835.0
C06356,Lapsing / dormant,0.08,Low,7034.0
C06357,Lapsing / dormant,0.431,Medium,9240.0
C06358,Low-spend occasional,0.082,Low,4173.0
C06359,High-value regulars,0.105,Low,9981.0
C06360,Lapsing / dormant,0.252,Medium,9829.0
C06361,High-value regulars,0.029,Low,19349.0
C06362,Lapsing / dormant,0.152,Low,5046.0
C06363,High-value regulars,0.266,Medium,13467.0
C06364,High-value regulars,0.061,Low,8182.0
C06365,Lapsing / dormant,0.874,High,8550.0
C06366,High-value regulars,0.087,Low,16167.0
C06367,High-value regulars,0.018,Low,28604.0
C06368,High-value regulars,0.105,Low,8998.0
C06369,Lapsing / dormant,0.921,High,2935.0
C06370,Lapsing / dormant,0.17,Low,9583.0
C06371,High-value regulars,0.322,Medium,10589.0
C06372,High-value regulars,0.308,Medium,17961.0
C06373,High-value regulars,0.148,Low,14350.0
C06374,High-value regulars,0.112,Low,17287.0
C06375,Lapsing / dormant,0.24,Low,5428.0
C06376,High-value regulars,0.048,Low,7377.0
C06377,Lapsing / dormant,0.318,Medium,5863.0
C06378,High-value regulars,0.223,Low,9573.0
C06379,Lapsing / dormant,0.407,Medium,2937.0
C06380,High-value regulars,0.089,Low,9435.0
C06381,Lapsing / dormant,0.575,High,4896.0
C06382,High-value regulars,0.294,Medium,7866.0
C06383,Lapsing / dormant,0.231,Low,5625.0
C06384,Lapsing / dormant,0.991,High,913.0
C06385,High-value regulars,0.093,Low,18732.0
C06386,High-value regulars,0.053,Low,12576.0
C06387,High-value regulars,0.042,Low,13392.0
C06388,High-value regulars,0.112,Low,8735.0
C06389,High-value regulars,0.099,Low,13959.0
C06390,Low-spend occasional,0.112,Low,2685.0
C06391,High-value regulars,0.127,Low,13726.0
C06392,Lapsing / dormant,0.105,Low,6650.0
C06393,High-value regulars,0.071,Low,17079.0
C06394,Low-spend occasional,0.449,Medium,1683.0
C06395,High-value regulars,0.237,Low,10264.0
C06396,High-value regulars,0.044,Low,8007.0
C06397,Lapsing / dormant,0.737,High,9145.0
C06398,High-value regulars,0.235,Low,20369.0
C06399,Lapsing / dormant,0.22,Low,7165.0
C06400,High-value regulars,0.444,Medium,19617.0
C06401,Lapsing / dormant,0.92,High,1767.0
C06402,High-value regulars,0.084,Low,11694.0
C06403,Lapsing / dormant,0.119,Low,11506.0
C06404,High-value regulars,0.129,Low,14998.0
C06405,High-value regulars,0.161,Low,20805.0
C06406,High-value regulars,0.145,Low,9795.0
C06407,Lapsing / dormant,0.262,Medium,6326.0
C06408,High-value regulars,0.064,Low,43538.0
C06409,High-value regulars,0.112,Low,14669.0
C06410,Lapsing / dormant,0.201,Low,8505.0
C06411,Lapsing / dormant,0.319,Medium,7163.0
C06412,Lapsing / dormant,0.17,Low,5433.0
C06413,Lapsing / dormant,0.317,Medium,5439.0
C06414,High-value regulars,0.325,Medium,13161.0
C06415,High-value regulars,0.026,Low,22916.0
C06416,Low-spend occasional,0.211,Low,2243.0
C06417,High-value regulars,0.11,Low,13752.0
C06418,High-value regulars,0.084,Low,25195.0
C06419,High-value regulars,0.135,Low,12466.0
C06420,High-value regulars,0.29,Medium,11676.0
C06421,High-value regulars,0.107,Low,10397.0
C06422,Low-spend occasional,0.442,Medium,4931.0
C06423,Lapsing / dormant,0.29,Medium,7501.0
C06424,High-value regulars,0.07,Low,21204.0
C06425,High-value regulars,0.082,Low,11675.0
C06426,Lapsing / dormant,0.344,Medium,8852.0
C06427,High-value regulars,0.08,Low,10117.0
C06428,Lapsing / dormant,0.535,High,4881.0
C06429,High-value regulars,0.079,Low,29214.0
C06430,High-value regulars,0.213,Low,16229.0
C06431,High-value regulars,0.278,Medium,13138.0
C06432,High-value regulars,0.093,Low,12541.0
C06433,Low-spend occasional,0.135,Low,5483.0
C06434,High-value regulars,0.051,Low,10710.0
C06435,Lapsing / dormant,0.208,Low,3993.0
C06436,Lapsing / dormant,0.09,Low,7345.0
C06437,High-value regulars,0.08,Low,16450.0
C06438,High-value regulars,0.11,Low,9419.0
C06439,Low-spend occasional,0.172,Low,7365.0
C06440,High-value regulars,0.067,Low,18993.0
C06441,High-value regulars,0.073,Low,24873.0
C06442,High-value regulars,0.139,Low,17668.0
C06443,Low-spend occasional,0.152,Low,5958.0
C06444,High-value regulars,0.172,Low,13545.0
C06445,Lapsing / dormant,0.236,Low,4355.0
C06446,High-value regulars,0.134,Low,9501.0
C06447,High-value regulars,0.101,Low,20784.0
C06448,Lapsing / dormant,0.195,Low,10512.0
C06449,High-value regulars,0.099,Low,12640.0
C06450,High-value regulars,0.032,Low,10230.0
C06451,Lapsing / dormant,0.183,Low,7675.0
C06452,High-value regulars,0.031,Low,10513.0
C06453,Low-spend occasional,0.317,Medium,4850.0
C06454,Lapsing / dormant,0.453,Medium,7134.0
C06455,Lapsing / dormant,0.376,Medium,13265.0
C06456,Lapsing / dormant,0.369,Medium,2168.0
C06457,High-value regulars,0.16,Low,7613.0
C06458,High-value regulars,0.077,Low,18832.0
C06459,Lapsing / dormant,0.437,Medium,8804.0
C06460,High-value regulars,0.056,Low,16426.0
C06461,High-value regulars,0.21,Low,14077.0
C06462,High-value regulars,0.15,Low,8338.0
C06463,Lapsing / dormant,0.106,Low,6834.0
C06464,High-value regulars,0.3,Medium,18151.0
C06465,High-value regulars,0.146,Low,14784.0
C06466,Lapsing / dormant,0.751,High,6510.0
C06467,Lapsing / dormant,0.102,Low,7569.0
C06468,High-value regulars,0.08,Low,16141.0
C06469,Low-spend occasional,0.092,Low,4985.0
C06470,High-value regulars,0.111,Low,10122.0
C06471,High-value regulars,0.104,Low,18166.0
C06472,High-value regulars,0.07,Low,24225.0
C06473,High-value regulars,0.168,Low,15815.0
C06474,High-value regulars,0.241,Low,15541.0
C06475,Lapsing / dormant,0.372,Medium,12264.0
C06476,High-value regulars,0.179,Low,12902.0
C06477,High-value regulars,0.101,Low,12862.0
C06478,High-value regulars,0.065,Low,10826.0
C06479,High-value regulars,0.033,Low,30240.0
C06480,High-value regulars,0.143,Low,11866.0
C06481,High-value regulars,0.192,Low,17156.0
C06482,High-value regulars,0.137,Low,5253.0
C06483,High-value regulars,0.137,Low,16325.0
C06484,Low-spend occasional,0.077,Low,3655.0
C06485,High-value regulars,0.038,Low,16452.0
C06486,High-value regulars,0.054,Low,23821.0
C06487,High-value regulars,0.03,Low,10439.0
C06488,Lapsing / dormant,0.338,Medium,3411.0
C06489,High-value regulars,0.106,Low,9962.0
C06490,Lapsing / dormant,0.215,Low,5509.0
C06491,Lapsing / dormant,0.72,High,2531.0
C06492,High-value regulars,0.067,Low,30520.0
C06493,Lapsing / dormant,0.139,Low,9105.0
C06494,High-value regulars,0.061,Low,7972.0
C06495,Low-spend occasional,0.171,Low,1702.0
C06496,Lapsing / dormant,0.12,Low,6958.0
C06497,Low-spend occasional,0.475,Medium,3252.0
C06498,Low-spend occasional,0.278,Medium,5829.0
C06499,High-value regulars,0.048,Low,8049.0
C06500,High-value regulars,0.105,Low,20292.0
C06501,Lapsing / dormant,0.164,Low,7475.0
C06502,High-value regulars,0.129,Low,12460.0
C06503,Lapsing / dormant,0.694,High,461.0
C06504,Low-spend occasional,0.166,Low,2087.0
C06505,High-value regulars,0.061,Low,10712.0
C06506,High-value regulars,0.344,Medium,13940.0
C06507,High-value regulars,0.119,Low,15456.0
C06508,High-value regulars,0.106,Low,13021.0
C06509,Lapsing / dormant,0.383,Medium,7371.0
C06510,High-value regulars,0.104,Low,18910.0
C06511,High-value regulars,0.214,Low,13671.0
C06512,High-value regulars,0.043,Low,18564.0
C06513,High-value regulars,0.113,Low,10560.0
C06514,High-value regulars,0.054,Low,13446.0
C06515,High-value regulars,0.044,Low,7153.0
C06516,High-value regulars,0.117,Low,14462.0
C06517,High-value regulars,0.098,Low,19190.0
C06518,Lapsing / dormant,0.197,Low,7719.0
C06519,High-value regulars,0.055,Low,11895.0
C06520,Lapsing / dormant,0.228,Low,10370.0
C06521,Low-spend occasional,0.298,Medium,3062.0
C06522,High-value regulars,0.193,Low,12772.0
C06523,High-value regulars,0.283,Medium,12514.0
C06524,High-value regulars,0.074,Low,16892.0
C06525,High-value regulars,0.057,Low,8588.0
C06526,High-value regulars,0.086,Low,12847.0
C06527,Low-spend occasional,0.138,Low,7266.0
C06528,High-value regulars,0.29,Medium,6058.0
C06529,High-value regulars,0.144,Low,12549.0
C06530,High-value regulars,0.044,Low,8760.0
C06531,Lapsing / dormant,0.179,Low,5072.0
C06532,High-value regulars,0.026,Low,10794.0
C06533,High-value regulars,0.514,High,8036.0
C06534,High-value regulars,0.018,Low,18607.0
C06535,Low-spend occasional,0.394,Medium,2783.0
C06536,High-value regulars,0.065,Low,14888.0
C06537,Lapsing / dormant,0.449,Medium,12569.0
C06538,Lapsing / dormant,0.289,Medium,6650.0
C06539,High-value regulars,0.048,Low,18077.0
C06540,High-value regulars,0.082,Low,14659.0
C06541,Lapsing / dormant,0.141,Low,6272.0
C06542,Low-spend occasional,0.421,Medium,6254.0
C06543,High-value regulars,0.149,Low,13198.0
C06544,High-value regulars,0.07,Low,11224.0
C06545,Lapsing / dormant,0.231,Low,4840.0
C06546,High-value regulars,0.166,Low,10712.0
C06547,High-value regulars,0.06,Low,13711.0
C06548,High-value regulars,0.142,Low,10513.0
C06549,High-value regulars,0.033,Low,13309.0
C06550,High-value regulars,0.258,Medium,10969.0
C06551,High-value regulars,0.149,Low,12302.0
C06552,Lapsing / dormant,0.821,High,7067.0
C06553,Lapsing / dormant,0.45,Medium,5561.0
C06554,Lapsing / dormant,0.182,Low,9914.0
C06555,High-value regulars,0.075,Low,10495.0
C06556,Lapsing / dormant,0.068,Low,8441.0
C06557,High-value regulars,0.175,Low,9815.0
C06558,Lapsing / dormant,0.348,Medium,9176.0
C06559,High-value regulars,0.104,Low,12313.0
C06560,Low-spend occasional,0.216,Low,4988.0
C06561,High-value regulars,0.108,Low,17362.0
C06562,Lapsing / dormant,0.366,Medium,7052.0
C06563,High-value regulars,0.278,Medium,11861.0
C06564,Lapsing / dormant,0.133,Low,6294.0
C06565,Lapsing / dormant,0.557,High,14030.0
C06566,Low-spend occasional,0.207,Low,3481.0
C06567,High-value regulars,0.167,Low,15505.0
C06568,High-value regulars,0.072,Low,13653.0
C06569,Lapsing / dormant,0.382,Medium,2939.0
C06570,High-value regulars,0.083,Low,10718.0
C06571,Lapsing / dormant,0.232,Low,11909.0
C06572,High-value regulars,0.106,Low,13072.0
C06573,Lapsing / dormant,0.806,High,4177.0
C06574,Lapsing / dormant,0.371,Medium,11817.0
C06575,High-value regulars,0.21,Low,10696.0
C06576,High-value regulars,0.217,Low,14836.0
C06577,Lapsing / dormant,0.078,Low,10831.0
C06578,Lapsing / dormant,0.365,Medium,6312.0
C06579,High-value regulars,0.075,Low,24472.0
C06580,High-value regulars,0.111,Low,10187.0
C06581,Lapsing / dormant,0.284,Medium,5864.0
C06582,High-value regulars,0.162,Low,17232.0
C06583,High-value regulars,0.215,Low,12739.0
C06584,High-value regulars,0.028,Low,10204.0
C06585,Lapsing / dormant,0.475,Medium,7212.0
C06586,High-value regulars,0.04,Low,13704.0
C06587,High-value regulars,0.22,Low,8721.0
C06588,High-value regulars,0.253,Medium,13849.0
C06589,High-value regulars,0.266,Medium,11836.0
C06590,High-value regulars,0.069,Low,16006.0
C06591,High-value regulars,0.084,Low,29938.0
C06592,High-value regulars,0.267,Medium,12833.0
C06593,Low-spend occasional,0.058,Low,8210.0
C06594,High-value regulars,0.218,Low,9429.0
C06595,High-value regulars,0.034,Low,11986.0
C06596,High-value regulars,0.068,Low,23552.0
C06597,Lapsing / dormant,0.781,High,11049.0
C06598,Low-spend occasional,0.114,Low,6171.0
C06599,High-value regulars,0.167,Low,16242.0
C06600,Lapsing / dormant,0.432,Medium,10602.0
C06601,Lapsing / dormant,0.222,Low,10465.0
C06602,Low-spend occasional,0.103,Low,4728.0
C06603,High-value regulars,0.123,Low,12896.0
C06604,Lapsing / dormant,0.856,High,3729.0
C06605,Lapsing / dormant,0.258,Medium,7755.0
C06606,High-value regulars,0.03,Low,11213.0
C06607,Low-spend occasional,0.156,Low,5470.0
C06608,High-value regulars,0.128,Low,23266.0
C06609,High-value regulars,0.123,Low,13305.0
C06610,High-value regulars,0.162,Low,8477.0
C06611,Lapsing / dormant,0.108,Low,11733.0
C06612,High-value regulars,0.125,Low,15158.0
C06613,High-value regulars,0.143,Low,9970.0
C06614,High-value regulars,0.101,Low,17880.0
C06615,High-value regulars,0.204,Low,13679.0
C06616,Lapsing / dormant,0.262,Medium,6316.0
C06617,High-value regulars,0.158,Low,11772.0
C06618,High-value regulars,0.105,Low,15411.0
C06619,High-value regulars,0.087,Low,10917.0
C06620,Lapsing / dormant,0.246,Low,5673.0
C06621,High-value regulars,0.121,Low,18201.0
C06622,High-value regulars,0.097,Low,12117.0
C06623,High-value regulars,0.091,Low,12847.0
C06624,High-value regulars,0.12,Low,11736.0
C06625,High-value regulars,0.343,Medium,12203.0
C06626,Lapsing / dormant,0.184,Low,12528.0
C06627,High-value regulars,0.116,Low,13855.0
C06628,High-value regulars,0.164,Low,26062.0
C06629,Lapsing / dormant,0.226,Low,7691.0
C06630,Low-spend occasional,0.182,Low,5558.0
C06631,High-value regulars,0.124,Low,15852.0
C06632,High-value regulars,0.23,Low,21117.0
C06633,Lapsing / dormant,0.528,High,5368.0
C06634,High-value regulars,0.065,Low,16651.0
C06635,High-value regulars,0.108,Low,13519.0
C06636,Lapsing / dormant,0.348,Medium,6533.0
C06637,High-value regulars,0.126,Low,20547.0
C06638,High-value regulars,0.272,Medium,14370.0
C06639,Lapsing / dormant,0.171,Low,6307.0
C06640,High-value regulars,0.078,Low,9868.0
C06641,High-value regulars,0.051,Low,19951.0
C06642,High-value regulars,0.067,Low,12966.0
C06643,High-value regulars,0.132,Low,10436.0
C06644,High-value regulars,0.159,Low,8550.0
C06645,High-value regulars,0.187,Low,21893.0
C06646,Low-spend occasional,0.082,Low,6465.0
C06647,High-value regulars,0.176,Low,10744.0
C06648,Lapsing / dormant,0.137,Low,5852.0
C06649,High-value regulars,0.163,Low,9140.0
C06650,High-value regulars,0.077,Low,12644.0
C06651,High-value regulars,0.064,Low,16208.0
C06652,High-value regulars,0.322,Medium,18140.0
C06653,High-value regulars,0.22,Low,11774.0
C06654,High-value regulars,0.035,Low,16239.0
C06655,High-value regulars,0.166,Low,7973.0
C06656,Lapsing / dormant,0.09,Low,4737.0
C06657,High-value regulars,0.119,Low,9490.0
C06658,High-value regulars,0.046,Low,9354.0
C06659,High-value regulars,0.106,Low,9111.0
C06660,High-value regulars,0.06,Low,10756.0
C06661,Lapsing / dormant,0.317,Medium,9131.0
C06662,Lapsing / dormant,0.18,Low,11413.0
C06663,Lapsing / dormant,0.724,High,5713.0
C06664,Lapsing / dormant,0.258,Medium,4237.0
C06665,Lapsing / dormant,0.082,Low,8210.0
C06666,Lapsing / dormant,0.772,High,10063.0
C06667,Lapsing / dormant,0.308,Medium,3682.0
C06668,High-value regulars,0.088,Low,8391.0
C06669,High-value regulars,0.024,Low,23155.0
C06670,Low-spend occasional,0.371,Medium,2429.0
C06671,High-value regulars,0.094,Low,13495.0
C06672,High-value regulars,0.17,Low,12257.0
C06673,Low-spend occasional,0.121,Low,4620.0
C06674,Lapsing / dormant,0.677,High,7432.0
C06675,High-value regulars,0.093,Low,24244.0
C06676,High-value regulars,0.257,Medium,8932.0
C06677,High-value regulars,0.126,Low,15230.0
C06678,Lapsing / dormant,0.137,Low,8931.0
C06679,Low-spend occasional,0.235,Low,4738.0
C06680,Low-spend occasional,0.243,Low,6725.0
C06681,High-value regulars,0.239,Low,14506.0
C06682,High-value regulars,0.141,Low,6978.0
C06683,Lapsing / dormant,0.115,Low,11105.0
C06684,Lapsing / dormant,0.453,Medium,9817.0
C06685,Lapsing / dormant,0.356,Medium,9797.0
C06686,High-value regulars,0.173,Low,13451.0
C06687,Lapsing / dormant,0.86,High,5450.0
C06688,High-value regulars,0.299,Medium,12432.0
C06689,High-value regulars,0.244,Low,10049.0
C06690,Lapsing / dormant,0.271,Medium,8410.0
C06691,Lapsing / dormant,0.618,High,5409.0
C06692,High-value regulars,0.113,Low,12779.0
C06693,High-value regulars,0.102,Low,22460.0
C06694,Low-spend occasional,0.166,Low,4605.0
C06695,Lapsing / dormant,0.196,Low,7309.0
C06696,Low-spend occasional,0.34,Medium,4732.0
C06697,High-value regulars,0.134,Low,9317.0
C06698,High-value regulars,0.133,Low,15578.0
C06699,Lapsing / dormant,0.696,High,3105.0
C06700,Low-spend occasional,0.124,Low,2056.0
C06701,High-value regulars,0.19,Low,19938.0
C06702,Lapsing / dormant,0.488,Medium,5777.0
C06703,High-value regulars,0.088,Low,10865.0
C06704,High-value regulars,0.061,Low,20150.0
C06705,High-value regulars,0.053,Low,10136.0
C06706,Lapsing / dormant,0.921,High,3588.0
C06707,Lapsing / dormant,0.243,Low,11960.0
C06708,Lapsing / dormant,0.303,Medium,11534.0
C06709,High-value regulars,0.117,Low,9873.0
C06710,Low-spend occasional,0.537,High,4397.0
C06711,High-value regulars,0.153,Low,12899.0
C06712,High-value regulars,0.271,Medium,10389.0
C06713,Low-spend occasional,0.208,Low,5744.0
C06714,High-value regulars,0.067,Low,15540.0
C06715,Lapsing / dormant,0.253,Medium,12109.0
C06716,High-value regulars,0.1,Low,10753.0
C06717,High-value regulars,0.128,Low,14323.0
C06718,High-value regulars,0.088,Low,14905.0
C06719,Low-spend occasional,0.13,Low,7614.0
C06720,High-value regulars,0.036,Low,16447.0
C06721,High-value regulars,0.131,Low,8020.0
C06722,Lapsing / dormant,0.296,Medium,7760.0
C06723,High-value regulars,0.03,Low,12175.0
C06724,Lapsing / dormant,0.673,High,10114.0
C06725,High-value regulars,0.051,Low,13294.0
C06726,High-value regulars,0.097,Low,13325.0
C06727,High-value regulars,0.094,Low,13690.0
C06728,High-value regulars,0.209,Low,15263.0
C06729,High-value regulars,0.056,Low,23085.0
C06730,Low-spend occasional,0.094,Low,6138.0
C06731,High-value regulars,0.077,Low,18559.0
C06732,Low-spend occasional,0.078,Low,4270.0
C06733,High-value regulars,0.059,Low,15902.0
C06734,High-value regulars,0.102,Low,16786.0
C06735,High-value regulars,0.127,Low,8652.0
C06736,High-value regulars,0.056,Low,11069.0
C06737,High-value regulars,0.125,Low,9255.0
C06738,High-value regulars,0.03,Low,21716.0
C06739,Low-spend occasional,0.84,High,983.0
C06740,Lapsing / dormant,0.46,Medium,2282.0
C06741,Low-spend occasional,0.148,Low,8174.0
C06742,High-value regulars,0.299,Medium,23150.0
C06743,High-value regulars,0.151,Low,16878.0
C06744,Low-spend occasional,0.147,Low,7634.0
C06745,High-value regulars,0.13,Low,11797.0
C06746,High-value regulars,0.14,Low,15640.0
C06747,Lapsing / dormant,0.121,Low,9635.0
C06748,High-value regulars,0.307,Medium,15135.0
C06749,Lapsing / dormant,0.293,Medium,10023.0
C06750,High-value regulars,0.082,Low,12179.0
C06751,Lapsing / dormant,0.474,Medium,5095.0
C06752,Lapsing / dormant,0.431,Medium,6471.0
C06753,High-value regulars,0.078,Low,14407.0
C06754,Lapsing / dormant,0.515,High,7278.0
C06755,High-value regulars,0.15,Low,10390.0
C06756,High-value regulars,0.077,Low,13208.0
C06757,Lapsing / dormant,0.502,High,6302.0
C06758,Lapsing / dormant,0.646,High,5779.0
C06759,High-value regulars,0.178,Low,8897.0
C06760,High-value regulars,0.332,Medium,7127.0
C06761,Lapsing / dormant,0.211,Low,7296.0
C06762,High-value regulars,0.09,Low,17177.0
C06763,Low-spend occasional,0.13,Low,6866.0
C06764,High-value regulars,0.061,Low,29142.0
C06765,Lapsing / dormant,0.329,Medium,6215.0
C06766,Lapsing / dormant,0.522,High,10070.0
C06767,Lapsing / dormant,0.3,Medium,6276.0
C06768,Lapsing / dormant,0.224,Low,9285.0
C06769,Low-spend occasional,0.132,Low,4368.0
C06770,High-value regulars,0.143,Low,11297.0
C06771,High-value regulars,0.123,Low,10642.0
C06772,Lapsing / dormant,0.239,Low,5791.0
C06773,High-value regulars,0.069,Low,8948.0
C06774,High-value regulars,0.308,Medium,7792.0
C06775,High-value regulars,0.114,Low,7350.0
C06776,Low-spend occasional,0.368,Medium,4225.0
C06777,Lapsing / dormant,0.299,Medium,11227.0
C06778,High-value regulars,0.167,Low,15120.0
C06779,High-value regulars,0.065,Low,18421.0
C06780,Lapsing / dormant,0.737,High,2309.0
C06781,Low-spend occasional,0.396,Medium,7404.0
C06782,High-value regulars,0.092,Low,17977.0
C06783,Lapsing / dormant,0.625,High,5192.0
C06784,High-value regulars,0.087,Low,18445.0
C06785,Low-spend occasional,0.195,Low,6914.0
C06786,Low-spend occasional,0.134,Low,3714.0
C06787,Lapsing / dormant,0.239,Low,6161.0
C06788,Lapsing / dormant,0.219,Low,10254.0
C06789,High-value regulars,0.157,Low,11918.0
C06790,Lapsing / dormant,0.684,High,14382.0
C06791,High-value regulars,0.275,Medium,8998.0
C06792,Low-spend occasional,0.256,Medium,3166.0
C06793,Low-spend occasional,0.39,Medium,2977.0
C06794,High-value regulars,0.196,Low,12874.0
C06795,Lapsing / dormant,0.604,High,4398.0
C06796,Low-spend occasional,0.095,Low,3027.0
C06797,Low-spend occasional,0.096,Low,3552.0
C06798,High-value regulars,0.063,Low,7465.0
C06799,High-value regulars,0.074,Low,13197.0
C06800,Lapsing / dormant,0.128,Low,5606.0
C06801,Lapsing / dormant,0.198,Low,8574.0
C06802,High-value regulars,0.057,Low,11112.0
C06803,Lapsing / dormant,0.399,Medium,13092.0
C06804,Lapsing / dormant,0.316,Medium,10269.0
C06805,Lapsing / dormant,0.221,Low,2613.0
C06806,Lapsing / dormant,0.192,Low,10389.0
C06807,High-value regulars,0.09,Low,13097.0
C06808,High-value regulars,0.051,Low,8773.0
C06809,High-value regulars,0.168,Low,8860.0
C06810,High-value regulars,0.067,Low,11694.0
C06811,Lapsing / dormant,0.192,Low,8187.0
C06812,High-value regulars,0.22,Low,18018.0
C06813,High-value regulars,0.168,Low,22527.0
C06814,High-value regulars,0.049,Low,12984.0
C06815,Low-spend occasional,0.096,Low,3437.0
C06816,Lapsing / dormant,0.388,Medium,11979.0
C06817,High-value regulars,0.209,Low,11270.0
C06818,High-value regulars,0.189,Low,11973.0
C06819,High-value regulars,0.045,Low,9712.0
C06820,High-value regulars,0.06,Low,13174.0
C06821,High-value regulars,0.088,Low,7814.0
C06822,High-value regulars,0.053,Low,18707.0
C06823,Low-spend occasional,0.276,Medium,4623.0
C06824,Low-spend occasional,0.036,Low,8542.0
C06825,High-value regulars,0.085,Low,10489.0
C06826,Lapsing / dormant,0.341,Medium,10803.0
C06827,Lapsing / dormant,0.206,Low,6014.0
C06828,High-value regulars,0.099,Low,13420.0
C06829,Low-spend occasional,0.163,Low,7440.0
C06830,High-value regulars,0.09,Low,15237.0
C06831,High-value regulars,0.194,Low,14112.0
C06832,High-value regulars,0.134,Low,23255.0
C06833,Lapsing / dormant,0.238,Low,11737.0
C06834,Lapsing / dormant,0.198,Low,4553.0
C06835,High-value regulars,0.121,Low,11428.0
C06836,Low-spend occasional,0.09,Low,6914.0
C06837,Lapsing / dormant,0.108,Low,4855.0
C06838,Lapsing / dormant,0.178,Low,10652.0
C06839,High-value regulars,0.122,Low,8975.0
C06840,High-value regulars,0.081,Low,15997.0
C06841,High-value regulars,0.099,Low,15359.0
C06842,Lapsing / dormant,0.131,Low,6302.0
C06843,Lapsing / dormant,0.319,Medium,11374.0
C06844,Lapsing / dormant,0.352,Medium,4840.0
C06845,Lapsing / dormant,0.424,Medium,10257.0
C06846,High-value regulars,0.219,Low,17092.0
C06847,High-value regulars,0.095,Low,13097.0
C06848,Low-spend occasional,0.111,Low,5368.0
C06849,Lapsing / dormant,0.434,Medium,6239.0
C06850,Lapsing / dormant,0.113,Low,5478.0
C06851,High-value regulars,0.045,Low,9050.0
C06852,Lapsing / dormant,0.406,Medium,7037.0
C06853,High-value regulars,0.033,Low,12300.0
C06854,Low-spend occasional,0.375,Medium,6408.0
C06855,Lapsing / dormant,0.378,Medium,5968.0
C06856,Low-spend occasional,0.277,Medium,3244.0
C06857,High-value regulars,0.255,Medium,13906.0
C06858,Low-spend occasional,0.245,Low,6759.0
C06859,High-value regulars,0.104,Low,13677.0
C06860,High-value regulars,0.223,Low,15703.0
C06861,Lapsing / dormant,0.255,Medium,7373.0
C06862,High-value regulars,0.051,Low,16914.0
C06863,High-value regulars,0.04,Low,11987.0
C06864,High-value regulars,0.036,Low,20287.0
C06865,Lapsing / dormant,0.127,Low,7654.0
C06866,High-value regulars,0.208,Low,16289.0
C06867,High-value regulars,0.085,Low,15655.0
C06868,High-value regulars,0.309,Medium,15361.0
C06869,Lapsing / dormant,0.251,Medium,5293.0
C06870,High-value regulars,0.07,Low,12637.0
C06871,High-value regulars,0.118,Low,19784.0
C06872,High-value regulars,0.071,Low,8932.0
C06873,High-value regulars,0.12,Low,11628.0
C06874,Low-spend occasional,0.31,Medium,4170.0
C06875,High-value regulars,0.247,Low,8905.0
C06876,Lapsing / dormant,0.232,Low,3636.0
C06877,Lapsing / dormant,0.386,Medium,10807.0
C06878,High-value regulars,0.03,Low,13913.0
C06879,High-value regulars,0.118,Low,17099.0
C06880,High-value regulars,0.209,Low,9876.0
C06881,Lapsing / dormant,0.183,Low,7093.0
C06882,Lapsing / dormant,0.195,Low,11770.0
C06883,Lapsing / dormant,0.768,High,5717.0
C06884,High-value regulars,0.059,Low,7385.0
C06885,Low-spend occasional,0.159,Low,8108.0
C06886,Lapsing / dormant,0.134,Low,8378.0
C06887,Lapsing / dormant,0.894,High,1392.0
C06888,Low-spend occasional,0.173,Low,7044.0
C06889,Lapsing / dormant,0.286,Medium,3526.0
C06890,High-value regulars,0.1,Low,8721.0
C06891,High-value regulars,0.214,Low,14148.0
C06892,High-value regulars,0.036,Low,14777.0
C06893,High-value regulars,0.207,Low,11560.0
C06894,High-value regulars,0.049,Low,32315.0
C06895,High-value regulars,0.116,Low,13294.0
C06896,Low-spend occasional,0.241,Low,6879.0
C06897,High-value regulars,0.114,Low,8611.0
C06898,Low-spend occasional,0.2,Low,5694.0
C06899,Low-spend occasional,0.72,High,4653.0
C06900,Low-spend occasional,0.1,Low,2086.0
C06901,Lapsing / dormant,0.207,Low,7320.0
C06902,Low-spend occasional,0.474,Medium,4196.0
C06903,Lapsing / dormant,0.674,High,7593.0
C06904,Lapsing / dormant,0.285,Medium,5345.0
C06905,Lapsing / dormant,0.193,Low,7800.0
C06906,High-value regulars,0.707,High,16222.0
C06907,Low-spend occasional,0.244,Low,2372.0
C06908,High-value regulars,0.189,Low,8337.0
C06909,Lapsing / dormant,0.664,High,9198.0
C06910,Lapsing / dormant,0.206,Low,6303.0
C06911,Low-spend occasional,0.101,Low,2071.0
C06912,High-value regulars,0.17,Low,13369.0
C06913,High-value regulars,0.105,Low,5822.0
C06914,Low-spend occasional,0.183,Low,3460.0
C06915,Lapsing / dormant,0.271,Medium,10153.0
C06916,High-value regulars,0.208,Low,13352.0
C06917,High-value regulars,0.288,Medium,11702.0
C06918,Low-spend occasional,0.281,Medium,2070.0
C06919,Lapsing / dormant,0.255,Medium,8130.0
C06920,Lapsing / dormant,0.197,Low,8356.0
C06921,Lapsing / dormant,0.32,Medium,6061.0
C06922,High-value regulars,0.091,Low,6427.0
C06923,Low-spend occasional,0.107,Low,6756.0
C06924,Low-spend occasional,0.174,Low,6414.0
C06925,Lapsing / dormant,0.233,Low,6200.0
C06926,High-value regulars,0.055,Low,11131.0
C06927,High-value regulars,0.064,Low,22262.0
C06928,High-value regulars,0.129,Low,18275.0
C06929,High-value regulars,0.172,Low,16249.0
C06930,Lapsing / dormant,0.332,Medium,10772.0
C06931,High-value regulars,0.147,Low,17210.0
C06932,Low-spend occasional,0.266,Medium,5037.0
C06933,Lapsing / dormant,0.151,Low,7978.0
C06934,Lapsing / dormant,0.469,Medium,6223.0
C06935,High-value regulars,0.108,Low,18332.0
C06936,High-value regulars,0.154,Low,14828.0
C06937,Lapsing / dormant,0.249,Low,5637.0
C06938,Lapsing / dormant,0.631,High,4309.0
C06939,Low-spend occasional,0.089,Low,5815.0
C06940,High-value regulars,0.157,Low,7174.0
C06941,Lapsing / dormant,0.114,Low,4566.0
C06942,Low-spend occasional,0.272,Medium,2142.0
C06943,High-value regulars,0.075,Low,27102.0
C06944,High-value regulars,0.149,Low,13648.0
C06945,Lapsing / dormant,0.221,Low,6534.0
C06946,Low-spend occasional,0.332,Medium,2509.0
C06947,High-value regulars,0.152,Low,13556.0
C06948,High-value regulars,0.136,Low,27240.0
C06949,High-value regulars,0.075,Low,13639.0
C06950,High-value regulars,0.036,Low,24330.0
C06951,Low-spend occasional,0.361,Medium,3852.0
C06952,High-value regulars,0.328,Medium,17370.0
C06953,Low-spend occasional,0.509,High,3662.0
C06954,High-value regulars,0.04,Low,14286.0
C06955,Low-spend occasional,0.164,Low,2332.0
C06956,High-value regulars,0.109,Low,9543.0
C06957,High-value regulars,0.113,Low,9762.0
C06958,High-value regulars,0.092,Low,8901.0
C06959,High-value regulars,0.214,Low,15197.0
C06960,Lapsing / dormant,0.187,Low,8441.0
C06961,Lapsing / dormant,0.295,Medium,8332.0
C06962,High-value regulars,0.268,Medium,8322.0
C06963,High-value regulars,0.055,Low,22676.0
C06964,High-value regulars,0.13,Low,17355.0
C06965,Lapsing / dormant,0.275,Medium,12585.0
C06966,Lapsing / dormant,0.527,High,5778.0
C06967,High-value regulars,0.11,Low,11357.0
C06968,High-value regulars,0.054,Low,20950.0
C06969,Low-spend occasional,0.144,Low,5745.0
C06970,Lapsing / dormant,0.238,Low,9753.0
C06971,Lapsing / dormant,0.391,Medium,8230.0
C06972,High-value regulars,0.109,Low,11302.0
C06973,Lapsing / dormant,0.224,Low,10709.0
C06974,High-value regulars,0.32,Medium,10110.0
C06975,High-value regulars,0.331,Medium,15660.0
C06976,High-value regulars,0.133,Low,19640.0
C06977,Lapsing / dormant,0.339,Medium,5629.0
C06978,High-value regulars,0.311,Medium,14848.0
C06979,Lapsing / dormant,0.92,High,2814.0
C06980,High-value regulars,0.162,Low,10691.0
C06981,Lapsing / dormant,0.268,Medium,7288.0
C06982,High-value regulars,0.368,Medium,21517.0
C06983,High-value regulars,0.152,Low,16094.0
C06984,High-value regulars,0.203,Low,10557.0
C06985,High-value regulars,0.089,Low,18714.0
C06986,High-value regulars,0.106,Low,10977.0
C06987,High-value regulars,0.118,Low,9619.0
C06988,High-value regulars,0.176,Low,12272.0
C06989,Lapsing / dormant,0.31,Medium,11783.0
C06990,High-value regulars,0.196,Low,8698.0
C06991,Low-spend occasional,0.155,Low,4756.0
C06992,Lapsing / dormant,0.794,High,4916.0
C06993,High-value regulars,0.445,Medium,15395.0
C06994,Lapsing / dormant,0.604,High,7028.0
C06995,Lapsing / dormant,0.476,Medium,5063.0
C06996,Low-spend occasional,0.411,Medium,2361.0
C06997,High-value regulars,0.088,Low,13842.0
C06998,Lapsing / dormant,0.342,Medium,5116.0
C06999,High-value regulars,0.065,Low,17184.0
C07000,Lapsing / dormant,0.228,Low,8491.0
C07001,High-value regulars,0.078,Low,20293.0
C07002,High-value regulars,0.457,Medium,13962.0
C07003,High-value regulars,0.206,Low,17846.0
C07004,High-value regulars,0.344,Medium,10276.0
C07005,Lapsing / dormant,0.2,Low,6693.0
C07006,High-value regulars,0.095,Low,8000.0
C07007,Lapsing / dormant,0.259,Medium,5414.0
C07008,High-value regulars,0.142,Low,12718.0
C07009,High-value regulars,0.21,Low,11693.0
C07010,Lapsing / dormant,0.281,Medium,12191.0
C07011,Lapsing / dormant,0.298,Medium,6719.0
C07012,Lapsing / dormant,0.527,High,4222.0
C07013,High-value regulars,0.101,Low,10272.0
C07014,High-value regulars,0.099,Low,15607.0
C07015,Low-spend occasional,0.182,Low,4148.0
C07016,High-value regulars,0.072,Low,10036.0
C07017,High-value regulars,0.239,Low,16040.0
C07018,High-value regulars,0.181,Low,17345.0
C07019,High-value regulars,0.026,Low,14468.0
C07020,Lapsing / dormant,0.412,Medium,5771.0
C07021,High-value regulars,0.19,Low,16455.0
C07022,High-value regulars,0.163,Low,7850.0
C07023,Low-spend occasional,0.074,Low,5163.0
C07024,Low-spend occasional,0.079,Low,7674.0
C07025,Lapsing / dormant,0.33,Medium,9832.0
C07026,Low-spend occasional,0.123,Low,5398.0
C07027,Lapsing / dormant,0.674,High,8226.0
C07028,Low-spend occasional,0.208,Low,6802.0
C07029,Low-spend occasional,0.11,Low,5400.0
C07030,High-value regulars,0.039,Low,7306.0
C07031,Lapsing / dormant,0.227,Low,7216.0
C07032,High-value regulars,0.082,Low,6503.0
C07033,High-value regulars,0.15,Low,14829.0
C07034,Low-spend occasional,0.344,Medium,7554.0
C07035,Low-spend occasional,0.247,Low,6708.0
C07036,Lapsing / dormant,0.605,High,4637.0
C07037,Low-spend occasional,0.295,Medium,4060.0
C07038,Lapsing / dormant,0.52,High,3240.0
C07039,High-value regulars,0.047,Low,6985.0
C07040,Lapsing / dormant,0.803,High,7458.0
C07041,High-value regulars,0.29,Medium,11830.0
C07042,High-value regulars,0.092,Low,24785.0
C07043,High-value regulars,0.054,Low,17817.0
C07044,High-value regulars,0.154,Low,22043.0
C07045,High-value regulars,0.047,Low,13333.0
C07046,High-value regulars,0.051,Low,13676.0
C07047,High-value regulars,0.228,Low,10129.0
C07048,High-value regulars,0.385,Medium,13656.0
C07049,High-value regulars,0.167,Low,15426.0
C07050,Lapsing / dormant,0.827,High,4876.0
C07051,Lapsing / dormant,0.381,Medium,4644.0
C07052,High-value regulars,0.13,Low,10091.0
C07053,High-value regulars,0.075,Low,16480.0
C07054,High-value regulars,0.165,Low,8841.0
C07055,Lapsing / dormant,0.125,Low,7679.0
C07056,Low-spend occasional,0.564,High,1164.0
C07057,Low-spend occasional,0.119,Low,6207.0
C07058,High-value regulars,0.401,Medium,12120.0
C07059,Lapsing / dormant,0.374,Medium,4196.0
C07060,High-value regulars,0.123,Low,7869.0
C07061,Low-spend occasional,0.069,Low,2556.0
C07062,Low-spend occasional,0.415,Medium,1115.0
C07063,High-value regulars,0.115,Low,17728.0
C07064,High-value regulars,0.254,Medium,17451.0
C07065,High-value regulars,0.371,Medium,10262.0
C07066,High-value regulars,0.065,Low,14235.0
C07067,High-value regulars,0.032,Low,9699.0
C07068,High-value regulars,0.201,Low,13261.0
C07069,Low-spend occasional,0.045,Low,5170.0
C07070,Lapsing / dormant,0.178,Low,11205.0
C07071,Low-spend occasional,0.805,High,1010.0
C07072,Low-spend occasional,0.539,High,7252.0
C07073,High-value regulars,0.052,Low,9445.0
C07074,Lapsing / dormant,0.345,Medium,6263.0
C07075,Lapsing / dormant,0.407,Medium,6892.0
C07076,Lapsing / dormant,0.303,Medium,2831.0
C07077,Lapsing / dormant,0.196,Low,11802.0
C07078,Lapsing / dormant,0.073,Low,5063.0
C07079,High-value regulars,0.082,Low,12180.0
C07080,Lapsing / dormant,0.427,Medium,12333.0
C07081,Lapsing / dormant,0.094,Low,7164.0
C07082,High-value regulars,0.095,Low,21405.0
C07083,High-value regulars,0.093,Low,15048.0
C07084,High-value regulars,0.101,Low,19570.0
C07085,Low-spend occasional,0.209,Low,5581.0
C07086,High-value regulars,0.163,Low,9778.0
C07087,High-value regulars,0.146,Low,14078.0
C07088,High-value regulars,0.095,Low,32636.0
C07089,High-value regulars,0.044,Low,16712.0
C07090,Lapsing / dormant,0.418,Medium,8540.0
C07091,Lapsing / dormant,0.769,High,697.0
C07092,High-value regulars,0.061,Low,11221.0
C07093,Low-spend occasional,0.317,Medium,5726.0
C07094,High-value regulars,0.085,Low,20067.0
C07095,Lapsing / dormant,0.193,Low,6987.0
C07096,High-value regulars,0.219,Low,11546.0
C07097,High-value regulars,0.136,Low,9622.0
C07098,High-value regulars,0.095,Low,20575.0
C07099,High-value regulars,0.027,Low,15436.0
C07100,Low-spend occasional,0.053,Low,7059.0
C07101,High-value regulars,0.19,Low,12949.0
C07102,High-value regulars,0.037,Low,24327.0
C07103,High-value regulars,0.036,Low,12479.0
C07104,Lapsing / dormant,0.102,Low,5854.0
C07105,High-value regulars,0.099,Low,20088.0
C07106,Lapsing / dormant,0.304,Medium,11143.0
C07107,Lapsing / dormant,0.347,Medium,9050.0
C07108,High-value regulars,0.121,Low,17594.0
C07109,Low-spend occasional,0.291,Medium,5340.0
C07110,Lapsing / dormant,0.538,High,7500.0
C07111,Low-spend occasional,0.184,Low,7116.0
C07112,Lapsing / dormant,0.452,Medium,6989.0
C07113,Lapsing / dormant,0.45,Medium,13803.0
C07114,High-value regulars,0.188,Low,9137.0
C07115,Lapsing / dormant,0.863,High,5128.0
C07116,Low-spend occasional,0.277,Medium,1421.0
C07117,High-value regulars,0.161,Low,16497.0
C07118,Lapsing / dormant,0.899,High,7833.0
C07119,High-value regulars,0.087,Low,9686.0
C07120,Lapsing / dormant,0.078,Low,5553.0
C07121,High-value regulars,0.06,Low,12093.0
C07122,Lapsing / dormant,0.247,Low,8772.0
C07123,High-value regulars,0.219,Low,18199.0
C07124,High-value regulars,0.106,Low,12223.0
C07125,Lapsing / dormant,0.107,Low,3425.0
C07126,Low-spend occasional,0.419,Medium,4152.0
C07127,High-value regulars,0.101,Low,14617.0
C07128,Lapsing / dormant,0.293,Medium,7171.0
C07129,Low-spend occasional,0.197,Low,5617.0
C07130,Low-spend occasional,0.352,Medium,5145.0
C07131,Lapsing / dormant,0.272,Medium,4474.0
C07132,High-value regulars,0.105,Low,15006.0
C07133,Low-spend occasional,0.358,Medium,4915.0
C07134,Low-spend occasional,0.113,Low,5348.0
C07135,Low-spend occasional,0.095,Low,4412.0
C07136,Low-spend occasional,0.053,Low,6947.0
C07137,High-value regulars,0.19,Low,10475.0
C07138,Lapsing / dormant,0.275,Medium,4982.0
C07139,High-value regulars,0.132,Low,24848.0
C07140,High-value regulars,0.079,Low,15698.0
C07141,High-value regulars,0.036,Low,15018.0
C07142,Lapsing / dormant,0.214,Low,7090.0
C07143,Lapsing / dormant,0.32,Medium,4004.0
C07144,High-value regulars,0.267,Medium,9152.0
C07145,High-value regulars,0.067,Low,16496.0
C07146,High-value regulars,0.061,Low,8037.0
C07147,Low-spend occasional,0.383,Medium,8348.0
C07148,High-value regulars,0.106,Low,10717.0
C07149,High-value regulars,0.164,Low,8793.0
C07150,High-value regulars,0.074,Low,10646.0
C07151,Lapsing / dormant,0.386,Medium,12408.0
C07152,Lapsing / dormant,0.329,Medium,9519.0
C07153,High-value regulars,0.111,Low,10245.0
C07154,Lapsing / dormant,0.389,Medium,9593.0
C07155,High-value regulars,0.238,Low,9079.0
C07156,Low-spend occasional,0.169,Low,3997.0
C07157,Lapsing / dormant,0.151,Low,9936.0
C07158,Lapsing / dormant,0.246,Low,8624.0
C07159,High-value regulars,0.121,Low,8081.0
C07160,Lapsing / dormant,0.133,Low,6659.0
C07161,Low-spend occasional,0.211,Low,6083.0
C07162,High-value regulars,0.199,Low,16170.0
C07163,Lapsing / dormant,0.284,Medium,6514.0
C07164,High-value regulars,0.138,Low,16165.0
C07165,High-value regulars,0.067,Low,10881.0
C07166,Low-spend occasional,0.105,Low,3437.0
C07167,High-value regulars,0.111,Low,17207.0
C07168,High-value regulars,0.157,Low,17847.0
C07169,High-value regulars,0.328,Medium,11560.0
C07170,High-value regulars,0.118,Low,25494.0
C07171,High-value regulars,0.249,Low,7197.0
C07172,Lapsing / dormant,0.219,Low,10829.0
C07173,High-value regulars,0.085,Low,16136.0
C07174,Lapsing / dormant,0.647,High,12217.0
C07175,High-value regulars,0.204,Low,12480.0
C07176,Lapsing / dormant,0.291,Medium,6154.0
C07177,High-value regulars,0.096,Low,11539.0
C07178,Lapsing / dormant,0.512,High,10237.0
C07179,High-value regulars,0.226,Low,9082.0
C07180,Lapsing / dormant,0.112,Low,7876.0
C07181,Low-spend occasional,0.231,Low,1623.0
C07182,High-value regulars,0.044,Low,19561.0
C07183,High-value regulars,0.039,Low,14350.0
C07184,High-value regulars,0.232,Low,19603.0
C07185,Lapsing / dormant,0.253,Medium,8756.0
C07186,High-value regulars,0.015,Low,27391.0
C07187,Lapsing / dormant,0.249,Low,8709.0
C07188,Lapsing / dormant,0.139,Low,9655.0
C07189,Lapsing / dormant,0.45,Medium,11340.0
C07190,High-value regulars,0.167,Low,14798.0
C07191,Lapsing / dormant,0.273,Medium,12316.0
C07192,High-value regulars,0.136,Low,15824.0
C07193,High-value regulars,0.07,Low,12651.0
C07194,Lapsing / dormant,0.259,Medium,8077.0
C07195,High-value regulars,0.185,Low,19575.0
C07196,Lapsing / dormant,0.267,Medium,4479.0
C07197,Low-spend occasional,0.161,Low,6545.0
C07198,Lapsing / dormant,0.1,Low,10505.0
C07199,Low-spend occasional,0.246,Low,3518.0
C07200,Low-spend occasional,0.353,Medium,4930.0
C07201,High-value regulars,0.096,Low,9316.0
C07202,High-value regulars,0.126,Low,12151.0
C07203,Lapsing / dormant,0.493,Medium,11788.0
C07204,Low-spend occasional,0.201,Low,6373.0
C07205,Lapsing / dormant,0.339,Medium,12680.0
C07206,High-value regulars,0.142,Low,9792.0
C07207,Lapsing / dormant,0.213,Low,4692.0
C07208,High-value regulars,0.134,Low,16045.0
C07209,High-value regulars,0.155,Low,4747.0
C07210,Lapsing / dormant,0.147,Low,4902.0
C07211,High-value regulars,0.316,Medium,9513.0
C07212,Lapsing / dormant,0.137,Low,6636.0
C07213,Lapsing / dormant,0.093,Low,6778.0
C07214,Lapsing / dormant,0.252,Medium,6526.0
C07215,Lapsing / dormant,0.426,Medium,9214.0
C07216,Lapsing / dormant,0.234,Low,8443.0
C07217,Low-spend occasional,0.193,Low,2606.0
C07218,High-value regulars,0.118,Low,21867.0
C07219,High-value regulars,0.056,Low,10300.0
C07220,Low-spend occasional,0.177,Low,4354.0
C07221,High-value regulars,0.164,Low,9776.0
C07222,High-value regulars,0.095,Low,27864.0
C07223,High-value regulars,0.32,Medium,20046.0
C07224,High-value regulars,0.137,Low,8845.0
C07225,High-value regulars,0.189,Low,21052.0
C07226,High-value regulars,0.124,Low,11440.0
C07227,Lapsing / dormant,0.308,Medium,4483.0
C07228,High-value regulars,0.138,Low,11958.0
C07229,High-value regulars,0.037,Low,11925.0
C07230,High-value regulars,0.108,Low,12647.0
C07231,Low-spend occasional,0.95,High,0.0
C07232,High-value regulars,0.05,Low,11969.0
C07233,High-value regulars,0.057,Low,9145.0
C07234,High-value regulars,0.092,Low,9570.0
C07235,Lapsing / dormant,0.571,High,4727.0
C07236,Low-spend occasional,0.196,Low,3867.0
C07237,High-value regulars,0.267,Medium,10428.0
C07238,High-value regulars,0.1,Low,25218.0
C07239,High-value regulars,0.24,Low,11243.0
C07240,High-value regulars,0.25,Low,14585.0
C07241,High-value regulars,0.14,Low,11820.0
C07242,High-value regulars,0.214,Low,12416.0
C07243,High-value regulars,0.068,Low,22460.0
C07244,High-value regulars,0.151,Low,14309.0
C07245,High-value regulars,0.048,Low,14120.0
C07246,Lapsing / dormant,0.672,High,7503.0
C07247,High-value regulars,0.122,Low,13059.0
C07248,Lapsing / dormant,0.493,Medium,2843.0
C07249,Lapsing / dormant,0.625,High,11000.0
C07250,Low-spend occasional,0.522,High,2364.0
C07251,Lapsing / dormant,0.128,Low,6351.0
C07252,High-value regulars,0.119,Low,16970.0
C07253,Lapsing / dormant,0.44,Medium,9222.0
C07254,Low-spend occasional,0.384,Medium,2598.0
C07255,High-value regulars,0.118,Low,14016.0
C07256,Low-spend occasional,0.244,Low,4418.0
C07257,High-value regulars,0.029,Low,16535.0
C07258,High-value regulars,0.102,Low,11656.0
C07259,High-value regulars,0.072,Low,16460.0
C07260,Lapsing / dormant,0.239,Low,5716.0
C07261,Low-spend occasional,0.219,Low,5491.0
C07262,Lapsing / dormant,0.122,Low,5423.0
C07263,High-value regulars,0.076,Low,15609.0
C07264,High-value regulars,0.15,Low,11223.0
C07265,Lapsing / dormant,0.882,High,5236.0
C07266,High-value regulars,0.085,Low,14270.0
C07267,Low-spend occasional,0.163,Low,4335.0
C07268,Lapsing / dormant,0.386,Medium,8116.0
C07269,Lapsing / dormant,0.096,Low,8939.0
C07270,Lapsing / dormant,0.388,Medium,7528.0
C07271,Lapsing / dormant,0.375,Medium,3177.0
C07272,Low-spend occasional,0.073,Low,1698.0
C07273,High-value regulars,0.225,Low,7693.0
C07274,High-value regulars,0.28,Medium,18472.0
C07275,High-value regulars,0.345,Medium,12623.0
C07276,High-value regulars,0.125,Low,17875.0
C07277,High-value regulars,0.161,Low,12114.0
C07278,High-value regulars,0.046,Low,16354.0
C07279,Lapsing / dormant,0.632,High,3615.0
C07280,Lapsing / dormant,0.269,Medium,3341.0
C07281,Lapsing / dormant,0.902,High,3775.0
C07282,High-value regulars,0.393,Medium,10869.0
C07283,High-value regulars,0.122,Low,8827.0
C07284,High-value regulars,0.095,Low,13330.0
C07285,High-value regulars,0.079,Low,14506.0
C07286,Lapsing / dormant,0.388,Medium,7230.0
C07287,High-value regulars,0.161,Low,18305.0
C07288,High-value regulars,0.148,Low,28219.0
C07289,High-value regulars,0.084,Low,18200.0
C07290,High-value regulars,0.048,Low,20743.0
C07291,High-value regulars,0.143,Low,18998.0
C07292,High-value regulars,0.1,Low,15972.0
C07293,Low-spend occasional,0.105,Low,2052.0
C07294,High-value regulars,0.208,Low,10545.0
C07295,Lapsing / dormant,0.777,High,10599.0
C07296,High-value regulars,0.063,Low,10802.0
C07297,Lapsing / dormant,0.662,High,1264.0
C07298,Low-spend occasional,0.284,Medium,2261.0
C07299,High-value regulars,0.101,Low,11076.0
C07300,Lapsing / dormant,0.683,High,9456.0
C07301,Lapsing / dormant,0.741,High,3352.0
C07302,Lapsing / dormant,0.531,High,14302.0
C07303,High-value regulars,0.187,Low,14320.0
C07304,High-value regulars,0.108,Low,21625.0
C07305,Lapsing / dormant,0.608,High,10574.0
C07306,Lapsing / dormant,0.349,Medium,8465.0
C07307,Lapsing / dormant,0.22,Low,7312.0
C07308,High-value regulars,0.085,Low,10444.0
C07309,Low-spend occasional,0.962,High,0.0
C07310,Low-spend occasional,0.092,Low,3590.0
C07311,High-value regulars,0.211,Low,7563.0
C07312,High-value regulars,0.123,Low,18915.0
C07313,High-value regulars,0.124,Low,13262.0
C07314,Lapsing / dormant,0.31,Medium,5758.0
C07315,Lapsing / dormant,0.298,Medium,9643.0
C07316,High-value regulars,0.33,Medium,18834.0
C07317,High-value regulars,0.059,Low,14147.0
C07318,High-value regulars,0.117,Low,10198.0
C07319,High-value regulars,0.115,Low,22027.0
C07320,High-value regulars,0.349,Medium,12945.0
C07321,Lapsing / dormant,0.265,Medium,7600.0
C07322,High-value regulars,0.053,Low,10485.0
C07323,High-value regulars,0.208,Low,10985.0
C07324,High-value regulars,0.196,Low,10836.0
C07325,Lapsing / dormant,0.44,Medium,9851.0
C07326,High-value regulars,0.047,Low,19431.0
C07327,High-value regulars,0.098,Low,9226.0
C07328,Low-spend occasional,0.297,Medium,2710.0
C07329,High-value regulars,0.098,Low,8990.0
C07330,Low-spend occasional,0.371,Medium,920.0
C07331,High-value regulars,0.063,Low,14311.0
C07332,High-value regulars,0.061,Low,13021.0
C07333,High-value regulars,0.11,Low,16571.0
C07334,Lapsing / dormant,0.342,Medium,12063.0
C07335,Lapsing / dormant,0.435,Medium,6630.0
C07336,Lapsing / dormant,0.377,Medium,6942.0
C07337,High-value regulars,0.136,Low,18806.0
C07338,Lapsing / dormant,0.162,Low,4841.0
C07339,High-value regulars,0.108,Low,23585.0
C07340,High-value regulars,0.137,Low,6865.0
C07341,High-value regulars,0.082,Low,13121.0
C07342,Low-spend occasional,0.238,Low,4287.0
C07343,Low-spend occasional,0.31,Medium,4487.0
C07344,Lapsing / dormant,0.23,Low,12827.0
C07345,Lapsing / dormant,0.116,Low,5819.0
C07346,High-value regulars,0.064,Low,9167.0
C07347,Lapsing / dormant,0.131,Low,7153.0
C07348,Lapsing / dormant,0.661,High,7350.0
C07349,Lapsing / dormant,0.178,Low,6306.0
C07350,High-value regulars,0.048,Low,11033.0
C07351,Lapsing / dormant,0.51,High,10536.0
C07352,High-value regulars,0.174,Low,7748.0
C07353,Lapsing / dormant,0.787,High,3181.0
C07354,High-value regulars,0.167,Low,11748.0
C07355,Lapsing / dormant,0.41,Medium,9719.0
C07356,Low-spend occasional,0.184,Low,1820.0
C07357,High-value regulars,0.053,Low,12725.0
C07358,High-value regulars,0.218,Low,13986.0
C07359,High-value regulars,0.074,Low,12839.0
C07360,Lapsing / dormant,0.63,High,5073.0
C07361,High-value regulars,0.055,Low,9835.0
C07362,Low-spend occasional,0.161,Low,7047.0
C07363,High-value regulars,0.123,Low,11831.0
C07364,High-value regulars,0.057,Low,11367.0
C07365,Lapsing / dormant,0.244,Low,10144.0
C07366,High-value regulars,0.175,Low,10903.0
C07367,Lapsing / dormant,0.196,Low,7660.0
C07368,High-value regulars,0.107,Low,11840.0
C07369,Lapsing / dormant,0.517,High,10935.0
C07370,Lapsing / dormant,0.193,Low,8359.0
C07371,Lapsing / dormant,0.192,Low,6879.0
C07372,Lapsing / dormant,0.695,High,11756.0
C07373,High-value regulars,0.023,Low,17151.0
C07374,High-value regulars,0.058,Low,23398.0
C07375,Low-spend occasional,0.088,Low,6436.0
C07376,High-value regulars,0.115,Low,9719.0
C07377,Lapsing / dormant,0.517,High,6363.0
C07378,High-value regulars,0.079,Low,8276.0
C07379,Lapsing / dormant,0.263,Medium,6645.0
C07380,High-value regulars,0.123,Low,14026.0
C07381,Low-spend occasional,0.224,Low,3333.0
C07382,High-value regulars,0.058,Low,16852.0
C07383,Lapsing / dormant,0.518,High,8037.0
C07384,Lapsing / dormant,0.625,High,9924.0
C07385,High-value regulars,0.292,Medium,9536.0
C07386,High-value regulars,0.042,Low,13994.0
C07387,High-value regulars,0.207,Low,12839.0
C07388,Low-spend occasional,0.138,Low,1919.0
C07389,High-value regulars,0.085,Low,15251.0
C07390,High-value regulars,0.51,High,11919.0
C07391,High-value regulars,0.08,Low,10996.0
C07392,Lapsing / dormant,0.199,Low,8778.0
C07393,High-value regulars,0.155,Low,12704.0
C07394,Low-spend occasional,0.209,Low,5658.0
C07395,High-value regulars,0.099,Low,14264.0
C07396,Lapsing / dormant,0.711,High,5262.0
C07397,Lapsing / dormant,0.29,Medium,12255.0
C07398,Lapsing / dormant,0.107,Low,7001.0
C07399,Low-spend occasional,0.315,Medium,4643.0
C07400,High-value regulars,0.045,Low,18219.0
C07401,Lapsing / dormant,0.187,Low,6735.0
C07402,Lapsing / dormant,0.088,Low,7940.0
C07403,High-value regulars,0.038,Low,7228.0
C07404,High-value regulars,0.063,Low,9864.0
C07405,Lapsing / dormant,0.466,Medium,12999.0
C07406,High-value regulars,0.123,Low,10439.0
C07407,High-value regulars,0.036,Low,20117.0
C07408,High-value regulars,0.222,Low,11818.0
C07409,Lapsing / dormant,0.701,High,5302.0
C07410,High-value regulars,0.138,Low,10045.0
C07411,Low-spend occasional,0.338,Medium,4176.0
C07412,High-value regulars,0.258,Medium,8573.0
C07413,High-value regulars,0.116,Low,7492.0
C07414,High-value regulars,0.116,Low,8602.0
C07415,High-value regulars,0.339,Medium,20447.0
C07416,High-value regulars,0.169,Low,7022.0
C07417,Lapsing / dormant,0.641,High,11307.0
C07418,High-value regulars,0.161,Low,8387.0
C07419,High-value regulars,0.055,Low,16873.0
C07420,Lapsing / dormant,0.657,High,10302.0
C07421,Lapsing / dormant,0.723,High,7331.0
C07422,High-value regulars,0.139,Low,14627.0
C07423,Low-spend occasional,0.185,Low,773.0
C07424,Lapsing / dormant,0.105,Low,7371.0
C07425,Lapsing / dormant,0.458,Medium,11479.0
C07426,High-value regulars,0.065,Low,33839.0
C07427,Lapsing / dormant,0.287,Medium,6554.0
C07428,Lapsing / dormant,0.472,Medium,9411.0
C07429,High-value regulars,0.079,Low,14633.0
C07430,High-value regulars,0.031,Low,17428.0
C07431,High-value regulars,0.154,Low,17410.0
C07432,High-value regulars,0.047,Low,21791.0
C07433,High-value regulars,0.206,Low,14102.0
C07434,Lapsing / dormant,0.192,Low,7926.0
C07435,High-value regulars,0.068,Low,8149.0
C07436,Low-spend occasional,0.064,Low,1355.0
C07437,High-value regulars,0.22,Low,14700.0
C07438,High-value regulars,0.099,Low,9774.0
C07439,Lapsing / dormant,0.469,Medium,4865.0
C07440,Lapsing / dormant,0.302,Medium,9878.0
C07441,High-value regulars,0.072,Low,12487.0
C07442,High-value regulars,0.243,Low,12740.0
C07443,High-value regulars,0.272,Medium,15979.0
C07444,High-value regulars,0.085,Low,6700.0
C07445,Lapsing / dormant,0.834,High,2033.0
C07446,High-value regulars,0.08,Low,15174.0
C07447,Lapsing / dormant,0.205,Low,6931.0
C07448,High-value regulars,0.025,Low,10556.0
C07449,Lapsing / dormant,0.45,Medium,6397.0
C07450,High-value regulars,0.138,Low,14006.0
C07451,Low-spend occasional,0.297,Medium,3592.0
C07452,Lapsing / dormant,0.376,Medium,16664.0
C07453,Low-spend occasional,0.128,Low,5494.0
C07454,High-value regulars,0.472,Medium,17217.0
C07455,Low-spend occasional,0.234,Low,6674.0
C07456,Lapsing / dormant,0.218,Low,4783.0
C07457,Lapsing / dormant,0.737,High,5400.0
C07458,High-value regulars,0.379,Medium,15712.0
C07459,High-value regulars,0.154,Low,15651.0
C07460,High-value regulars,0.056,Low,13593.0
C07461,High-value regulars,0.145,Low,16632.0
C07462,Lapsing / dormant,0.183,Low,8837.0
C07463,Low-spend occasional,0.158,Low,7838.0
C07464,Lapsing / dormant,0.447,Medium,1879.0
C07465,Low-spend occasional,0.814,High,1208.0
C07466,High-value regulars,0.143,Low,14877.0
C07467,Lapsing / dormant,0.667,High,2340.0
C07468,Lapsing / dormant,0.496,Medium,7981.0
C07469,Lapsing / dormant,0.132,Low,10360.0
C07470,Lapsing / dormant,0.384,Medium,8049.0
C07471,Lapsing / dormant,0.164,Low,7447.0
C07472,High-value regulars,0.144,Low,14356.0
C07473,Low-spend occasional,0.072,Low,5911.0
C07474,Lapsing / dormant,0.221,Low,10723.0
C07475,High-value regulars,0.168,Low,9474.0
C07476,Lapsing / dormant,0.091,Low,6612.0
C07477,High-value regulars,0.14,Low,19970.0
C07478,Lapsing / dormant,0.401,Medium,7249.0
C07479,High-value regulars,0.214,Low,11328.0
C07480,High-value regulars,0.132,Low,8525.0
C07481,Low-spend occasional,0.131,Low,3457.0
C07482,High-value regulars,0.267,Medium,16610.0
C07483,High-value regulars,0.085,Low,14037.0
C07484,Low-spend occasional,0.186,Low,6061.0
C07485,High-value regulars,0.161,Low,13448.0
C07486,High-value regulars,0.222,Low,5210.0
C07487,Lapsing / dormant,0.407,Medium,5500.0
C07488,Lapsing / dormant,0.759,High,9201.0
C07489,High-value regulars,0.07,Low,11784.0
C07490,Lapsing / dormant,0.3,Medium,7694.0
C07491,High-value regulars,0.135,Low,8100.0
C07492,Lapsing / dormant,0.231,Low,4543.0
C07493,Lapsing / dormant,0.517,High,10222.0
C07494,High-value regulars,0.105,Low,10856.0
C07495,Low-spend occasional,0.064,Low,4034.0
C07496,High-value regulars,0.131,Low,12825.0
C07497,High-value regulars,0.053,Low,12783.0
C07498,Lapsing / dormant,0.353,Medium,11607.0
C07499,High-value regulars,0.06,Low,7877.0
C07500,High-value regulars,0.119,Low,19253.0
C07501,High-value regulars,0.043,Low,18974.0
C07502,Lapsing / dormant,0.538,High,4693.0
C07503,High-value regulars,0.094,Low,9891.0
C07504,Lapsing / dormant,0.114,Low,9218.0
C07505,High-value regulars,0.26,Medium,9605.0
C07506,High-value regulars,0.166,Low,15505.0
C07507,Lapsing / dormant,0.095,Low,6647.0
C07508,Lapsing / dormant,0.158,Low,11458.0
C07509,High-value regulars,0.171,Low,11046.0
C07510,Low-spend occasional,0.097,Low,3224.0
C07511,High-value regulars,0.192,Low,18617.0
C07512,High-value regulars,0.298,Medium,19177.0
C07513,High-value regulars,0.081,Low,10092.0
C07514,High-value regulars,0.086,Low,20847.0
C07515,High-value regulars,0.172,Low,11269.0
C07516,Lapsing / dormant,0.536,High,8452.0
C07517,High-value regulars,0.108,Low,10534.0
C07518,High-value regulars,0.05,Low,17559.0
C07519,Lapsing / dormant,0.189,Low,11914.0
C07520,Lapsing / dormant,0.636,High,11187.0
C07521,High-value regulars,0.095,Low,14597.0
C07522,High-value regulars,0.195,Low,7637.0
C07523,High-value regulars,0.145,Low,14652.0
C07524,Lapsing / dormant,0.262,Medium,6297.0
C07525,Lapsing / dormant,0.797,High,4800.0
C07526,High-value regulars,0.079,Low,14754.0
C07527,High-value regulars,0.234,Low,12781.0
C07528,Lapsing / dormant,0.084,Low,7641.0
C07529,High-value regulars,0.065,Low,14378.0
C07530,Lapsing / dormant,0.406,Medium,8607.0
C07531,High-value regulars,0.088,Low,15374.0
C07532,High-value regulars,0.212,Low,14323.0
C07533,High-value regulars,0.063,Low,23879.0
C07534,High-value regulars,0.079,Low,7777.0
C07535,Lapsing / dormant,0.34,Medium,4759.0
C07536,Lapsing / dormant,0.099,Low,6261.0
C07537,High-value regulars,0.076,Low,12730.0
C07538,High-value regulars,0.12,Low,7385.0
C07539,High-value regulars,0.222,Low,7468.0
C07540,Lapsing / dormant,0.38,Medium,7283.0
C07541,High-value regulars,0.095,Low,14870.0
C07542,High-value regulars,0.372,Medium,13058.0
C07543,Lapsing / dormant,0.434,Medium,9912.0
C07544,High-value regulars,0.067,Low,13247.0
C07545,Lapsing / dormant,0.113,Low,9509.0
C07546,High-value regulars,0.152,Low,8117.0
C07547,High-value regulars,0.14,Low,8169.0
C07548,High-value regulars,0.06,Low,13163.0
C07549,High-value regulars,0.109,Low,8950.0
C07550,High-value regulars,0.167,Low,17249.0
C07551,Lapsing / dormant,0.822,High,4223.0
C07552,High-value regulars,0.411,Medium,14662.0
C07553,Lapsing / dormant,0.197,Low,5262.0
C07554,Low-spend occasional,0.834,High,4338.0
C07555,High-value regulars,0.042,Low,7056.0
C07556,High-value regulars,0.185,Low,13952.0
C07557,Lapsing / dormant,0.776,High,8302.0
C07558,Low-spend occasional,0.193,Low,6992.0
C07559,Low-spend occasional,0.714,High,2085.0
C07560,Low-spend occasional,0.04,Low,5527.0
C07561,High-value regulars,0.399,Medium,14323.0
C07562,High-value regulars,0.055,Low,7496.0
C07563,High-value regulars,0.188,Low,8371.0
C07564,Lapsing / dormant,0.512,High,12257.0
C07565,Lapsing / dormant,0.202,Low,6308.0
C07566,High-value regulars,0.103,Low,7876.0
C07567,High-value regulars,0.149,Low,14706.0
C07568,High-value regulars,0.09,Low,20618.0
C07569,Low-spend occasional,0.5,High,1292.0
C07570,Lapsing / dormant,0.52,High,6751.0
C07571,High-value regulars,0.168,Low,8547.0
C07572,High-value regulars,0.29,Medium,9607.0
C07573,High-value regulars,0.082,Low,9218.0
C07574,High-value regulars,0.116,Low,11470.0
C07575,Lapsing / dormant,0.554,High,2191.0
C07576,High-value regulars,0.415,Medium,11836.0
C07577,Lapsing / dormant,0.143,Low,5989.0
C07578,High-value regulars,0.281,Medium,15984.0
C07579,Lapsing / dormant,0.401,Medium,8997.0
C07580,Lapsing / dormant,0.403,Medium,7115.0
C07581,Lapsing / dormant,0.098,Low,7253.0
C07582,Lapsing / dormant,0.247,Low,2460.0
C07583,Low-spend occasional,0.094,Low,1405.0
C07584,Lapsing / dormant,0.377,Medium,9025.0
C07585,Lapsing / dormant,0.111,Low,9267.0
C07586,Lapsing / dormant,0.501,High,9297.0
C07587,High-value regulars,0.142,Low,16048.0
C07588,Lapsing / dormant,0.147,Low,7198.0
C07589,High-value regulars,0.097,Low,14587.0
C07590,High-value regulars,0.038,Low,19817.0
C07591,High-value regulars,0.08,Low,13446.0
C07592,Lapsing / dormant,0.239,Low,10392.0
C07593,Lapsing / dormant,0.178,Low,6601.0
C07594,Low-spend occasional,0.174,Low,2997.0
C07595,High-value regulars,0.158,Low,10007.0
C07596,Lapsing / dormant,0.56,High,7753.0
C07597,High-value regulars,0.162,Low,9851.0
C07598,High-value regulars,0.167,Low,12205.0
C07599,High-value regulars,0.121,Low,13743.0
C07600,Lapsing / dormant,0.353,Medium,11191.0
C07601,High-value regulars,0.192,Low,10549.0
C07602,High-value regulars,0.14,Low,15144.0
C07603,Lapsing / dormant,0.1,Low,8188.0
C07604,Lapsing / dormant,0.19,Low,5383.0
C07605,Lapsing / dormant,0.163,Low,7207.0
C07606,Lapsing / dormant,0.212,Low,6359.0
C07607,Lapsing / dormant,0.171,Low,10390.0
C07608,Lapsing / dormant,0.155,Low,6475.0
C07609,Lapsing / dormant,0.331,Medium,6425.0
C07610,High-value regulars,0.045,Low,13552.0
C07611,High-value regulars,0.591,High,15252.0
C07612,Lapsing / dormant,0.286,Medium,7339.0
C07613,High-value regulars,0.262,Medium,11840.0
C07614,High-value regulars,0.081,Low,11624.0
C07615,High-value regulars,0.143,Low,28239.0
C07616,High-value regulars,0.056,Low,19932.0
C07617,High-value regulars,0.262,Medium,9204.0
C07618,Lapsing / dormant,0.467,Medium,13320.0
C07619,Lapsing / dormant,0.234,Low,6888.0
C07620,High-value regulars,0.332,Medium,20139.0
C07621,Lapsing / dormant,0.508,High,6498.0
C07622,High-value regulars,0.254,Medium,10245.0
C07623,Low-spend occasional,0.166,Low,6937.0
C07624,Low-spend occasional,0.894,High,0.0
C07625,Low-spend occasional,0.195,Low,5835.0
C07626,High-value regulars,0.341,Medium,8893.0
C07627,Lapsing / dormant,0.387,Medium,6456.0
C07628,High-value regulars,0.17,Low,10957.0
C07629,Lapsing / dormant,0.542,High,13545.0
C07630,Lapsing / dormant,0.232,Low,7223.0
C07631,Low-spend occasional,0.233,Low,2696.0
C07632,High-value regulars,0.089,Low,17693.0
C07633,Low-spend occasional,0.161,Low,2810.0
C07634,High-value regulars,0.049,Low,15651.0
C07635,Low-spend occasional,0.083,Low,3459.0
C07636,Lapsing / dormant,0.578,High,8999.0
C07637,High-value regulars,0.131,Low,12180.0
C07638,Low-spend occasional,0.035,Low,6845.0
C07639,Low-spend occasional,0.107,Low,3743.0
C07640,High-value regulars,0.086,Low,11735.0
C07641,Low-spend occasional,0.292,Medium,4826.0
C07642,High-value regulars,0.054,Low,8947.0
C07643,Lapsing / dormant,0.158,Low,7299.0
C07644,Lapsing / dormant,0.528,High,5615.0
C07645,Low-spend occasional,0.04,Low,4307.0
C07646,Lapsing / dormant,0.264,Medium,6324.0
C07647,High-value regulars,0.033,Low,13019.0
C07648,High-value regulars,0.03,Low,23563.0
C07649,High-value regulars,0.083,Low,17400.0
C07650,High-value regulars,0.193,Low,7883.0
C07651,Low-spend occasional,0.222,Low,1793.0
C07652,High-value regulars,0.13,Low,11430.0
C07653,Lapsing / dormant,0.33,Medium,7598.0
C07654,High-value regulars,0.052,Low,8529.0
C07655,High-value regulars,0.031,Low,18584.0
C07656,Low-spend occasional,0.247,Low,2386.0
C07657,Lapsing / dormant,0.119,Low,10021.0
C07658,Lapsing / dormant,0.201,Low,5592.0
C07659,Lapsing / dormant,0.125,Low,10075.0
C07660,High-value regulars,0.158,Low,14050.0
C07661,Low-spend occasional,0.097,Low,7698.0
C07662,High-value regulars,0.132,Low,12030.0
C07663,High-value regulars,0.052,Low,10666.0
C07664,Low-spend occasional,0.184,Low,5809.0
C07665,Lapsing / dormant,0.185,Low,8432.0
C07666,High-value regulars,0.177,Low,14748.0
C07667,High-value regulars,0.194,Low,12233.0
C07668,Lapsing / dormant,0.32,Medium,11616.0
C07669,Lapsing / dormant,0.125,Low,6776.0
C07670,Lapsing / dormant,0.131,Low,8193.0
C07671,High-value regulars,0.096,Low,8091.0
C07672,High-value regulars,0.126,Low,12617.0
C07673,High-value regulars,0.144,Low,11459.0
C07674,High-value regulars,0.143,Low,6168.0
C07675,High-value regulars,0.094,Low,20447.0
C07676,High-value regulars,0.104,Low,9914.0
C07677,High-value regulars,0.094,Low,14112.0
C07678,Lapsing / dormant,0.253,Medium,6819.0
C07679,Lapsing / dormant,0.387,Medium,6535.0
C07680,Lapsing / dormant,0.411,Medium,11634.0
C07681,Lapsing / dormant,0.903,High,3957.0
C07682,High-value regulars,0.345,Medium,24991.0
C07683,High-value regulars,0.077,Low,16588.0
C07684,Lapsing / dormant,0.132,Low,10205.0
C07685,Lapsing / dormant,0.252,Medium,8018.0
C07686,High-value regulars,0.045,Low,9138.0
C07687,Lapsing / dormant,0.255,Medium,6939.0
C07688,Lapsing / dormant,0.52,High,1029.0
C07689,Lapsing / dormant,0.343,Medium,8481.0
C07690,High-value regulars,0.065,Low,8412.0
C07691,Low-spend occasional,0.213,Low,4846.0
C07692,Lapsing / dormant,0.299,Medium,10611.0
C07693,High-value regulars,0.087,Low,17550.0
C07694,Lapsing / dormant,0.401,Medium,6485.0
C07695,Lapsing / dormant,0.412,Medium,5167.0
C07696,Lapsing / dormant,0.238,Low,11242.0
C07697,High-value regulars,0.122,Low,11297.0
C07698,High-value regulars,0.079,Low,14009.0
C07699,Lapsing / dormant,0.089,Low,7158.0
C07700,High-value regulars,0.385,Medium,12378.0
C07701,Lapsing / dormant,0.261,Medium,7976.0
C07702,High-value regulars,0.063,Low,16363.0
C07703,High-value regulars,0.079,Low,13323.0
C07704,High-value regulars,0.103,Low,9329.0
C07705,High-value regulars,0.107,Low,16048.0
C07706,High-value regulars,0.142,Low,22548.0
C07707,High-value regulars,0.092,Low,20805.0
C07708,Lapsing / dormant,0.089,Low,8075.0
C07709,High-value regulars,0.07,Low,16331.0
C07710,Lapsing / dormant,0.247,Low,6434.0
C07711,High-value regulars,0.077,Low,14669.0
C07712,High-value regulars,0.059,Low,8697.0
C07713,High-value regulars,0.323,Medium,19560.0
C07714,Lapsing / dormant,0.856,High,4165.0
C07715,Lapsing / dormant,0.207,Low,10846.0
C07716,High-value regulars,0.119,Low,13298.0
C07717,Lapsing / dormant,0.232,Low,11159.0
C07718,Low-spend occasional,0.216,Low,4676.0
C07719,Low-spend occasional,0.613,High,2672.0
C07720,Lapsing / dormant,0.504,High,9280.0
C07721,High-value regulars,0.097,Low,8151.0
C07722,Lapsing / dormant,0.383,Medium,7719.0
C07723,High-value regulars,0.197,Low,10336.0
C07724,Low-spend occasional,0.121,Low,4288.0
C07725,Low-spend occasional,0.069,Low,6568.0
C07726,Low-spend occasional,0.084,Low,6589.0
C07727,High-value regulars,0.073,Low,17565.0
C07728,High-value regulars,0.054,Low,18285.0
C07729,Low-spend occasional,0.106,Low,5667.0
C07730,Lapsing / dormant,0.747,High,5486.0
C07731,Lapsing / dormant,0.659,High,3846.0
C07732,Lapsing / dormant,0.152,Low,7613.0
C07733,Lapsing / dormant,0.333,Medium,11971.0
C07734,Low-spend occasional,0.135,Low,5863.0
C07735,Low-spend occasional,0.41,Medium,2932.0
C07736,High-value regulars,0.083,Low,11883.0
C07737,Lapsing / dormant,0.967,High,1205.0
C07738,High-value regulars,0.088,Low,10990.0
C07739,High-value regulars,0.192,Low,9432.0
C07740,High-value regulars,0.281,Medium,26298.0
C07741,Low-spend occasional,0.099,Low,5363.0
C07742,Lapsing / dormant,0.663,High,4218.0
C07743,High-value regulars,0.017,Low,13397.0
C07744,High-value regulars,0.173,Low,15726.0
C07745,High-value regulars,0.156,Low,11203.0
C07746,High-value regulars,0.057,Low,19571.0
C07747,High-value regulars,0.318,Medium,14864.0
C07748,Lapsing / dormant,0.438,Medium,8118.0
C07749,High-value regulars,0.058,Low,11266.0
C07750,High-value regulars,0.021,Low,8955.0
C07751,High-value regulars,0.188,Low,11042.0
C07752,High-value regulars,0.156,Low,14930.0
C07753,Lapsing / dormant,0.201,Low,10057.0
C07754,Lapsing / dormant,0.398,Medium,6373.0
C07755,High-value regulars,0.036,Low,14100.0
C07756,High-value regulars,0.108,Low,13121.0
C07757,Lapsing / dormant,0.624,High,5311.0
C07758,Lapsing / dormant,0.63,High,7720.0
C07759,High-value regulars,0.175,Low,10109.0
C07760,High-value regulars,0.132,Low,9893.0
C07761,Lapsing / dormant,0.267,Medium,10025.0
C07762,Lapsing / dormant,0.371,Medium,2508.0
C07763,Lapsing / dormant,0.444,Medium,7805.0
C07764,High-value regulars,0.074,Low,18099.0
C07765,High-value regulars,0.059,Low,20309.0
C07766,Lapsing / dormant,0.515,High,5869.0
C07767,Lapsing / dormant,0.094,Low,7706.0
C07768,High-value regulars,0.139,Low,12905.0
C07769,Lapsing / dormant,0.131,Low,6571.0
C07770,High-value regulars,0.041,Low,13804.0
C07771,Lapsing / dormant,0.674,High,10263.0
C07772,High-value regulars,0.095,Low,8537.0
C07773,Low-spend occasional,0.102,Low,1324.0
C07774,High-value regulars,0.223,Low,9365.0
C07775,Lapsing / dormant,0.149,Low,10594.0
C07776,Low-spend occasional,0.087,Low,3549.0
C07777,Lapsing / dormant,0.231,Low,8376.0
C07778,Lapsing / dormant,0.592,High,9060.0
C07779,High-value regulars,0.119,Low,7082.0
C07780,High-value regulars,0.079,Low,13227.0
C07781,High-value regulars,0.219,Low,10809.0
C07782,Lapsing / dormant,0.809,High,4616.0
C07783,High-value regulars,0.103,Low,15422.0
C07784,High-value regulars,0.203,Low,12085.0
C07785,High-value regulars,0.057,Low,6860.0
C07786,High-value regulars,0.241,Low,14002.0
C07787,High-value regulars,0.117,Low,12586.0
C07788,Lapsing / dormant,0.338,Medium,9828.0
C07789,High-value regulars,0.144,Low,11592.0
C07790,High-value regulars,0.141,Low,13479.0
C07791,High-value regulars,0.087,Low,8804.0
C07792,High-value regulars,0.189,Low,9324.0
C07793,High-value regulars,0.301,Medium,11934.0
C07794,Low-spend occasional,0.406,Medium,3055.0
C07795,Low-spend occasional,0.173,Low,3775.0
C07796,Lapsing / dormant,0.538,High,8391.0
C07797,High-value regulars,0.117,Low,11464.0
C07798,Low-spend occasional,0.194,Low,2892.0
C07799,Lapsing / dormant,0.452,Medium,6691.0
C07800,High-value regulars,0.319,Medium,14037.0
C07801,Lapsing / dormant,0.905,High,4964.0
C07802,High-value regulars,0.132,Low,16102.0
C07803,Low-spend occasional,0.391,Medium,5111.0
C07804,High-value regulars,0.063,Low,10970.0
C07805,High-value regulars,0.116,Low,7497.0
C07806,High-value regulars,0.291,Medium,15665.0
C07807,High-value regulars,0.084,Low,11795.0
C07808,High-value regulars,0.08,Low,7981.0
C07809,High-value regulars,0.127,Low,13924.0
C07810,Low-spend occasional,0.161,Low,5825.0
C07811,Lapsing / dormant,0.726,High,927.0
C07812,Lapsing / dormant,0.592,High,8687.0
C07813,Lapsing / dormant,0.343,Medium,8105.0
C07814,High-value regulars,0.065,Low,11539.0
C07815,Lapsing / dormant,0.538,High,10026.0
C07816,High-value regulars,0.276,Medium,8650.0
C07817,High-value regulars,0.112,Low,9510.0
C07818,High-value regulars,0.043,Low,23178.0
C07819,Lapsing / dormant,0.755,High,7120.0
C07820,High-value regulars,0.315,Medium,11111.0
C07821,High-value regulars,0.171,Low,23641.0
C07822,Low-spend occasional,0.225,Low,6443.0
C07823,High-value regulars,0.058,Low,14041.0
C07824,High-value regulars,0.13,Low,16933.0
C07825,Low-spend occasional,0.03,Low,8401.0
C07826,Lapsing / dormant,0.221,Low,9562.0
C07827,Lapsing / dormant,0.604,High,4548.0
C07828,Lapsing / dormant,0.374,Medium,7751.0
C07829,Low-spend occasional,0.065,Low,6913.0
C07830,High-value regulars,0.047,Low,14106.0
C07831,High-value regulars,0.061,Low,17703.0
C07832,High-value regulars,0.063,Low,14162.0
C07833,High-value regulars,0.299,Medium,19028.0
C07834,Lapsing / dormant,0.515,High,4203.0
C07835,High-value regulars,0.118,Low,10485.0
C07836,High-value regulars,0.072,Low,17476.0
C07837,High-value regulars,0.052,Low,13533.0
C07838,Low-spend occasional,0.085,Low,4844.0
C07839,High-value regulars,0.046,Low,12214.0
C07840,Lapsing / dormant,0.393,Medium,6730.0
C07841,High-value regulars,0.107,Low,14967.0
C07842,Lapsing / dormant,0.412,Medium,7403.0
C07843,High-value regulars,0.166,Low,17181.0
C07844,High-value regulars,0.101,Low,10308.0
C07845,Low-spend occasional,0.044,Low,4805.0
C07846,High-value regulars,0.106,Low,9518.0
C07847,Lapsing / dormant,0.658,High,4299.0
C07848,High-value regulars,0.165,Low,10995.0
C07849,Low-spend occasional,0.12,Low,3196.0
C07850,High-value regulars,0.223,Low,15172.0
C07851,High-value regulars,0.101,Low,16870.0
C07852,High-value regulars,0.071,Low,12861.0
C07853,Lapsing / dormant,0.344,Medium,7397.0
C07854,High-value regulars,0.153,Low,9891.0
C07855,High-value regulars,0.132,Low,15339.0
C07856,Lapsing / dormant,0.308,Medium,6950.0
C07857,High-value regulars,0.08,Low,10747.0
C07858,High-value regulars,0.18,Low,9939.0
C07859,High-value regulars,0.093,Low,13352.0
C07860,Lapsing / dormant,0.384,Medium,5570.0
C07861,High-value regulars,0.27,Medium,11500.0
C07862,High-value regulars,0.12,Low,17764.0
C07863,Low-spend occasional,0.08,Low,7761.0
C07864,High-value regulars,0.112,Low,12165.0
C07865,High-value regulars,0.141,Low,14092.0
C07866,Low-spend occasional,0.149,Low,2967.0
C07867,Lapsing / dormant,0.326,Medium,12026.0
C07868,Lapsing / dormant,0.191,Low,10140.0
C07869,Lapsing / dormant,0.339,Medium,10782.0
C07870,High-value regulars,0.108,Low,14642.0
C07871,Low-spend occasional,0.09,Low,6818.0
C07872,High-value regulars,0.173,Low,13184.0
C07873,Low-spend occasional,0.544,High,2805.0
C07874,High-value regulars,0.063,Low,13808.0
C07875,High-value regulars,0.116,Low,11860.0
C07876,High-value regulars,0.096,Low,11663.0
C07877,Lapsing / dormant,0.405,Medium,7229.0
C07878,Lapsing / dormant,0.218,Low,13361.0
C07879,Lapsing / dormant,0.16,Low,7513.0
C07880,High-value regulars,0.131,Low,22455.0
C07881,Lapsing / dormant,0.246,Low,6658.0
C07882,High-value regulars,0.069,Low,17892.0
C07883,Lapsing / dormant,0.347,Medium,8798.0
C07884,Low-spend occasional,0.116,Low,8852.0
C07885,High-value regulars,0.063,Low,18861.0
C07886,Low-spend occasional,0.289,Medium,969.0
C07887,High-value regulars,0.155,Low,17480.0
C07888,High-value regulars,0.034,Low,10635.0
C07889,Low-spend occasional,0.05,Low,7364.0
C07890,High-value regulars,0.101,Low,10258.0
C07891,High-value regulars,0.018,Low,19668.0
C07892,Lapsing / dormant,0.46,Medium,9898.0
C07893,Low-spend occasional,0.433,Medium,1852.0
C07894,Low-spend occasional,0.089,Low,6044.0
C07895,High-value regulars,0.074,Low,15077.0
C07896,High-value regulars,0.193,Low,11111.0
C07897,Lapsing / dormant,0.15,Low,9406.0
C07898,Lapsing / dormant,0.16,Low,6511.0
C07899,Lapsing / dormant,0.152,Low,8395.0
C07900,Lapsing / dormant,0.119,Low,6689.0
C07901,High-value regulars,0.078,Low,16766.0
C07902,Low-spend occasional,0.12,Low,4244.0
C07903,High-value regulars,0.094,Low,16169.0
C07904,High-value regulars,0.147,Low,10883.0
C07905,Lapsing / dormant,0.543,High,13727.0
C07906,Low-spend occasional,0.05,Low,7500.0
C07907,High-value regulars,0.152,Low,10285.0
C07908,Lapsing / dormant,0.599,High,3552.0
C07909,Lapsing / dormant,0.483,Medium,2796.0
C07910,Lapsing / dormant,0.322,Medium,5377.0
C07911,Low-spend occasional,0.092,Low,2902.0
C07912,High-value regulars,0.089,Low,16651.0
C07913,High-value regulars,0.103,Low,10611.0
C07914,High-value regulars,0.268,Medium,21911.0
C07915,High-value regulars,0.123,Low,18751.0
C07916,High-value regulars,0.209,Low,12004.0
C07917,High-value regulars,0.121,Low,12711.0
C07918,Low-spend occasional,0.053,Low,6413.0
C07919,High-value regulars,0.218,Low,16780.0
C07920,Low-spend occasional,0.138,Low,4110.0
C07921,High-value regulars,0.079,Low,10921.0
C07922,Lapsing / dormant,0.609,High,5545.0
C07923,High-value regulars,0.201,Low,17552.0
C07924,High-value regulars,0.481,Medium,18314.0
C07925,High-value regulars,0.127,Low,12090.0
C07926,High-value regulars,0.082,Low,24882.0
C07927,High-value regulars,0.062,Low,10456.0
C07928,Lapsing / dormant,0.137,Low,6359.0
C07929,Lapsing / dormant,0.431,Medium,2735.0
C07930,Lapsing / dormant,0.304,Medium,12885.0
C07931,High-value regulars,0.107,Low,10692.0
C07932,Low-spend occasional,0.154,Low,2477.0
C07933,Lapsing / dormant,0.366,Medium,2493.0
C07934,Low-spend occasional,0.103,Low,3762.0
C07935,Low-spend occasional,0.133,Low,6219.0
C07936,Lapsing / dormant,0.471,Medium,3796.0
C07937,Low-spend occasional,0.155,Low,4610.0
C07938,Lapsing / dormant,0.332,Medium,8595.0
C07939,High-value regulars,0.206,Low,17387.0
C07940,High-value regulars,0.136,Low,10325.0
C07941,Lapsing / dormant,0.243,Low,9341.0
C07942,High-value regulars,0.357,Medium,12079.0
C07943,High-value regulars,0.186,Low,13564.0
C07944,High-value regulars,0.146,Low,10401.0
C07945,Low-spend occasional,0.187,Low,3630.0
C07946,Lapsing / dormant,0.727,High,6433.0
C07947,High-value regulars,0.086,Low,10079.0
C07948,Lapsing / dormant,0.226,Low,10800.0
C07949,High-value regulars,0.127,Low,8216.0
C07950,High-value regulars,0.194,Low,16271.0
C07951,High-value regulars,0.026,Low,27111.0
C07952,Low-spend occasional,0.123,Low,6916.0
C07953,Lapsing / dormant,0.109,Low,6483.0
C07954,High-value regulars,0.118,Low,15983.0
C07955,High-value regulars,0.097,Low,11006.0
C07956,High-value regulars,0.074,Low,9837.0
C07957,High-value regulars,0.239,Low,20602.0
C07958,Lapsing / dormant,0.182,Low,6058.0
C07959,Lapsing / dormant,0.104,Low,8412.0
C07960,High-value regulars,0.038,Low,28452.0
C07961,Lapsing / dormant,0.3,Medium,8876.0
C07962,Lapsing / dormant,0.493,Medium,11222.0
C07963,High-value regulars,0.154,Low,10018.0
C07964,High-value regulars,0.142,Low,13213.0
C07965,Lapsing / dormant,0.685,High,2754.0
C07966,Low-spend occasional,0.186,Low,4296.0
C07967,Lapsing / dormant,0.285,Medium,10525.0
C07968,High-value regulars,0.091,Low,6306.0
C07969,High-value regulars,0.076,Low,12986.0
C07970,Lapsing / dormant,0.372,Medium,8992.0
C07971,Lapsing / dormant,0.63,High,13134.0
C07972,Lapsing / dormant,0.438,Medium,10002.0
C07973,High-value regulars,0.036,Low,9081.0
C07974,High-value regulars,0.111,Low,8083.0
C07975,High-value regulars,0.123,Low,12952.0
C07976,High-value regulars,0.244,Low,9795.0
C07977,High-value regulars,0.079,Low,23473.0
C07978,High-value regulars,0.074,Low,8792.0
C07979,High-value regulars,0.104,Low,5676.0
C07980,Low-spend occasional,0.267,Medium,4292.0
C07981,Lapsing / dormant,0.26,Medium,4029.0
C07982,High-value regulars,0.068,Low,12979.0
C07983,High-value regulars,0.108,Low,19915.0
C07984,Lapsing / dormant,0.183,Low,6663.0
C07985,High-value regulars,0.249,Low,19151.0
C07986,Lapsing / dormant,0.488,Medium,5107.0
C07987,High-value regulars,0.113,Low,16262.0
C07988,Lapsing / dormant,0.464,Medium,5449.0
C07989,Low-spend occasional,0.227,Low,3888.0
C07990,Lapsing / dormant,0.516,High,6000.0
C07991,Lapsing / dormant,0.378,Medium,10100.0
C07992,Lapsing / dormant,0.903,High,7002.0
C07993,High-value regulars,0.102,Low,9901.0
C07994,High-value regulars,0.119,Low,20867.0
C07995,High-value regulars,0.116,Low,12480.0
C07996,High-value regulars,0.196,Low,13643.0
C07997,Lapsing / dormant,0.181,Low,15422.0
C07998,Low-spend occasional,0.212,Low,7130.0
C07999,High-value regulars,0.197,Low,13896.0
C08000,Low-spend occasional,0.276,Medium,7593.0
C08001,High-value regulars,0.076,Low,10608.0
C08002,Lapsing / dormant,0.053,Low,7559.0
C08003,High-value regulars,0.146,Low,10582.0
C08004,High-value regulars,0.079,Low,18916.0
C08005,Low-spend occasional,0.101,Low,3104.0
C08006,Lapsing / dormant,0.526,High,3971.0
C08007,High-value regulars,0.053,Low,8804.0
C08008,High-value regulars,0.126,Low,8309.0
C08009,Lapsing / dormant,0.135,Low,7458.0
C08010,High-value regulars,0.067,Low,16735.0
C08011,High-value regulars,0.081,Low,14328.0
C08012,Lapsing / dormant,0.431,Medium,5091.0
C08013,Lapsing / dormant,0.545,High,6782.0
C08014,Lapsing / dormant,0.132,Low,5552.0
C08015,Low-spend occasional,0.107,Low,6157.0
C08016,Low-spend occasional,0.145,Low,2443.0
C08017,Low-spend occasional,0.25,Medium,2400.0
C08018,High-value regulars,0.113,Low,13171.0
C08019,Lapsing / dormant,0.173,Low,9494.0
C08020,Lapsing / dormant,0.186,Low,7436.0
C08021,High-value regulars,0.045,Low,14531.0
C08022,Low-spend occasional,0.194,Low,4513.0
C08023,High-value regulars,0.113,Low,29079.0
C08024,High-value regulars,0.206,Low,12549.0
C08025,High-value regulars,0.049,Low,10609.0
C08026,High-value regulars,0.056,Low,25546.0
C08027,Lapsing / dormant,0.561,High,10718.0
C08028,Lapsing / dormant,0.158,Low,11488.0
C08029,High-value regulars,0.029,Low,13866.0
C08030,Low-spend occasional,0.074,Low,7501.0
C08031,High-value regulars,0.091,Low,26709.0
C08032,High-value regulars,0.055,Low,17682.0
C08033,High-value regulars,0.175,Low,10963.0
C08034,Lapsing / dormant,0.294,Medium,9274.0
C08035,High-value regulars,0.106,Low,21865.0
C08036,High-value regulars,0.138,Low,10519.0
C08037,Lapsing / dormant,0.354,Medium,7080.0
C08038,High-value regulars,0.037,Low,13091.0
C08039,Lapsing / dormant,0.569,High,6509.0
C08040,Low-spend occasional,0.193,Low,4476.0
C08041,Low-spend occasional,0.032,Low,6998.0
C08042,High-value regulars,0.284,Medium,16733.0
C08043,High-value regulars,0.168,Low,16126.0
C08044,Low-spend occasional,0.281,Medium,3064.0
C08045,High-value regulars,0.173,Low,7730.0
C08046,Low-spend occasional,0.21,Low,6302.0
C08047,Low-spend occasional,0.039,Low,5771.0
C08048,High-value regulars,0.081,Low,10501.0
C08049,High-value regulars,0.122,Low,16270.0
C08050,Low-spend occasional,0.413,Medium,1135.0
C08051,Lapsing / dormant,0.16,Low,7007.0
C08052,High-value regulars,0.069,Low,10544.0
C08053,Lapsing / dormant,0.438,Medium,6793.0
C08054,High-value regulars,0.094,Low,18828.0
C08055,Lapsing / dormant,0.428,Medium,5074.0
C08056,High-value regulars,0.159,Low,12633.0
C08057,High-value regulars,0.127,Low,9504.0
C08058,High-value regulars,0.456,Medium,13241.0
C08059,High-value regulars,0.252,Medium,11412.0
C08060,High-value regulars,0.048,Low,12119.0
C08061,High-value regulars,0.158,Low,14159.0
C08062,High-value regulars,0.1,Low,17786.0
C08063,High-value regulars,0.021,Low,12688.0
C08064,Low-spend occasional,0.45,Medium,2230.0
C08065,High-value regulars,0.077,Low,7009.0
C08066,High-value regulars,0.062,Low,21976.0
C08067,High-value regulars,0.225,Low,13700.0
C08068,High-value regulars,0.085,Low,8399.0
C08069,Low-spend occasional,0.24,Low,5261.0
C08070,High-value regulars,0.12,Low,18846.0
C08071,High-value regulars,0.247,Low,13036.0
C08072,Lapsing / dormant,0.235,Low,4749.0
C08073,High-value regulars,0.158,Low,16416.0
C08074,High-value regulars,0.353,Medium,8861.0
C08075,Lapsing / dormant,0.206,Low,10539.0
C08076,High-value regulars,0.064,Low,14617.0
C08077,Lapsing / dormant,0.239,Low,6208.0
C08078,Lapsing / dormant,0.429,Medium,7608.0
C08079,Low-spend occasional,0.117,Low,7124.0
C08080,Lapsing / dormant,0.303,Medium,8902.0
C08081,High-value regulars,0.04,Low,19320.0
C08082,High-value regulars,0.064,Low,12405.0
C08083,High-value regulars,0.056,Low,8646.0
C08084,High-value regulars,0.074,Low,8966.0
C08085,High-value regulars,0.121,Low,7523.0
C08086,High-value regulars,0.329,Medium,16784.0
C08087,Low-spend occasional,0.167,Low,2828.0
C08088,High-value regulars,0.029,Low,21913.0
C08089,High-value regulars,0.24,Low,9952.0
C08090,High-value regulars,0.114,Low,15982.0
C08091,High-value regulars,0.033,Low,24795.0
C08092,Lapsing / dormant,0.769,High,4058.0
C08093,Low-spend occasional,0.174,Low,7146.0
C08094,High-value regulars,0.08,Low,22114.0
C08095,High-value regulars,0.124,Low,11830.0
C08096,High-value regulars,0.06,Low,19131.0
C08097,Lapsing / dormant,0.696,High,3284.0
C08098,High-value regulars,0.05,Low,13292.0
C08099,High-value regulars,0.027,Low,19200.0
C08100,High-value regulars,0.118,Low,12158.0
C08101,Lapsing / dormant,0.25,Low,6769.0
C08102,High-value regulars,0.393,Medium,13936.0
C08103,Lapsing / dormant,0.083,Low,10659.0
C08104,High-value regulars,0.187,Low,13676.0
C08105,High-value regulars,0.134,Low,13930.0
C08106,Lapsing / dormant,0.281,Medium,9202.0
C08107,High-value regulars,0.235,Low,14352.0
C08108,High-value regulars,0.267,Medium,19110.0
C08109,Low-spend occasional,0.548,High,4251.0
C08110,Lapsing / dormant,0.272,Medium,9486.0
C08111,High-value regulars,0.115,Low,12392.0
C08112,Low-spend occasional,0.101,Low,3883.0
C08113,Low-spend occasional,0.102,Low,1680.0
C08114,High-value regulars,0.049,Low,13628.0
C08115,Lapsing / dormant,0.138,Low,8636.0
C08116,High-value regulars,0.181,Low,9830.0
C08117,Low-spend occasional,0.079,Low,6739.0
C08118,High-value regulars,0.092,Low,10327.0
C08119,High-value regulars,0.06,Low,14069.0
C08120,High-value regulars,0.113,Low,10226.0
C08121,High-value regulars,0.122,Low,15647.0
C08122,High-value regulars,0.131,Low,12210.0
C08123,High-value regulars,0.128,Low,12886.0
C08124,Low-spend occasional,0.175,Low,2477.0
C08125,Lapsing / dormant,0.529,High,10438.0
C08126,Lapsing / dormant,0.602,High,3458.0
C08127,Lapsing / dormant,0.355,Medium,7572.0
C08128,Lapsing / dormant,0.252,Medium,6031.0
C08129,High-value regulars,0.152,Low,14039.0
C08130,Lapsing / dormant,0.112,Low,6227.0
C08131,Lapsing / dormant,0.407,Medium,5875.0
C08132,Lapsing / dormant,0.463,Medium,8888.0
C08133,High-value regulars,0.176,Low,11425.0
C08134,Lapsing / dormant,0.345,Medium,6285.0
C08135,High-value regulars,0.051,Low,15583.0
C08136,Lapsing / dormant,0.17,Low,10744.0
C08137,Low-spend occasional,0.326,Medium,5968.0
C08138,High-value regulars,0.185,Low,11051.0
C08139,High-value regulars,0.048,Low,17124.0
C08140,High-value regulars,0.182,Low,14428.0
C08141,High-value regulars,0.059,Low,25752.0
C08142,High-value regulars,0.202,Low,8254.0
C08143,High-value regulars,0.2,Low,19845.0
C08144,Lapsing / dormant,0.223,Low,7329.0
C08145,High-value regulars,0.139,Low,13458.0
C08146,High-value regulars,0.254,Medium,10703.0
C08147,High-value regulars,0.062,Low,7039.0
C08148,High-value regulars,0.14,Low,11616.0
C08149,Low-spend occasional,0.137,Low,5551.0
C08150,High-value regulars,0.057,Low,9724.0
C08151,Lapsing / dormant,0.606,High,7638.0
C08152,Lapsing / dormant,0.585,High,7246.0
C08153,Lapsing / dormant,0.494,Medium,7102.0
C08154,High-value regulars,0.037,Low,14658.0
C08155,High-value regulars,0.291,Medium,14680.0
C08156,Lapsing / dormant,0.351,Medium,9115.0
C08157,High-value regulars,0.079,Low,13443.0
C08158,High-value regulars,0.055,Low,11912.0
C08159,Lapsing / dormant,0.387,Medium,7015.0
C08160,High-value regulars,0.284,Medium,12899.0
C08161,Lapsing / dormant,0.254,Medium,6177.0
C08162,High-value regulars,0.114,Low,10923.0
C08163,Low-spend occasional,0.137,Low,7473.0
C08164,Low-spend occasional,0.131,Low,6871.0
C08165,High-value regulars,0.211,Low,15430.0
C08166,High-value regulars,0.075,Low,10327.0
C08167,High-value regulars,0.123,Low,9370.0
C08168,High-value regulars,0.125,Low,11521.0
C08169,Lapsing / dormant,0.232,Low,9675.0
C08170,High-value regulars,0.246,Low,8395.0
C08171,High-value regulars,0.075,Low,13525.0
C08172,High-value regulars,0.167,Low,10257.0
C08173,High-value regulars,0.086,Low,18073.0
C08174,High-value regulars,0.158,Low,9463.0
C08175,High-value regulars,0.021,Low,19625.0
C08176,Lapsing / dormant,0.256,Medium,4450.0
C08177,Lapsing / dormant,0.093,Low,8747.0
C08178,High-value regulars,0.07,Low,12919.0
C08179,Low-spend occasional,0.088,Low,5132.0
C08180,High-value regulars,0.178,Low,13790.0
C08181,High-value regulars,0.084,Low,15494.0
C08182,Lapsing / dormant,0.639,High,5663.0
C08183,High-value regulars,0.174,Low,15024.0
C08184,High-value regulars,0.159,Low,12284.0
C08185,High-value regulars,0.098,Low,11965.0
C08186,High-value regulars,0.074,Low,12253.0
C08187,High-value regulars,0.115,Low,8076.0
C08188,Lapsing / dormant,0.751,High,7203.0
C08189,High-value regulars,0.404,Medium,15480.0
C08190,High-value regulars,0.059,Low,11001.0
C08191,High-value regulars,0.06,Low,11287.0
C08192,High-value regulars,0.03,Low,10787.0
C08193,Low-spend occasional,0.061,Low,3805.0
C08194,Lapsing / dormant,0.815,High,2670.0
C08195,High-value regulars,0.068,Low,12823.0
C08196,High-value regulars,0.171,Low,19628.0
C08197,High-value regulars,0.063,Low,19908.0
C08198,High-value regulars,0.294,Medium,13733.0
C08199,Lapsing / dormant,0.785,High,6442.0
C08200,High-value regulars,0.2,Low,18713.0
C08201,High-value regulars,0.149,Low,10742.0
C08202,High-value regulars,0.13,Low,13619.0
C08203,Lapsing / dormant,0.329,Medium,6829.0
C08204,Low-spend occasional,0.092,Low,4565.0
C08205,High-value regulars,0.064,Low,12838.0
C08206,Lapsing / dormant,0.318,Medium,8528.0
C08207,High-value regulars,0.147,Low,8587.0
C08208,High-value regulars,0.136,Low,19610.0
C08209,High-value regulars,0.036,Low,11575.0
C08210,Low-spend occasional,0.171,Low,6300.0
C08211,Lapsing / dormant,0.292,Medium,5759.0
C08212,Lapsing / dormant,0.229,Low,7629.0
C08213,Lapsing / dormant,0.294,Medium,7788.0
C08214,High-value regulars,0.095,Low,11697.0
C08215,High-value regulars,0.06,Low,21191.0
C08216,High-value regulars,0.118,Low,8446.0
C08217,Lapsing / dormant,0.179,Low,3951.0
C08218,Low-spend occasional,0.12,Low,6790.0
C08219,High-value regulars,0.161,Low,12513.0
C08220,Low-spend occasional,0.573,High,2407.0
C08221,High-value regulars,0.1,Low,8622.0
C08222,High-value regulars,0.047,Low,12902.0
C08223,Lapsing / dormant,0.29,Medium,12724.0
C08224,High-value regulars,0.154,Low,10812.0
C08225,High-value regulars,0.092,Low,10931.0
C08226,Low-spend occasional,0.244,Low,5917.0
C08227,High-value regulars,0.314,Medium,14125.0
C08228,Low-spend occasional,0.222,Low,1685.0
C08229,Lapsing / dormant,0.611,High,6102.0
C08230,High-value regulars,0.215,Low,7067.0
C08231,Lapsing / dormant,0.245,Low,6183.0
C08232,Low-spend occasional,0.138,Low,7415.0
C08233,High-value regulars,0.228,Low,15497.0
C08234,High-value regulars,0.124,Low,21049.0
C08235,High-value regulars,0.029,Low,15573.0
C08236,High-value regulars,0.059,Low,11987.0
C08237,High-value regulars,0.024,Low,13313.0
C08238,Low-spend occasional,0.4,Medium,1547.0
C08239,Lapsing / dormant,0.385,Medium,11064.0
C08240,Lapsing / dormant,0.365,Medium,9202.0
C08241,High-value regulars,0.045,Low,12356.0
C08242,Lapsing / dormant,0.25,Medium,11140.0
C08243,High-value regulars,0.221,Low,7470.0
C08244,High-value regulars,0.18,Low,13036.0
C08245,Low-spend occasional,0.116,Low,3367.0
C08246,Low-spend occasional,0.09,Low,1332.0
C08247,Low-spend occasional,0.228,Low,5577.0
C08248,Lapsing / dormant,0.415,Medium,7602.0
C08249,Lapsing / dormant,0.478,Medium,5241.0
C08250,High-value regulars,0.032,Low,9947.0
C08251,High-value regulars,0.12,Low,16501.0
C08252,Lapsing / dormant,0.876,High,1781.0
C08253,High-value regulars,0.276,Medium,16845.0
C08254,High-value regulars,0.131,Low,9471.0
C08255,High-value regulars,0.146,Low,10543.0
C08256,High-value regulars,0.187,Low,11429.0
C08257,High-value regulars,0.042,Low,10128.0
C08258,High-value regulars,0.057,Low,14042.0
C08259,High-value regulars,0.217,Low,22467.0
C08260,High-value regulars,0.169,Low,9124.0
C08261,Lapsing / dormant,0.342,Medium,3221.0
C08262,High-value regulars,0.211,Low,15400.0
C08263,Low-spend occasional,0.113,Low,5096.0
C08264,Lapsing / dormant,0.559,High,5312.0
C08265,High-value regulars,0.123,Low,7972.0
C08266,High-value regulars,0.258,Medium,9701.0
C08267,Low-spend occasional,0.113,Low,4045.0
C08268,Lapsing / dormant,0.707,High,4093.0
C08269,High-value regulars,0.096,Low,15309.0
C08270,High-value regulars,0.131,Low,17027.0
C08271,Lapsing / dormant,0.613,High,6265.0
C08272,Lapsing / dormant,0.863,High,4651.0
C08273,High-value regulars,0.173,Low,18587.0
C08274,High-value regulars,0.114,Low,9722.0
C08275,Lapsing / dormant,0.105,Low,6545.0
C08276,High-value regulars,0.269,Medium,11291.0
C08277,Lapsing / dormant,0.277,Medium,7471.0
C08278,Low-spend occasional,0.127,Low,5972.0
C08279,Lapsing / dormant,0.417,Medium,7558.0
C08280,High-value regulars,0.12,Low,9010.0
C08281,High-value regulars,0.098,Low,15413.0
C08282,Lapsing / dormant,0.169,Low,6191.0
C08283,High-value regulars,0.235,Low,14621.0
C08284,High-value regulars,0.248,Low,16466.0
C08285,Lapsing / dormant,0.22,Low,7878.0
C08286,High-value regulars,0.195,Low,8150.0
C08287,High-value regulars,0.214,Low,9942.0
C08288,Lapsing / dormant,0.155,Low,7981.0
C08289,High-value regulars,0.179,Low,7673.0
C08290,Low-spend occasional,0.671,High,4649.0
C08291,High-value regulars,0.288,Medium,14580.0
C08292,High-value regulars,0.156,Low,12740.0
C08293,Lapsing / dormant,0.237,Low,6728.0
C08294,High-value regulars,0.103,Low,15260.0
C08295,High-value regulars,0.259,Medium,16044.0
C08296,High-value regulars,0.151,Low,7529.0
C08297,High-value regulars,0.261,Medium,8460.0
C08298,Lapsing / dormant,0.329,Medium,9064.0
C08299,High-value regulars,0.054,Low,24793.0
C08300,Lapsing / dormant,0.294,Medium,9903.0
C08301,High-value regulars,0.149,Low,12932.0
C08302,Lapsing / dormant,0.311,Medium,11995.0
C08303,Lapsing / dormant,0.442,Medium,10158.0
C08304,Lapsing / dormant,0.207,Low,12495.0
C08305,Lapsing / dormant,0.28,Medium,12090.0
C08306,Lapsing / dormant,0.225,Low,7945.0
C08307,High-value regulars,0.142,Low,9578.0
C08308,High-value regulars,0.044,Low,11617.0
C08309,Lapsing / dormant,0.424,Medium,9514.0
C08310,High-value regulars,0.147,Low,19693.0
C08311,Lapsing / dormant,0.712,High,8262.0
C08312,Lapsing / dormant,0.326,Medium,6404.0
C08313,High-value regulars,0.285,Medium,7641.0
C08314,High-value regulars,0.072,Low,21118.0
C08315,High-value regulars,0.226,Low,17468.0
C08316,High-value regulars,0.103,Low,12481.0
C08317,Lapsing / dormant,0.334,Medium,5404.0
C08318,High-value regulars,0.096,Low,8890.0
C08319,Low-spend occasional,0.355,Medium,3021.0
C08320,Low-spend occasional,0.41,Medium,4307.0
C08321,High-value regulars,0.142,Low,9406.0
C08322,High-value regulars,0.084,Low,7395.0
C08323,High-value regulars,0.167,Low,14625.0
C08324,High-value regulars,0.021,Low,16595.0
C08325,High-value regulars,0.129,Low,9574.0
C08326,Low-spend occasional,0.388,Medium,2744.0
C08327,Lapsing / dormant,0.243,Low,8873.0
C08328,High-value regulars,0.186,Low,13810.0
C08329,Lapsing / dormant,0.625,High,10565.0
C08330,High-value regulars,0.078,Low,7363.0
C08331,Low-spend occasional,0.198,Low,3775.0
C08332,High-value regulars,0.21,Low,10909.0
C08333,Low-spend occasional,0.11,Low,4181.0
C08334,Lapsing / dormant,0.127,Low,7443.0
C08335,High-value regulars,0.034,Low,11160.0
C08336,High-value regulars,0.146,Low,10944.0
C08337,Low-spend occasional,0.137,Low,5339.0
C08338,Lapsing / dormant,0.09,Low,4513.0
C08339,High-value regulars,0.199,Low,10649.0
C08340,Lapsing / dormant,0.448,Medium,12399.0
C08341,High-value regulars,0.108,Low,10510.0
C08342,High-value regulars,0.074,Low,11592.0
C08343,Lapsing / dormant,0.537,High,11029.0
C08344,High-value regulars,0.231,Low,14942.0
C08345,Low-spend occasional,0.093,Low,6839.0
C08346,Low-spend occasional,0.088,Low,5940.0
C08347,Lapsing / dormant,0.141,Low,4555.0
C08348,High-value regulars,0.313,Medium,18156.0
C08349,High-value regulars,0.216,Low,15466.0
C08350,Lapsing / dormant,0.188,Low,9666.0
C08351,Lapsing / dormant,0.159,Low,14534.0
C08352,High-value regulars,0.262,Medium,16668.0
C08353,High-value regulars,0.058,Low,11775.0
C08354,Lapsing / dormant,0.562,High,5921.0
C08355,High-value regulars,0.2,Low,11076.0
C08356,High-value regulars,0.062,Low,12545.0
C08357,High-value regulars,0.072,Low,12591.0
C08358,Lapsing / dormant,0.311,Medium,7444.0
C08359,High-value regulars,0.196,Low,10585.0
C08360,High-value regulars,0.192,Low,15537.0
C08361,High-value regulars,0.018,Low,31123.0
C08362,High-value regulars,0.064,Low,12800.0
C08363,Lapsing / dormant,0.955,High,3796.0
C08364,High-value regulars,0.06,Low,19514.0
C08365,High-value regulars,0.043,Low,17487.0
C08366,High-value regulars,0.179,Low,11114.0
C08367,Low-spend occasional,0.127,Low,6521.0
C08368,Lapsing / dormant,0.435,Medium,11373.0
C08369,High-value regulars,0.053,Low,11285.0
C08370,Low-spend occasional,0.219,Low,3084.0
C08371,Lapsing / dormant,0.204,Low,9146.0
C08372,High-value regulars,0.15,Low,12624.0
C08373,Lapsing / dormant,0.295,Medium,6744.0
C08374,High-value regulars,0.219,Low,16370.0
C08375,High-value regulars,0.222,Low,8257.0
C08376,High-value regulars,0.3,Medium,11444.0
C08377,Low-spend occasional,0.192,Low,890.0
C08378,Low-spend occasional,0.068,Low,6220.0
C08379,Low-spend occasional,0.257,Medium,6670.0
C08380,Lapsing / dormant,0.309,Medium,7762.0
C08381,Low-spend occasional,0.16,Low,4835.0
C08382,Lapsing / dormant,0.101,Low,9668.0
C08383,Lapsing / dormant,0.307,Medium,10391.0
C08384,Low-spend occasional,0.144,Low,6080.0
C08385,High-value regulars,0.085,Low,11430.0
C08386,Lapsing / dormant,0.397,Medium,8549.0
C08387,Low-spend occasional,0.211,Low,5492.0
C08388,High-value regulars,0.032,Low,13317.0
C08389,Low-spend occasional,0.099,Low,3980.0
C08390,Lapsing / dormant,0.347,Medium,10374.0
C08391,High-value regulars,0.298,Medium,9045.0
C08392,High-value regulars,0.092,Low,10377.0
C08393,High-value regulars,0.099,Low,11825.0
C08394,High-value regulars,0.209,Low,8038.0
C08395,High-value regulars,0.128,Low,9965.0
C08396,Low-spend occasional,0.087,Low,6075.0
C08397,Low-spend occasional,0.268,Medium,5538.0
C08398,High-value regulars,0.142,Low,18005.0
C08399,Lapsing / dormant,0.143,Low,9799.0
C08400,High-value regulars,0.242,Low,24797.0
C08401,High-value regulars,0.163,Low,7480.0
C08402,Lapsing / dormant,0.852,High,1683.0
C08403,Lapsing / dormant,0.221,Low,8452.0
C08404,Low-spend occasional,0.307,Medium,6074.0
C08405,Lapsing / dormant,0.141,Low,3687.0
C08406,High-value regulars,0.111,Low,8759.0
C08407,High-value regulars,0.057,Low,12498.0
C08408,High-value regulars,0.154,Low,9061.0
C08409,Lapsing / dormant,0.194,Low,5291.0
C08410,High-value regulars,0.053,Low,18334.0
C08411,High-value regulars,0.249,Low,12585.0
C08412,High-value regulars,0.111,Low,11545.0
C08413,Lapsing / dormant,0.23,Low,7814.0
C08414,High-value regulars,0.027,Low,19507.0
C08415,Lapsing / dormant,0.13,Low,7638.0
C08416,Lapsing / dormant,0.37,Medium,10358.0
C08417,High-value regulars,0.144,Low,20408.0
C08418,Lapsing / dormant,0.688,High,7473.0
C08419,Lapsing / dormant,0.323,Medium,8801.0
C08420,High-value regulars,0.153,Low,9807.0
C08421,Lapsing / dormant,0.222,Low,7417.0
C08422,Low-spend occasional,0.389,Medium,3573.0
C08423,High-value regulars,0.054,Low,9339.0
C08424,Low-spend occasional,0.048,Low,3086.0
C08425,Low-spend occasional,0.231,Low,4642.0
C08426,Lapsing / dormant,0.208,Low,7347.0
C08427,High-value regulars,0.164,Low,7426.0
C08428,High-value regulars,0.115,Low,13196.0
C08429,Low-spend occasional,0.065,Low,3045.0
C08430,Low-spend occasional,0.283,Medium,3689.0
C08431,High-value regulars,0.152,Low,13416.0
C08432,High-value regulars,0.22,Low,13474.0
C08433,High-value regulars,0.027,Low,14295.0
C08434,High-value regulars,0.045,Low,15590.0
C08435,High-value regulars,0.076,Low,12595.0
C08436,Lapsing / dormant,0.237,Low,12904.0
C08437,High-value regulars,0.054,Low,18364.0
C08438,Low-spend occasional,0.512,High,3873.0
C08439,Lapsing / dormant,0.394,Medium,6601.0
C08440,Lapsing / dormant,0.18,Low,11141.0
C08441,Low-spend occasional,0.135,Low,6828.0
C08442,High-value regulars,0.236,Low,11551.0
C08443,High-value regulars,0.066,Low,17476.0
C08444,Lapsing / dormant,0.449,Medium,7614.0
C08445,High-value regulars,0.069,Low,8934.0
C08446,Lapsing / dormant,0.605,High,11642.0
C08447,Lapsing / dormant,0.204,Low,8856.0
C08448,High-value regulars,0.012,Low,22333.0
C08449,High-value regulars,0.127,Low,15246.0
C08450,High-value regulars,0.237,Low,10464.0
C08451,Lapsing / dormant,0.706,High,5850.0
C08452,High-value regulars,0.038,Low,13644.0
C08453,High-value regulars,0.18,Low,10025.0
C08454,Lapsing / dormant,0.255,Medium,9802.0
C08455,Low-spend occasional,0.035,Low,2423.0
C08456,High-value regulars,0.119,Low,11459.0
C08457,Lapsing / dormant,0.295,Medium,6562.0
C08458,High-value regulars,0.077,Low,18883.0
C08459,Lapsing / dormant,0.088,Low,9541.0
C08460,Lapsing / dormant,0.528,High,8459.0
C08461,Low-spend occasional,0.219,Low,3040.0
C08462,Low-spend occasional,0.22,Low,2122.0
C08463,Lapsing / dormant,0.455,Medium,5454.0
C08464,Lapsing / dormant,0.331,Medium,8555.0
C08465,Lapsing / dormant,0.297,Medium,9660.0
C08466,High-value regulars,0.113,Low,10673.0
C08467,Low-spend occasional,0.203,Low,7464.0
C08468,Lapsing / dormant,0.89,High,4693.0
C08469,Lapsing / dormant,0.316,Medium,6159.0
C08470,Lapsing / dormant,0.471,Medium,12521.0
C08471,High-value regulars,0.032,Low,19033.0
C08472,Lapsing / dormant,0.443,Medium,13405.0
C08473,High-value regulars,0.074,Low,15937.0
C08474,Low-spend occasional,0.316,Medium,4780.0
C08475,High-value regulars,0.127,Low,12094.0
C08476,High-value regulars,0.185,Low,15153.0
C08477,High-value regulars,0.121,Low,14017.0
C08478,Low-spend occasional,0.497,Medium,2993.0
C08479,Lapsing / dormant,0.179,Low,4782.0
C08480,Lapsing / dormant,0.228,Low,10724.0
C08481,Low-spend occasional,0.172,Low,7763.0
C08482,High-value regulars,0.128,Low,15045.0
C08483,Lapsing / dormant,0.289,Medium,8809.0
C08484,Lapsing / dormant,0.356,Medium,8533.0
C08485,High-value regulars,0.038,Low,11491.0
C08486,Lapsing / dormant,0.094,Low,7111.0
C08487,Lapsing / dormant,0.139,Low,5916.0
C08488,Low-spend occasional,0.532,High,3101.0
C08489,Lapsing / dormant,0.482,Medium,5399.0
C08490,Low-spend occasional,0.254,Medium,4220.0
C08491,High-value regulars,0.29,Medium,11726.0
C08492,High-value regulars,0.262,Medium,11453.0
C08493,High-value regulars,0.15,Low,11479.0
C08494,High-value regulars,0.044,Low,14675.0
C08495,High-value regulars,0.039,Low,13203.0
C08496,High-value regulars,0.087,Low,13001.0
C08497,Low-spend occasional,0.269,Medium,1504.0
C08498,High-value regulars,0.195,Low,14451.0
C08499,Low-spend occasional,0.113,Low,3715.0
C08500,High-value regulars,0.101,Low,14074.0
C08501,High-value regulars,0.093,Low,12075.0
C08502,Lapsing / dormant,0.45,Medium,7967.0
C08503,Lapsing / dormant,0.426,Medium,8140.0
C08504,High-value regulars,0.136,Low,10889.0
C08505,Lapsing / dormant,0.219,Low,7154.0
C08506,Lapsing / dormant,0.288,Medium,5424.0
C08507,Low-spend occasional,0.048,Low,5178.0
C08508,Lapsing / dormant,0.379,Medium,8417.0
C08509,Lapsing / dormant,0.108,Low,6595.0
C08510,High-value regulars,0.06,Low,7546.0
C08511,High-value regulars,0.057,Low,10438.0
C08512,Lapsing / dormant,0.301,Medium,6490.0
C08513,High-value regulars,0.139,Low,21262.0
C08514,High-value regulars,0.228,Low,16609.0
C08515,High-value regulars,0.094,Low,26168.0
C08516,Lapsing / dormant,0.598,High,7154.0
C08517,Low-spend occasional,0.087,Low,4906.0
C08518,Lapsing / dormant,0.219,Low,14328.0
C08519,High-value regulars,0.123,Low,16853.0
C08520,High-value regulars,0.065,Low,9505.0
C08521,Low-spend occasional,0.096,Low,2539.0
C08522,Low-spend occasional,0.071,Low,6757.0
C08523,Lapsing / dormant,0.299,Medium,6610.0
C08524,Lapsing / dormant,0.252,Medium,7572.0
C08525,High-value regulars,0.097,Low,20020.0
C08526,High-value regulars,0.111,Low,7181.0
C08527,Low-spend occasional,0.058,Low,6495.0
C08528,Lapsing / dormant,0.231,Low,6445.0
C08529,Lapsing / dormant,0.475,Medium,4437.0
C08530,Lapsing / dormant,0.222,Low,4612.0
C08531,Lapsing / dormant,0.125,Low,8106.0
C08532,Lapsing / dormant,0.36,Medium,7865.0
C08533,Lapsing / dormant,0.72,High,6217.0
C08534,High-value regulars,0.176,Low,13209.0
C08535,High-value regulars,0.092,Low,20568.0
C08536,High-value regulars,0.021,Low,30252.0
C08537,Lapsing / dormant,0.252,Medium,8514.0
C08538,High-value regulars,0.167,Low,23913.0
C08539,Lapsing / dormant,0.539,High,11212.0
C08540,High-value regulars,0.305,Medium,13968.0
C08541,Lapsing / dormant,0.385,Medium,9822.0
C08542,Lapsing / dormant,0.222,Low,7780.0
C08543,High-value regulars,0.085,Low,22087.0
C08544,High-value regulars,0.023,Low,20306.0
C08545,Low-spend occasional,0.164,Low,6411.0
C08546,Low-spend occasional,0.125,Low,6489.0
C08547,Lapsing / dormant,0.606,High,11590.0
C08548,High-value regulars,0.045,Low,34436.0
C08549,High-value regulars,0.202,Low,14321.0
C08550,Lapsing / dormant,0.408,Medium,10157.0
C08551,Low-spend occasional,0.136,Low,5881.0
C08552,High-value regulars,0.057,Low,11287.0
C08553,High-value regulars,0.243,Low,9346.0
C08554,High-value regulars,0.127,Low,7877.0
C08555,High-value regulars,0.153,Low,12334.0
C08556,High-value regulars,0.166,Low,12513.0
C08557,Lapsing / dormant,0.144,Low,11471.0
C08558,High-value regulars,0.063,Low,16060.0
C08559,Lapsing / dormant,0.515,High,6425.0
C08560,Lapsing / dormant,0.656,High,3589.0
C08561,Lapsing / dormant,0.201,Low,3388.0
C08562,Low-spend occasional,0.121,Low,6037.0
C08563,Lapsing / dormant,0.43,Medium,15330.0
C08564,High-value regulars,0.284,Medium,11135.0
C08565,Low-spend occasional,0.35,Medium,3827.0
C08566,Lapsing / dormant,0.094,Low,6377.0
C08567,Lapsing / dormant,0.708,High,6353.0
C08568,Low-spend occasional,0.142,Low,5762.0
C08569,High-value regulars,0.338,Medium,14982.0
C08570,Lapsing / dormant,0.436,Medium,4410.0
C08571,High-value regulars,0.041,Low,13570.0
C08572,High-value regulars,0.146,Low,19498.0
C08573,High-value regulars,0.164,Low,13765.0
C08574,Lapsing / dormant,0.576,High,13067.0
C08575,High-value regulars,0.15,Low,8376.0
C08576,High-value regulars,0.048,Low,17751.0
C08577,High-value regulars,0.06,Low,10072.0
C08578,High-value regulars,0.047,Low,10438.0
C08579,Lapsing / dormant,0.433,Medium,13354.0
C08580,High-value regulars,0.223,Low,10218.0
C08581,Low-spend occasional,0.2,Low,5192.0
C08582,Lapsing / dormant,0.568,High,3081.0
C08583,High-value regulars,0.245,Low,10406.0
C08584,Lapsing / dormant,0.173,Low,6057.0
C08585,High-value regulars,0.123,Low,14416.0
C08586,Lapsing / dormant,0.323,Medium,8325.0
C08587,High-value regulars,0.062,Low,10137.0
C08588,Lapsing / dormant,0.552,High,6731.0
C08589,High-value regulars,0.118,Low,18977.0
C08590,High-value regulars,0.178,Low,7411.0
C08591,Lapsing / dormant,0.289,Medium,7408.0
C08592,High-value regulars,0.038,Low,18282.0
C08593,Low-spend occasional,0.252,Medium,6054.0
C08594,Low-spend occasional,0.129,Low,5361.0
C08595,High-value regulars,0.065,Low,13403.0
C08596,Lapsing / dormant,0.344,Medium,11049.0
C08597,High-value regulars,0.132,Low,11070.0
C08598,Lapsing / dormant,0.488,Medium,8654.0
C08599,High-value regulars,0.096,Low,8488.0
C08600,Lapsing / dormant,0.492,Medium,7943.0
C08601,High-value regulars,0.231,Low,14893.0
C08602,Low-spend occasional,0.136,Low,6544.0
C08603,High-value regulars,0.054,Low,15281.0
C08604,High-value regulars,0.118,Low,8782.0
C08605,High-value regulars,0.479,Medium,16879.0
C08606,Lapsing / dormant,0.398,Medium,9350.0
C08607,Lapsing / dormant,0.104,Low,4583.0
C08608,High-value regulars,0.045,Low,20216.0
C08609,Lapsing / dormant,0.322,Medium,6861.0
C08610,Lapsing / dormant,0.213,Low,6514.0
C08611,High-value regulars,0.202,Low,13736.0
C08612,High-value regulars,0.204,Low,17901.0
C08613,High-value regulars,0.203,Low,12294.0
C08614,High-value regulars,0.242,Low,10968.0
C08615,High-value regulars,0.302,Medium,12386.0
C08616,Lapsing / dormant,0.124,Low,9693.0
C08617,Lapsing / dormant,0.241,Low,6575.0
C08618,Lapsing / dormant,0.307,Medium,5652.0
C08619,Lapsing / dormant,0.081,Low,6310.0
C08620,High-value regulars,0.158,Low,10717.0
C08621,High-value regulars,0.212,Low,10138.0
C08622,Low-spend occasional,0.246,Low,4612.0
C08623,Low-spend occasional,0.317,Medium,1581.0
C08624,Lapsing / dormant,0.395,Medium,9561.0
C08625,High-value regulars,0.197,Low,11291.0
C08626,Lapsing / dormant,0.911,High,8990.0
C08627,Lapsing / dormant,0.688,High,6730.0
C08628,High-value regulars,0.062,Low,18122.0
C08629,High-value regulars,0.041,Low,16555.0
C08630,Lapsing / dormant,0.192,Low,6690.0
C08631,High-value regulars,0.094,Low,12840.0
C08632,Lapsing / dormant,0.424,Medium,7163.0
C08633,High-value regulars,0.092,Low,22792.0
C08634,Low-spend occasional,0.284,Medium,1370.0
C08635,Low-spend occasional,0.212,Low,1697.0
C08636,High-value regulars,0.068,Low,12761.0
C08637,Lapsing / dormant,0.194,Low,4393.0
C08638,Lapsing / dormant,0.488,Medium,4899.0
C08639,Lapsing / dormant,0.197,Low,7407.0
C08640,High-value regulars,0.079,Low,9952.0
C08641,Lapsing / dormant,0.207,Low,7191.0
C08642,Low-spend occasional,0.144,Low,4454.0
C08643,High-value regulars,0.347,Medium,16558.0
C08644,High-value regulars,0.096,Low,15933.0
C08645,High-value regulars,0.041,Low,10296.0
C08646,Lapsing / dormant,0.13,Low,8901.0
C08647,Lapsing / dormant,0.212,Low,6987.0
C08648,Lapsing / dormant,0.587,High,9770.0
C08649,Lapsing / dormant,0.227,Low,5739.0
C08650,Lapsing / dormant,0.813,High,2030.0
C08651,Lapsing / dormant,0.344,Medium,4145.0
C08652,Low-spend occasional,0.077,Low,6989.0
C08653,High-value regulars,0.042,Low,11656.0
C08654,Lapsing / dormant,0.539,High,11594.0
C08655,High-value regulars,0.384,Medium,9715.0
C08656,High-value regulars,0.268,Medium,8310.0
C08657,Low-spend occasional,0.392,Medium,2934.0
C08658,High-value regulars,0.107,Low,11996.0
C08659,Lapsing / dormant,0.244,Low,9496.0
C08660,High-value regulars,0.056,Low,7363.0
C08661,Low-spend occasional,0.127,Low,6629.0
C08662,Low-spend occasional,0.085,Low,7492.0
C08663,High-value regulars,0.149,Low,7607.0
C08664,High-value regulars,0.095,Low,19270.0
C08665,High-value regulars,0.133,Low,18583.0
C08666,Lapsing / dormant,0.431,Medium,11337.0
C08667,High-value regulars,0.095,Low,11602.0
C08668,Low-spend occasional,0.08,Low,4665.0
C08669,High-value regulars,0.098,Low,15147.0
C08670,High-value regulars,0.333,Medium,12417.0
C08671,High-value regulars,0.056,Low,15326.0
C08672,Low-spend occasional,0.508,High,3514.0
C08673,High-value regulars,0.044,Low,11734.0
C08674,High-value regulars,0.217,Low,12169.0
C08675,Low-spend occasional,0.067,Low,6329.0
C08676,Lapsing / dormant,0.174,Low,6653.0
C08677,Lapsing / dormant,0.758,High,6586.0
C08678,High-value regulars,0.142,Low,16946.0
C08679,Lapsing / dormant,0.448,Medium,11673.0
C08680,High-value regulars,0.1,Low,13697.0
C08681,High-value regulars,0.076,Low,17007.0
C08682,Lapsing / dormant,0.791,High,4059.0
C08683,Lapsing / dormant,0.254,Medium,4332.0
C08684,High-value regulars,0.351,Medium,12979.0
C08685,Lapsing / dormant,0.154,Low,2897.0
C08686,Lapsing / dormant,0.206,Low,3402.0
C08687,Lapsing / dormant,0.379,Medium,12321.0
C08688,Low-spend occasional,0.112,Low,5870.0
C08689,Lapsing / dormant,0.388,Medium,6669.0
C08690,High-value regulars,0.186,Low,10582.0
C08691,High-value regulars,0.068,Low,17768.0
C08692,Lapsing / dormant,0.084,Low,10116.0
C08693,High-value regulars,0.251,Medium,9215.0
C08694,Low-spend occasional,0.047,Low,5097.0
C08695,High-value regulars,0.188,Low,11063.0
C08696,Low-spend occasional,0.043,Low,6248.0
C08697,High-value regulars,0.037,Low,15326.0
C08698,Lapsing / dormant,0.488,Medium,9105.0
C08699,High-value regulars,0.044,Low,14169.0
C08700,High-value regulars,0.117,Low,11158.0
C08701,Lapsing / dormant,0.659,High,4966.0
C08702,Lapsing / dormant,0.186,Low,10402.0
C08703,High-value regulars,0.25,Low,8675.0
C08704,Lapsing / dormant,0.46,Medium,3842.0
C08705,Lapsing / dormant,0.791,High,10704.0
C08706,High-value regulars,0.117,Low,10938.0
C08707,High-value regulars,0.137,Low,18085.0
C08708,High-value regulars,0.086,Low,9100.0
C08709,Lapsing / dormant,0.093,Low,2888.0
C08710,Lapsing / dormant,0.314,Medium,9519.0
C08711,Lapsing / dormant,0.178,Low,5139.0
C08712,High-value regulars,0.17,Low,7661.0
C08713,High-value regulars,0.173,Low,9621.0
C08714,High-value regulars,0.086,Low,14746.0
C08715,High-value regulars,0.116,Low,14198.0
C08716,Lapsing / dormant,0.428,Medium,5096.0
C08717,Lapsing / dormant,0.425,Medium,2906.0
C08718,High-value regulars,0.095,Low,10199.0
C08719,High-value regulars,0.092,Low,14586.0
C08720,Lapsing / dormant,0.336,Medium,7422.0
C08721,High-value regulars,0.172,Low,12425.0
C08722,Low-spend occasional,0.433,Medium,4223.0
C08723,High-value regulars,0.164,Low,12998.0
C08724,High-value regulars,0.05,Low,18802.0
C08725,High-value regulars,0.105,Low,9228.0
C08726,High-value regulars,0.36,Medium,15139.0
C08727,High-value regulars,0.126,Low,12203.0
C08728,Lapsing / dormant,0.52,High,9295.0
C08729,Lapsing / dormant,0.162,Low,8136.0
C08730,High-value regulars,0.097,Low,7668.0
C08731,High-value regulars,0.196,Low,9583.0
C08732,Lapsing / dormant,0.744,High,10497.0
C08733,High-value regulars,0.019,Low,21186.0
C08734,High-value regulars,0.039,Low,10956.0
C08735,Low-spend occasional,0.329,Medium,6823.0
C08736,High-value regulars,0.15,Low,9647.0
C08737,High-value regulars,0.242,Low,9822.0
C08738,High-value regulars,0.065,Low,7956.0
C08739,High-value regulars,0.249,Low,11371.0
C08740,High-value regulars,0.153,Low,14978.0
C08741,High-value regulars,0.212,Low,11392.0
C08742,High-value regulars,0.056,Low,18963.0
C08743,Lapsing / dormant,0.727,High,1903.0
C08744,Lapsing / dormant,0.121,Low,6556.0
C08745,High-value regulars,0.044,Low,16391.0
C08746,High-value regulars,0.025,Low,12341.0
C08747,Low-spend occasional,0.064,Low,2564.0
C08748,Lapsing / dormant,0.098,Low,9065.0
C08749,Lapsing / dormant,0.146,Low,6157.0
C08750,Lapsing / dormant,0.166,Low,10459.0
C08751,Lapsing / dormant,0.543,High,13198.0
C08752,High-value regulars,0.086,Low,12012.0
C08753,High-value regulars,0.13,Low,16466.0
C08754,Lapsing / dormant,0.299,Medium,8238.0
C08755,Low-spend occasional,0.12,Low,4494.0
C08756,High-value regulars,0.167,Low,29715.0
C08757,High-value regulars,0.081,Low,8491.0
C08758,High-value regulars,0.327,Medium,12253.0
C08759,High-value regulars,0.057,Low,10294.0
C08760,Lapsing / dormant,0.163,Low,7847.0
C08761,High-value regulars,0.216,Low,17190.0
C08762,High-value regulars,0.041,Low,13234.0
C08763,High-value regulars,0.039,Low,11540.0
C08764,Lapsing / dormant,0.413,Medium,7257.0
C08765,Low-spend occasional,0.16,Low,5071.0
C08766,High-value regulars,0.06,Low,10112.0
C08767,Lapsing / dormant,0.503,High,8596.0
C08768,High-value regulars,0.048,Low,10595.0
C08769,High-value regulars,0.095,Low,13830.0
C08770,Lapsing / dormant,0.333,Medium,4923.0
C08771,Low-spend occasional,0.088,Low,6396.0
C08772,High-value regulars,0.042,Low,10384.0
C08773,High-value regulars,0.187,Low,8320.0
C08774,Lapsing / dormant,0.133,Low,8629.0
C08775,Lapsing / dormant,0.241,Low,8083.0
C08776,Lapsing / dormant,0.171,Low,6760.0
C08777,Lapsing / dormant,0.078,Low,6666.0
C08778,High-value regulars,0.128,Low,17579.0
C08779,High-value regulars,0.038,Low,16111.0
C08780,High-value regulars,0.063,Low,9792.0
C08781,High-value regulars,0.228,Low,8600.0
C08782,Lapsing / dormant,0.621,High,6645.0
C08783,High-value regulars,0.388,Medium,10672.0
C08784,High-value regulars,0.067,Low,11227.0
C08785,High-value regulars,0.096,Low,16900.0
C08786,High-value regulars,0.225,Low,21521.0
C08787,Lapsing / dormant,0.527,High,5926.0
C08788,Lapsing / dormant,0.159,Low,7042.0
C08789,Low-spend occasional,0.469,Medium,4503.0
C08790,High-value regulars,0.078,Low,8944.0
C08791,High-value regulars,0.308,Medium,11841.0
C08792,High-value regulars,0.063,Low,9921.0
C08793,Lapsing / dormant,0.114,Low,8816.0
C08794,High-value regulars,0.263,Medium,17352.0
C08795,Lapsing / dormant,0.246,Low,2565.0
C08796,Lapsing / dormant,0.313,Medium,7062.0
C08797,High-value regulars,0.208,Low,12197.0
C08798,High-value regulars,0.031,Low,15960.0
C08799,High-value regulars,0.311,Medium,11495.0
C08800,Low-spend occasional,0.17,Low,2977.0
C08801,High-value regulars,0.338,Medium,14893.0
C08802,High-value regulars,0.245,Low,10248.0
C08803,High-value regulars,0.022,Low,19756.0
C08804,Lapsing / dormant,0.335,Medium,3549.0
C08805,Lapsing / dormant,0.267,Medium,9207.0
C08806,High-value regulars,0.131,Low,9712.0
C08807,Lapsing / dormant,0.262,Medium,9711.0
C08808,High-value regulars,0.449,Medium,18387.0
C08809,Low-spend occasional,0.127,Low,2261.0
C08810,Lapsing / dormant,0.825,High,5077.0
C08811,Lapsing / dormant,0.277,Medium,5957.0
C08812,Low-spend occasional,0.052,Low,4716.0
C08813,High-value regulars,0.109,Low,11365.0
C08814,Lapsing / dormant,0.367,Medium,8514.0
C08815,High-value regulars,0.114,Low,6558.0
C08816,High-value regulars,0.388,Medium,17844.0
C08817,High-value regulars,0.135,Low,16047.0
C08818,High-value regulars,0.063,Low,12784.0
C08819,High-value regulars,0.096,Low,12459.0
C08820,Low-spend occasional,0.22,Low,2531.0
C08821,Lapsing / dormant,0.153,Low,9967.0
C08822,Lapsing / dormant,0.524,High,4687.0
C08823,High-value regulars,0.119,Low,18042.0
C08824,High-value regulars,0.107,Low,11503.0
C08825,High-value regulars,0.148,Low,12225.0
C08826,High-value regulars,0.03,Low,28840.0
C08827,High-value regulars,0.137,Low,12076.0
C08828,Lapsing / dormant,0.427,Medium,5183.0
C08829,Lapsing / dormant,0.187,Low,5801.0
C08830,Lapsing / dormant,0.285,Medium,13906.0
C08831,High-value regulars,0.059,Low,8822.0
C08832,Lapsing / dormant,0.299,Medium,6241.0
C08833,High-value regulars,0.045,Low,10201.0
C08834,Lapsing / dormant,0.343,Medium,11771.0
C08835,High-value regulars,0.093,Low,15672.0
C08836,Lapsing / dormant,0.236,Low,5240.0
C08837,High-value regulars,0.072,Low,11229.0
C08838,Lapsing / dormant,0.655,High,10104.0
C08839,Low-spend occasional,0.155,Low,5237.0
C08840,Lapsing / dormant,0.14,Low,3764.0
C08841,Lapsing / dormant,0.326,Medium,8882.0
C08842,Low-spend occasional,0.122,Low,3456.0
C08843,High-value regulars,0.06,Low,10414.0
C08844,High-value regulars,0.18,Low,14371.0
C08845,High-value regulars,0.178,Low,8858.0
C08846,High-value regulars,0.195,Low,11195.0
C08847,High-value regulars,0.091,Low,20562.0
C08848,Low-spend occasional,0.214,Low,4926.0
C08849,High-value regulars,0.278,Medium,8266.0
C08850,Lapsing / dormant,0.36,Medium,8882.0
C08851,High-value regulars,0.042,Low,17428.0
C08852,Lapsing / dormant,0.462,Medium,4741.0
C08853,High-value regulars,0.177,Low,11656.0
C08854,Lapsing / dormant,0.603,High,9189.0
C08855,High-value regulars,0.054,Low,17468.0
C08856,Lapsing / dormant,0.323,Medium,8621.0
C08857,High-value regulars,0.042,Low,16437.0
C08858,Lapsing / dormant,0.926,High,6453.0
C08859,High-value regulars,0.074,Low,21517.0
C08860,High-value regulars,0.178,Low,10622.0
C08861,Lapsing / dormant,0.471,Medium,5682.0
C08862,Lapsing / dormant,0.135,Low,5860.0
C08863,High-value regulars,0.13,Low,10208.0
C08864,Lapsing / dormant,0.323,Medium,4827.0
C08865,High-value regulars,0.083,Low,8562.0
C08866,Lapsing / dormant,0.274,Medium,5883.0
C08867,High-value regulars,0.07,Low,17381.0
C08868,Lapsing / dormant,0.768,High,10699.0
C08869,Lapsing / dormant,0.269,Medium,5637.0
C08870,Lapsing / dormant,0.77,High,4392.0
C08871,High-value regulars,0.126,Low,18795.0
C08872,Low-spend occasional,0.047,Low,2541.0
C08873,Lapsing / dormant,0.308,Medium,9677.0
C08874,Lapsing / dormant,0.524,High,7979.0
C08875,High-value regulars,0.114,Low,16666.0
C08876,High-value regulars,0.061,Low,11273.0
C08877,Low-spend occasional,0.278,Medium,7854.0
C08878,High-value regulars,0.044,Low,20259.0
C08879,High-value regulars,0.058,Low,20121.0
C08880,High-value regulars,0.141,Low,11811.0
C08881,High-value regulars,0.022,Low,30945.0
C08882,High-value regulars,0.053,Low,12995.0
C08883,High-value regulars,0.152,Low,10427.0
C08884,High-value regulars,0.163,Low,8747.0
C08885,Lapsing / dormant,0.639,High,5681.0
C08886,High-value regulars,0.235,Low,11891.0
C08887,Lapsing / dormant,0.269,Medium,6997.0
C08888,High-value regulars,0.079,Low,22911.0
C08889,Low-spend occasional,0.28,Medium,6353.0
C08890,Lapsing / dormant,0.905,High,1446.0
C08891,Lapsing / dormant,0.241,Low,8888.0
C08892,Lapsing / dormant,0.105,Low,4941.0
C08893,Lapsing / dormant,0.22,Low,8646.0
C08894,High-value regulars,0.07,Low,10161.0
C08895,Low-spend occasional,0.193,Low,5519.0
C08896,High-value regulars,0.129,Low,9736.0
C08897,Lapsing / dormant,0.345,Medium,9920.0
C08898,High-value regulars,0.178,Low,11262.0
C08899,Low-spend occasional,0.044,Low,7734.0
C08900,Lapsing / dormant,0.431,Medium,6821.0
C08901,Lapsing / dormant,0.333,Medium,7200.0
C08902,High-value regulars,0.05,Low,11029.0
C08903,High-value regulars,0.164,Low,11227.0
C08904,Low-spend occasional,0.164,Low,3737.0
C08905,Low-spend occasional,0.16,Low,3842.0
C08906,High-value regulars,0.034,Low,14724.0
C08907,Lapsing / dormant,0.337,Medium,7518.0
C08908,High-value regulars,0.183,Low,9007.0
C08909,High-value regulars,0.247,Low,16217.0
C08910,Low-spend occasional,0.155,Low,7101.0
C08911,Lapsing / dormant,0.809,High,3006.0
C08912,High-value regulars,0.197,Low,14389.0
C08913,Low-spend occasional,0.756,High,1871.0
C08914,High-value regulars,0.196,Low,7195.0
C08915,Low-spend occasional,0.202,Low,3194.0
C08916,Low-spend occasional,0.162,Low,6063.0
C08917,Lapsing / dormant,0.212,Low,13380.0
C08918,Lapsing / dormant,0.38,Medium,8630.0
C08919,Lapsing / dormant,0.398,Medium,7997.0
C08920,Low-spend occasional,0.078,Low,4696.0
C08921,Lapsing / dormant,0.898,High,7037.0
C08922,Lapsing / dormant,0.093,Low,10148.0
C08923,High-value regulars,0.057,Low,8190.0
C08924,High-value regulars,0.336,Medium,15805.0
C08925,Lapsing / dormant,0.81,High,3991.0
C08926,High-value regulars,0.102,Low,25249.0
C08927,High-value regulars,0.185,Low,6510.0
C08928,Low-spend occasional,0.372,Medium,786.0
C08929,Lapsing / dormant,0.287,Medium,11964.0
C08930,High-value regulars,0.111,Low,21157.0
C08931,Lapsing / dormant,0.243,Low,5379.0
C08932,High-value regulars,0.314,Medium,12230.0
C08933,Lapsing / dormant,0.628,High,6106.0
C08934,High-value regulars,0.033,Low,8357.0
C08935,Lapsing / dormant,0.277,Medium,8378.0
C08936,Lapsing / dormant,0.346,Medium,8053.0
C08937,High-value regulars,0.034,Low,19036.0
C08938,High-value regulars,0.287,Medium,9105.0
C08939,High-value regulars,0.194,Low,9578.0
C08940,Lapsing / dormant,0.188,Low,4752.0
C08941,Lapsing / dormant,0.83,High,2186.0
C08942,High-value regulars,0.086,Low,10020.0
C08943,High-value regulars,0.176,Low,21785.0
C08944,Lapsing / dormant,0.254,Medium,13321.0
C08945,Lapsing / dormant,0.369,Medium,8349.0
C08946,High-value regulars,0.056,Low,21782.0
C08947,Lapsing / dormant,0.313,Medium,5889.0
C08948,Lapsing / dormant,0.54,High,8489.0
C08949,High-value regulars,0.251,Medium,15382.0
C08950,High-value regulars,0.052,Low,6805.0
C08951,Lapsing / dormant,0.475,Medium,5993.0
C08952,Lapsing / dormant,0.107,Low,7962.0
C08953,Lapsing / dormant,0.516,High,9809.0
C08954,High-value regulars,0.147,Low,9161.0
C08955,Lapsing / dormant,0.618,High,7817.0
C08956,High-value regulars,0.149,Low,12006.0
C08957,High-value regulars,0.091,Low,12296.0
C08958,Lapsing / dormant,0.616,High,5732.0
C08959,High-value regulars,0.163,Low,11487.0
C08960,High-value regulars,0.157,Low,28259.0
C08961,High-value regulars,0.078,Low,9828.0
C08962,Lapsing / dormant,0.127,Low,9293.0
C08963,Low-spend occasional,0.061,Low,4360.0
C08964,Lapsing / dormant,0.286,Medium,6039.0
C08965,Lapsing / dormant,0.203,Low,5464.0
C08966,High-value regulars,0.176,Low,10114.0
C08967,Lapsing / dormant,0.613,High,6913.0
C08968,Low-spend occasional,0.141,Low,5851.0
C08969,High-value regulars,0.073,Low,26707.0
C08970,Low-spend occasional,0.267,Medium,8132.0
C08971,Lapsing / dormant,0.718,High,6805.0
C08972,High-value regulars,0.137,Low,20080.0
C08973,High-value regulars,0.097,Low,16679.0
C08974,High-value regulars,0.107,Low,27585.0
C08975,High-value regulars,0.139,Low,10887.0
C08976,High-value regulars,0.119,Low,11771.0
C08977,High-value regulars,0.039,Low,15149.0
C08978,High-value regulars,0.241,Low,8115.0
C08979,High-value regulars,0.364,Medium,18135.0
C08980,Low-spend occasional,0.044,Low,3395.0
C08981,Low-spend occasional,0.051,Low,2237.0
C08982,High-value regulars,0.101,Low,17533.0
C08983,Lapsing / dormant,0.402,Medium,12956.0
C08984,High-value regulars,0.132,Low,13711.0
C08985,Lapsing / dormant,0.156,Low,4964.0
C08986,Low-spend occasional,0.236,Low,5998.0
C08987,Lapsing / dormant,0.173,Low,4936.0
C08988,High-value regulars,0.132,Low,21481.0
C08989,Lapsing / dormant,0.082,Low,7299.0
C08990,High-value regulars,0.124,Low,10852.0
C08991,Lapsing / dormant,0.437,Medium,13026.0
C08992,High-value regulars,0.081,Low,18650.0
C08993,Low-spend occasional,0.155,Low,3788.0
C08994,Lapsing / dormant,0.332,Medium,7639.0
C08995,High-value regulars,0.153,Low,19398.0
C08996,High-value regulars,0.319,Medium,8407.0
C08997,Low-spend occasional,0.059,Low,7464.0
C08998,High-value regulars,0.112,Low,7686.0
C08999,High-value regulars,0.081,Low,15569.0
C09000,Lapsing / dormant,0.433,Medium,10995.0
C09001,Lapsing / dormant,0.446,Medium,6047.0
C09002,High-value regulars,0.045,Low,13624.0
C09003,High-value regulars,0.067,Low,19032.0
C09004,Low-spend occasional,0.189,Low,4282.0
C09005,High-value regulars,0.12,Low,11951.0
C09006,Lapsing / dormant,0.319,Medium,3943.0
C09007,High-value regulars,0.056,Low,15974.0
C09008,Lapsing / dormant,0.795,High,6846.0
C09009,High-value regulars,0.08,Low,10181.0
C09010,Lapsing / dormant,0.512,High,4477.0
C09011,Lapsing / dormant,0.138,Low,10160.0
C09012,High-value regulars,0.087,Low,17585.0
C09013,High-value regulars,0.232,Low,10108.0
C09014,High-value regulars,0.065,Low,21289.0
C09015,Lapsing / dormant,0.214,Low,5906.0
C09016,High-value regulars,0.061,Low,23693.0
C09017,High-value regulars,0.201,Low,9733.0
C09018,High-value regulars,0.02,Low,19210.0
C09019,High-value regulars,0.022,Low,15654.0
C09020,Lapsing / dormant,0.748,High,4936.0
C09021,High-value regulars,0.067,Low,10491.0
C09022,High-value regulars,0.488,Medium,12048.0
C09023,High-value regulars,0.116,Low,28658.0
C09024,High-value regulars,0.124,Low,13367.0
C09025,High-value regulars,0.111,Low,14020.0
C09026,High-value regulars,0.122,Low,10102.0
C09027,Lapsing / dormant,0.704,High,11641.0
C09028,High-value regulars,0.09,Low,18768.0
C09029,High-value regulars,0.031,Low,12808.0
C09030,Low-spend occasional,0.125,Low,5159.0
C09031,Lapsing / dormant,0.648,High,2006.0
C09032,High-value regulars,0.062,Low,13428.0
C09033,High-value regulars,0.068,Low,13223.0
C09034,High-value regulars,0.093,Low,13607.0
C09035,High-value regulars,0.284,Medium,22062.0
C09036,High-value regulars,0.398,Medium,13513.0
C09037,High-value regulars,0.163,Low,10187.0
C09038,High-value regulars,0.158,Low,15642.0
C09039,Low-spend occasional,0.108,Low,3936.0
C09040,High-value regulars,0.108,Low,14674.0
C09041,Low-spend occasional,0.264,Medium,2147.0
C09042,Low-spend occasional,0.229,Low,5716.0
C09043,Lapsing / dormant,0.328,Medium,7779.0
C09044,Lapsing / dormant,0.136,Low,7329.0
C09045,High-value regulars,0.111,Low,9827.0
C09046,Low-spend occasional,0.179,Low,2996.0
C09047,High-value regulars,0.14,Low,11571.0
C09048,High-value regulars,0.062,Low,20364.0
C09049,Lapsing / dormant,0.181,Low,5270.0
C09050,High-value regulars,0.068,Low,23047.0
C09051,High-value regulars,0.202,Low,15065.0
C09052,Low-spend occasional,0.163,Low,3883.0
C09053,High-value regulars,0.154,Low,8908.0
C09054,High-value regulars,0.074,Low,15960.0
C09055,High-value regulars,0.299,Medium,16808.0
C09056,High-value regulars,0.181,Low,11293.0
C09057,High-value regulars,0.571,High,12666.0
C09058,Lapsing / dormant,0.253,Medium,10530.0
C09059,Low-spend occasional,0.085,Low,5986.0
C09060,High-value regulars,0.058,Low,18850.0
C09061,Lapsing / dormant,0.593,High,4897.0
C09062,High-value regulars,0.285,Medium,13388.0
C09063,High-value regulars,0.123,Low,13105.0
C09064,Lapsing / dormant,0.239,Low,11320.0
C09065,High-value regulars,0.028,Low,25105.0
C09066,Low-spend occasional,0.524,High,3956.0
C09067,High-value regulars,0.057,Low,7761.0
C09068,Lapsing / dormant,0.766,High,3855.0
C09069,Lapsing / dormant,0.777,High,6215.0
C09070,High-value regulars,0.305,Medium,14167.0
C09071,Low-spend occasional,0.191,Low,5301.0
C09072,High-value regulars,0.391,Medium,15259.0
C09073,High-value regulars,0.09,Low,13604.0
C09074,Low-spend occasional,0.07,Low,5826.0
C09075,Lapsing / dormant,0.443,Medium,3412.0
C09076,High-value regulars,0.146,Low,31141.0
C09077,High-value regulars,0.132,Low,15442.0
C09078,High-value regulars,0.103,Low,7495.0
C09079,Lapsing / dormant,0.473,Medium,6624.0
C09080,High-value regulars,0.195,Low,12506.0
C09081,High-value regulars,0.046,Low,9731.0
C09082,High-value regulars,0.014,Low,33719.0
C09083,High-value regulars,0.174,Low,14559.0
C09084,Low-spend occasional,0.093,Low,5209.0
C09085,High-value regulars,0.215,Low,11116.0
C09086,High-value regulars,0.093,Low,22014.0
C09087,High-value regulars,0.061,Low,12234.0
C09088,High-value regulars,0.171,Low,8039.0
C09089,High-value regulars,0.057,Low,17082.0
C09090,Lapsing / dormant,0.342,Medium,8139.0
C09091,High-value regulars,0.216,Low,14467.0
C09092,Lapsing / dormant,0.757,High,6910.0
C09093,Low-spend occasional,0.435,Medium,3253.0
C09094,Low-spend occasional,0.97,High,0.0
C09095,High-value regulars,0.153,Low,11785.0
C09096,Lapsing / dormant,0.417,Medium,5048.0
C09097,High-value regulars,0.216,Low,9993.0
C09098,Low-spend occasional,0.274,Medium,5148.0
C09099,High-value regulars,0.311,Medium,11179.0
C09100,High-value regulars,0.378,Medium,12766.0
C09101,High-value regulars,0.366,Medium,17077.0
C09102,High-value regulars,0.107,Low,20188.0
C09103,High-value regulars,0.117,Low,13942.0
C09104,High-value regulars,0.072,Low,12538.0
C09105,High-value regulars,0.078,Low,9596.0
C09106,High-value regulars,0.353,Medium,13254.0
C09107,Lapsing / dormant,0.158,Low,10896.0
C09108,High-value regulars,0.217,Low,11197.0
C09109,Lapsing / dormant,0.158,Low,7380.0
C09110,Low-spend occasional,0.09,Low,7012.0
C09111,High-value regulars,0.122,Low,12110.0
C09112,Low-spend occasional,0.328,Medium,2114.0
C09113,High-value regulars,0.247,Low,10894.0
C09114,Lapsing / dormant,0.282,Medium,9531.0
C09115,Lapsing / dormant,0.168,Low,8159.0
C09116,High-value regulars,0.059,Low,7500.0
C09117,Lapsing / dormant,0.232,Low,2511.0
C09118,Lapsing / dormant,0.682,High,5334.0
C09119,High-value regulars,0.31,Medium,20837.0
C09120,High-value regulars,0.204,Low,13477.0
C09121,Lapsing / dormant,0.155,Low,5860.0
C09122,High-value regulars,0.161,Low,10600.0
C09123,High-value regulars,0.034,Low,31721.0
C09124,Lapsing / dormant,0.324,Medium,6710.0
C09125,Low-spend occasional,0.507,High,6230.0
C09126,High-value regulars,0.083,Low,15431.0
C09127,High-value regulars,0.49,Medium,12870.0
C09128,High-value regulars,0.135,Low,9871.0
C09129,Lapsing / dormant,0.256,Medium,4715.0
C09130,Low-spend occasional,0.043,Low,5338.0
C09131,High-value regulars,0.081,Low,20719.0
C09132,Lapsing / dormant,0.189,Low,7665.0
C09133,High-value regulars,0.106,Low,10701.0
C09134,Lapsing / dormant,0.472,Medium,3347.0
C09135,Low-spend occasional,0.119,Low,7528.0
C09136,Low-spend occasional,0.191,Low,6152.0
C09137,High-value regulars,0.14,Low,11009.0
C09138,High-value regulars,0.369,Medium,9911.0
C09139,Low-spend occasional,0.107,Low,6240.0
C09140,Lapsing / dormant,0.145,Low,5507.0
C09141,High-value regulars,0.392,Medium,19958.0
C09142,High-value regulars,0.178,Low,14533.0
C09143,Low-spend occasional,0.043,Low,4050.0
C09144,Lapsing / dormant,0.151,Low,6512.0
C09145,High-value regulars,0.161,Low,10883.0
C09146,Lapsing / dormant,0.828,High,3979.0
C09147,High-value regulars,0.189,Low,12145.0
C09148,Lapsing / dormant,0.182,Low,3353.0
C09149,High-value regulars,0.165,Low,19990.0
C09150,Lapsing / dormant,0.521,High,3790.0
C09151,High-value regulars,0.127,Low,14944.0
C09152,Low-spend occasional,0.091,Low,3280.0
C09153,Lapsing / dormant,0.083,Low,8808.0
C09154,High-value regulars,0.064,Low,15147.0
C09155,High-value regulars,0.052,Low,14641.0
C09156,High-value regulars,0.112,Low,11203.0
C09157,High-value regulars,0.222,Low,9715.0
C09158,Lapsing / dormant,0.773,High,5520.0
C09159,High-value regulars,0.027,Low,20133.0
C09160,Lapsing / dormant,0.188,Low,4852.0
C09161,Lapsing / dormant,0.605,High,3885.0
C09162,Low-spend occasional,0.102,Low,6488.0
C09163,High-value regulars,0.055,Low,12429.0
C09164,Lapsing / dormant,0.722,High,5422.0
C09165,Low-spend occasional,0.226,Low,6430.0
C09166,High-value regulars,0.074,Low,9087.0
C09167,High-value regulars,0.174,Low,9439.0
C09168,Lapsing / dormant,0.161,Low,8005.0
C09169,High-value regulars,0.084,Low,11163.0
C09170,High-value regulars,0.058,Low,13884.0
C09171,Lapsing / dormant,0.518,High,4172.0
C09172,Lapsing / dormant,0.252,Medium,9216.0
C09173,High-value regulars,0.108,Low,10735.0
C09174,Low-spend occasional,0.063,Low,2976.0
C09175,High-value regulars,0.02,Low,29320.0
C09176,Lapsing / dormant,0.92,High,3742.0
C09177,High-value regulars,0.069,Low,15697.0
C09178,High-value regulars,0.127,Low,9401.0
C09179,High-value regulars,0.054,Low,10953.0
C09180,High-value regulars,0.09,Low,10153.0
C09181,High-value regulars,0.075,Low,16284.0
C09182,High-value regulars,0.314,Medium,15451.0
C09183,Lapsing / dormant,0.099,Low,10472.0
C09184,High-value regulars,0.112,Low,12812.0
C09185,High-value regulars,0.122,Low,11579.0
C09186,High-value regulars,0.108,Low,11496.0
C09187,High-value regulars,0.07,Low,11476.0
C09188,High-value regulars,0.151,Low,23647.0
C09189,High-value regulars,0.084,Low,19730.0
C09190,High-value regulars,0.158,Low,7340.0
C09191,Lapsing / dormant,0.248,Low,15742.0
C09192,Lapsing / dormant,0.625,High,7716.0
C09193,High-value regulars,0.059,Low,11553.0
C09194,Low-spend occasional,0.136,Low,5131.0
C09195,Low-spend occasional,0.227,Low,3228.0
C09196,High-value regulars,0.265,Medium,10283.0
C09197,High-value regulars,0.031,Low,10379.0
C09198,High-value regulars,0.139,Low,10982.0
C09199,High-value regulars,0.181,Low,11233.0
C09200,High-value regulars,0.122,Low,9070.0
C09201,Lapsing / dormant,0.294,Medium,5920.0
C09202,High-value regulars,0.189,Low,10498.0
C09203,Lapsing / dormant,0.123,Low,13487.0
C09204,Lapsing / dormant,0.286,Medium,11097.0
C09205,High-value regulars,0.173,Low,8560.0
C09206,Lapsing / dormant,0.604,High,6016.0
C09207,Lapsing / dormant,0.654,High,4705.0
C09208,High-value regulars,0.088,Low,18222.0
C09209,High-value regulars,0.116,Low,8991.0
C09210,High-value regulars,0.067,Low,23739.0
C09211,Lapsing / dormant,0.274,Medium,4694.0
C09212,High-value regulars,0.318,Medium,12603.0
C09213,High-value regulars,0.155,Low,10227.0
C09214,High-value regulars,0.296,Medium,11587.0
C09215,Lapsing / dormant,0.406,Medium,11193.0
C09216,Low-spend occasional,0.116,Low,7124.0
C09217,High-value regulars,0.247,Low,24547.0
C09218,High-value regulars,0.091,Low,14786.0
C09219,High-value regulars,0.261,Medium,12690.0
C09220,High-value regulars,0.137,Low,7805.0
C09221,High-value regulars,0.156,Low,11978.0
C09222,Lapsing / dormant,0.096,Low,6220.0
C09223,High-value regulars,0.112,Low,13774.0
C09224,High-value regulars,0.047,Low,10590.0
C09225,Lapsing / dormant,0.318,Medium,6221.0
C09226,High-value regulars,0.121,Low,11373.0
C09227,High-value regulars,0.171,Low,14623.0
C09228,High-value regulars,0.156,Low,15522.0
C09229,Lapsing / dormant,0.263,Medium,5074.0
C09230,High-value regulars,0.095,Low,12101.0
C09231,Lapsing / dormant,0.881,High,8185.0
C09232,High-value regulars,0.147,Low,15193.0
C09233,Lapsing / dormant,0.454,Medium,8092.0
C09234,High-value regulars,0.185,Low,14539.0
C09235,High-value regulars,0.015,Low,26661.0
C09236,Lapsing / dormant,0.239,Low,5932.0
C09237,High-value regulars,0.079,Low,16927.0
C09238,High-value regulars,0.07,Low,17559.0
C09239,High-value regulars,0.108,Low,8462.0
C09240,Lapsing / dormant,0.122,Low,4826.0
C09241,Low-spend occasional,0.246,Low,3065.0
C09242,Low-spend occasional,0.452,Medium,3258.0
C09243,Lapsing / dormant,0.38,Medium,8579.0
C09244,High-value regulars,0.153,Low,9827.0
C09245,High-value regulars,0.079,Low,12039.0
C09246,High-value regulars,0.268,Medium,14318.0
C09247,High-value regulars,0.197,Low,10903.0
C09248,High-value regulars,0.26,Medium,19386.0
C09249,High-value regulars,0.186,Low,18396.0
C09250,Low-spend occasional,0.062,Low,5988.0
C09251,High-value regulars,0.17,Low,19844.0
C09252,High-value regulars,0.139,Low,11305.0
C09253,Lapsing / dormant,0.231,Low,4338.0
C09254,High-value regulars,0.14,Low,10792.0
C09255,Low-spend occasional,0.668,High,7983.0
C09256,High-value regulars,0.156,Low,9522.0
C09257,High-value regulars,0.112,Low,11008.0
C09258,Lapsing / dormant,0.37,Medium,10906.0
C09259,Lapsing / dormant,0.705,High,8874.0
C09260,High-value regulars,0.085,Low,16022.0
C09261,High-value regulars,0.035,Low,24686.0
C09262,High-value regulars,0.131,Low,11771.0
C09263,Lapsing / dormant,0.363,Medium,6970.0
C09264,High-value regulars,0.086,Low,16595.0
C09265,Low-spend occasional,0.131,Low,5441.0
C09266,High-value regulars,0.074,Low,7914.0
C09267,High-value regulars,0.092,Low,8834.0
C09268,High-value regulars,0.028,Low,29244.0
C09269,Lapsing / dormant,0.795,High,7448.0
C09270,High-value regulars,0.082,Low,10380.0
C09271,Low-spend occasional,0.211,Low,2084.0
C09272,High-value regulars,0.124,Low,10816.0
C09273,Lapsing / dormant,0.274,Medium,8206.0
C09274,High-value regulars,0.166,Low,8189.0
C09275,Lapsing / dormant,0.466,Medium,5811.0
C09276,High-value regulars,0.151,Low,7290.0
C09277,High-value regulars,0.402,Medium,17096.0
C09278,High-value regulars,0.069,Low,16358.0
C09279,High-value regulars,0.081,Low,12613.0
C09280,High-value regulars,0.158,Low,7862.0
C09281,Low-spend occasional,0.117,Low,6992.0
C09282,Lapsing / dormant,0.578,High,3401.0
C09283,Lapsing / dormant,0.14,Low,13175.0
C09284,Lapsing / dormant,0.289,Medium,4974.0
C09285,Low-spend occasional,0.148,Low,5848.0
C09286,High-value regulars,0.17,Low,15316.0
C09287,High-value regulars,0.075,Low,7488.0
C09288,Lapsing / dormant,0.125,Low,6131.0
C09289,Lapsing / dormant,0.313,Medium,4695.0
C09290,High-value regulars,0.122,Low,17372.0
C09291,Low-spend occasional,0.619,High,5562.0
C09292,Low-spend occasional,0.135,Low,3932.0
C09293,Lapsing / dormant,0.591,High,7958.0
C09294,High-value regulars,0.078,Low,10836.0
C09295,High-value regulars,0.145,Low,12067.0
C09296,Lapsing / dormant,0.352,Medium,6028.0
C09297,High-value regulars,0.074,Low,6781.0
C09298,High-value regulars,0.05,Low,13244.0
C09299,Lapsing / dormant,0.312,Medium,7161.0
C09300,High-value regulars,0.106,Low,13046.0
C09301,High-value regulars,0.152,Low,15023.0
C09302,Lapsing / dormant,0.257,Medium,9995.0
C09303,High-value regulars,0.278,Medium,12304.0
C09304,High-value regulars,0.151,Low,10025.0
C09305,Lapsing / dormant,0.267,Medium,5710.0
C09306,High-value regulars,0.306,Medium,16550.0
C09307,High-value regulars,0.129,Low,11318.0
C09308,High-value regulars,0.035,Low,14651.0
C09309,Lapsing / dormant,0.711,High,5438.0
C09310,High-value regulars,0.256,Medium,14706.0
C09311,High-value regulars,0.178,Low,9126.0
C09312,High-value regulars,0.05,Low,15262.0
C09313,High-value regulars,0.028,Low,8874.0
C09314,High-value regulars,0.017,Low,14801.0
C09315,Lapsing / dormant,0.273,Medium,9077.0
C09316,Lapsing / dormant,0.229,Low,4266.0
C09317,Lapsing / dormant,0.14,Low,6324.0
C09318,Lapsing / dormant,0.625,High,7680.0
C09319,High-value regulars,0.174,Low,12023.0
C09320,High-value regulars,0.194,Low,12599.0
C09321,Lapsing / dormant,0.272,Medium,5773.0
C09322,High-value regulars,0.063,Low,17201.0
C09323,Lapsing / dormant,0.267,Medium,8991.0
C09324,Lapsing / dormant,0.425,Medium,7797.0
C09325,High-value regulars,0.06,Low,14743.0
C09326,Lapsing / dormant,0.645,High,6193.0
C09327,High-value regulars,0.37,Medium,21651.0
C09328,Lapsing / dormant,0.136,Low,6331.0
C09329,Low-spend occasional,0.044,Low,2983.0
C09330,Low-spend occasional,0.353,Medium,3795.0
C09331,High-value regulars,0.136,Low,14064.0
C09332,High-value regulars,0.188,Low,10062.0
C09333,Lapsing / dormant,0.56,High,9708.0
C09334,Low-spend occasional,0.118,Low,3490.0
C09335,Lapsing / dormant,0.364,Medium,12341.0
C09336,High-value regulars,0.072,Low,18285.0
C09337,High-value regulars,0.381,Medium,19566.0
C09338,Low-spend occasional,0.375,Medium,5715.0
C09339,High-value regulars,0.258,Medium,17370.0
C09340,High-value regulars,0.164,Low,9991.0
C09341,High-value regulars,0.123,Low,15735.0
C09342,High-value regulars,0.508,High,17411.0
C09343,High-value regulars,0.028,Low,18895.0
C09344,Lapsing / dormant,0.32,Medium,6565.0
C09345,High-value regulars,0.039,Low,15125.0
C09346,High-value regulars,0.052,Low,19353.0
C09347,High-value regulars,0.251,Medium,12238.0
C09348,High-value regulars,0.112,Low,10385.0
C09349,Lapsing / dormant,0.513,High,4244.0
C09350,High-value regulars,0.21,Low,9405.0
C09351,High-value regulars,0.088,Low,12363.0
C09352,Low-spend occasional,0.176,Low,1850.0
C09353,High-value regulars,0.134,Low,7955.0
C09354,Lapsing / dormant,0.401,Medium,8817.0
C09355,Low-spend occasional,0.096,Low,2984.0
C09356,High-value regulars,0.076,Low,7719.0
C09357,Low-spend occasional,0.187,Low,2654.0
C09358,High-value regulars,0.147,Low,14754.0
C09359,High-value regulars,0.099,Low,11578.0
C09360,High-value regulars,0.049,Low,24773.0
C09361,Lapsing / dormant,0.36,Medium,7331.0
C09362,Lapsing / dormant,0.513,High,7597.0
C09363,High-value regulars,0.094,Low,10121.0
C09364,High-value regulars,0.153,Low,9325.0
C09365,High-value regulars,0.111,Low,12444.0
C09366,High-value regulars,0.093,Low,14424.0
C09367,High-value regulars,0.069,Low,7783.0
C09368,High-value regulars,0.138,Low,10052.0
C09369,High-value regulars,0.119,Low,8680.0
C09370,High-value regulars,0.072,Low,9501.0
C09371,High-value regulars,0.195,Low,16068.0
C09372,High-value regulars,0.198,Low,12536.0
C09373,Lapsing / dormant,0.242,Low,10320.0
C09374,High-value regulars,0.069,Low,13927.0
C09375,Lapsing / dormant,0.523,High,4029.0
C09376,High-value regulars,0.066,Low,19673.0
C09377,Lapsing / dormant,0.296,Medium,8716.0
C09378,Low-spend occasional,0.191,Low,6725.0
C09379,High-value regulars,0.124,Low,19104.0
C09380,Lapsing / dormant,0.234,Low,12484.0
C09381,High-value regulars,0.199,Low,12690.0
C09382,High-value regulars,0.218,Low,14746.0
C09383,High-value regulars,0.16,Low,10135.0
C09384,High-value regulars,0.184,Low,11921.0
C09385,High-value regulars,0.096,Low,9755.0
C09386,Lapsing / dormant,0.098,Low,3363.0
C09387,High-value regulars,0.257,Medium,17784.0
C09388,Lapsing / dormant,0.826,High,2641.0
C09389,Lapsing / dormant,0.453,Medium,9048.0
C09390,Lapsing / dormant,0.472,Medium,6901.0
C09391,High-value regulars,0.059,Low,18811.0
C09392,Low-spend occasional,0.181,Low,7207.0
C09393,High-value regulars,0.141,Low,16995.0
C09394,High-value regulars,0.045,Low,8555.0
C09395,Lapsing / dormant,0.132,Low,6185.0
C09396,Lapsing / dormant,0.206,Low,8674.0
C09397,High-value regulars,0.018,Low,30214.0
C09398,Lapsing / dormant,0.095,Low,9504.0
C09399,High-value regulars,0.085,Low,19666.0
C09400,Lapsing / dormant,0.216,Low,7469.0
C09401,Lapsing / dormant,0.596,High,3599.0
C09402,High-value regulars,0.125,Low,9743.0
C09403,High-value regulars,0.102,Low,13748.0
C09404,Lapsing / dormant,0.141,Low,12865.0
C09405,Lapsing / dormant,0.518,High,6651.0
C09406,High-value regulars,0.119,Low,16653.0
C09407,Lapsing / dormant,0.512,High,10313.0
C09408,High-value regulars,0.444,Medium,17963.0
C09409,Low-spend occasional,0.057,Low,5781.0
C09410,High-value regulars,0.046,Low,18557.0
C09411,Lapsing / dormant,0.334,Medium,7408.0
C09412,Low-spend occasional,0.172,Low,1116.0
C09413,High-value regulars,0.135,Low,11719.0
C09414,High-value regulars,0.056,Low,14366.0
C09415,High-value regulars,0.124,Low,14198.0
C09416,Lapsing / dormant,0.441,Medium,4470.0
C09417,Low-spend occasional,0.109,Low,6758.0
C09418,Low-spend occasional,0.215,Low,6198.0
C09419,High-value regulars,0.157,Low,10131.0
C09420,Lapsing / dormant,0.074,Low,4943.0
C09421,Lapsing / dormant,0.665,High,5026.0
C09422,High-value regulars,0.069,Low,17358.0
C09423,Lapsing / dormant,0.273,Medium,7667.0
C09424,High-value regulars,0.137,Low,12646.0
C09425,High-value regulars,0.037,Low,22746.0
C09426,Lapsing / dormant,0.647,High,5724.0
C09427,High-value regulars,0.08,Low,14147.0
C09428,High-value regulars,0.222,Low,13103.0
C09429,Lapsing / dormant,0.386,Medium,7333.0
C09430,High-value regulars,0.131,Low,11421.0
C09431,High-value regulars,0.125,Low,11251.0
C09432,Lapsing / dormant,0.265,Medium,7594.0
C09433,High-value regulars,0.062,Low,16147.0
C09434,High-value regulars,0.174,Low,7815.0
C09435,Lapsing / dormant,0.218,Low,7302.0
C09436,High-value regulars,0.134,Low,7037.0
C09437,Low-spend occasional,0.502,High,6092.0
C09438,Lapsing / dormant,0.091,Low,6300.0
C09439,Lapsing / dormant,0.607,High,6874.0
C09440,High-value regulars,0.126,Low,7668.0
C09441,High-value regulars,0.047,Low,22535.0
C09442,Lapsing / dormant,0.205,Low,4200.0
C09443,Lapsing / dormant,0.629,High,4316.0
C09444,Lapsing / dormant,0.286,Medium,4791.0
C09445,High-value regulars,0.034,Low,25297.0
C09446,Lapsing / dormant,0.9,High,5594.0
C09447,Lapsing / dormant,0.569,High,5541.0
C09448,High-value regulars,0.076,Low,9876.0
C09449,High-value regulars,0.152,Low,9945.0
C09450,High-value regulars,0.146,Low,23471.0
C09451,Lapsing / dormant,0.898,High,4403.0
C09452,High-value regulars,0.146,Low,13655.0
C09453,Low-spend occasional,0.131,Low,4462.0
C09454,Low-spend occasional,0.288,Medium,4818.0
C09455,Lapsing / dormant,0.369,Medium,10108.0
C09456,Low-spend occasional,0.259,Medium,4044.0
C09457,Lapsing / dormant,0.324,Medium,5693.0
C09458,High-value regulars,0.045,Low,8079.0
C09459,High-value regulars,0.106,Low,24224.0
C09460,High-value regulars,0.073,Low,11584.0
C09461,Lapsing / dormant,0.297,Medium,4444.0
C09462,High-value regulars,0.193,Low,13865.0
C09463,Lapsing / dormant,0.119,Low,5382.0
C09464,Lapsing / dormant,0.296,Medium,9818.0
C09465,Lapsing / dormant,0.127,Low,6383.0
C09466,High-value regulars,0.067,Low,14570.0
C09467,Lapsing / dormant,0.239,Low,1952.0
C09468,High-value regulars,0.037,Low,20636.0
C09469,High-value regulars,0.101,Low,11744.0
C09470,High-value regulars,0.072,Low,13597.0
C09471,Low-spend occasional,0.042,Low,5463.0
C09472,High-value regulars,0.133,Low,12349.0
C09473,Lapsing / dormant,0.327,Medium,4482.0
C09474,High-value regulars,0.283,Medium,9466.0
C09475,Lapsing / dormant,0.452,Medium,5952.0
C09476,High-value regulars,0.123,Low,12249.0
C09477,High-value regulars,0.082,Low,16625.0
C09478,High-value regulars,0.251,Medium,9458.0
C09479,High-value regulars,0.11,Low,14199.0
C09480,High-value regulars,0.151,Low,7951.0
C09481,Low-spend occasional,0.054,Low,7870.0
C09482,High-value regulars,0.086,Low,17218.0
C09483,Low-spend occasional,0.042,Low,7943.0
C09484,High-value regulars,0.131,Low,10275.0
C09485,Lapsing / dormant,0.427,Medium,7184.0
C09486,High-value regulars,0.061,Low,10668.0
C09487,High-value regulars,0.098,Low,12551.0
C09488,High-value regulars,0.039,Low,11489.0
C09489,High-value regulars,0.209,Low,12896.0
C09490,Lapsing / dormant,0.203,Low,7065.0
C09491,High-value regulars,0.176,Low,12142.0
C09492,Low-spend occasional,0.125,Low,6045.0
C09493,High-value regulars,0.096,Low,15710.0
C09494,Lapsing / dormant,0.598,High,12602.0
C09495,High-value regulars,0.338,Medium,11582.0
C09496,High-value regulars,0.162,Low,20506.0
C09497,Low-spend occasional,0.101,Low,7565.0
C09498,Lapsing / dormant,0.194,Low,7691.0
C09499,High-value regulars,0.109,Low,14545.0
C09500,High-value regulars,0.107,Low,18577.0
C09501,Low-spend occasional,0.956,High,0.0
C09502,High-value regulars,0.147,Low,10678.0
C09503,High-value regulars,0.071,Low,24365.0
C09504,High-value regulars,0.25,Low,11592.0
C09505,High-value regulars,0.04,Low,8019.0
C09506,Lapsing / dormant,0.756,High,10074.0
C09507,High-value regulars,0.083,Low,13167.0
C09508,High-value regulars,0.122,Low,11212.0
C09509,Low-spend occasional,0.099,Low,6921.0
C09510,High-value regulars,0.039,Low,9567.0
C09511,Low-spend occasional,0.157,Low,5554.0
C09512,Lapsing / dormant,0.851,High,5145.0
C09513,Lapsing / dormant,0.3,Medium,12271.0
C09514,High-value regulars,0.078,Low,13699.0
C09515,Lapsing / dormant,0.197,Low,7975.0
C09516,Lapsing / dormant,0.452,Medium,11769.0
C09517,High-value regulars,0.203,Low,17476.0
C09518,High-value regulars,0.2,Low,15832.0
C09519,Lapsing / dormant,0.165,Low,5323.0
C09520,High-value regulars,0.104,Low,12587.0
C09521,High-value regulars,0.121,Low,10728.0
C09522,Lapsing / dormant,0.235,Low,6592.0
C09523,Lapsing / dormant,0.248,Low,4134.0
C09524,High-value regulars,0.244,Low,12639.0
C09525,Low-spend occasional,0.121,Low,5654.0
C09526,High-value regulars,0.021,Low,19711.0
C09527,Low-spend occasional,0.624,High,1978.0
C09528,Lapsing / dormant,0.322,Medium,8938.0
C09529,High-value regulars,0.04,Low,16126.0
C09530,Lapsing / dormant,0.26,Medium,9452.0
C09531,High-value regulars,0.071,Low,11149.0
C09532,High-value regulars,0.265,Medium,15142.0
C09533,High-value regulars,0.19,Low,17050.0
C09534,Lapsing / dormant,0.083,Low,5867.0
C09535,Lapsing / dormant,0.806,High,6971.0
C09536,Low-spend occasional,0.393,Medium,1284.0
C09537,High-value regulars,0.075,Low,8363.0
C09538,Lapsing / dormant,0.409,Medium,12936.0
C09539,Lapsing / dormant,0.14,Low,13667.0
C09540,Low-spend occasional,0.261,Medium,3385.0
C09541,Lapsing / dormant,0.189,Low,7295.0
C09542,Lapsing / dormant,0.258,Medium,4546.0
C09543,High-value regulars,0.171,Low,7602.0
C09544,High-value regulars,0.102,Low,11261.0
C09545,High-value regulars,0.207,Low,16196.0
C09546,Lapsing / dormant,0.356,Medium,5508.0
C09547,High-value regulars,0.133,Low,8112.0
C09548,High-value regulars,0.033,Low,8159.0
C09549,High-value regulars,0.162,Low,15639.0
C09550,High-value regulars,0.202,Low,23248.0
C09551,High-value regulars,0.059,Low,20523.0
C09552,High-value regulars,0.138,Low,7806.0
C09553,Lapsing / dormant,0.229,Low,10712.0
C09554,High-value regulars,0.031,Low,16960.0
C09555,Low-spend occasional,0.2,Low,7370.0
C09556,High-value regulars,0.144,Low,14728.0
C09557,High-value regulars,0.041,Low,11071.0
C09558,High-value regulars,0.199,Low,17494.0
C09559,High-value regulars,0.105,Low,8101.0
C09560,Lapsing / dormant,0.166,Low,9565.0
C09561,Lapsing / dormant,0.227,Low,8282.0
C09562,High-value regulars,0.127,Low,12428.0
C09563,Lapsing / dormant,0.292,Medium,16346.0
C09564,Lapsing / dormant,0.225,Low,9569.0
C09565,High-value regulars,0.08,Low,18827.0
C09566,High-value regulars,0.077,Low,10639.0
C09567,High-value regulars,0.182,Low,23359.0
C09568,Lapsing / dormant,0.237,Low,8040.0
C09569,High-value regulars,0.263,Medium,16083.0
C09570,Lapsing / dormant,0.177,Low,10132.0
C09571,Low-spend occasional,0.075,Low,6524.0
C09572,High-value regulars,0.128,Low,10786.0
C09573,High-value regulars,0.073,Low,23114.0
C09574,Lapsing / dormant,0.208,Low,6059.0
C09575,High-value regulars,0.065,Low,22874.0
C09576,High-value regulars,0.057,Low,7704.0
C09577,High-value regulars,0.139,Low,19510.0
C09578,High-value regulars,0.052,Low,13551.0
C09579,Lapsing / dormant,0.702,High,8574.0
C09580,High-value regulars,0.033,Low,16227.0
C09581,High-value regulars,0.091,Low,7473.0
C09582,Lapsing / dormant,0.541,High,12440.0
C09583,Lapsing / dormant,0.386,Medium,5766.0
C09584,High-value regulars,0.125,Low,22244.0
C09585,High-value regulars,0.196,Low,13240.0
C09586,Lapsing / dormant,0.271,Medium,5030.0
C09587,High-value regulars,0.21,Low,11286.0
C09588,Low-spend occasional,0.108,Low,2421.0
C09589,High-value regulars,0.054,Low,12508.0
C09590,High-value regulars,0.114,Low,9270.0
C09591,High-value regulars,0.203,Low,7466.0
C09592,High-value regulars,0.231,Low,24075.0
C09593,High-value regulars,0.103,Low,12123.0
C09594,Lapsing / dormant,0.611,High,6317.0
C09595,High-value regulars,0.049,Low,14029.0
C09596,High-value regulars,0.216,Low,23604.0
C09597,High-value regulars,0.041,Low,7645.0
C09598,High-value regulars,0.141,Low,8640.0
C09599,High-value regulars,0.073,Low,17419.0
C09600,High-value regulars,0.062,Low,15925.0
C09601,Lapsing / dormant,0.439,Medium,8033.0
C09602,Lapsing / dormant,0.185,Low,7331.0
C09603,Lapsing / dormant,0.443,Medium,3216.0
C09604,High-value regulars,0.078,Low,12771.0
C09605,High-value regulars,0.066,Low,12162.0
C09606,Lapsing / dormant,0.423,Medium,5744.0
C09607,Low-spend occasional,0.318,Medium,7143.0
C09608,Lapsing / dormant,0.214,Low,3607.0
C09609,High-value regulars,0.061,Low,16571.0
C09610,High-value regulars,0.068,Low,15022.0
C09611,Lapsing / dormant,0.19,Low,5994.0
C09612,High-value regulars,0.127,Low,25265.0
C09613,High-value regulars,0.265,Medium,11379.0
C09614,High-value regulars,0.4,Medium,11675.0
C09615,High-value regulars,0.114,Low,11754.0
C09616,High-value regulars,0.063,Low,7299.0
C09617,Lapsing / dormant,0.359,Medium,3912.0
C09618,Lapsing / dormant,0.734,High,6470.0
C09619,Lapsing / dormant,0.153,Low,7614.0
C09620,High-value regulars,0.105,Low,16275.0
C09621,High-value regulars,0.222,Low,7913.0
C09622,Lapsing / dormant,0.882,High,1308.0
C09623,Lapsing / dormant,0.904,High,3803.0
C09624,Low-spend occasional,0.082,Low,2681.0
C09625,Lapsing / dormant,0.679,High,4792.0
C09626,Lapsing / dormant,0.653,High,5943.0
C09627,High-value regulars,0.107,Low,11598.0
C09628,Lapsing / dormant,0.427,Medium,12526.0
C09629,High-value regulars,0.265,Medium,24059.0
C09630,High-value regulars,0.251,Medium,15396.0
C09631,Low-spend occasional,0.087,Low,1979.0
C09632,Low-spend occasional,0.162,Low,3322.0
C09633,Low-spend occasional,0.035,Low,7682.0
C09634,High-value regulars,0.151,Low,15563.0
C09635,Low-spend occasional,0.079,Low,6679.0
C09636,Lapsing / dormant,0.483,Medium,11176.0
C09637,High-value regulars,0.169,Low,13110.0
C09638,High-value regulars,0.104,Low,9436.0
C09639,High-value regulars,0.035,Low,12345.0
C09640,High-value regulars,0.132,Low,10199.0
C09641,Lapsing / dormant,0.461,Medium,6055.0
C09642,High-value regulars,0.103,Low,8395.0
C09643,Low-spend occasional,0.666,High,2893.0
C09644,Lapsing / dormant,0.48,Medium,6691.0
C09645,Lapsing / dormant,0.565,High,4722.0
C09646,Lapsing / dormant,0.526,High,12565.0
C09647,Lapsing / dormant,0.475,Medium,8243.0
C09648,Lapsing / dormant,0.753,High,3518.0
C09649,Low-spend occasional,0.15,Low,1760.0
C09650,High-value regulars,0.1,Low,8000.0
C09651,Lapsing / dormant,0.274,Medium,8774.0
C09652,Lapsing / dormant,0.17,Low,7305.0
C09653,High-value regulars,0.083,Low,13417.0
C09654,Lapsing / dormant,0.428,Medium,7515.0
C09655,Low-spend occasional,0.345,Medium,3484.0
C09656,High-value regulars,0.164,Low,20132.0
C09657,High-value regulars,0.146,Low,20511.0
C09658,High-value regulars,0.185,Low,10603.0
C09659,High-value regulars,0.257,Medium,11425.0
C09660,Lapsing / dormant,0.496,Medium,5169.0
C09661,High-value regulars,0.148,Low,14808.0
C09662,Low-spend occasional,0.19,Low,7973.0
C09663,Lapsing / dormant,0.145,Low,6336.0
C09664,High-value regulars,0.212,Low,13852.0
C09665,High-value regulars,0.074,Low,12405.0
C09666,Lapsing / dormant,0.335,Medium,9817.0
C09667,High-value regulars,0.152,Low,13112.0
C09668,High-value regulars,0.382,Medium,20085.0
C09669,Lapsing / dormant,0.253,Medium,8367.0
C09670,High-value regulars,0.235,Low,9561.0
C09671,High-value regulars,0.199,Low,15145.0
C09672,Lapsing / dormant,0.482,Medium,7301.0
C09673,High-value regulars,0.068,Low,17382.0
C09674,High-value regulars,0.194,Low,12126.0
C09675,Lapsing / dormant,0.216,Low,8388.0
C09676,High-value regulars,0.15,Low,15167.0
C09677,Lapsing / dormant,0.268,Medium,9860.0
C09678,High-value regulars,0.046,Low,10638.0
C09679,High-value regulars,0.085,Low,12481.0
C09680,Low-spend occasional,0.18,Low,5446.0
C09681,High-value regulars,0.191,Low,17654.0
C09682,Lapsing / dormant,0.401,Medium,6992.0
C09683,High-value regulars,0.064,Low,15706.0
C09684,High-value regulars,0.146,Low,9093.0
C09685,High-value regulars,0.109,Low,10896.0
C09686,Lapsing / dormant,0.359,Medium,6034.0
C09687,High-value regulars,0.035,Low,16036.0
C09688,High-value regulars,0.162,Low,12970.0
C09689,High-value regulars,0.091,Low,12801.0
C09690,Low-spend occasional,0.261,Medium,5068.0
C09691,High-value regulars,0.08,Low,14838.0
C09692,High-value regulars,0.188,Low,18587.0
C09693,Low-spend occasional,0.135,Low,3943.0
C09694,High-value regulars,0.121,Low,11483.0
C09695,High-value regulars,0.13,Low,10459.0
C09696,High-value regulars,0.091,Low,12330.0
C09697,Low-spend occasional,0.123,Low,2418.0
C09698,High-value regulars,0.057,Low,15546.0
C09699,High-value regulars,0.171,Low,19968.0
C09700,Low-spend occasional,0.261,Medium,2292.0
C09701,High-value regulars,0.19,Low,9375.0
C09702,High-value regulars,0.22,Low,14944.0
C09703,Lapsing / dormant,0.532,High,8069.0
C09704,High-value regulars,0.095,Low,16889.0
C09705,Lapsing / dormant,0.229,Low,14451.0
C09706,Low-spend occasional,0.181,Low,5025.0
C09707,Lapsing / dormant,0.244,Low,6949.0
C09708,Low-spend occasional,0.112,Low,3100.0
C09709,High-value regulars,0.095,Low,9646.0
C09710,High-value regulars,0.038,Low,15245.0
C09711,High-value regulars,0.032,Low,11796.0
C09712,High-value regulars,0.039,Low,10495.0
C09713,High-value regulars,0.107,Low,17757.0
C09714,Lapsing / dormant,0.529,High,12390.0
C09715,High-value regulars,0.035,Low,15296.0
C09716,High-value regulars,0.153,Low,24600.0
C09717,Lapsing / dormant,0.328,Medium,6240.0
C09718,Low-spend occasional,0.38,Medium,1811.0
C09719,High-value regulars,0.277,Medium,18556.0
C09720,High-value regulars,0.414,Medium,12927.0
C09721,High-value regulars,0.136,Low,15489.0
C09722,High-value regulars,0.076,Low,10202.0
C09723,Low-spend occasional,0.389,Medium,2166.0
C09724,High-value regulars,0.183,Low,8948.0
C09725,High-value regulars,0.044,Low,11392.0
C09726,Low-spend occasional,0.104,Low,5220.0
C09727,Lapsing / dormant,0.325,Medium,8211.0
C09728,High-value regulars,0.101,Low,11260.0
C09729,High-value regulars,0.055,Low,10824.0
C09730,Low-spend occasional,0.215,Low,4688.0
C09731,High-value regulars,0.25,Low,13498.0
C09732,High-value regulars,0.067,Low,19423.0
C09733,Low-spend occasional,0.304,Medium,6823.0
C09734,Lapsing / dormant,0.417,Medium,8481.0
C09735,High-value regulars,0.481,Medium,11979.0
C09736,High-value regulars,0.209,Low,9971.0
C09737,Low-spend occasional,0.088,Low,3358.0
C09738,High-value regulars,0.114,Low,13588.0
C09739,Lapsing / dormant,0.161,Low,4298.0
C09740,High-value regulars,0.157,Low,6687.0
C09741,Lapsing / dormant,0.134,Low,9331.0
C09742,Lapsing / dormant,0.621,High,8220.0
C09743,High-value regulars,0.038,Low,10394.0
C09744,High-value regulars,0.219,Low,12211.0
C09745,High-value regulars,0.209,Low,15765.0
C09746,High-value regulars,0.233,Low,15412.0
C09747,Low-spend occasional,0.248,Low,4729.0
C09748,Lapsing / dormant,0.244,Low,6864.0
C09749,High-value regulars,0.031,Low,12026.0
C09750,High-value regulars,0.047,Low,21469.0
C09751,High-value regulars,0.271,Medium,11182.0
C09752,Lapsing / dormant,0.564,High,6855.0
C09753,High-value regulars,0.099,Low,18825.0
C09754,Lapsing / dormant,0.178,Low,7161.0
C09755,Lapsing / dormant,0.077,Low,7153.0
C09756,High-value regulars,0.316,Medium,7332.0
C09757,High-value regulars,0.071,Low,7809.0
C09758,High-value regulars,0.091,Low,7115.0
C09759,Lapsing / dormant,0.449,Medium,2929.0
C09760,Lapsing / dormant,0.462,Medium,4254.0
C09761,High-value regulars,0.089,Low,15442.0
C09762,Lapsing / dormant,0.436,Medium,6748.0
C09763,High-value regulars,0.12,Low,9220.0
C09764,Lapsing / dormant,0.34,Medium,8485.0
C09765,Lapsing / dormant,0.221,Low,10573.0
C09766,High-value regulars,0.129,Low,21902.0
C09767,High-value regulars,0.104,Low,10822.0
C09768,High-value regulars,0.157,Low,10621.0
C09769,Lapsing / dormant,0.263,Medium,9347.0
C09770,High-value regulars,0.15,Low,20808.0
C09771,Low-spend occasional,0.205,Low,1956.0
C09772,High-value regulars,0.162,Low,12469.0
C09773,Low-spend occasional,0.227,Low,8611.0
C09774,High-value regulars,0.02,Low,37787.0
C09775,Lapsing / dormant,0.381,Medium,7750.0
C09776,Lapsing / dormant,0.689,High,4166.0
C09777,Low-spend occasional,0.616,High,1856.0
C09778,High-value regulars,0.174,Low,9132.0
C09779,High-value regulars,0.201,Low,12579.0
C09780,Low-spend occasional,0.225,Low,2350.0
C09781,High-value regulars,0.125,Low,11579.0
C09782,Lapsing / dormant,0.228,Low,6875.0
C09783,Lapsing / dormant,0.31,Medium,7219.0
C09784,High-value regulars,0.183,Low,10909.0
C09785,Lapsing / dormant,0.248,Low,11790.0
C09786,Lapsing / dormant,0.19,Low,12742.0
C09787,High-value regulars,0.128,Low,13161.0
C09788,Low-spend occasional,0.106,Low,4412.0
C09789,High-value regulars,0.084,Low,12973.0
C09790,High-value regulars,0.065,Low,13951.0
C09791,High-value regulars,0.047,Low,11156.0
C09792,High-value regulars,0.13,Low,9085.0
C09793,High-value regulars,0.113,Low,11874.0
C09794,High-value regulars,0.154,Low,20538.0
C09795,Low-spend occasional,0.062,Low,5022.0
C09796,Low-spend occasional,0.128,Low,5841.0
C09797,High-value regulars,0.222,Low,11444.0
C09798,High-value regulars,0.174,Low,14128.0
C09799,Lapsing / dormant,0.257,Medium,4542.0
C09800,High-value regulars,0.063,Low,16048.0
C09801,Low-spend occasional,0.112,Low,6680.0
C09802,Lapsing / dormant,0.421,Medium,6991.0
C09803,High-value regulars,0.109,Low,17501.0
C09804,High-value regulars,0.096,Low,15291.0
C09805,High-value regulars,0.03,Low,8137.0
C09806,Lapsing / dormant,0.563,High,7193.0
C09807,High-value regulars,0.129,Low,12217.0
C09808,High-value regulars,0.19,Low,7918.0
C09809,Low-spend occasional,0.109,Low,1437.0
C09810,High-value regulars,0.052,Low,11654.0
C09811,High-value regulars,0.07,Low,19861.0
C09812,High-value regulars,0.219,Low,16533.0
C09813,High-value regulars,0.452,Medium,16193.0
C09814,Lapsing / dormant,0.73,High,5605.0
C09815,High-value regulars,0.246,Low,9895.0
C09816,Low-spend occasional,0.097,Low,4722.0
C09817,Lapsing / dormant,0.297,Medium,5139.0
C09818,Low-spend occasional,0.244,Low,6075.0
C09819,High-value regulars,0.541,High,8898.0
C09820,Lapsing / dormant,0.602,High,5818.0
C09821,High-value regulars,0.187,Low,8178.0
C09822,High-value regulars,0.103,Low,10200.0
C09823,High-value regulars,0.086,Low,10610.0
C09824,Lapsing / dormant,0.766,High,4097.0
C09825,High-value regulars,0.122,Low,12604.0
C09826,High-value regulars,0.098,Low,10985.0
C09827,High-value regulars,0.187,Low,14943.0
C09828,High-value regulars,0.318,Medium,15351.0
C09829,High-value regulars,0.033,Low,33115.0
C09830,High-value regulars,0.16,Low,14683.0
C09831,High-value regulars,0.114,Low,10509.0
C09832,Lapsing / dormant,0.729,High,11680.0
C09833,Lapsing / dormant,0.413,Medium,11725.0
C09834,Lapsing / dormant,0.531,High,8436.0
C09835,High-value regulars,0.096,Low,8382.0
C09836,Lapsing / dormant,0.695,High,8871.0
C09837,High-value regulars,0.035,Low,17820.0
C09838,Lapsing / dormant,0.416,Medium,4165.0
C09839,High-value regulars,0.081,Low,10354.0
C09840,Lapsing / dormant,0.658,High,1224.0
C09841,Lapsing / dormant,0.929,High,1880.0
C09842,High-value regulars,0.142,Low,12650.0
C09843,Low-spend occasional,0.094,Low,4703.0
C09844,Lapsing / dormant,0.552,High,5779.0
C09845,Lapsing / dormant,0.201,Low,9385.0
C09846,Low-spend occasional,0.153,Low,6479.0
C09847,Low-spend occasional,0.155,Low,4881.0
C09848,Low-spend occasional,0.231,Low,4394.0
C09849,High-value regulars,0.429,Medium,23505.0
C09850,Lapsing / dormant,0.219,Low,5431.0
C09851,Low-spend occasional,0.163,Low,5468.0
C09852,High-value regulars,0.233,Low,13103.0
C09853,Lapsing / dormant,0.347,Medium,6931.0
C09854,Lapsing / dormant,0.151,Low,5104.0
C09855,High-value regulars,0.133,Low,8208.0
C09856,Lapsing / dormant,0.348,Medium,7107.0
C09857,Low-spend occasional,0.092,Low,4698.0
C09858,Lapsing / dormant,0.795,High,6381.0
C09859,Lapsing / dormant,0.188,Low,5529.0
C09860,Lapsing / dormant,0.346,Medium,6098.0
C09861,Low-spend occasional,0.117,Low,5336.0
C09862,High-value regulars,0.133,Low,11855.0
C09863,High-value regulars,0.094,Low,9690.0
C09864,Lapsing / dormant,0.292,Medium,9132.0
C09865,Low-spend occasional,0.488,Medium,4758.0
C09866,Low-spend occasional,0.182,Low,4657.0
C09867,Lapsing / dormant,0.503,High,5039.0
C09868,High-value regulars,0.046,Low,14494.0
C09869,High-value regulars,0.13,Low,19318.0
C09870,Lapsing / dormant,0.457,Medium,6338.0
C09871,High-value regulars,0.046,Low,14511.0
C09872,High-value regulars,0.212,Low,13186.0
C09873,High-value regulars,0.065,Low,15439.0
C09874,High-value regulars,0.081,Low,17135.0
C09875,Lapsing / dormant,0.566,High,6656.0
C09876,High-value regulars,0.061,Low,20893.0
C09877,Lapsing / dormant,0.147,Low,6125.0
C09878,High-value regulars,0.23,Low,10835.0
C09879,High-value regulars,0.111,Low,9660.0
C09880,High-value regulars,0.342,Medium,13513.0
C09881,High-value regulars,0.081,Low,9604.0
C09882,High-value regulars,0.3,Medium,9955.0
C09883,High-value regulars,0.258,Medium,10738.0
C09884,High-value regulars,0.077,Low,14525.0
C09885,High-value regulars,0.28,Medium,12315.0
C09886,Lapsing / dormant,0.268,Medium,9515.0
C09887,Low-spend occasional,0.304,Medium,2575.0
C09888,High-value regulars,0.094,Low,12214.0
C09889,High-value regulars,0.142,Low,15121.0
C09890,Low-spend occasional,0.179,Low,6938.0
C09891,Low-spend occasional,0.11,Low,8173.0
C09892,High-value regulars,0.043,Low,15939.0
C09893,High-value regulars,0.026,Low,15684.0
C09894,High-value regulars,0.136,Low,17672.0
C09895,High-value regulars,0.085,Low,7821.0
C09896,Lapsing / dormant,0.542,High,6738.0
C09897,High-value regulars,0.127,Low,11133.0
C09898,High-value regulars,0.331,Medium,14450.0
C09899,High-value regulars,0.267,Medium,10110.0
C09900,Lapsing / dormant,0.097,Low,9042.0
C09901,High-value regulars,0.218,Low,10681.0
C09902,High-value regulars,0.177,Low,15181.0
C09903,High-value regulars,0.035,Low,11727.0
C09904,Lapsing / dormant,0.4,Medium,9054.0
C09905,High-value regulars,0.162,Low,9299.0
C09906,Lapsing / dormant,0.139,Low,7779.0
C09907,High-value regulars,0.114,Low,14955.0
C09908,High-value regulars,0.091,Low,19891.0
C09909,High-value regulars,0.168,Low,7455.0
C09910,Lapsing / dormant,0.061,Low,7151.0
C09911,High-value regulars,0.517,High,12427.0
C09912,High-value regulars,0.245,Low,12780.0
C09913,High-value regulars,0.184,Low,7570.0
C09914,Low-spend occasional,0.172,Low,6116.0
C09915,High-value regulars,0.1,Low,8621.0
C09916,High-value regulars,0.066,Low,25315.0
C09917,Low-spend occasional,0.484,Medium,4642.0
C09918,Low-spend occasional,0.198,Low,4827.0
C09919,High-value regulars,0.153,Low,10058.0
C09920,High-value regulars,0.307,Medium,12552.0
C09921,Low-spend occasional,0.053,Low,2339.0
C09922,High-value regulars,0.121,Low,10803.0
C09923,Low-spend occasional,0.167,Low,4099.0
C09924,Lapsing / dormant,0.257,Medium,10933.0
C09925,Lapsing / dormant,0.865,High,2441.0
C09926,Low-spend occasional,0.063,Low,8555.0
C09927,Low-spend occasional,0.184,Low,8258.0
C09928,Lapsing / dormant,0.662,High,2563.0
C09929,High-value regulars,0.201,Low,16641.0
C09930,Low-spend occasional,0.256,Medium,3211.0
C09931,High-value regulars,0.157,Low,13572.0
C09932,High-value regulars,0.192,Low,8806.0
C09933,High-value regulars,0.198,Low,10687.0
C09934,Lapsing / dormant,0.39,Medium,9100.0
C09935,High-value regulars,0.075,Low,11364.0
C09936,Low-spend occasional,0.346,Medium,1759.0
C09937,Low-spend occasional,0.101,Low,6249.0
C09938,High-value regulars,0.081,Low,13039.0
C09939,Low-spend occasional,0.293,Medium,2946.0
C09940,High-value regulars,0.125,Low,9792.0
C09941,Lapsing / dormant,0.249,Low,5624.0
C09942,Low-spend occasional,0.156,Low,6574.0
C09943,High-value regulars,0.108,Low,11878.0
C09944,Lapsing / dormant,0.176,Low,6982.0
C09945,High-value regulars,0.18,Low,20720.0
C09946,High-value regulars,0.026,Low,22225.0
C09947,Lapsing / dormant,0.192,Low,4877.0
C09948,High-value regulars,0.247,Low,12381.0
C09949,High-value regulars,0.059,Low,11441.0
C09950,High-value regulars,0.085,Low,17233.0
C09951,Lapsing / dormant,0.293,Medium,11768.0
C09952,Lapsing / dormant,0.491,Medium,12935.0
C09953,High-value regulars,0.104,Low,10316.0
C09954,High-value regulars,0.357,Medium,9950.0
C09955,High-value regulars,0.118,Low,8594.0
C09956,High-value regulars,0.05,Low,15927.0
C09957,Low-spend occasional,0.256,Medium,6465.0
C09958,High-value regulars,0.147,Low,8450.0
C09959,High-value regulars,0.208,Low,8530.0
C09960,Lapsing / dormant,0.636,High,9043.0
C09961,Lapsing / dormant,0.253,Medium,12511.0
C09962,Lapsing / dormant,0.381,Medium,8622.0
C09963,Lapsing / dormant,0.946,High,3959.0
C09964,Lapsing / dormant,0.118,Low,6977.0
C09965,High-value regulars,0.203,Low,14314.0
C09966,Lapsing / dormant,0.222,Low,8090.0
C09967,Lapsing / dormant,0.34,Medium,5228.0
C09968,Low-spend occasional,0.172,Low,6036.0
C09969,Lapsing / dormant,0.402,Medium,5171.0
C09970,High-value regulars,0.035,Low,18433.0
C09971,Low-spend occasional,0.429,Medium,4798.0
C09972,High-value regulars,0.087,Low,18657.0
C09973,Low-spend occasional,0.312,Medium,4846.0
C09974,High-value regulars,0.273,Medium,9132.0
C09975,High-value regulars,0.112,Low,12589.0
C09976,High-value regulars,0.077,Low,13319.0
C09977,Lapsing / dormant,0.474,Medium,4525.0
C09978,Low-spend occasional,0.624,High,3943.0
C09979,Low-spend occasional,0.055,Low,6791.0
C09980,High-value regulars,0.118,Low,14715.0
C09981,High-value regulars,0.087,Low,10928.0
C09982,Lapsing / dormant,0.572,High,11797.0
C09983,Lapsing / dormant,0.919,High,907.0
C09984,Lapsing / dormant,0.317,Medium,5040.0
C09985,High-value regulars,0.153,Low,13660.0
C09986,High-value regulars,0.047,Low,6081.0
C09987,High-value regulars,0.178,Low,11663.0
C09988,Low-spend occasional,0.135,Low,2161.0
C09989,High-value regulars,0.109,Low,15893.0
C09990,Low-spend occasional,0.557,High,4215.0
C09991,Lapsing / dormant,0.202,Low,7167.0
C09992,High-value regulars,0.142,Low,9731.0
C09993,High-value regulars,0.04,Low,4485.0
C09994,High-value regulars,0.037,Low,12348.0
C09995,High-value regulars,0.158,Low,8635.0
C09996,Low-spend occasional,0.134,Low,5411.0
C09997,Lapsing / dormant,0.698,High,2547.0
C09998,High-value regulars,0.022,Low,15300.0
C09999,High-value regulars,0.147,Low,9052.0
C10000,High-value regulars,0.199,Low,10296.0
C10001,High-value regulars,0.051,Low,16866.0
C10002,High-value regulars,0.078,Low,27650.0
C10003,Lapsing / dormant,0.27,Medium,5254.0
C10004,Lapsing / dormant,0.134,Low,6343.0
C10005,High-value regulars,0.102,Low,6965.0
C10006,Lapsing / dormant,0.145,Low,12237.0
C10007,Lapsing / dormant,0.104,Low,9940.0
C10008,Low-spend occasional,0.445,Medium,898.0
C10009,High-value regulars,0.12,Low,16891.0
C10010,High-value regulars,0.207,Low,16053.0
C10011,Lapsing / dormant,0.274,Medium,4711.0
C10012,Lapsing / dormant,0.378,Medium,3891.0
C10013,High-value regulars,0.122,Low,14882.0
C10014,High-value regulars,0.16,Low,15400.0
C10015,Lapsing / dormant,0.437,Medium,9020.0
C10016,High-value regulars,0.482,Medium,14110.0
C10017,High-value regulars,0.043,Low,12910.0
C10018,Lapsing / dormant,0.465,Medium,1894.0
C10019,High-value regulars,0.112,Low,20236.0
C10020,Lapsing / dormant,0.682,High,6380.0
C10021,Lapsing / dormant,0.119,Low,6826.0
C10022,Low-spend occasional,0.438,Medium,2714.0
C10023,Lapsing / dormant,0.182,Low,6559.0
C10024,Low-spend occasional,0.062,Low,5680.0
C10025,High-value regulars,0.041,Low,14557.0
C10026,Lapsing / dormant,0.315,Medium,7892.0
C10027,High-value regulars,0.081,Low,10386.0
C10028,High-value regulars,0.124,Low,10108.0
C10029,Lapsing / dormant,0.448,Medium,6893.0
C10030,High-value regulars,0.208,Low,8701.0
C10031,High-value regulars,0.091,Low,19836.0
C10032,High-value regulars,0.033,Low,9072.0
C10033,Lapsing / dormant,0.409,Medium,6707.0
C10034,High-value regulars,0.117,Low,10366.0
C10035,High-value regulars,0.268,Medium,13353.0
C10036,High-value regulars,0.095,Low,12527.0
C10037,High-value regulars,0.099,Low,11660.0
C10038,Lapsing / dormant,0.221,Low,2588.0
C10039,Lapsing / dormant,0.609,High,6424.0
C10040,Low-spend occasional,0.093,Low,2678.0
C10041,High-value regulars,0.077,Low,10623.0
C10042,High-value regulars,0.18,Low,12730.0
C10043,High-value regulars,0.018,Low,34310.0
C10044,High-value regulars,0.253,Medium,14393.0
C10045,High-value regulars,0.112,Low,7221.0
C10046,High-value regulars,0.166,Low,11846.0
C10047,High-value regulars,0.05,Low,23617.0
C10048,High-value regulars,0.072,Low,9533.0
C10049,Lapsing / dormant,0.257,Medium,10162.0
C10050,Lapsing / dormant,0.84,High,2439.0
C10051,Lapsing / dormant,0.346,Medium,8395.0
C10052,High-value regulars,0.171,Low,10809.0
C10053,Lapsing / dormant,0.592,High,4907.0
C10054,High-value regulars,0.062,Low,10048.0
C10055,High-value regulars,0.25,Medium,17489.0
C10056,High-value regulars,0.243,Low,10109.0
C10057,Lapsing / dormant,0.282,Medium,11854.0
C10058,High-value regulars,0.09,Low,14079.0
C10059,High-value regulars,0.082,Low,9142.0
C10060,High-value regulars,0.056,Low,15186.0
C10061,High-value regulars,0.145,Low,5648.0
C10062,Low-spend occasional,0.174,Low,5963.0
C10063,High-value regulars,0.049,Low,20185.0
C10064,High-value regulars,0.29,Medium,14505.0
C10065,Lapsing / dormant,0.07,Low,7736.0
C10066,High-value regulars,0.119,Low,14699.0
C10067,Lapsing / dormant,0.275,Medium,15390.0
C10068,High-value regulars,0.305,Medium,13549.0
C10069,Lapsing / dormant,0.092,Low,8540.0
C10070,High-value regulars,0.211,Low,9212.0
C10071,High-value regulars,0.101,Low,9432.0
C10072,Low-spend occasional,0.029,Low,3435.0
C10073,High-value regulars,0.151,Low,7134.0
C10074,High-value regulars,0.145,Low,8604.0
C10075,High-value regulars,0.077,Low,18577.0
C10076,Lapsing / dormant,0.286,Medium,6739.0
C10077,High-value regulars,0.049,Low,10144.0
C10078,High-value regulars,0.096,Low,8309.0
C10079,Lapsing / dormant,0.118,Low,5562.0
C10080,Lapsing / dormant,0.666,High,6334.0
C10081,High-value regulars,0.108,Low,10985.0
C10082,High-value regulars,0.03,Low,12596.0
C10083,Lapsing / dormant,0.542,High,8659.0
C10084,High-value regulars,0.081,Low,12811.0
C10085,High-value regulars,0.233,Low,17678.0
C10086,High-value regulars,0.077,Low,21937.0
C10087,High-value regulars,0.204,Low,10713.0
C10088,High-value regulars,0.331,Medium,13582.0
C10089,Lapsing / dormant,0.301,Medium,5618.0
C10090,High-value regulars,0.248,Low,21802.0
C10091,Low-spend occasional,0.171,Low,7163.0
C10092,High-value regulars,0.086,Low,10854.0
C10093,Low-spend occasional,0.736,High,1751.0
C10094,High-value regulars,0.185,Low,10464.0
C10095,High-value regulars,0.036,Low,25069.0
C10096,Lapsing / dormant,0.878,High,2866.0
C10097,Lapsing / dormant,0.155,Low,13414.0
C10098,Lapsing / dormant,0.056,Low,4331.0
C10099,Lapsing / dormant,0.254,Medium,5038.0
C10100,High-value regulars,0.143,Low,11460.0
C10101,High-value regulars,0.082,Low,9820.0
C10102,Low-spend occasional,0.095,Low,4466.0
C10103,High-value regulars,0.079,Low,7196.0
C10104,High-value regulars,0.148,Low,8496.0
C10105,Lapsing / dormant,0.429,Medium,9701.0
C10106,High-value regulars,0.137,Low,12879.0
C10107,High-value regulars,0.145,Low,17259.0
C10108,Lapsing / dormant,0.202,Low,6909.0
C10109,Low-spend occasional,0.406,Medium,1252.0
C10110,High-value regulars,0.042,Low,12626.0
C10111,High-value regulars,0.148,Low,10539.0
C10112,High-value regulars,0.098,Low,15555.0
C10113,High-value regulars,0.088,Low,25299.0
C10114,Low-spend occasional,0.305,Medium,4834.0
C10115,High-value regulars,0.134,Low,10526.0
C10116,High-value regulars,0.288,Medium,12333.0
C10117,High-value regulars,0.193,Low,11233.0
C10118,Lapsing / dormant,0.305,Medium,7460.0
C10119,Lapsing / dormant,0.344,Medium,1869.0
C10120,Lapsing / dormant,0.503,High,5728.0
C10121,Lapsing / dormant,0.624,High,6954.0
C10122,High-value regulars,0.036,Low,11781.0
C10123,High-value regulars,0.085,Low,9966.0
C10124,High-value regulars,0.181,Low,18458.0
C10125,Lapsing / dormant,0.198,Low,10344.0
C10126,Lapsing / dormant,0.249,Low,10563.0
C10127,High-value regulars,0.431,Medium,15377.0
C10128,Lapsing / dormant,0.258,Medium,8734.0
C10129,Lapsing / dormant,0.152,Low,5995.0
C10130,Lapsing / dormant,0.72,High,5198.0
C10131,Low-spend occasional,0.142,Low,2906.0
C10132,Lapsing / dormant,0.112,Low,9487.0
C10133,High-value regulars,0.213,Low,12613.0
C10134,Lapsing / dormant,0.467,Medium,5034.0
C10135,High-value regulars,0.056,Low,8347.0
C10136,High-value regulars,0.16,Low,13987.0
C10137,High-value regulars,0.246,Low,13419.0
C10138,Lapsing / dormant,0.276,Medium,7864.0
C10139,Low-spend occasional,0.101,Low,6145.0
C10140,High-value regulars,0.175,Low,11087.0
C10141,High-value regulars,0.298,Medium,12705.0
C10142,Lapsing / dormant,0.201,Low,12268.0
C10143,High-value regulars,0.175,Low,8517.0
C10144,High-value regulars,0.14,Low,15808.0
C10145,High-value regulars,0.189,Low,10736.0
C10146,High-value regulars,0.141,Low,13933.0
C10147,Low-spend occasional,0.611,High,1651.0
C10148,Low-spend occasional,0.097,Low,7504.0
C10149,Low-spend occasional,0.08,Low,7036.0
C10150,Lapsing / dormant,0.195,Low,8459.0
C10151,Lapsing / dormant,0.624,High,10893.0
C10152,Lapsing / dormant,0.235,Low,8774.0
C10153,Low-spend occasional,0.165,Low,5162.0
C10154,High-value regulars,0.078,Low,13795.0
C10155,Lapsing / dormant,0.633,High,3520.0
C10156,High-value regulars,0.081,Low,17702.0
C10157,Lapsing / dormant,0.162,Low,6085.0
C10158,Lapsing / dormant,0.246,Low,7193.0
C10159,High-value regulars,0.129,Low,18909.0
C10160,Lapsing / dormant,0.289,Medium,9401.0
C10161,Low-spend occasional,0.051,Low,4738.0
C10162,High-value regulars,0.037,Low,15262.0
C10163,Low-spend occasional,0.487,Medium,6334.0
C10164,Low-spend occasional,0.098,Low,5949.0
C10165,Lapsing / dormant,0.208,Low,4697.0
C10166,High-value regulars,0.27,Medium,12497.0
C10167,High-value regulars,0.24,Low,11832.0
C10168,High-value regulars,0.094,Low,12732.0
C10169,High-value regulars,0.081,Low,10483.0
C10170,High-value regulars,0.056,Low,14067.0
C10171,Lapsing / dormant,0.265,Medium,6592.0
C10172,Low-spend occasional,0.54,High,1804.0
C10173,Lapsing / dormant,0.847,High,3855.0
C10174,High-value regulars,0.029,Low,14310.0
C10175,High-value regulars,0.08,Low,17206.0
C10176,High-value regulars,0.122,Low,18271.0
C10177,High-value regulars,0.095,Low,12107.0
C10178,High-value regulars,0.264,Medium,12997.0
C10179,Lapsing / dormant,0.45,Medium,4639.0
C10180,Lapsing / dormant,0.18,Low,10343.0
C10181,High-value regulars,0.079,Low,15477.0
C10182,Lapsing / dormant,0.395,Medium,11242.0
C10183,High-value regulars,0.278,Medium,11462.0
C10184,Lapsing / dormant,0.426,Medium,6034.0
C10185,High-value regulars,0.234,Low,7589.0
C10186,High-value regulars,0.252,Medium,13217.0
C10187,High-value regulars,0.102,Low,8370.0
C10188,Low-spend occasional,0.209,Low,3271.0
C10189,High-value regulars,0.406,Medium,11118.0
C10190,Lapsing / dormant,0.283,Medium,11595.0
C10191,High-value regulars,0.159,Low,10857.0
C10192,Lapsing / dormant,0.167,Low,6111.0
C10193,High-value regulars,0.089,Low,7483.0
C10194,Low-spend occasional,0.318,Medium,1105.0
C10195,High-value regulars,0.095,Low,22421.0
C10196,Lapsing / dormant,0.655,High,6975.0
C10197,High-value regulars,0.022,Low,29689.0
C10198,High-value regulars,0.154,Low,8799.0
C10199,Lapsing / dormant,0.716,High,9360.0
C10200,High-value regulars,0.056,Low,19947.0
C10201,Lapsing / dormant,0.163,Low,7493.0
C10202,High-value regulars,0.167,Low,13822.0
C10203,Lapsing / dormant,0.315,Medium,10310.0
C10204,High-value regulars,0.036,Low,15029.0
C10205,Lapsing / dormant,0.313,Medium,6329.0
C10206,High-value regulars,0.231,Low,17158.0
C10207,High-value regulars,0.065,Low,7612.0
C10208,High-value regulars,0.324,Medium,13390.0
C10209,Lapsing / dormant,0.46,Medium,7666.0
C10210,High-value regulars,0.076,Low,13279.0
C10211,High-value regulars,0.074,Low,24025.0
C10212,Lapsing / dormant,0.586,High,13431.0
C10213,Lapsing / dormant,0.283,Medium,8443.0
C10214,High-value regulars,0.05,Low,9341.0
C10215,Low-spend occasional,0.059,Low,7429.0
C10216,High-value regulars,0.112,Low,8255.0
C10217,High-value regulars,0.101,Low,12867.0
C10218,Lapsing / dormant,0.655,High,3754.0
C10219,Low-spend occasional,0.953,High,563.0
C10220,Lapsing / dormant,0.388,Medium,9266.0
C10221,High-value regulars,0.21,Low,15306.0
C10222,Lapsing / dormant,0.275,Medium,6450.0
C10223,High-value regulars,0.262,Medium,8062.0
C10224,Lapsing / dormant,0.271,Medium,6246.0
C10225,Lapsing / dormant,0.75,High,6734.0
C10226,High-value regulars,0.031,Low,8343.0
C10227,Low-spend occasional,0.127,Low,2720.0
C10228,High-value regulars,0.049,Low,12715.0
C10229,High-value regulars,0.469,Medium,13639.0
C10230,High-value regulars,0.067,Low,9724.0
C10231,High-value regulars,0.07,Low,9880.0
C10232,High-value regulars,0.102,Low,8559.0
C10233,High-value regulars,0.128,Low,11783.0
C10234,High-value regulars,0.102,Low,9076.0
C10235,Low-spend occasional,0.056,Low,3164.0
C10236,High-value regulars,0.086,Low,9691.0
C10237,High-value regulars,0.18,Low,15145.0
C10238,High-value regulars,0.1,Low,9849.0
C10239,High-value regulars,0.13,Low,11064.0
C10240,Low-spend occasional,0.094,Low,7326.0
C10241,High-value regulars,0.055,Low,11827.0
C10242,High-value regulars,0.133,Low,11364.0
C10243,High-value regulars,0.087,Low,15301.0
C10244,High-value regulars,0.209,Low,12857.0
C10245,High-value regulars,0.103,Low,8628.0
C10246,Lapsing / dormant,0.117,Low,6061.0
C10247,High-value regulars,0.11,Low,15586.0
C10248,High-value regulars,0.205,Low,12652.0
C10249,High-value regulars,0.04,Low,16909.0
C10250,Lapsing / dormant,0.084,Low,6027.0
C10251,Lapsing / dormant,0.499,Medium,9864.0
C10252,Lapsing / dormant,0.137,Low,10317.0
C10253,High-value regulars,0.09,Low,17397.0
C10254,High-value regulars,0.089,Low,13867.0
C10255,High-value regulars,0.101,Low,24956.0
C10256,Lapsing / dormant,0.207,Low,5052.0
C10257,Lapsing / dormant,0.203,Low,9529.0
C10258,Lapsing / dormant,0.165,Low,5982.0
C10259,High-value regulars,0.106,Low,15697.0
C10260,High-value regulars,0.084,Low,13843.0
C10261,High-value regulars,0.143,Low,9769.0
C10262,High-value regulars,0.259,Medium,8136.0
C10263,Low-spend occasional,0.394,Medium,6443.0
C10264,Lapsing / dormant,0.424,Medium,7646.0
C10265,High-value regulars,0.027,Low,14800.0
C10266,Lapsing / dormant,0.28,Medium,3800.0
C10267,High-value regulars,0.232,Low,10054.0
C10268,High-value regulars,0.328,Medium,15531.0
C10269,High-value regulars,0.433,Medium,14140.0
C10270,Lapsing / dormant,0.402,Medium,5893.0
C10271,High-value regulars,0.096,Low,14867.0
C10272,High-value regulars,0.049,Low,15605.0
C10273,High-value regulars,0.043,Low,16860.0
C10274,High-value regulars,0.055,Low,10296.0
C10275,Low-spend occasional,0.053,Low,6192.0
C10276,High-value regulars,0.192,Low,9736.0
C10277,High-value regulars,0.121,Low,14901.0
C10278,High-value regulars,0.211,Low,12558.0
C10279,High-value regulars,0.061,Low,12804.0
C10280,Lapsing / dormant,0.454,Medium,6649.0
C10281,Low-spend occasional,0.039,Low,3899.0
C10282,High-value regulars,0.381,Medium,12312.0
C10283,Lapsing / dormant,0.098,Low,5469.0
C10284,High-value regulars,0.097,Low,11794.0
C10285,Lapsing / dormant,0.563,High,8584.0
C10286,Lapsing / dormant,0.507,High,1964.0
C10287,High-value regulars,0.233,Low,10068.0
C10288,High-value regulars,0.081,Low,8123.0
C10289,Lapsing / dormant,0.263,Medium,5395.0
C10290,Low-spend occasional,0.597,High,2723.0
C10291,High-value regulars,0.263,Medium,14715.0
C10292,Lapsing / dormant,0.191,Low,6408.0
C10293,Low-spend occasional,0.111,Low,3965.0
C10294,Lapsing / dormant,0.391,Medium,7545.0
C10295,Lapsing / dormant,0.493,Medium,3883.0
C10296,High-value regulars,0.139,Low,9567.0
C10297,Low-spend occasional,0.036,Low,7382.0
C10298,Lapsing / dormant,0.153,Low,6837.0
C10299,High-value regulars,0.076,Low,12729.0
C10300,Low-spend occasional,0.48,Medium,2059.0
C10301,Lapsing / dormant,0.687,High,8500.0
C10302,Lapsing / dormant,0.216,Low,7631.0
C10303,Lapsing / dormant,0.484,Medium,13633.0
C10304,High-value regulars,0.079,Low,18704.0
C10305,Lapsing / dormant,0.458,Medium,9429.0
C10306,High-value regulars,0.071,Low,9719.0
C10307,Low-spend occasional,0.078,Low,6450.0
C10308,High-value regulars,0.059,Low,13951.0
C10309,Lapsing / dormant,0.426,Medium,6138.0
C10310,Low-spend occasional,0.094,Low,4177.0
C10311,High-value regulars,0.327,Medium,12084.0
C10312,High-value regulars,0.064,Low,17430.0
C10313,Low-spend occasional,0.364,Medium,2401.0
C10314,High-value regulars,0.108,Low,10090.0
C10315,Lapsing / dormant,0.507,High,8723.0
C10316,Lapsing / dormant,0.421,Medium,6626.0
C10317,Lapsing / dormant,0.435,Medium,6323.0
C10318,High-value regulars,0.085,Low,7534.0
C10319,Low-spend occasional,0.113,Low,5853.0
C10320,Low-spend occasional,0.077,Low,5453.0
C10321,High-value regulars,0.046,Low,18868.0
C10322,Low-spend occasional,0.416,Medium,1239.0
C10323,Low-spend occasional,0.29,Medium,5323.0
C10324,High-value regulars,0.116,Low,13380.0
C10325,High-value regulars,0.103,Low,10440.0
C10326,Lapsing / dormant,0.555,High,7591.0
C10327,High-value regulars,0.444,Medium,12663.0
C10328,High-value regulars,0.109,Low,14235.0
C10329,High-value regulars,0.275,Medium,13349.0
C10330,High-value regulars,0.038,Low,9218.0
C10331,Low-spend occasional,0.084,Low,8062.0
C10332,Lapsing / dormant,0.205,Low,9438.0
C10333,Lapsing / dormant,0.318,Medium,5810.0
C10334,Lapsing / dormant,0.311,Medium,4289.0
C10335,High-value regulars,0.133,Low,7639.0
C10336,High-value regulars,0.207,Low,9611.0
C10337,Low-spend occasional,0.042,Low,4666.0
C10338,Lapsing / dormant,0.469,Medium,6471.0
C10339,High-value regulars,0.092,Low,14715.0
C10340,Low-spend occasional,0.063,Low,6201.0
C10341,Lapsing / dormant,0.14,Low,8397.0
C10342,High-value regulars,0.191,Low,9963.0
C10343,Lapsing / dormant,0.103,Low,5605.0
C10344,High-value regulars,0.231,Low,9501.0
C10345,High-value regulars,0.085,Low,22745.0
C10346,High-value regulars,0.109,Low,16821.0
C10347,High-value regulars,0.241,Low,10493.0
C10348,Lapsing / dormant,0.107,Low,12034.0
C10349,High-value regulars,0.092,Low,14493.0
C10350,High-value regulars,0.088,Low,8048.0
C10351,Lapsing / dormant,0.083,Low,7025.0
C10352,Lapsing / dormant,0.268,Medium,6042.0
C10353,Lapsing / dormant,0.703,High,5413.0
C10354,High-value regulars,0.118,Low,12913.0
C10355,High-value regulars,0.261,Medium,9401.0
C10356,High-value regulars,0.153,Low,16253.0
C10357,High-value regulars,0.089,Low,30405.0
C10358,High-value regulars,0.059,Low,5945.0
C10359,High-value regulars,0.109,Low,17222.0
C10360,High-value regulars,0.243,Low,16020.0
C10361,High-value regulars,0.056,Low,13749.0
C10362,Lapsing / dormant,0.343,Medium,12355.0
C10363,High-value regulars,0.098,Low,17283.0
C10364,High-value regulars,0.128,Low,9158.0
C10365,Lapsing / dormant,0.299,Medium,8870.0
C10366,Lapsing / dormant,0.473,Medium,8766.0
C10367,High-value regulars,0.061,Low,14478.0
C10368,Lapsing / dormant,0.315,Medium,9834.0
C10369,Lapsing / dormant,0.258,Medium,7651.0
C10370,Lapsing / dormant,0.299,Medium,5203.0
C10371,Low-spend occasional,0.203,Low,4261.0
C10372,High-value regulars,0.122,Low,16864.0
C10373,High-value regulars,0.126,Low,8988.0
C10374,Lapsing / dormant,0.332,Medium,6591.0
C10375,Low-spend occasional,0.096,Low,5141.0
C10376,Lapsing / dormant,0.704,High,4202.0
C10377,High-value regulars,0.263,Medium,12749.0
C10378,High-value regulars,0.068,Low,27502.0
C10379,Low-spend occasional,0.09,Low,3984.0
C10380,High-value regulars,0.177,Low,12433.0
C10381,Lapsing / dormant,0.283,Medium,8012.0
C10382,High-value regulars,0.14,Low,10252.0
C10383,Low-spend occasional,0.103,Low,5079.0
C10384,High-value regulars,0.23,Low,15284.0
C10385,High-value regulars,0.054,Low,8610.0
C10386,High-value regulars,0.112,Low,21071.0
C10387,Lapsing / dormant,0.174,Low,9295.0
C10388,High-value regulars,0.035,Low,24419.0
C10389,High-value regulars,0.119,Low,11742.0
C10390,Lapsing / dormant,0.613,High,9881.0
C10391,Lapsing / dormant,0.488,Medium,7015.0
C10392,High-value regulars,0.064,Low,20351.0
C10393,Lapsing / dormant,0.521,High,7043.0
C10394,Low-spend occasional,0.266,Medium,6446.0
C10395,Lapsing / dormant,0.685,High,6080.0
C10396,Lapsing / dormant,0.264,Medium,8661.0
C10397,High-value regulars,0.281,Medium,12972.0
C10398,High-value regulars,0.164,Low,12045.0
C10399,Lapsing / dormant,0.279,Medium,7943.0
C10400,High-value regulars,0.097,Low,15301.0
C10401,Low-spend occasional,0.09,Low,2665.0
C10402,Low-spend occasional,0.453,Medium,8089.0
C10403,Lapsing / dormant,0.363,Medium,6140.0
C10404,High-value regulars,0.042,Low,17728.0
C10405,High-value regulars,0.024,Low,20631.0
C10406,Lapsing / dormant,0.5,Medium,4510.0
C10407,Lapsing / dormant,0.355,Medium,6230.0
C10408,Lapsing / dormant,0.195,Low,6371.0
C10409,High-value regulars,0.097,Low,9081.0
C10410,High-value regulars,0.152,Low,9715.0
C10411,Low-spend occasional,0.139,Low,5589.0
C10412,High-value regulars,0.092,Low,14444.0
C10413,High-value regulars,0.12,Low,17373.0
C10414,High-value regulars,0.139,Low,19085.0
C10415,High-value regulars,0.055,Low,12182.0
C10416,High-value regulars,0.269,Medium,17589.0
C10417,Lapsing / dormant,0.914,High,4364.0
C10418,High-value regulars,0.133,Low,15708.0
C10419,High-value regulars,0.091,Low,8555.0
C10420,High-value regulars,0.121,Low,8263.0
C10421,Low-spend occasional,0.284,Medium,2716.0
C10422,High-value regulars,0.109,Low,22185.0
C10423,High-value regulars,0.117,Low,7684.0
C10424,High-value regulars,0.182,Low,8011.0
C10425,High-value regulars,0.455,Medium,10274.0
C10426,High-value regulars,0.038,Low,16344.0
C10427,Lapsing / dormant,0.159,Low,6849.0
C10428,High-value regulars,0.155,Low,14550.0
C10429,Lapsing / dormant,0.484,Medium,9687.0
C10430,High-value regulars,0.11,Low,15431.0
C10431,Lapsing / dormant,0.348,Medium,7637.0
C10432,Lapsing / dormant,0.652,High,3415.0
C10433,High-value regulars,0.278,Medium,9500.0
C10434,Lapsing / dormant,0.557,High,6858.0
C10435,High-value regulars,0.126,Low,11870.0
C10436,Lapsing / dormant,0.152,Low,6763.0
C10437,High-value regulars,0.206,Low,11216.0
C10438,High-value regulars,0.159,Low,15342.0
C10439,Low-spend occasional,0.084,Low,4362.0
C10440,High-value regulars,0.052,Low,12957.0
C10441,Lapsing / dormant,0.084,Low,7651.0
C10442,High-value regulars,0.075,Low,19934.0
C10443,High-value regulars,0.047,Low,26815.0
C10444,Lapsing / dormant,0.395,Medium,5661.0
C10445,High-value regulars,0.153,Low,14609.0
C10446,Lapsing / dormant,0.24,Low,9800.0
C10447,Lapsing / dormant,0.112,Low,5018.0
C10448,Lapsing / dormant,0.056,Low,7497.0
C10449,Lapsing / dormant,0.415,Medium,4203.0
C10450,Low-spend occasional,0.117,Low,1394.0
C10451,Lapsing / dormant,0.12,Low,4880.0
C10452,Lapsing / dormant,0.467,Medium,9491.0
C10453,Lapsing / dormant,0.467,Medium,6457.0
C10454,Lapsing / dormant,0.364,Medium,7273.0
C10455,Lapsing / dormant,0.361,Medium,8469.0
C10456,Low-spend occasional,0.289,Medium,1159.0
C10457,High-value regulars,0.142,Low,11436.0
C10458,High-value regulars,0.077,Low,10033.0
C10459,Low-spend occasional,0.232,Low,1526.0
C10460,Lapsing / dormant,0.203,Low,7971.0
C10461,Low-spend occasional,0.066,Low,8170.0
C10462,High-value regulars,0.185,Low,12565.0
C10463,High-value regulars,0.111,Low,14285.0
C10464,Low-spend occasional,0.147,Low,5459.0
C10465,High-value regulars,0.467,Medium,8901.0
C10466,High-value regulars,0.119,Low,9628.0
C10467,High-value regulars,0.094,Low,16817.0
C10468,Lapsing / dormant,0.47,Medium,7676.0
C10469,High-value regulars,0.218,Low,18394.0
C10470,Lapsing / dormant,0.219,Low,13353.0
C10471,High-value regulars,0.298,Medium,11493.0
C10472,Low-spend occasional,0.205,Low,6185.0
C10473,Lapsing / dormant,0.488,Medium,8445.0
C10474,High-value regulars,0.076,Low,14708.0
C10475,High-value regulars,0.078,Low,14521.0
C10476,Low-spend occasional,0.072,Low,6979.0
C10477,High-value regulars,0.082,Low,11552.0
C10478,Low-spend occasional,0.212,Low,5763.0
C10479,High-value regulars,0.166,Low,9800.0
C10480,Low-spend occasional,0.131,Low,5417.0
C10481,Lapsing / dormant,0.524,High,4779.0
C10482,Lapsing / dormant,0.264,Medium,9445.0
C10483,High-value regulars,0.075,Low,10662.0
C10484,High-value regulars,0.143,Low,7984.0
C10485,Lapsing / dormant,0.416,Medium,8223.0
C10486,High-value regulars,0.239,Low,12135.0
C10487,High-value regulars,0.092,Low,14065.0
C10488,Low-spend occasional,0.195,Low,4012.0
C10489,High-value regulars,0.133,Low,9767.0
C10490,Low-spend occasional,0.101,Low,4934.0
C10491,High-value regulars,0.127,Low,22986.0
C10492,Lapsing / dormant,0.184,Low,8726.0
C10493,High-value regulars,0.094,Low,16528.0
C10494,Lapsing / dormant,0.459,Medium,10677.0
C10495,High-value regulars,0.105,Low,13151.0
C10496,High-value regulars,0.03,Low,13792.0
C10497,Lapsing / dormant,0.116,Low,6563.0
C10498,Lapsing / dormant,0.648,High,3151.0
C10499,High-value regulars,0.03,Low,13788.0
C10500,Lapsing / dormant,0.385,Medium,6644.0
C10501,High-value regulars,0.053,Low,13371.0
C10502,High-value regulars,0.196,Low,13473.0
C10503,Low-spend occasional,0.526,High,5028.0
C10504,Low-spend occasional,0.095,Low,8210.0
C10505,Low-spend occasional,0.154,Low,5440.0
C10506,Lapsing / dormant,0.7,High,4289.0
C10507,Lapsing / dormant,0.208,Low,5334.0
C10508,High-value regulars,0.403,Medium,12473.0
C10509,High-value regulars,0.135,Low,8810.0
C10510,Lapsing / dormant,0.301,Medium,7469.0
C10511,Lapsing / dormant,0.389,Medium,4957.0
C10512,High-value regulars,0.158,Low,10132.0
C10513,Lapsing / dormant,0.082,Low,7626.0
C10514,Low-spend occasional,0.207,Low,6056.0
C10515,High-value regulars,0.149,Low,15670.0
C10516,Lapsing / dormant,0.157,Low,8532.0
C10517,High-value regulars,0.133,Low,10021.0
C10518,High-value regulars,0.1,Low,20560.0
C10519,High-value regulars,0.567,High,11867.0
C10520,Lapsing / dormant,0.218,Low,6114.0
C10521,Lapsing / dormant,0.453,Medium,5047.0
C10522,High-value regulars,0.162,Low,7798.0
C10523,Low-spend occasional,0.678,High,1777.0
C10524,High-value regulars,0.167,Low,7114.0
C10525,Low-spend occasional,0.071,Low,6652.0
C10526,Lapsing / dormant,0.211,Low,8930.0
C10527,Lapsing / dormant,0.233,Low,8705.0
C10528,Lapsing / dormant,0.752,High,5016.0
C10529,Low-spend occasional,0.16,Low,6649.0
C10530,High-value regulars,0.041,Low,10769.0
C10531,Low-spend occasional,0.117,Low,1267.0
C10532,High-value regulars,0.157,Low,11216.0
C10533,High-value regulars,0.019,Low,18358.0
C10534,Lapsing / dormant,0.593,High,16700.0
C10535,High-value regulars,0.066,Low,9346.0
C10536,High-value regulars,0.226,Low,10852.0
C10537,Lapsing / dormant,0.627,High,13069.0
C10538,High-value regulars,0.28,Medium,12237.0
C10539,Lapsing / dormant,0.456,Medium,7876.0
C10540,High-value regulars,0.049,Low,17215.0
C10541,High-value regulars,0.135,Low,13370.0
C10542,Low-spend occasional,0.095,Low,4614.0
C10543,Lapsing / dormant,0.567,High,6769.0
C10544,High-value regulars,0.502,High,13427.0
C10545,Lapsing / dormant,0.199,Low,8029.0
C10546,High-value regulars,0.146,Low,10980.0
C10547,High-value regulars,0.083,Low,15331.0
C10548,High-value regulars,0.237,Low,10575.0
C10549,Low-spend occasional,0.247,Low,4611.0
C10550,High-value regulars,0.047,Low,10680.0
C10551,High-value regulars,0.047,Low,17353.0
C10552,High-value regulars,0.154,Low,11370.0
C10553,High-value regulars,0.098,Low,11743.0
C10554,Low-spend occasional,0.1,Low,5328.0
C10555,Lapsing / dormant,0.191,Low,3357.0
C10556,High-value regulars,0.094,Low,19517.0
C10557,High-value regulars,0.115,Low,13060.0
C10558,Lapsing / dormant,0.22,Low,7315.0
C10559,High-value regulars,0.121,Low,9564.0
C10560,High-value regulars,0.122,Low,7656.0
C10561,Low-spend occasional,0.104,Low,4288.0
C10562,High-value regulars,0.248,Low,12959.0
C10563,Lapsing / dormant,0.621,High,11339.0
C10564,Lapsing / dormant,0.702,High,3446.0
C10565,High-value regulars,0.26,Medium,9639.0
C10566,Lapsing / dormant,0.211,Low,8559.0
C10567,Low-spend occasional,0.179,Low,5749.0
C10568,Lapsing / dormant,0.606,High,7231.0
C10569,Low-spend occasional,0.187,Low,2550.0
C10570,High-value regulars,0.039,Low,12616.0
C10571,High-value regulars,0.141,Low,9786.0
C10572,High-value regulars,0.045,Low,20886.0
C10573,High-value regulars,0.076,Low,16162.0
C10574,Low-spend occasional,0.132,Low,5784.0
C10575,Low-spend occasional,0.062,Low,4950.0
C10576,Low-spend occasional,0.755,High,857.0
C10577,High-value regulars,0.081,Low,9798.0
C10578,High-value regulars,0.08,Low,9675.0
C10579,High-value regulars,0.054,Low,16158.0
C10580,High-value regulars,0.079,Low,13069.0
C10581,High-value regulars,0.33,Medium,8964.0
C10582,High-value regulars,0.079,Low,8719.0
C10583,High-value regulars,0.229,Low,16957.0
C10584,Lapsing / dormant,0.131,Low,6835.0
C10585,Lapsing / dormant,0.732,High,5117.0
C10586,High-value regulars,0.064,Low,15589.0
C10587,High-value regulars,0.065,Low,11492.0
C10588,High-value regulars,0.067,Low,10440.0
C10589,High-value regulars,0.14,Low,11501.0
C10590,High-value regulars,0.073,Low,8578.0
C10591,High-value regulars,0.069,Low,10686.0
C10592,High-value regulars,0.04,Low,9390.0
C10593,Low-spend occasional,0.333,Medium,6388.0
C10594,High-value regulars,0.222,Low,10491.0
C10595,Lapsing / dormant,0.254,Medium,8558.0
C10596,High-value regulars,0.077,Low,10089.0
C10597,Low-spend occasional,0.406,Medium,928.0
C10598,Lapsing / dormant,0.233,Low,6502.0
C10599,Lapsing / dormant,0.157,Low,7052.0
C10600,Lapsing / dormant,0.415,Medium,5014.0
C10601,Lapsing / dormant,0.555,High,10739.0
C10602,High-value regulars,0.03,Low,17791.0
C10603,High-value regulars,0.021,Low,29543.0
C10604,Lapsing / dormant,0.287,Medium,7565.0
C10605,High-value regulars,0.184,Low,13084.0
C10606,Low-spend occasional,0.029,Low,4346.0
C10607,High-value regulars,0.168,Low,14364.0
C10608,Lapsing / dormant,0.595,High,7278.0
C10609,High-value regulars,0.272,Medium,18665.0
C10610,Lapsing / dormant,0.194,Low,3189.0
C10611,Lapsing / dormant,0.285,Medium,2602.0
C10612,High-value regulars,0.203,Low,11150.0
C10613,Low-spend occasional,0.03,Low,6734.0
C10614,High-value regulars,0.232,Low,12285.0
C10615,High-value regulars,0.095,Low,16469.0
C10616,High-value regulars,0.074,Low,9379.0
C10617,High-value regulars,0.196,Low,11906.0
C10618,Low-spend occasional,0.148,Low,4564.0
C10619,High-value regulars,0.216,Low,15401.0
C10620,Lapsing / dormant,0.705,High,4899.0
C10621,High-value regulars,0.163,Low,14407.0
C10622,High-value regulars,0.529,High,13100.0
C10623,High-value regulars,0.07,Low,13146.0
C10624,High-value regulars,0.083,Low,16172.0
C10625,Lapsing / dormant,0.353,Medium,3602.0
C10626,High-value regulars,0.35,Medium,11219.0
C10627,High-value regulars,0.067,Low,14256.0
C10628,Low-spend occasional,0.099,Low,4096.0
C10629,Lapsing / dormant,0.3,Medium,5113.0
C10630,High-value regulars,0.202,Low,11082.0
C10631,Low-spend occasional,0.06,Low,5617.0
C10632,High-value regulars,0.115,Low,8771.0
C10633,High-value regulars,0.066,Low,17601.0
C10634,High-value regulars,0.023,Low,16098.0
C10635,Lapsing / dormant,0.406,Medium,10513.0
C10636,High-value regulars,0.33,Medium,9679.0
C10637,High-value regulars,0.082,Low,15401.0
C10638,Lapsing / dormant,0.89,High,6711.0
C10639,Lapsing / dormant,0.078,Low,6150.0
C10640,High-value regulars,0.112,Low,10957.0
C10641,Low-spend occasional,0.119,Low,3756.0
C10642,High-value regulars,0.14,Low,21877.0
C10643,High-value regulars,0.106,Low,15537.0
C10644,Lapsing / dormant,0.209,Low,4889.0
C10645,High-value regulars,0.175,Low,19059.0
C10646,Lapsing / dormant,0.673,High,7091.0
C10647,High-value regulars,0.101,Low,15286.0
C10648,High-value regulars,0.124,Low,23567.0
C10649,High-value regulars,0.023,Low,9977.0
C10650,Lapsing / dormant,0.172,Low,8311.0
C10651,High-value regulars,0.227,Low,21627.0
C10652,Lapsing / dormant,0.43,Medium,6813.0
C10653,High-value regulars,0.101,Low,22714.0
C10654,High-value regulars,0.089,Low,9246.0
C10655,High-value regulars,0.162,Low,12820.0
C10656,Low-spend occasional,0.082,Low,4914.0
C10657,High-value regulars,0.066,Low,11064.0
C10658,High-value regulars,0.112,Low,15091.0
C10659,High-value regulars,0.247,Low,17882.0
C10660,Low-spend occasional,0.05,Low,5800.0
C10661,Lapsing / dormant,0.128,Low,8673.0
C10662,High-value regulars,0.057,Low,15821.0
C10663,High-value regulars,0.183,Low,11949.0
C10664,Lapsing / dormant,0.103,Low,8564.0
C10665,High-value regulars,0.206,Low,9663.0
C10666,High-value regulars,0.124,Low,10974.0
C10667,Lapsing / dormant,0.868,High,9184.0
C10668,High-value regulars,0.078,Low,14575.0
C10669,High-value regulars,0.121,Low,14398.0
C10670,High-value regulars,0.101,Low,20146.0
C10671,High-value regulars,0.018,Low,15663.0
C10672,High-value regulars,0.17,Low,12286.0
C10673,Lapsing / dormant,0.212,Low,5966.0
C10674,High-value regulars,0.033,Low,17918.0
C10675,High-value regulars,0.207,Low,12371.0
C10676,Lapsing / dormant,0.317,Medium,9051.0
C10677,High-value regulars,0.086,Low,8704.0
C10678,Lapsing / dormant,0.211,Low,12473.0
C10679,High-value regulars,0.036,Low,8704.0
C10680,High-value regulars,0.119,Low,8417.0
C10681,High-value regulars,0.464,Medium,9951.0
C10682,High-value regulars,0.046,Low,14266.0
C10683,Lapsing / dormant,0.295,Medium,8575.0
C10684,Lapsing / dormant,0.1,Low,8339.0
C10685,High-value regulars,0.097,Low,9803.0
C10686,High-value regulars,0.157,Low,14477.0
C10687,Lapsing / dormant,0.172,Low,6278.0
C10688,High-value regulars,0.084,Low,14215.0
C10689,High-value regulars,0.097,Low,12993.0
C10690,Lapsing / dormant,0.27,Medium,7781.0
C10691,High-value regulars,0.13,Low,19418.0
C10692,High-value regulars,0.027,Low,14612.0
C10693,High-value regulars,0.216,Low,7617.0
C10694,Lapsing / dormant,0.76,High,4519.0
C10695,Lapsing / dormant,0.239,Low,10896.0
C10696,Lapsing / dormant,0.252,Medium,11573.0
C10697,Low-spend occasional,0.156,Low,3822.0
C10698,Low-spend occasional,0.099,Low,4495.0
C10699,Low-spend occasional,0.103,Low,8539.0
C10700,Lapsing / dormant,0.565,High,4980.0
C10701,High-value regulars,0.051,Low,9574.0
C10702,High-value regulars,0.061,Low,7630.0
C10703,Lapsing / dormant,0.278,Medium,6229.0
C10704,High-value regulars,0.073,Low,9736.0
C10705,Lapsing / dormant,0.082,Low,6078.0
C10706,Low-spend occasional,0.216,Low,7651.0
C10707,Lapsing / dormant,0.279,Medium,10309.0
C10708,High-value regulars,0.207,Low,13496.0
C10709,Lapsing / dormant,0.297,Medium,2014.0
C10710,Low-spend occasional,0.153,Low,8084.0
C10711,High-value regulars,0.06,Low,21812.0
C10712,Lapsing / dormant,0.382,Medium,7935.0
C10713,Lapsing / dormant,0.358,Medium,11346.0
C10714,Low-spend occasional,0.161,Low,6663.0
C10715,High-value regulars,0.075,Low,10868.0
C10716,Low-spend occasional,0.198,Low,2658.0
C10717,High-value regulars,0.074,Low,8587.0
C10718,High-value regulars,0.203,Low,16353.0
C10719,High-value regulars,0.068,Low,10553.0
C10720,Low-spend occasional,0.203,Low,2502.0
C10721,Low-spend occasional,0.189,Low,3502.0
C10722,Low-spend occasional,0.568,High,2377.0
C10723,High-value regulars,0.126,Low,14051.0
C10724,Low-spend occasional,0.144,Low,4148.0
C10725,Low-spend occasional,0.113,Low,5959.0
C10726,High-value regulars,0.141,Low,9869.0
C10727,Lapsing / dormant,0.256,Medium,12047.0
C10728,High-value regulars,0.205,Low,11953.0
C10729,High-value regulars,0.107,Low,11660.0
C10730,High-value regulars,0.391,Medium,21855.0
C10731,High-value regulars,0.191,Low,7222.0
C10732,Lapsing / dormant,0.401,Medium,7613.0
C10733,Lapsing / dormant,0.406,Medium,5492.0
C10734,Lapsing / dormant,0.643,High,5558.0
C10735,Lapsing / dormant,0.445,Medium,7275.0
C10736,High-value regulars,0.337,Medium,8648.0
C10737,High-value regulars,0.108,Low,13419.0
C10738,Low-spend occasional,0.313,Medium,2242.0
C10739,High-value regulars,0.181,Low,9483.0
C10740,High-value regulars,0.053,Low,22236.0
C10741,High-value regulars,0.165,Low,18003.0
C10742,Lapsing / dormant,0.455,Medium,7399.0
C10743,Lapsing / dormant,0.371,Medium,10394.0
C10744,Low-spend occasional,0.427,Medium,5739.0
C10745,Lapsing / dormant,0.469,Medium,7781.0
C10746,Lapsing / dormant,0.417,Medium,9141.0
C10747,High-value regulars,0.172,Low,13047.0
C10748,Lapsing / dormant,0.498,Medium,8483.0
C10749,Lapsing / dormant,0.303,Medium,8253.0
C10750,High-value regulars,0.039,Low,12172.0
C10751,Lapsing / dormant,0.483,Medium,9129.0
C10752,High-value regulars,0.084,Low,11547.0
C10753,Lapsing / dormant,0.317,Medium,8361.0
C10754,High-value regulars,0.07,Low,11529.0
C10755,Lapsing / dormant,0.436,Medium,10836.0
C10756,High-value regulars,0.044,Low,10827.0
C10757,Low-spend occasional,0.125,Low,5712.0
C10758,Lapsing / dormant,0.367,Medium,10449.0
C10759,High-value regulars,0.162,Low,9974.0
C10760,Low-spend occasional,0.218,Low,3514.0
C10761,Lapsing / dormant,0.657,High,5235.0
C10762,High-value regulars,0.169,Low,14231.0
C10763,Lapsing / dormant,0.396,Medium,5137.0
C10764,Lapsing / dormant,0.323,Medium,6587.0
C10765,Lapsing / dormant,0.341,Medium,14153.0
C10766,High-value regulars,0.084,Low,13842.0
C10767,Lapsing / dormant,0.528,High,10239.0
C10768,High-value regulars,0.173,Low,12084.0
C10769,High-value regulars,0.078,Low,12999.0
C10770,High-value regulars,0.135,Low,9024.0
C10771,Lapsing / dormant,0.28,Medium,5178.0
C10772,High-value regulars,0.091,Low,11218.0
C10773,Lapsing / dormant,0.069,Low,9553.0
C10774,High-value regulars,0.051,Low,14742.0
C10775,High-value regulars,0.064,Low,16319.0
C10776,High-value regulars,0.151,Low,8404.0
C10777,Lapsing / dormant,0.424,Medium,2323.0
C10778,Low-spend occasional,0.058,Low,5239.0
C10779,High-value regulars,0.324,Medium,14763.0
C10780,High-value regulars,0.091,Low,8995.0
C10781,High-value regulars,0.043,Low,19418.0
C10782,High-value regulars,0.066,Low,26204.0
C10783,Lapsing / dormant,0.224,Low,7266.0
C10784,Lapsing / dormant,0.612,High,4809.0
C10785,Lapsing / dormant,0.148,Low,7091.0
C10786,Low-spend occasional,0.121,Low,4092.0
C10787,High-value regulars,0.366,Medium,15254.0
C10788,High-value regulars,0.128,Low,9399.0
C10789,High-value regulars,0.13,Low,14672.0
C10790,High-value regulars,0.022,Low,25944.0
C10791,Lapsing / dormant,0.277,Medium,8771.0
C10792,Lapsing / dormant,0.483,Medium,11416.0
C10793,High-value regulars,0.333,Medium,13809.0
C10794,Low-spend occasional,0.085,Low,8008.0
C10795,High-value regulars,0.117,Low,8891.0
C10796,Lapsing / dormant,0.207,Low,4781.0
C10797,Lapsing / dormant,0.505,High,5428.0
C10798,Lapsing / dormant,0.165,Low,7675.0
C10799,Lapsing / dormant,0.678,High,17497.0
C10800,Lapsing / dormant,0.72,High,9439.0
C10801,Lapsing / dormant,0.217,Low,13865.0
C10802,High-value regulars,0.202,Low,21597.0
C10803,Lapsing / dormant,0.75,High,4590.0
C10804,High-value regulars,0.284,Medium,20095.0
C10805,High-value regulars,0.348,Medium,13419.0
C10806,Lapsing / dormant,0.3,Medium,5522.0
C10807,High-value regulars,0.217,Low,8452.0
C10808,Low-spend occasional,0.044,Low,6911.0
C10809,Low-spend occasional,0.246,Low,4076.0
C10810,Lapsing / dormant,0.26,Medium,6885.0
C10811,High-value regulars,0.069,Low,13978.0
C10812,Lapsing / dormant,0.427,Medium,6241.0
C10813,High-value regulars,0.027,Low,22258.0
C10814,Low-spend occasional,0.158,Low,6731.0
C10815,Lapsing / dormant,0.341,Medium,10487.0
C10816,High-value regulars,0.072,Low,9822.0
C10817,High-value regulars,0.126,Low,10036.0
C10818,High-value regulars,0.075,Low,15788.0
C10819,High-value regulars,0.244,Low,27949.0
C10820,Low-spend occasional,0.3,Medium,3719.0
C10821,High-value regulars,0.114,Low,14649.0
C10822,High-value regulars,0.148,Low,20448.0
C10823,High-value regulars,0.015,Low,28124.0
C10824,Low-spend occasional,0.04,Low,5777.0
C10825,High-value regulars,0.124,Low,18047.0
C10826,High-value regulars,0.082,Low,16438.0
C10827,High-value regulars,0.109,Low,27891.0
C10828,Lapsing / dormant,0.473,Medium,6094.0
C10829,Lapsing / dormant,0.294,Medium,7212.0
C10830,High-value regulars,0.067,Low,11727.0
C10831,High-value regulars,0.202,Low,12696.0
C10832,High-value regulars,0.056,Low,15971.0
C10833,High-value regulars,0.055,Low,21922.0
C10834,Lapsing / dormant,0.108,Low,10483.0
C10835,Lapsing / dormant,0.167,Low,10771.0
C10836,High-value regulars,0.071,Low,13436.0
C10837,High-value regulars,0.118,Low,13378.0
C10838,Low-spend occasional,0.097,Low,5773.0
C10839,High-value regulars,0.02,Low,27509.0
C10840,High-value regulars,0.084,Low,8930.0
C10841,High-value regulars,0.081,Low,10574.0
C10842,Lapsing / dormant,0.37,Medium,9116.0
C10843,Lapsing / dormant,0.526,High,4977.0
C10844,Lapsing / dormant,0.391,Medium,9128.0
C10845,High-value regulars,0.25,Low,12459.0
C10846,Low-spend occasional,0.094,Low,3999.0
C10847,High-value regulars,0.13,Low,13683.0
C10848,Lapsing / dormant,0.217,Low,5857.0
C10849,High-value regulars,0.071,Low,13498.0
C10850,Lapsing / dormant,0.404,Medium,4999.0
C10851,Lapsing / dormant,0.206,Low,13436.0
C10852,Lapsing / dormant,0.284,Medium,7695.0
C10853,High-value regulars,0.044,Low,11702.0
C10854,High-value regulars,0.139,Low,8674.0
C10855,Lapsing / dormant,0.456,Medium,8791.0
C10856,Lapsing / dormant,0.141,Low,9608.0
C10857,High-value regulars,0.044,Low,19661.0
C10858,High-value regulars,0.185,Low,10805.0
C10859,High-value regulars,0.229,Low,15117.0
C10860,High-value regulars,0.023,Low,22431.0
C10861,High-value regulars,0.053,Low,24911.0
C10862,Lapsing / dormant,0.634,High,9678.0
C10863,Lapsing / dormant,0.189,Low,7892.0
C10864,Lapsing / dormant,0.274,Medium,8089.0
C10865,High-value regulars,0.061,Low,14034.0
C10866,High-value regulars,0.066,Low,9987.0
C10867,High-value regulars,0.043,Low,18100.0
C10868,High-value regulars,0.285,Medium,10570.0
C10869,High-value regulars,0.128,Low,13609.0
C10870,Lapsing / dormant,0.249,Low,9341.0
C10871,Lapsing / dormant,0.559,High,6110.0
C10872,Low-spend occasional,0.09,Low,7838.0
C10873,Lapsing / dormant,0.491,Medium,3648.0
C10874,High-value regulars,0.104,Low,13636.0
C10875,High-value regulars,0.243,Low,9335.0
C10876,High-value regulars,0.093,Low,20845.0
C10877,Lapsing / dormant,0.555,High,7891.0
C10878,Lapsing / dormant,0.476,Medium,5561.0
C10879,High-value regulars,0.141,Low,15797.0
C10880,Low-spend occasional,0.038,Low,4232.0
C10881,Lapsing / dormant,0.32,Medium,5156.0
C10882,Low-spend occasional,0.117,Low,5463.0
C10883,Lapsing / dormant,0.88,High,6975.0
C10884,Lapsing / dormant,0.242,Low,9584.0
C10885,High-value regulars,0.077,Low,14925.0
C10886,High-value regulars,0.506,High,15062.0
C10887,Lapsing / dormant,0.503,High,7134.0
C10888,High-value regulars,0.106,Low,13722.0
C10889,High-value regulars,0.125,Low,19570.0
C10890,High-value regulars,0.126,Low,15258.0
C10891,Lapsing / dormant,0.274,Medium,8805.0
C10892,Lapsing / dormant,0.169,Low,7195.0
C10893,High-value regulars,0.097,Low,10590.0
C10894,Low-spend occasional,0.051,Low,6626.0
C10895,Lapsing / dormant,0.729,High,6369.0
C10896,High-value regulars,0.062,Low,20279.0
C10897,High-value regulars,0.095,Low,11710.0
C10898,Lapsing / dormant,0.284,Medium,6358.0
C10899,High-value regulars,0.356,Medium,11649.0
C10900,High-value regulars,0.306,Medium,14496.0
C10901,Lapsing / dormant,0.089,Low,9485.0
C10902,High-value regulars,0.081,Low,10292.0
C10903,High-value regulars,0.22,Low,9880.0
C10904,Low-spend occasional,0.251,Medium,6700.0
C10905,Low-spend occasional,0.138,Low,5185.0
C10906,High-value regulars,0.142,Low,14010.0
C10907,High-value regulars,0.03,Low,26933.0
C10908,High-value regulars,0.052,Low,12444.0
C10909,Lapsing / dormant,0.349,Medium,12345.0
C10910,Low-spend occasional,0.233,Low,5546.0
C10911,Lapsing / dormant,0.174,Low,6545.0
C10912,High-value regulars,0.185,Low,10165.0
C10913,Lapsing / dormant,0.24,Low,6542.0
C10914,High-value regulars,0.17,Low,6408.0
C10915,High-value regulars,0.041,Low,14944.0
C10916,Lapsing / dormant,0.582,High,6628.0
C10917,Lapsing / dormant,0.388,Medium,8221.0
C10918,Low-spend occasional,0.1,Low,8119.0
C10919,High-value regulars,0.212,Low,9813.0
C10920,Low-spend occasional,0.072,Low,6286.0
C10921,Lapsing / dormant,0.255,Medium,11449.0
C10922,Lapsing / dormant,0.505,High,7490.0
C10923,Lapsing / dormant,0.271,Medium,10421.0
C10924,High-value regulars,0.12,Low,12480.0
C10925,High-value regulars,0.043,Low,16137.0
C10926,High-value regulars,0.046,Low,11458.0
C10927,Lapsing / dormant,0.142,Low,5979.0
C10928,High-value regulars,0.049,Low,13692.0
C10929,Lapsing / dormant,0.078,Low,10942.0
C10930,High-value regulars,0.053,Low,18313.0
C10931,High-value regulars,0.05,Low,16927.0
C10932,Lapsing / dormant,0.051,Low,7702.0
C10933,High-value regulars,0.074,Low,9649.0
C10934,Lapsing / dormant,0.464,Medium,8376.0
C10935,High-value regulars,0.161,Low,22513.0
C10936,Low-spend occasional,0.277,Medium,5365.0
C10937,Lapsing / dormant,0.679,High,9915.0
C10938,High-value regulars,0.156,Low,8783.0
C10939,High-value regulars,0.165,Low,11306.0
C10940,Lapsing / dormant,0.103,Low,6980.0
C10941,High-value regulars,0.083,Low,9998.0
C10942,High-value regulars,0.127,Low,17592.0
C10943,High-value regulars,0.097,Low,11276.0
C10944,High-value regulars,0.163,Low,9841.0
C10945,Low-spend occasional,0.078,Low,2798.0
C10946,High-value regulars,0.261,Medium,14129.0
C10947,Low-spend occasional,0.248,Low,4634.0
C10948,Low-spend occasional,0.353,Medium,1210.0
C10949,High-value regulars,0.095,Low,11602.0
C10950,High-value regulars,0.051,Low,22769.0
C10951,High-value regulars,0.063,Low,15712.0
C10952,High-value regulars,0.268,Medium,8005.0
C10953,Lapsing / dormant,0.399,Medium,5917.0
C10954,Lapsing / dormant,0.184,Low,8799.0
C10955,High-value regulars,0.062,Low,7638.0
C10956,High-value regulars,0.084,Low,21500.0
C10957,High-value regulars,0.063,Low,6452.0
C10958,Lapsing / dormant,0.35,Medium,7596.0
C10959,High-value regulars,0.101,Low,7923.0
C10960,Lapsing / dormant,0.296,Medium,7241.0
C10961,High-value regulars,0.062,Low,18326.0
C10962,Lapsing / dormant,0.392,Medium,4609.0
C10963,Lapsing / dormant,0.451,Medium,6878.0
C10964,High-value regulars,0.045,Low,21552.0
C10965,Low-spend occasional,0.125,Low,4723.0
C10966,High-value regulars,0.052,Low,14143.0
C10967,High-value regulars,0.08,Low,7796.0
C10968,High-value regulars,0.28,Medium,14886.0
C10969,High-value regulars,0.097,Low,11065.0
C10970,High-value regulars,0.328,Medium,13976.0
C10971,High-value regulars,0.067,Low,23466.0
C10972,Low-spend occasional,0.19,Low,7160.0
C10973,Low-spend occasional,0.251,Medium,4677.0
C10974,Low-spend occasional,0.098,Low,5159.0
C10975,High-value regulars,0.077,Low,19530.0
C10976,Lapsing / dormant,0.353,Medium,5950.0
C10977,High-value regulars,0.074,Low,13856.0
C10978,Lapsing / dormant,0.582,High,9459.0
C10979,High-value regulars,0.167,Low,17951.0
C10980,High-value regulars,0.095,Low,11853.0
C10981,High-value regulars,0.251,Medium,12857.0
C10982,High-value regulars,0.103,Low,12208.0
C10983,High-value regulars,0.212,Low,16689.0
C10984,High-value regulars,0.321,Medium,10247.0
C10985,High-value regulars,0.061,Low,18989.0
C10986,High-value regulars,0.075,Low,14213.0
C10987,Low-spend occasional,0.044,Low,2717.0
C10988,Lapsing / dormant,0.24,Low,7170.0
C10989,High-value regulars,0.215,Low,10070.0
C10990,High-value regulars,0.227,Low,13232.0
C10991,High-value regulars,0.088,Low,14470.0
C10992,Low-spend occasional,0.22,Low,4907.0
C10993,Lapsing / dormant,0.135,Low,5565.0
C10994,High-value regulars,0.025,Low,18280.0
C10995,Lapsing / dormant,0.641,High,10993.0
C10996,Lapsing / dormant,0.661,High,5416.0
C10997,High-value regulars,0.164,Low,10905.0
C10998,High-value regulars,0.149,Low,9033.0
C10999,High-value regulars,0.066,Low,22681.0
C11000,Low-spend occasional,0.209,Low,3419.0
C11001,Lapsing / dormant,0.307,Medium,9505.0
C11002,High-value regulars,0.121,Low,12826.0
C11003,High-value regulars,0.142,Low,8655.0
C11004,High-value regulars,0.114,Low,14224.0
C11005,Lapsing / dormant,0.731,High,4362.0
C11006,High-value regulars,0.169,Low,12394.0
C11007,High-value regulars,0.083,Low,16910.0
C11008,Low-spend occasional,0.055,Low,6520.0
C11009,Lapsing / dormant,0.118,Low,10704.0
C11010,Low-spend occasional,0.111,Low,6443.0
C11011,High-value regulars,0.106,Low,15298.0
C11012,High-value regulars,0.294,Medium,13154.0
C11013,Lapsing / dormant,0.172,Low,4865.0
C11014,High-value regulars,0.035,Low,20433.0
C11015,Low-spend occasional,0.459,Medium,1923.0
C11016,High-value regulars,0.312,Medium,12483.0
C11017,High-value regulars,0.059,Low,11050.0
C11018,Lapsing / dormant,0.186,Low,3874.0
C11019,High-value regulars,0.042,Low,23940.0
C11020,High-value regulars,0.027,Low,21096.0
C11021,Lapsing / dormant,0.248,Low,7693.0
C11022,Lapsing / dormant,0.159,Low,9449.0
C11023,High-value regulars,0.089,Low,21366.0
C11024,Lapsing / dormant,0.338,Medium,12389.0
C11025,High-value regulars,0.073,Low,12735.0
C11026,High-value regulars,0.219,Low,13924.0
C11027,High-value regulars,0.054,Low,8159.0
C11028,Lapsing / dormant,0.232,Low,7640.0
C11029,High-value regulars,0.048,Low,17664.0
C11030,Lapsing / dormant,0.159,Low,5738.0
C11031,Lapsing / dormant,0.339,Medium,7026.0
C11032,Lapsing / dormant,0.349,Medium,6970.0
C11033,High-value regulars,0.188,Low,10053.0
C11034,High-value regulars,0.22,Low,10884.0
C11035,High-value regulars,0.223,Low,19573.0
C11036,High-value regulars,0.325,Medium,19372.0
C11037,Lapsing / dormant,0.299,Medium,1841.0
C11038,High-value regulars,0.21,Low,9930.0
C11039,Lapsing / dormant,0.212,Low,7188.0
C11040,Lapsing / dormant,0.135,Low,5921.0
C11041,Low-spend occasional,0.136,Low,3378.0
C11042,Lapsing / dormant,0.114,Low,9035.0
C11043,Low-spend occasional,0.355,Medium,6125.0
C11044,Lapsing / dormant,0.095,Low,5472.0
C11045,High-value regulars,0.104,Low,13167.0
C11046,High-value regulars,0.12,Low,9494.0
C11047,High-value regulars,0.113,Low,5368.0
C11048,High-value regulars,0.134,Low,14896.0
C11049,Lapsing / dormant,0.688,High,10195.0
C11050,Low-spend occasional,0.214,Low,4932.0
C11051,Low-spend occasional,0.392,Medium,6373.0
C11052,High-value regulars,0.125,Low,7435.0
C11053,High-value regulars,0.397,Medium,14057.0
C11054,High-value regulars,0.322,Medium,13101.0
C11055,High-value regulars,0.4,Medium,16057.0
C11056,Lapsing / dormant,0.35,Medium,9521.0
C11057,High-value regulars,0.145,Low,8749.0
C11058,High-value regulars,0.082,Low,25316.0
C11059,High-value regulars,0.076,Low,12279.0
C11060,Lapsing / dormant,0.216,Low,8991.0
C11061,High-value regulars,0.154,Low,19027.0
C11062,Lapsing / dormant,0.623,High,9187.0
C11063,High-value regulars,0.09,Low,9165.0
C11064,High-value regulars,0.05,Low,7584.0
C11065,High-value regulars,0.021,Low,13385.0
C11066,Lapsing / dormant,0.497,Medium,4323.0
C11067,High-value regulars,0.145,Low,13943.0
C11068,High-value regulars,0.083,Low,11406.0
C11069,Lapsing / dormant,0.561,High,10415.0
C11070,Lapsing / dormant,0.367,Medium,3064.0
C11071,High-value regulars,0.102,Low,8893.0
C11072,High-value regulars,0.162,Low,12133.0
C11073,High-value regulars,0.06,Low,12478.0
C11074,Lapsing / dormant,0.289,Medium,7010.0
C11075,Lapsing / dormant,0.893,High,5135.0
C11076,Low-spend occasional,0.281,Medium,4720.0
C11077,Lapsing / dormant,0.118,Low,7856.0
C11078,Lapsing / dormant,0.327,Medium,3183.0
C11079,Low-spend occasional,0.19,Low,6479.0
C11080,Lapsing / dormant,0.587,High,7276.0
C11081,High-value regulars,0.528,High,15090.0
C11082,Lapsing / dormant,0.227,Low,7490.0
C11083,High-value regulars,0.071,Low,22686.0
C11084,High-value regulars,0.106,Low,15139.0
C11085,High-value regulars,0.23,Low,9859.0
C11086,Lapsing / dormant,0.168,Low,10077.0
C11087,Lapsing / dormant,0.167,Low,7069.0
C11088,High-value regulars,0.129,Low,15112.0
C11089,High-value regulars,0.116,Low,14452.0
C11090,High-value regulars,0.152,Low,19968.0
C11091,Lapsing / dormant,0.209,Low,9006.0
C11092,Low-spend occasional,0.113,Low,6429.0
C11093,High-value regulars,0.174,Low,13898.0
C11094,High-value regulars,0.345,Medium,7840.0
C11095,High-value regulars,0.113,Low,12667.0
C11096,High-value regulars,0.058,Low,10776.0
C11097,High-value regulars,0.086,Low,22056.0
C11098,High-value regulars,0.138,Low,13474.0
C11099,Lapsing / dormant,0.092,Low,5310.0
C11100,Lapsing / dormant,0.156,Low,9258.0
C11101,High-value regulars,0.077,Low,14697.0
C11102,High-value regulars,0.062,Low,10548.0
C11103,Low-spend occasional,0.317,Medium,6228.0
C11104,High-value regulars,0.192,Low,17667.0
C11105,Lapsing / dormant,0.233,Low,9810.0
C11106,Lapsing / dormant,0.351,Medium,4170.0
C11107,High-value regulars,0.139,Low,11636.0
C11108,High-value regulars,0.136,Low,15595.0
C11109,High-value regulars,0.088,Low,17713.0
C11110,Lapsing / dormant,0.334,Medium,11319.0
C11111,High-value regulars,0.099,Low,10309.0
C11112,High-value regulars,0.111,Low,9120.0
C11113,Lapsing / dormant,0.128,Low,8102.0
C11114,Low-spend occasional,0.106,Low,4342.0
C11115,High-value regulars,0.362,Medium,13691.0
C11116,Lapsing / dormant,0.316,Medium,6357.0
C11117,Lapsing / dormant,0.316,Medium,10439.0
C11118,High-value regulars,0.13,Low,8768.0
C11119,High-value regulars,0.093,Low,17978.0
C11120,Lapsing / dormant,0.104,Low,8309.0
C11121,High-value regulars,0.084,Low,11796.0
C11122,Lapsing / dormant,0.333,Medium,6502.0
C11123,Lapsing / dormant,0.57,High,9518.0
C11124,High-value regulars,0.185,Low,11330.0
C11125,High-value regulars,0.133,Low,8954.0
C11126,High-value regulars,0.04,Low,7647.0
C11127,Low-spend occasional,0.031,Low,4334.0
C11128,Lapsing / dormant,0.083,Low,10218.0
C11129,High-value regulars,0.172,Low,20068.0
C11130,Lapsing / dormant,0.671,High,6843.0
C11131,Lapsing / dormant,0.579,High,7095.0
C11132,Lapsing / dormant,0.217,Low,6063.0
C11133,High-value regulars,0.079,Low,8827.0
C11134,High-value regulars,0.311,Medium,11196.0
C11135,High-value regulars,0.061,Low,19669.0
C11136,High-value regulars,0.353,Medium,11260.0
C11137,High-value regulars,0.078,Low,15873.0
C11138,Lapsing / dormant,0.382,Medium,10723.0
C11139,Low-spend occasional,0.179,Low,4623.0
C11140,Lapsing / dormant,0.472,Medium,9729.0
C11141,Low-spend occasional,0.154,Low,2696.0
C11142,Low-spend occasional,0.587,High,2250.0
C11143,High-value regulars,0.097,Low,28678.0
C11144,High-value regulars,0.15,Low,10752.0
C11145,Low-spend occasional,0.131,Low,6702.0
C11146,Lapsing / dormant,0.179,Low,4269.0
C11147,High-value regulars,0.13,Low,10845.0
C11148,Low-spend occasional,0.112,Low,6114.0
C11149,Low-spend occasional,0.053,Low,7498.0
C11150,High-value regulars,0.195,Low,10972.0
C11151,Lapsing / dormant,0.65,High,1157.0
C11152,High-value regulars,0.285,Medium,12661.0
C11153,High-value regulars,0.178,Low,6789.0
C11154,High-value regulars,0.097,Low,7871.0
C11155,Lapsing / dormant,0.684,High,6597.0
C11156,Lapsing / dormant,0.206,Low,9212.0
C11157,High-value regulars,0.158,Low,14645.0
C11158,Lapsing / dormant,0.396,Medium,1658.0
C11159,High-value regulars,0.05,Low,11808.0
C11160,Low-spend occasional,0.064,Low,7301.0
C11161,High-value regulars,0.034,Low,15304.0
C11162,High-value regulars,0.149,Low,10946.0
C11163,Lapsing / dormant,0.51,High,6187.0
C11164,High-value regulars,0.209,Low,11387.0
C11165,High-value regulars,0.163,Low,14418.0
C11166,Lapsing / dormant,0.29,Medium,7233.0
C11167,Lapsing / dormant,0.23,Low,10663.0
C11168,Lapsing / dormant,0.909,High,8649.0
C11169,Low-spend occasional,0.059,Low,2385.0
C11170,High-value regulars,0.137,Low,16600.0
C11171,High-value regulars,0.083,Low,11077.0
C11172,High-value regulars,0.083,Low,30982.0
C11173,Lapsing / dormant,0.498,Medium,5348.0
C11174,High-value regulars,0.534,High,14203.0
C11175,High-value regulars,0.35,Medium,15701.0
C11176,High-value regulars,0.093,Low,13623.0
C11177,Lapsing / dormant,0.454,Medium,8033.0
C11178,Lapsing / dormant,0.32,Medium,9621.0
C11179,Low-spend occasional,0.182,Low,6401.0
C11180,Lapsing / dormant,0.49,Medium,9082.0
C11181,High-value regulars,0.13,Low,24892.0
C11182,Lapsing / dormant,0.158,Low,13322.0
C11183,Low-spend occasional,0.291,Medium,5470.0
C11184,Low-spend occasional,0.078,Low,7265.0
C11185,High-value regulars,0.114,Low,18296.0
C11186,Low-spend occasional,0.09,Low,7299.0
C11187,High-value regulars,0.151,Low,11949.0
C11188,Lapsing / dormant,0.182,Low,8402.0
C11189,Lapsing / dormant,0.384,Medium,10660.0
C11190,High-value regulars,0.221,Low,11681.0
C11191,High-value regulars,0.044,Low,21689.0
C11192,Lapsing / dormant,0.455,Medium,8691.0
C11193,High-value regulars,0.102,Low,11155.0
C11194,Lapsing / dormant,0.681,High,4676.0
C11195,Lapsing / dormant,0.242,Low,10839.0
C11196,High-value regulars,0.157,Low,14410.0
C11197,Lapsing / dormant,0.492,Medium,4384.0
C11198,Low-spend occasional,0.102,Low,3599.0
C11199,Lapsing / dormant,0.167,Low,6358.0
C11200,High-value regulars,0.117,Low,11613.0
C11201,Lapsing / dormant,0.518,High,6232.0
C11202,Low-spend occasional,0.099,Low,4620.0
C11203,High-value regulars,0.115,Low,9595.0
C11204,High-value regulars,0.107,Low,19049.0
C11205,Lapsing / dormant,0.218,Low,6559.0
C11206,High-value regulars,0.183,Low,16489.0
C11207,Low-spend occasional,0.363,Medium,3709.0
C11208,High-value regulars,0.16,Low,26791.0
C11209,Lapsing / dormant,0.589,High,6355.0
C11210,High-value regulars,0.07,Low,17659.0
C11211,High-value regulars,0.085,Low,17562.0
C11212,Lapsing / dormant,0.559,High,7908.0
C11213,Lapsing / dormant,0.221,Low,10069.0
C11214,High-value regulars,0.119,Low,15151.0
C11215,Lapsing / dormant,0.173,Low,9249.0
C11216,Lapsing / dormant,0.475,Medium,7818.0
C11217,High-value regulars,0.16,Low,17908.0
C11218,Lapsing / dormant,0.344,Medium,7303.0
C11219,High-value regulars,0.182,Low,9427.0
C11220,Lapsing / dormant,0.162,Low,9781.0
C11221,High-value regulars,0.03,Low,19476.0
C11222,Low-spend occasional,0.336,Medium,5379.0
C11223,Low-spend occasional,0.23,Low,7579.0
C11224,High-value regulars,0.02,Low,21011.0
C11225,Lapsing / dormant,0.213,Low,7577.0
C11226,High-value regulars,0.11,Low,12942.0
C11227,High-value regulars,0.05,Low,11979.0
C11228,Low-spend occasional,0.378,Medium,5515.0
C11229,High-value regulars,0.103,Low,19924.0
C11230,High-value regulars,0.096,Low,13539.0
C11231,Lapsing / dormant,0.282,Medium,8966.0
C11232,Lapsing / dormant,0.534,High,12383.0
C11233,High-value regulars,0.138,Low,18464.0
C11234,High-value regulars,0.045,Low,14692.0
C11235,Low-spend occasional,0.403,Medium,4043.0
C11236,High-value regulars,0.315,Medium,13110.0
C11237,High-value regulars,0.092,Low,16133.0
C11238,High-value regulars,0.097,Low,15421.0
C11239,Low-spend occasional,0.175,Low,5014.0
C11240,High-value regulars,0.101,Low,11805.0
C11241,Lapsing / dormant,0.189,Low,7140.0
C11242,Low-spend occasional,0.706,High,2217.0
C11243,High-value regulars,0.218,Low,7002.0
C11244,High-value regulars,0.11,Low,12091.0
C11245,Lapsing / dormant,0.577,High,6069.0
C11246,Lapsing / dormant,0.218,Low,6674.0
C11247,High-value regulars,0.075,Low,10761.0
C11248,High-value regulars,0.045,Low,9630.0
C11249,Lapsing / dormant,0.537,High,6846.0
C11250,High-value regulars,0.088,Low,23250.0
C11251,High-value regulars,0.069,Low,19251.0
C11252,High-value regulars,0.054,Low,7586.0
C11253,High-value regulars,0.181,Low,9841.0
C11254,High-value regulars,0.229,Low,7671.0
C11255,Low-spend occasional,0.145,Low,3022.0
C11256,Lapsing / dormant,0.47,Medium,7341.0
C11257,High-value regulars,0.086,Low,10229.0
C11258,High-value regulars,0.131,Low,12178.0
C11259,High-value regulars,0.263,Medium,14201.0
C11260,High-value regulars,0.115,Low,10399.0
C11261,Low-spend occasional,0.103,Low,4173.0
C11262,Lapsing / dormant,0.492,Medium,7931.0
C11263,Lapsing / dormant,0.369,Medium,6830.0
C11264,High-value regulars,0.171,Low,20020.0
C11265,High-value regulars,0.16,Low,9930.0
C11266,High-value regulars,0.178,Low,16100.0
C11267,High-value regulars,0.149,Low,11325.0
C11268,Lapsing / dormant,0.125,Low,10328.0
C11269,Lapsing / dormant,0.523,High,11625.0
C11270,High-value regulars,0.054,Low,11745.0
C11271,High-value regulars,0.107,Low,15398.0
C11272,Low-spend occasional,0.17,Low,6011.0
C11273,Lapsing / dormant,0.185,Low,8445.0
C11274,Lapsing / dormant,0.118,Low,5851.0
C11275,Lapsing / dormant,0.629,High,10667.0
C11276,Low-spend occasional,0.448,Medium,3634.0
C11277,Lapsing / dormant,0.07,Low,8230.0
C11278,High-value regulars,0.144,Low,10756.0
C11279,High-value regulars,0.117,Low,13327.0
C11280,Lapsing / dormant,0.28,Medium,9123.0
C11281,High-value regulars,0.185,Low,9966.0
C11282,High-value regulars,0.121,Low,15101.0
C11283,Lapsing / dormant,0.22,Low,6487.0
C11284,Lapsing / dormant,0.438,Medium,12700.0
C11285,High-value regulars,0.103,Low,11411.0
C11286,High-value regulars,0.075,Low,10432.0
C11287,Lapsing / dormant,0.176,Low,10259.0
C11288,Lapsing / dormant,0.476,Medium,5439.0
C11289,Low-spend occasional,0.284,Medium,4091.0
C11290,High-value regulars,0.067,Low,10525.0
C11291,Lapsing / dormant,0.745,High,4599.0
C11292,Lapsing / dormant,0.627,High,5652.0
C11293,Lapsing / dormant,0.439,Medium,5904.0
C11294,High-value regulars,0.066,Low,11085.0
C11295,High-value regulars,0.117,Low,22387.0
C11296,High-value regulars,0.1,Low,22070.0
C11297,Lapsing / dormant,0.137,Low,6724.0
C11298,High-value regulars,0.05,Low,13054.0
C11299,Lapsing / dormant,0.307,Medium,6734.0
C11300,High-value regulars,0.046,Low,16833.0
C11301,High-value regulars,0.138,Low,11452.0
C11302,High-value regulars,0.16,Low,9244.0
C11303,Lapsing / dormant,0.295,Medium,6317.0
C11304,High-value regulars,0.062,Low,8136.0
C11305,Low-spend occasional,0.093,Low,3067.0
C11306,Low-spend occasional,0.231,Low,6013.0
C11307,Lapsing / dormant,0.418,Medium,7696.0
C11308,High-value regulars,0.196,Low,9108.0
C11309,High-value regulars,0.068,Low,15853.0
C11310,High-value regulars,0.044,Low,29357.0
C11311,High-value regulars,0.043,Low,12985.0
C11312,Low-spend occasional,0.083,Low,2812.0
C11313,High-value regulars,0.115,Low,14326.0
C11314,High-value regulars,0.068,Low,19109.0
C11315,High-value regulars,0.088,Low,25292.0
C11316,High-value regulars,0.12,Low,13402.0
C11317,High-value regulars,0.13,Low,11323.0
C11318,Low-spend occasional,0.077,Low,3072.0
C11319,High-value regulars,0.272,Medium,14914.0
C11320,High-value regulars,0.161,Low,12545.0
C11321,Lapsing / dormant,0.67,High,6828.0
C11322,High-value regulars,0.166,Low,13203.0
C11323,Lapsing / dormant,0.12,Low,6865.0
C11324,Lapsing / dormant,0.197,Low,7008.0
C11325,Lapsing / dormant,0.442,Medium,8980.0
C11326,High-value regulars,0.12,Low,9960.0
C11327,Lapsing / dormant,0.165,Low,5954.0
C11328,Lapsing / dormant,0.668,High,10836.0
C11329,Lapsing / dormant,0.344,Medium,7128.0
C11330,High-value regulars,0.052,Low,18045.0
C11331,High-value regulars,0.204,Low,9371.0
C11332,Lapsing / dormant,0.22,Low,6247.0
C11333,Low-spend occasional,0.235,Low,2253.0
C11334,High-value regulars,0.051,Low,18031.0
C11335,High-value regulars,0.353,Medium,8786.0
C11336,Lapsing / dormant,0.547,High,4012.0
C11337,Lapsing / dormant,0.338,Medium,8054.0
C11338,High-value regulars,0.038,Low,19353.0
C11339,Lapsing / dormant,0.743,High,1533.0
C11340,High-value regulars,0.102,Low,17130.0
C11341,High-value regulars,0.051,Low,15034.0
C11342,Lapsing / dormant,0.352,Medium,8909.0
C11343,High-value regulars,0.24,Low,7757.0
C11344,High-value regulars,0.117,Low,14528.0
C11345,High-value regulars,0.23,Low,11289.0
C11346,Low-spend occasional,0.175,Low,5584.0
C11347,High-value regulars,0.054,Low,18736.0
C11348,High-value regulars,0.158,Low,9959.0
C11349,Lapsing / dormant,0.158,Low,8524.0
C11350,High-value regulars,0.156,Low,9212.0
C11351,High-value regulars,0.049,Low,18004.0
C11352,Lapsing / dormant,0.336,Medium,8001.0
C11353,Lapsing / dormant,0.442,Medium,4003.0
C11354,High-value regulars,0.063,Low,8292.0
C11355,Lapsing / dormant,0.477,Medium,4662.0
C11356,High-value regulars,0.065,Low,17666.0
C11357,High-value regulars,0.016,Low,14767.0
C11358,High-value regulars,0.148,Low,13697.0
C11359,Lapsing / dormant,0.23,Low,10397.0
C11360,Low-spend occasional,0.097,Low,7103.0
C11361,Lapsing / dormant,0.298,Medium,8144.0
C11362,High-value regulars,0.429,Medium,12773.0
C11363,High-value regulars,0.19,Low,15499.0
C11364,High-value regulars,0.091,Low,11047.0
C11365,High-value regulars,0.234,Low,16619.0
C11366,High-value regulars,0.276,Medium,13529.0
C11367,Lapsing / dormant,0.334,Medium,15101.0
C11368,High-value regulars,0.207,Low,15473.0
C11369,Low-spend occasional,0.106,Low,6141.0
C11370,Lapsing / dormant,0.513,High,8074.0
C11371,Lapsing / dormant,0.202,Low,8067.0
C11372,High-value regulars,0.117,Low,12052.0
C11373,Lapsing / dormant,0.259,Medium,4545.0
C11374,High-value regulars,0.183,Low,9282.0
C11375,Lapsing / dormant,0.568,High,5930.0
C11376,High-value regulars,0.286,Medium,8632.0
C11377,High-value regulars,0.138,Low,10630.0
C11378,High-value regulars,0.065,Low,9940.0
C11379,High-value regulars,0.247,Low,11171.0
C11380,High-value regulars,0.124,Low,14643.0
C11381,Lapsing / dormant,0.871,High,3889.0
C11382,Lapsing / dormant,0.531,High,6212.0
C11383,High-value regulars,0.167,Low,11154.0
C11384,Low-spend occasional,0.373,Medium,2282.0
C11385,Low-spend occasional,0.114,Low,3301.0
C11386,High-value regulars,0.125,Low,9840.0
C11387,Lapsing / dormant,0.43,Medium,4850.0
C11388,Low-spend occasional,0.187,Low,3094.0
C11389,High-value regulars,0.058,Low,16347.0
C11390,High-value regulars,0.034,Low,15106.0
C11391,Low-spend occasional,0.254,Medium,2529.0
C11392,High-value regulars,0.347,Medium,12034.0
C11393,Lapsing / dormant,0.345,Medium,9174.0
C11394,Low-spend occasional,0.11,Low,5274.0
C11395,Low-spend occasional,0.172,Low,4444.0
C11396,Lapsing / dormant,0.334,Medium,5949.0
C11397,High-value regulars,0.103,Low,10521.0
C11398,High-value regulars,0.097,Low,9708.0
C11399,Lapsing / dormant,0.25,Low,8049.0
C11400,High-value regulars,0.14,Low,21601.0
C11401,Low-spend occasional,0.08,Low,8707.0
C11402,Lapsing / dormant,0.514,High,15511.0
C11403,High-value regulars,0.077,Low,7125.0
C11404,Low-spend occasional,0.152,Low,2781.0
C11405,High-value regulars,0.11,Low,21055.0
C11406,Lapsing / dormant,0.31,Medium,6457.0
C11407,High-value regulars,0.229,Low,13367.0
C11408,High-value regulars,0.131,Low,12697.0
C11409,High-value regulars,0.045,Low,8675.0
C11410,High-value regulars,0.03,Low,18051.0
C11411,High-value regulars,0.166,Low,13029.0
C11412,High-value regulars,0.233,Low,11552.0
C11413,High-value regulars,0.127,Low,24164.0
C11414,High-value regulars,0.058,Low,37014.0
C11415,Lapsing / dormant,0.295,Medium,5828.0
C11416,High-value regulars,0.108,Low,8763.0
C11417,High-value regulars,0.102,Low,18462.0
C11418,High-value regulars,0.126,Low,11675.0
C11419,High-value regulars,0.122,Low,15723.0
C11420,Lapsing / dormant,0.091,Low,7607.0
C11421,High-value regulars,0.17,Low,21020.0
C11422,Low-spend occasional,0.339,Medium,1813.0
C11423,High-value regulars,0.154,Low,15164.0
C11424,Low-spend occasional,0.073,Low,6978.0
C11425,Lapsing / dormant,0.239,Low,12588.0
C11426,Low-spend occasional,0.121,Low,5162.0
C11427,High-value regulars,0.158,Low,17361.0
C11428,High-value regulars,0.092,Low,13243.0
C11429,High-value regulars,0.083,Low,18800.0
C11430,Lapsing / dormant,0.278,Medium,7928.0
C11431,Lapsing / dormant,0.471,Medium,7195.0
C11432,Lapsing / dormant,0.261,Medium,3031.0
C11433,Low-spend occasional,0.136,Low,2737.0
C11434,Low-spend occasional,0.204,Low,2362.0
C11435,Lapsing / dormant,0.099,Low,8186.0
C11436,Low-spend occasional,0.301,Medium,5376.0
C11437,High-value regulars,0.185,Low,9557.0
C11438,Lapsing / dormant,0.17,Low,10600.0
C11439,Lapsing / dormant,0.359,Medium,3433.0
C11440,High-value regulars,0.082,Low,25583.0
C11441,Lapsing / dormant,0.455,Medium,3860.0
C11442,Lapsing / dormant,0.301,Medium,8269.0
C11443,Low-spend occasional,0.642,High,2405.0
C11444,High-value regulars,0.086,Low,9222.0
C11445,High-value regulars,0.105,Low,14405.0
C11446,High-value regulars,0.082,Low,7791.0
C11447,High-value regulars,0.033,Low,35463.0
C11448,Lapsing / dormant,0.202,Low,6999.0
C11449,Low-spend occasional,0.12,Low,6824.0
C11450,Low-spend occasional,0.165,Low,4523.0
C11451,Lapsing / dormant,0.118,Low,8608.0
C11452,High-value regulars,0.093,Low,16664.0
C11453,High-value regulars,0.236,Low,20950.0
C11454,Low-spend occasional,0.122,Low,5906.0
C11455,Low-spend occasional,0.124,Low,4683.0
C11456,Low-spend occasional,0.678,High,2428.0
C11457,Lapsing / dormant,0.273,Medium,5100.0
C11458,Low-spend occasional,0.231,Low,4810.0
C11459,High-value regulars,0.06,Low,7570.0
C11460,High-value regulars,0.195,Low,7474.0
C11461,Low-spend occasional,0.371,Medium,4633.0
C11462,High-value regulars,0.414,Medium,14935.0
C11463,High-value regulars,0.06,Low,14691.0
C11464,Lapsing / dormant,0.25,Low,5733.0
C11465,High-value regulars,0.088,Low,13504.0
C11466,Lapsing / dormant,0.556,High,6756.0
C11467,High-value regulars,0.388,Medium,11595.0
C11468,High-value regulars,0.111,Low,9455.0
C11469,Low-spend occasional,0.063,Low,4716.0
C11470,Low-spend occasional,0.13,Low,3734.0
C11471,High-value regulars,0.128,Low,11513.0
C11472,High-value regulars,0.04,Low,16825.0
C11473,High-value regulars,0.254,Medium,13493.0
C11474,High-value regulars,0.051,Low,14054.0
C11475,High-value regulars,0.125,Low,13104.0
C11476,Lapsing / dormant,0.122,Low,7071.0
C11477,Lapsing / dormant,0.668,High,1684.0
C11478,High-value regulars,0.036,Low,32359.0
C11479,High-value regulars,0.035,Low,16213.0
C11480,High-value regulars,0.285,Medium,18740.0
C11481,High-value regulars,0.271,Medium,21212.0
C11482,High-value regulars,0.225,Low,11732.0
C11483,Lapsing / dormant,0.21,Low,9281.0
C11484,Lapsing / dormant,0.554,High,6544.0
C11485,High-value regulars,0.227,Low,16945.0
C11486,High-value regulars,0.209,Low,17413.0
C11487,Lapsing / dormant,0.32,Medium,8381.0
C11488,High-value regulars,0.161,Low,9036.0
C11489,High-value regulars,0.459,Medium,15240.0
C11490,High-value regulars,0.084,Low,9590.0
C11491,High-value regulars,0.204,Low,12943.0
C11492,Lapsing / dormant,0.387,Medium,8675.0
C11493,Low-spend occasional,0.486,Medium,727.0
C11494,Low-spend occasional,0.337,Medium,2051.0
C11495,Lapsing / dormant,0.172,Low,4545.0
C11496,Lapsing / dormant,0.287,Medium,6843.0
C11497,Low-spend occasional,0.15,Low,5015.0
C11498,High-value regulars,0.304,Medium,14380.0
C11499,High-value regulars,0.055,Low,16310.0
C11500,High-value regulars,0.277,Medium,12599.0
C11501,High-value regulars,0.192,Low,7291.0
C11502,High-value regulars,0.169,Low,12545.0
C11503,Lapsing / dormant,0.283,Medium,5982.0
C11504,Lapsing / dormant,0.577,High,6312.0
C11505,High-value regulars,0.115,Low,15770.0
C11506,High-value regulars,0.176,Low,19869.0
C11507,High-value regulars,0.112,Low,10883.0
C11508,High-value regulars,0.388,Medium,17842.0
C11509,Lapsing / dormant,0.455,Medium,10685.0
C11510,High-value regulars,0.095,Low,6867.0
C11511,High-value regulars,0.146,Low,11400.0
C11512,High-value regulars,0.164,Low,12926.0
C11513,High-value regulars,0.12,Low,9098.0
C11514,High-value regulars,0.278,Medium,8227.0
C11515,Lapsing / dormant,0.419,Medium,5790.0
C11516,High-value regulars,0.176,Low,9677.0
C11517,Lapsing / dormant,0.159,Low,6371.0
C11518,Lapsing / dormant,0.463,Medium,9931.0
C11519,Low-spend occasional,0.244,Low,6334.0
C11520,Lapsing / dormant,0.559,High,13656.0
C11521,Low-spend occasional,0.151,Low,6634.0
C11522,Low-spend occasional,0.189,Low,6794.0
C11523,High-value regulars,0.071,Low,17620.0
C11524,High-value regulars,0.077,Low,10711.0
C11525,Lapsing / dormant,0.919,High,4029.0
C11526,High-value regulars,0.062,Low,17128.0
C11527,Low-spend occasional,0.119,Low,4125.0
C11528,Low-spend occasional,0.631,High,6302.0
C11529,Lapsing / dormant,0.127,Low,8854.0
C11530,Lapsing / dormant,0.122,Low,10013.0
C11531,Low-spend occasional,0.366,Medium,940.0
C11532,High-value regulars,0.033,Low,11082.0
C11533,High-value regulars,0.214,Low,11844.0
C11534,Lapsing / dormant,0.372,Medium,9013.0
C11535,High-value regulars,0.265,Medium,10653.0
C11536,Low-spend occasional,0.042,Low,6828.0
C11537,High-value regulars,0.159,Low,15251.0
C11538,Low-spend occasional,0.199,Low,942.0
C11539,High-value regulars,0.079,Low,20774.0
C11540,High-value regulars,0.066,Low,10771.0
C11541,Lapsing / dormant,0.807,High,4782.0
C11542,High-value regulars,0.177,Low,22481.0
C11543,High-value regulars,0.111,Low,10103.0
C11544,High-value regulars,0.116,Low,5980.0
C11545,Low-spend occasional,0.146,Low,6407.0
C11546,Lapsing / dormant,0.251,Medium,10167.0
C11547,Lapsing / dormant,0.311,Medium,6194.0
C11548,Low-spend occasional,0.334,Medium,2741.0
C11549,Lapsing / dormant,0.103,Low,6460.0
C11550,Lapsing / dormant,0.415,Medium,8194.0
C11551,High-value regulars,0.254,Medium,11655.0
C11552,Lapsing / dormant,0.46,Medium,8565.0
C11553,High-value regulars,0.164,Low,8737.0
C11554,Low-spend occasional,0.062,Low,4028.0
C11555,Low-spend occasional,0.164,Low,5481.0
C11556,High-value regulars,0.043,Low,9879.0
C11557,Lapsing / dormant,0.141,Low,6167.0
C11558,Low-spend occasional,0.065,Low,5472.0
C11559,High-value regulars,0.062,Low,15056.0
C11560,High-value regulars,0.204,Low,9627.0
C11561,Low-spend occasional,0.417,Medium,5047.0
C11562,High-value regulars,0.11,Low,28216.0
C11563,Lapsing / dormant,0.074,Low,10091.0
C11564,High-value regulars,0.362,Medium,14740.0
C11565,Lapsing / dormant,0.215,Low,6457.0
C11566,High-value regulars,0.068,Low,12923.0
C11567,Low-spend occasional,0.051,Low,10050.0
C11568,Low-spend occasional,0.141,Low,6880.0
C11569,Low-spend occasional,0.043,Low,1366.0
C11570,Lapsing / dormant,0.471,Medium,6578.0
C11571,Low-spend occasional,0.482,Medium,3472.0
C11572,Lapsing / dormant,0.742,High,1815.0
C11573,Low-spend occasional,0.196,Low,3583.0
C11574,High-value regulars,0.115,Low,11642.0
C11575,High-value regulars,0.189,Low,15795.0
C11576,High-value regulars,0.461,Medium,15647.0
C11577,Low-spend occasional,0.177,Low,3352.0
C11578,Lapsing / dormant,0.736,High,6934.0
C11579,High-value regulars,0.177,Low,11813.0
C11580,High-value regulars,0.044,Low,15835.0
C11581,Lapsing / dormant,0.562,High,11190.0
C11582,Lapsing / dormant,0.517,High,8165.0
C11583,High-value regulars,0.048,Low,13145.0
C11584,Lapsing / dormant,0.167,Low,9693.0
C11585,High-value regulars,0.109,Low,11303.0
C11586,Lapsing / dormant,0.757,High,6432.0
C11587,High-value regulars,0.101,Low,12991.0
C11588,High-value regulars,0.169,Low,9736.0
C11589,High-value regulars,0.255,Medium,11646.0
C11590,High-value regulars,0.125,Low,13022.0
C11591,Lapsing / dormant,0.81,High,1977.0
C11592,High-value regulars,0.28,Medium,10591.0
C11593,High-value regulars,0.076,Low,17138.0
C11594,High-value regulars,0.145,Low,13858.0
C11595,High-value regulars,0.152,Low,8798.0
C11596,Low-spend occasional,0.037,Low,1704.0
C11597,High-value regulars,0.201,Low,8378.0
C11598,High-value regulars,0.169,Low,7894.0
C11599,High-value regulars,0.112,Low,18558.0
C11600,High-value regulars,0.239,Low,12964.0
C11601,Lapsing / dormant,0.217,Low,12625.0
C11602,High-value regulars,0.207,Low,17013.0
C11603,Lapsing / dormant,0.379,Medium,9853.0
C11604,High-value regulars,0.064,Low,18907.0
C11605,Low-spend occasional,0.047,Low,3363.0
C11606,Lapsing / dormant,0.341,Medium,7626.0
C11607,Lapsing / dormant,0.399,Medium,7636.0
C11608,Low-spend occasional,0.175,Low,2356.0
C11609,High-value regulars,0.053,Low,6678.0
C11610,Lapsing / dormant,0.217,Low,9324.0
C11611,High-value regulars,0.09,Low,13484.0
C11612,Lapsing / dormant,0.661,High,2629.0
C11613,High-value regulars,0.124,Low,7566.0
C11614,Low-spend occasional,0.069,Low,6408.0
C11615,Low-spend occasional,0.104,Low,7866.0
C11616,Low-spend occasional,0.11,Low,8094.0
C11617,Low-spend occasional,0.226,Low,5479.0
C11618,Low-spend occasional,0.078,Low,4828.0
C11619,High-value regulars,0.124,Low,12791.0
C11620,Lapsing / dormant,0.3,Medium,7968.0
C11621,Lapsing / dormant,0.248,Low,5588.0
C11622,High-value regulars,0.099,Low,8128.0
C11623,High-value regulars,0.016,Low,14826.0
C11624,High-value regulars,0.068,Low,12971.0
C11625,High-value regulars,0.067,Low,12303.0
C11626,High-value regulars,0.098,Low,25888.0
C11627,High-value regulars,0.576,High,8671.0
C11628,Lapsing / dormant,0.243,Low,4679.0
C11629,Lapsing / dormant,0.752,High,7503.0
C11630,High-value regulars,0.13,Low,11391.0
C11631,Lapsing / dormant,0.645,High,6151.0
C11632,High-value regulars,0.088,Low,10687.0
C11633,High-value regulars,0.29,Medium,9595.0
C11634,High-value regulars,0.093,Low,10155.0
C11635,High-value regulars,0.171,Low,16957.0
C11636,High-value regulars,0.043,Low,8256.0
C11637,High-value regulars,0.098,Low,13933.0
C11638,Lapsing / dormant,0.258,Medium,7228.0
C11639,Lapsing / dormant,0.314,Medium,6896.0
C11640,Lapsing / dormant,0.144,Low,7132.0
C11641,High-value regulars,0.138,Low,15696.0
C11642,High-value regulars,0.205,Low,8578.0
C11643,High-value regulars,0.094,Low,12918.0
C11644,Lapsing / dormant,0.648,High,10087.0
C11645,High-value regulars,0.078,Low,20609.0
C11646,High-value regulars,0.048,Low,7562.0
C11647,High-value regulars,0.035,Low,20266.0
C11648,Lapsing / dormant,0.122,Low,2318.0
C11649,Lapsing / dormant,0.148,Low,5492.0
C11650,Low-spend occasional,0.135,Low,2408.0
C11651,High-value regulars,0.022,Low,19470.0
C11652,Low-spend occasional,0.444,Medium,923.0
C11653,Low-spend occasional,0.1,Low,1415.0
C11654,High-value regulars,0.113,Low,21276.0
C11655,High-value regulars,0.192,Low,11547.0
C11656,Lapsing / dormant,0.684,High,3499.0
C11657,High-value regulars,0.048,Low,7542.0
C11658,High-value regulars,0.184,Low,20861.0
C11659,High-value regulars,0.086,Low,13552.0
C11660,High-value regulars,0.11,Low,11975.0
C11661,Low-spend occasional,0.053,Low,4182.0
C11662,High-value regulars,0.223,Low,17905.0
C11663,Lapsing / dormant,0.775,High,6305.0
C11664,Lapsing / dormant,0.289,Medium,8844.0
C11665,Lapsing / dormant,0.618,High,10007.0
C11666,High-value regulars,0.061,Low,21010.0
C11667,High-value regulars,0.161,Low,16144.0
C11668,Low-spend occasional,0.351,Medium,2739.0
C11669,High-value regulars,0.218,Low,15301.0
C11670,High-value regulars,0.146,Low,13404.0
C11671,Lapsing / dormant,0.117,Low,10349.0
C11672,Lapsing / dormant,0.356,Medium,11132.0
C11673,High-value regulars,0.176,Low,10219.0
C11674,Lapsing / dormant,0.521,High,7679.0
C11675,Low-spend occasional,0.053,Low,4909.0
C11676,High-value regulars,0.182,Low,12458.0
C11677,Lapsing / dormant,0.227,Low,8068.0
C11678,Lapsing / dormant,0.798,High,1393.0
C11679,Lapsing / dormant,0.292,Medium,5500.0
C11680,Lapsing / dormant,0.637,High,4758.0
C11681,High-value regulars,0.21,Low,15894.0
C11682,Low-spend occasional,0.159,Low,2765.0
C11683,High-value regulars,0.08,Low,8630.0
C11684,High-value regulars,0.214,Low,14149.0
C11685,High-value regulars,0.189,Low,13572.0
C11686,High-value regulars,0.048,Low,27742.0
C11687,High-value regulars,0.239,Low,18240.0
C11688,High-value regulars,0.118,Low,19633.0
C11689,High-value regulars,0.178,Low,9934.0
C11690,High-value regulars,0.076,Low,8861.0
C11691,High-value regulars,0.521,High,14790.0
C11692,High-value regulars,0.271,Medium,10179.0
C11693,High-value regulars,0.05,Low,14738.0
C11694,High-value regulars,0.036,Low,27176.0
C11695,High-value regulars,0.262,Medium,9206.0
C11696,High-value regulars,0.047,Low,10711.0
C11697,Low-spend occasional,0.17,Low,7861.0
C11698,Lapsing / dormant,0.937,High,1427.0
C11699,Lapsing / dormant,0.818,High,3432.0
C11700,High-value regulars,0.151,Low,14178.0
C11701,High-value regulars,0.063,Low,8264.0
C11702,High-value regulars,0.045,Low,13035.0
C11703,High-value regulars,0.096,Low,16501.0
C11704,High-value regulars,0.151,Low,15361.0
C11705,Lapsing / dormant,0.609,High,9633.0
C11706,High-value regulars,0.079,Low,29118.0
C11707,Lapsing / dormant,0.745,High,5261.0
C11708,Lapsing / dormant,0.404,Medium,6506.0
C11709,Low-spend occasional,0.43,Medium,3126.0
C11710,High-value regulars,0.254,Medium,15007.0
C11711,Lapsing / dormant,0.308,Medium,9801.0
C11712,High-value regulars,0.285,Medium,13283.0
C11713,Lapsing / dormant,0.273,Medium,7369.0
C11714,High-value regulars,0.136,Low,9883.0
C11715,Lapsing / dormant,0.696,High,5663.0
C11716,Low-spend occasional,0.714,High,4222.0
C11717,Lapsing / dormant,0.672,High,6223.0
C11718,High-value regulars,0.082,Low,13318.0
C11719,Lapsing / dormant,0.336,Medium,11285.0
C11720,High-value regulars,0.038,Low,16390.0
C11721,High-value regulars,0.067,Low,14616.0
C11722,Low-spend occasional,0.391,Medium,5421.0
C11723,Lapsing / dormant,0.262,Medium,6304.0
C11724,Low-spend occasional,0.121,Low,1732.0
C11725,High-value regulars,0.066,Low,13229.0
C11726,Low-spend occasional,0.768,High,1375.0
C11727,High-value regulars,0.229,Low,9506.0
C11728,High-value regulars,0.144,Low,7251.0
C11729,High-value regulars,0.156,Low,13504.0
C11730,High-value regulars,0.158,Low,15447.0
C11731,Lapsing / dormant,0.123,Low,6220.0
C11732,High-value regulars,0.084,Low,16962.0
C11733,Lapsing / dormant,0.288,Medium,3490.0
C11734,Lapsing / dormant,0.434,Medium,9032.0
C11735,High-value regulars,0.233,Low,18234.0
C11736,High-value regulars,0.095,Low,11373.0
C11737,Lapsing / dormant,0.338,Medium,7485.0
C11738,Low-spend occasional,0.345,Medium,984.0
C11739,High-value regulars,0.209,Low,21983.0
C11740,Low-spend occasional,0.37,Medium,3598.0
C11741,High-value regulars,0.075,Low,17722.0
C11742,High-value regulars,0.079,Low,10834.0
C11743,Low-spend occasional,0.929,High,420.0
C11744,High-value regulars,0.155,Low,13605.0
C11745,High-value regulars,0.202,Low,9642.0
C11746,Lapsing / dormant,0.098,Low,6870.0
C11747,Low-spend occasional,0.06,Low,5289.0
C11748,High-value regulars,0.158,Low,14254.0
C11749,Lapsing / dormant,0.349,Medium,9937.0
C11750,Low-spend occasional,0.389,Medium,5836.0
C11751,Lapsing / dormant,0.286,Medium,6534.0
C11752,Lapsing / dormant,0.535,High,3248.0
C11753,Lapsing / dormant,0.62,High,6312.0
C11754,High-value regulars,0.213,Low,9214.0
C11755,High-value regulars,0.067,Low,7675.0
C11756,High-value regulars,0.072,Low,9728.0
C11757,High-value regulars,0.068,Low,15858.0
C11758,High-value regulars,0.466,Medium,9368.0
C11759,High-value regulars,0.034,Low,10149.0
C11760,High-value regulars,0.079,Low,10164.0
C11761,Low-spend occasional,0.118,Low,2360.0
C11762,High-value regulars,0.083,Low,13755.0
C11763,Lapsing / dormant,0.435,Medium,3590.0
C11764,Lapsing / dormant,0.228,Low,7196.0
C11765,Lapsing / dormant,0.61,High,4395.0
C11766,High-value regulars,0.16,Low,14461.0
C11767,High-value regulars,0.335,Medium,11812.0
C11768,High-value regulars,0.113,Low,20138.0
C11769,Lapsing / dormant,0.109,Low,7441.0
C11770,Lapsing / dormant,0.284,Medium,7982.0
C11771,High-value regulars,0.153,Low,13888.0
C11772,High-value regulars,0.059,Low,13706.0
C11773,High-value regulars,0.047,Low,8993.0
C11774,High-value regulars,0.1,Low,17238.0
C11775,Lapsing / dormant,0.321,Medium,2746.0
C11776,Lapsing / dormant,0.142,Low,8351.0
C11777,Lapsing / dormant,0.392,Medium,2701.0
C11778,Lapsing / dormant,0.498,Medium,4098.0
C11779,Low-spend occasional,0.428,Medium,4225.0
C11780,High-value regulars,0.08,Low,17313.0
C11781,Lapsing / dormant,0.395,Medium,12589.0
C11782,High-value regulars,0.084,Low,12129.0
C11783,Lapsing / dormant,0.167,Low,10827.0
C11784,Lapsing / dormant,0.477,Medium,6020.0
C11785,High-value regulars,0.09,Low,19731.0
C11786,Lapsing / dormant,0.228,Low,7559.0
C11787,Low-spend occasional,0.371,Medium,5686.0
C11788,Low-spend occasional,0.124,Low,4041.0
C11789,High-value regulars,0.092,Low,13125.0
C11790,High-value regulars,0.107,Low,11486.0
C11791,Lapsing / dormant,0.371,Medium,3999.0
C11792,Lapsing / dormant,0.133,Low,6436.0
C11793,High-value regulars,0.096,Low,10510.0
C11794,Lapsing / dormant,0.144,Low,4959.0
C11795,High-value regulars,0.069,Low,30971.0
C11796,High-value regulars,0.095,Low,10190.0
C11797,High-value regulars,0.052,Low,15013.0
C11798,High-value regulars,0.047,Low,21289.0
C11799,Lapsing / dormant,0.212,Low,5781.0
C11800,High-value regulars,0.095,Low,17619.0
C11801,Lapsing / dormant,0.245,Low,3384.0
C11802,Low-spend occasional,0.114,Low,3793.0
C11803,High-value regulars,0.159,Low,10929.0
C11804,Lapsing / dormant,0.281,Medium,9414.0
C11805,High-value regulars,0.069,Low,13217.0
C11806,High-value regulars,0.091,Low,13676.0
C11807,High-value regulars,0.118,Low,8482.0
C11808,Lapsing / dormant,0.161,Low,7499.0
C11809,High-value regulars,0.027,Low,9871.0
C11810,High-value regulars,0.135,Low,13655.0
C11811,Low-spend occasional,0.265,Medium,5141.0
C11812,High-value regulars,0.102,Low,13995.0
C11813,High-value regulars,0.208,Low,13235.0
C11814,Lapsing / dormant,0.238,Low,4331.0
C11815,High-value regulars,0.311,Medium,9353.0
C11816,Low-spend occasional,0.115,Low,2967.0
C11817,Low-spend occasional,0.304,Medium,3534.0
C11818,High-value regulars,0.343,Medium,17102.0
C11819,Lapsing / dormant,0.125,Low,13345.0
C11820,Lapsing / dormant,0.25,Medium,11143.0
C11821,Low-spend occasional,0.161,Low,2616.0
C11822,High-value regulars,0.096,Low,12116.0
C11823,High-value regulars,0.205,Low,14476.0
C11824,Low-spend occasional,0.097,Low,4167.0
C11825,Low-spend occasional,0.283,Medium,6012.0
C11826,Lapsing / dormant,0.335,Medium,3946.0
C11827,High-value regulars,0.065,Low,9429.0
C11828,Lapsing / dormant,0.301,Medium,11827.0
C11829,High-value regulars,0.073,Low,24961.0
C11830,Lapsing / dormant,0.712,High,6528.0
C11831,High-value regulars,0.072,Low,10046.0
C11832,High-value regulars,0.204,Low,8160.0
C11833,High-value regulars,0.175,Low,16807.0
C11834,Lapsing / dormant,0.44,Medium,2290.0
C11835,Lapsing / dormant,0.24,Low,9397.0
C11836,Lapsing / dormant,0.502,High,6731.0
C11837,Low-spend occasional,0.6,High,749.0
C11838,High-value regulars,0.038,Low,25257.0
C11839,Lapsing / dormant,0.076,Low,5513.0
C11840,Lapsing / dormant,0.823,High,9535.0
C11841,High-value regulars,0.052,Low,19098.0
C11842,Low-spend occasional,0.462,Medium,3274.0
C11843,High-value regulars,0.116,Low,8708.0
C11844,Low-spend occasional,0.121,Low,1616.0
C11845,Lapsing / dormant,0.437,Medium,9573.0
C11846,Lapsing / dormant,0.344,Medium,11338.0
C11847,High-value regulars,0.093,Low,13246.0
C11848,High-value regulars,0.033,Low,15611.0
C11849,High-value regulars,0.049,Low,15734.0
C11850,Lapsing / dormant,0.185,Low,7544.0
C11851,Lapsing / dormant,0.151,Low,5592.0
C11852,Lapsing / dormant,0.251,Medium,4769.0
C11853,High-value regulars,0.162,Low,10176.0
C11854,Lapsing / dormant,0.17,Low,8101.0
C11855,High-value regulars,0.046,Low,30025.0
C11856,High-value regulars,0.017,Low,31256.0
C11857,High-value regulars,0.047,Low,11152.0
C11858,High-value regulars,0.139,Low,16846.0
C11859,High-value regulars,0.109,Low,9004.0
C11860,Lapsing / dormant,0.409,Medium,7823.0
C11861,Low-spend occasional,0.083,Low,7233.0
C11862,High-value regulars,0.035,Low,19882.0
C11863,High-value regulars,0.139,Low,8436.0
C11864,Lapsing / dormant,0.089,Low,7904.0
C11865,High-value regulars,0.075,Low,16092.0
C11866,High-value regulars,0.195,Low,9591.0
C11867,High-value regulars,0.063,Low,17211.0
C11868,Lapsing / dormant,0.406,Medium,9720.0
C11869,Lapsing / dormant,0.38,Medium,3536.0
C11870,Lapsing / dormant,0.381,Medium,6581.0
C11871,Lapsing / dormant,0.108,Low,9227.0
C11872,High-value regulars,0.165,Low,9914.0
C11873,Lapsing / dormant,0.499,Medium,11400.0
C11874,Lapsing / dormant,0.369,Medium,9020.0
C11875,Low-spend occasional,0.066,Low,3091.0
C11876,High-value regulars,0.25,Low,13382.0
C11877,High-value regulars,0.213,Low,6405.0
C11878,Lapsing / dormant,0.77,High,4899.0
C11879,High-value regulars,0.105,Low,9782.0
C11880,High-value regulars,0.289,Medium,17291.0
C11881,Low-spend occasional,0.253,Medium,6372.0
C11882,Lapsing / dormant,0.186,Low,9207.0
C11883,High-value regulars,0.077,Low,7188.0
C11884,Lapsing / dormant,0.141,Low,5410.0
C11885,High-value regulars,0.056,Low,22847.0
C11886,High-value regulars,0.118,Low,9745.0
C11887,Lapsing / dormant,0.494,Medium,4797.0
C11888,Lapsing / dormant,0.319,Medium,6943.0
C11889,Lapsing / dormant,0.132,Low,6326.0
C11890,Low-spend occasional,0.174,Low,9671.0
C11891,High-value regulars,0.129,Low,14443.0
C11892,High-value regulars,0.199,Low,15722.0
C11893,High-value regulars,0.206,Low,15536.0
C11894,High-value regulars,0.212,Low,13006.0
C11895,High-value regulars,0.512,High,13831.0
C11896,High-value regulars,0.072,Low,9807.0
C11897,Lapsing / dormant,0.52,High,8483.0
C11898,High-value regulars,0.313,Medium,8560.0
C11899,Lapsing / dormant,0.462,Medium,5617.0
C11900,Lapsing / dormant,0.208,Low,11345.0
C11901,Low-spend occasional,0.251,Medium,7040.0
C11902,High-value regulars,0.116,Low,17742.0
C11903,High-value regulars,0.055,Low,9696.0
C11904,High-value regulars,0.106,Low,16008.0
C11905,High-value regulars,0.071,Low,8305.0
C11906,High-value regulars,0.057,Low,14134.0
C11907,High-value regulars,0.39,Medium,12375.0
C11908,High-value regulars,0.12,Low,7216.0
C11909,Lapsing / dormant,0.221,Low,9762.0
C11910,Lapsing / dormant,0.448,Medium,9062.0
C11911,High-value regulars,0.051,Low,6430.0
C11912,Lapsing / dormant,0.713,High,7385.0
C11913,High-value regulars,0.02,Low,21983.0
C11914,High-value regulars,0.293,Medium,13117.0
C11915,Lapsing / dormant,0.439,Medium,9187.0
C11916,Low-spend occasional,0.244,Low,7876.0
C11917,Lapsing / dormant,0.093,Low,8541.0
C11918,Lapsing / dormant,0.128,Low,8191.0
C11919,Lapsing / dormant,0.119,Low,6577.0
C11920,Lapsing / dormant,0.333,Medium,7154.0
C11921,Lapsing / dormant,0.69,High,4203.0
C11922,High-value regulars,0.172,Low,11658.0
C11923,High-value regulars,0.148,Low,14807.0
C11924,High-value regulars,0.077,Low,20086.0
C11925,High-value regulars,0.154,Low,9895.0
C11926,Lapsing / dormant,0.429,Medium,8033.0
C11927,Low-spend occasional,0.703,High,2870.0
C11928,Lapsing / dormant,0.222,Low,8387.0
C11929,Lapsing / dormant,0.217,Low,7573.0
C11930,High-value regulars,0.094,Low,15288.0
C11931,Lapsing / dormant,0.316,Medium,7071.0
C11932,High-value regulars,0.357,Medium,11028.0
C11933,Lapsing / dormant,0.114,Low,6851.0
C11934,High-value regulars,0.275,Medium,10896.0
C11935,Low-spend occasional,0.538,High,4681.0
C11936,Lapsing / dormant,0.666,High,5761.0
C11937,High-value regulars,0.037,Low,14449.0
C11938,High-value regulars,0.08,Low,14316.0
C11939,High-value regulars,0.191,Low,7615.0
C11940,High-value regulars,0.21,Low,15586.0
C11941,Lapsing / dormant,0.435,Medium,6202.0
C11942,Lapsing / dormant,0.181,Low,8534.0
C11943,Low-spend occasional,0.135,Low,7062.0
C11944,Low-spend occasional,0.177,Low,5229.0
C11945,High-value regulars,0.141,Low,11991.0
C11946,High-value regulars,0.269,Medium,20693.0
C11947,Lapsing / dormant,0.463,Medium,4607.0
C11948,Lapsing / dormant,0.85,High,3020.0
C11949,High-value regulars,0.083,Low,9017.0
C11950,High-value regulars,0.064,Low,18524.0
C11951,Lapsing / dormant,0.292,Medium,7134.0
C11952,High-value regulars,0.097,Low,18650.0
C11953,Low-spend occasional,0.157,Low,2499.0
C11954,Lapsing / dormant,0.159,Low,5479.0
C11955,High-value regulars,0.153,Low,12968.0
C11956,Lapsing / dormant,0.14,Low,8019.0
C11957,Lapsing / dormant,0.641,High,4619.0
C11958,Lapsing / dormant,0.288,Medium,9822.0
C11959,Lapsing / dormant,0.36,Medium,9824.0
C11960,Lapsing / dormant,0.306,Medium,11146.0
C11961,Lapsing / dormant,0.809,High,1262.0
C11962,High-value regulars,0.132,Low,9995.0
C11963,Low-spend occasional,0.139,Low,4604.0
C11964,Low-spend occasional,0.164,Low,5263.0
C11965,Lapsing / dormant,0.159,Low,8704.0
C11966,Low-spend occasional,0.096,Low,6079.0
C11967,High-value regulars,0.176,Low,15496.0
C11968,Lapsing / dormant,0.303,Medium,3137.0
C11969,Low-spend occasional,0.186,Low,6035.0
C11970,Low-spend occasional,0.146,Low,2439.0
C11971,High-value regulars,0.159,Low,14212.0
C11972,Lapsing / dormant,0.327,Medium,7700.0
C11973,High-value regulars,0.209,Low,21485.0
C11974,Lapsing / dormant,0.486,Medium,6636.0
C11975,Low-spend occasional,0.327,Medium,1763.0
C11976,High-value regulars,0.087,Low,22616.0
C11977,High-value regulars,0.05,Low,24783.0
C11978,Lapsing / dormant,0.377,Medium,6533.0
C11979,Lapsing / dormant,0.185,Low,7156.0
C11980,High-value regulars,0.109,Low,8135.0
C11981,Lapsing / dormant,0.256,Medium,6509.0
C11982,Low-spend occasional,0.111,Low,2294.0
C11983,Lapsing / dormant,0.085,Low,7397.0
C11984,High-value regulars,0.2,Low,7141.0
C11985,Lapsing / dormant,0.793,High,8925.0
C11986,High-value regulars,0.081,Low,11104.0
C11987,Low-spend occasional,0.324,Medium,6770.0
C11988,High-value regulars,0.106,Low,9799.0
C11989,High-value regulars,0.094,Low,12872.0
C11990,Lapsing / dormant,0.197,Low,7101.0
C11991,High-value regulars,0.187,Low,16139.0
C11992,Lapsing / dormant,0.265,Medium,4179.0
C11993,Lapsing / dormant,0.132,Low,4600.0
C11994,Lapsing / dormant,0.513,High,9661.0
C11995,High-value regulars,0.067,Low,12439.0
C11996,Low-spend occasional,0.069,Low,7948.0
C11997,High-value regulars,0.103,Low,15933.0
C11998,High-value regulars,0.104,Low,14627.0
C11999,High-value regulars,0.074,Low,13824.0
C12000,Lapsing / dormant,0.145,Low,9745.0
C12001,High-value regulars,0.06,Low,7729.0
C12002,High-value regulars,0.106,Low,7865.0
C12003,Lapsing / dormant,0.269,Medium,3602.0
C12004,Lapsing / dormant,0.365,Medium,6750.0
C12005,High-value regulars,0.095,Low,10209.0
C12006,Lapsing / dormant,0.603,High,1140.0
C12007,High-value regulars,0.085,Low,16743.0
C12008,Low-spend occasional,0.076,Low,3490.0
C12009,High-value regulars,0.078,Low,15630.0
C12010,Low-spend occasional,0.6,High,4001.0
C12011,Low-spend occasional,0.203,Low,3486.0
C12012,High-value regulars,0.174,Low,8122.0
C12013,High-value regulars,0.084,Low,17926.0
C12014,High-value regulars,0.077,Low,9272.0
C12015,High-value regulars,0.071,Low,12043.0
C12016,High-value regulars,0.116,Low,16061.0
C12017,High-value regulars,0.21,Low,10272.0
C12018,High-value regulars,0.032,Low,10325.0
C12019,Lapsing / dormant,0.327,Medium,12985.0
C12020,Lapsing / dormant,0.39,Medium,8557.0
C12021,High-value regulars,0.111,Low,8019.0
C12022,Low-spend occasional,0.052,Low,5234.0
C12023,Lapsing / dormant,0.127,Low,10542.0
C12024,High-value regulars,0.385,Medium,9640.0
C12025,Lapsing / dormant,0.297,Medium,9774.0
C12026,High-value regulars,0.057,Low,10651.0
C12027,High-value regulars,0.107,Low,11957.0
C12028,Low-spend occasional,0.156,Low,4177.0
C12029,High-value regulars,0.129,Low,17889.0
C12030,Lapsing / dormant,0.369,Medium,6185.0
C12031,High-value regulars,0.113,Low,10085.0
C12032,Low-spend occasional,0.196,Low,4183.0
C12033,High-value regulars,0.23,Low,18970.0
C12034,High-value regulars,0.227,Low,10009.0
C12035,Low-spend occasional,0.139,Low,6661.0
C12036,High-value regulars,0.082,Low,17248.0
C12037,Lapsing / dormant,0.495,Medium,7428.0
C12038,Lapsing / dormant,0.42,Medium,5184.0
C12039,High-value regulars,0.114,Low,16424.0
C12040,High-value regulars,0.104,Low,8721.0
C12041,Lapsing / dormant,0.627,High,9509.0
C12042,High-value regulars,0.21,Low,13254.0
C12043,Low-spend occasional,0.089,Low,7562.0
C12044,Low-spend occasional,0.274,Medium,3968.0
C12045,Lapsing / dormant,0.364,Medium,16994.0
C12046,Lapsing / dormant,0.524,High,5394.0
C12047,High-value regulars,0.301,Medium,11119.0
C12048,Lapsing / dormant,0.279,Medium,6078.0
C12049,High-value regulars,0.085,Low,11317.0
C12050,Low-spend occasional,0.142,Low,2941.0
C12051,Lapsing / dormant,0.361,Medium,7144.0
C12052,High-value regulars,0.098,Low,12666.0
C12053,High-value regulars,0.073,Low,9521.0
C12054,High-value regulars,0.211,Low,9786.0
C12055,High-value regulars,0.175,Low,15034.0
C12056,Lapsing / dormant,0.219,Low,9360.0
C12057,High-value regulars,0.083,Low,13524.0
C12058,High-value regulars,0.083,Low,9163.0
C12059,High-value regulars,0.065,Low,15671.0
C12060,Lapsing / dormant,0.442,Medium,9161.0
C12061,High-value regulars,0.371,Medium,7933.0
C12062,Lapsing / dormant,0.314,Medium,4483.0
C12063,High-value regulars,0.197,Low,17831.0
C12064,Lapsing / dormant,0.293,Medium,5280.0
C12065,Lapsing / dormant,0.428,Medium,8518.0
C12066,High-value regulars,0.317,Medium,10742.0
C12067,High-value regulars,0.115,Low,11573.0
C12068,High-value regulars,0.096,Low,11702.0
C12069,Lapsing / dormant,0.739,High,4779.0
C12070,Lapsing / dormant,0.083,Low,7662.0
C12071,Low-spend occasional,0.116,Low,5370.0
C12072,Lapsing / dormant,0.11,Low,7915.0
C12073,High-value regulars,0.053,Low,11248.0
C12074,Lapsing / dormant,0.743,High,5344.0
C12075,High-value regulars,0.02,Low,16510.0
C12076,High-value regulars,0.08,Low,7973.0
C12077,High-value regulars,0.157,Low,15449.0
C12078,Low-spend occasional,0.072,Low,5274.0
C12079,High-value regulars,0.103,Low,13759.0
C12080,Lapsing / dormant,0.248,Low,6513.0
C12081,High-value regulars,0.103,Low,9910.0
C12082,High-value regulars,0.193,Low,20534.0
C12083,High-value regulars,0.062,Low,14277.0
C12084,Low-spend occasional,0.223,Low,1560.0
C12085,Lapsing / dormant,0.211,Low,12634.0
C12086,High-value regulars,0.027,Low,20869.0
C12087,Low-spend occasional,0.14,Low,3130.0
C12088,High-value regulars,0.083,Low,15458.0
C12089,High-value regulars,0.095,Low,21082.0
C12090,High-value regulars,0.128,Low,12900.0
C12091,High-value regulars,0.284,Medium,18374.0
C12092,Lapsing / dormant,0.217,Low,7560.0
C12093,High-value regulars,0.354,Medium,11414.0
C12094,Lapsing / dormant,0.648,High,6388.0
C12095,Low-spend occasional,0.12,Low,7103.0
C12096,Lapsing / dormant,0.786,High,8216.0
C12097,Low-spend occasional,0.09,Low,2924.0
C12098,Low-spend occasional,0.552,High,4141.0
C12099,Lapsing / dormant,0.243,Low,10384.0
C12100,Lapsing / dormant,0.421,Medium,13596.0
C12101,High-value regulars,0.13,Low,8637.0
C12102,High-value regulars,0.3,Medium,12838.0
C12103,High-value regulars,0.179,Low,11055.0
C12104,Lapsing / dormant,0.503,High,8170.0
C12105,High-value regulars,0.063,Low,16830.0
C12106,Lapsing / dormant,0.089,Low,6582.0
C12107,High-value regulars,0.098,Low,12336.0
C12108,High-value regulars,0.109,Low,7911.0
C12109,Low-spend occasional,0.083,Low,3767.0
C12110,Lapsing / dormant,0.274,Medium,7145.0
C12111,High-value regulars,0.049,Low,14512.0
C12112,Low-spend occasional,0.28,Medium,4412.0
C12113,High-value regulars,0.059,Low,9367.0
C12114,High-value regulars,0.18,Low,9252.0
C12115,High-value regulars,0.24,Low,8295.0
C12116,High-value regulars,0.135,Low,12031.0
C12117,Low-spend occasional,0.074,Low,7125.0
C12118,High-value regulars,0.213,Low,4330.0
C12119,High-value regulars,0.146,Low,8367.0
C12120,High-value regulars,0.138,Low,16473.0
C12121,High-value regulars,0.099,Low,30748.0
C12122,Lapsing / dormant,0.284,Medium,6812.0
C12123,High-value regulars,0.104,Low,11000.0
C12124,Lapsing / dormant,0.156,Low,7584.0
C12125,High-value regulars,0.186,Low,11900.0
C12126,High-value regulars,0.135,Low,13388.0
C12127,Low-spend occasional,0.127,Low,5255.0
C12128,Lapsing / dormant,0.507,High,8551.0
C12129,High-value regulars,0.114,Low,11027.0
C12130,Lapsing / dormant,0.437,Medium,7019.0
C12131,Lapsing / dormant,0.514,High,5920.0
C12132,High-value regulars,0.034,Low,12657.0
C12133,Lapsing / dormant,0.168,Low,6363.0
C12134,High-value regulars,0.121,Low,10958.0
C12135,High-value regulars,0.09,Low,12843.0
C12136,High-value regulars,0.084,Low,16572.0
C12137,Lapsing / dormant,0.25,Medium,10395.0
C12138,Lapsing / dormant,0.098,Low,6323.0
C12139,Lapsing / dormant,0.193,Low,6781.0
C12140,Lapsing / dormant,0.367,Medium,5435.0
C12141,High-value regulars,0.048,Low,9346.0
C12142,High-value regulars,0.242,Low,10140.0
C12143,Low-spend occasional,0.135,Low,1741.0
C12144,High-value regulars,0.143,Low,11834.0
C12145,High-value regulars,0.239,Low,14242.0
C12146,High-value regulars,0.069,Low,16854.0
C12147,High-value regulars,0.281,Medium,10174.0
C12148,High-value regulars,0.14,Low,18492.0
C12149,Lapsing / dormant,0.36,Medium,10501.0
C12150,Lapsing / dormant,0.323,Medium,10247.0
C12151,High-value regulars,0.221,Low,13602.0
C12152,High-value regulars,0.167,Low,11995.0
C12153,High-value regulars,0.156,Low,17971.0
C12154,High-value regulars,0.087,Low,13330.0
C12155,Lapsing / dormant,0.134,Low,3947.0
C12156,Lapsing / dormant,0.577,High,6642.0
C12157,Low-spend occasional,0.137,Low,1977.0
C12158,High-value regulars,0.087,Low,18552.0
C12159,High-value regulars,0.09,Low,13960.0
C12160,Lapsing / dormant,0.267,Medium,5444.0
C12161,Lapsing / dormant,0.376,Medium,13394.0
C12162,High-value regulars,0.092,Low,10277.0
C12163,Lapsing / dormant,0.204,Low,10239.0
C12164,Low-spend occasional,0.107,Low,4357.0
C12165,High-value regulars,0.182,Low,18543.0
C12166,High-value regulars,0.129,Low,10471.0
C12167,High-value regulars,0.107,Low,7171.0
C12168,High-value regulars,0.134,Low,13147.0
C12169,High-value regulars,0.038,Low,20978.0
C12170,Lapsing / dormant,0.273,Medium,8213.0
C12171,High-value regulars,0.036,Low,19955.0
C12172,Lapsing / dormant,0.156,Low,10480.0
C12173,High-value regulars,0.171,Low,10649.0
C12174,High-value regulars,0.168,Low,19153.0
C12175,High-value regulars,0.053,Low,17614.0
C12176,High-value regulars,0.247,Low,10054.0
C12177,Lapsing / dormant,0.734,High,5773.0
C12178,High-value regulars,0.429,Medium,11530.0
C12179,High-value regulars,0.079,Low,12745.0
C12180,High-value regulars,0.124,Low,11371.0
C12181,Lapsing / dormant,0.329,Medium,6516.0
C12182,High-value regulars,0.158,Low,19197.0
C12183,High-value regulars,0.046,Low,26414.0
C12184,High-value regulars,0.044,Low,26243.0
C12185,High-value regulars,0.032,Low,14184.0
C12186,Lapsing / dormant,0.295,Medium,7195.0
C12187,Lapsing / dormant,0.185,Low,11202.0
C12188,High-value regulars,0.046,Low,15961.0
C12189,Low-spend occasional,0.239,Low,3509.0
C12190,High-value regulars,0.196,Low,7066.0
C12191,Lapsing / dormant,0.131,Low,5958.0
C12192,Lapsing / dormant,0.466,Medium,6206.0
C12193,Low-spend occasional,0.088,Low,4584.0
C12194,High-value regulars,0.126,Low,9053.0
C12195,High-value regulars,0.226,Low,12776.0
C12196,Lapsing / dormant,0.259,Medium,6184.0
C12197,High-value regulars,0.038,Low,10029.0
C12198,High-value regulars,0.183,Low,21049.0
C12199,High-value regulars,0.048,Low,19124.0
C12200,High-value regulars,0.167,Low,11220.0
C12201,High-value regulars,0.176,Low,16400.0
C12202,Low-spend occasional,0.03,Low,5836.0
C12203,Lapsing / dormant,0.316,Medium,5080.0
C12204,High-value regulars,0.224,Low,16970.0
C12205,High-value regulars,0.067,Low,20174.0
C12206,High-value regulars,0.275,Medium,11884.0
C12207,High-value regulars,0.246,Low,12734.0
C12208,High-value regulars,0.137,Low,16281.0
C12209,High-value regulars,0.24,Low,11402.0
C12210,Low-spend occasional,0.602,High,4294.0
C12211,High-value regulars,0.078,Low,9594.0
C12212,High-value regulars,0.244,Low,19599.0
C12213,Lapsing / dormant,0.621,High,3007.0
C12214,High-value regulars,0.289,Medium,12429.0
C12215,High-value regulars,0.248,Low,9912.0
C12216,Lapsing / dormant,0.429,Medium,9652.0
C12217,High-value regulars,0.105,Low,11593.0
C12218,High-value regulars,0.142,Low,17465.0
C12219,High-value regulars,0.096,Low,15411.0
C12220,High-value regulars,0.359,Medium,16748.0
C12221,High-value regulars,0.048,Low,17549.0
C12222,High-value regulars,0.098,Low,7979.0
C12223,Low-spend occasional,0.383,Medium,5223.0
C12224,High-value regulars,0.133,Low,7280.0
C12225,Low-spend occasional,0.166,Low,4463.0
C12226,Low-spend occasional,0.135,Low,4780.0
C12227,High-value regulars,0.105,Low,10715.0
C12228,Low-spend occasional,0.092,Low,3848.0
C12229,Lapsing / dormant,0.083,Low,8625.0
C12230,High-value regulars,0.062,Low,11343.0
C12231,High-value regulars,0.113,Low,10396.0
C12232,Lapsing / dormant,0.292,Medium,5773.0
C12233,High-value regulars,0.024,Low,13244.0
C12234,Lapsing / dormant,0.362,Medium,10186.0
C12235,Low-spend occasional,0.189,Low,2512.0
C12236,High-value regulars,0.048,Low,21661.0
C12237,High-value regulars,0.052,Low,8182.0
C12238,Lapsing / dormant,0.31,Medium,6912.0
C12239,Lapsing / dormant,0.51,High,6777.0
C12240,High-value regulars,0.173,Low,14318.0
C12241,Lapsing / dormant,0.209,Low,5933.0
C12242,Lapsing / dormant,0.313,Medium,9810.0
C12243,High-value regulars,0.036,Low,7438.0
C12244,Lapsing / dormant,0.342,Medium,9145.0
C12245,Low-spend occasional,0.209,Low,6634.0
C12246,High-value regulars,0.113,Low,11908.0
C12247,High-value regulars,0.248,Low,9218.0
C12248,Low-spend occasional,0.327,Medium,5816.0
C12249,Low-spend occasional,0.093,Low,4288.0
C12250,Lapsing / dormant,0.369,Medium,6676.0
C12251,Lapsing / dormant,0.255,Medium,9042.0
C12252,High-value regulars,0.091,Low,19699.0
C12253,High-value regulars,0.045,Low,18273.0
C12254,Low-spend occasional,0.079,Low,4521.0
C12255,Lapsing / dormant,0.08,Low,7566.0
C12256,High-value regulars,0.082,Low,8367.0
C12257,Low-spend occasional,0.221,Low,5052.0
C12258,Low-spend occasional,0.584,High,2896.0
C12259,High-value regulars,0.093,Low,9204.0
C12260,Lapsing / dormant,0.674,High,2786.0
C12261,High-value regulars,0.068,Low,13397.0
C12262,Low-spend occasional,0.109,Low,6408.0
C12263,High-value regulars,0.031,Low,27672.0
C12264,Lapsing / dormant,0.169,Low,5744.0
C12265,High-value regulars,0.351,Medium,13970.0
C12266,Lapsing / dormant,0.098,Low,11370.0
C12267,Lapsing / dormant,0.399,Medium,4203.0
C12268,High-value regulars,0.098,Low,16541.0
C12269,High-value regulars,0.063,Low,29954.0
C12270,High-value regulars,0.137,Low,12327.0
C12271,Lapsing / dormant,0.271,Medium,14160.0
C12272,Lapsing / dormant,0.245,Low,7046.0
C12273,High-value regulars,0.11,Low,9898.0
C12274,High-value regulars,0.598,High,13165.0
C12275,High-value regulars,0.092,Low,14492.0
C12276,Low-spend occasional,0.427,Medium,3576.0
C12277,Low-spend occasional,0.091,Low,5313.0
C12278,High-value regulars,0.25,Medium,18326.0
C12279,Low-spend occasional,0.134,Low,4875.0
C12280,Lapsing / dormant,0.385,Medium,11935.0
C12281,High-value regulars,0.362,Medium,13332.0
C12282,High-value regulars,0.071,Low,13143.0
C12283,Lapsing / dormant,0.639,High,5568.0
C12284,High-value regulars,0.276,Medium,14085.0
C12285,Lapsing / dormant,0.328,Medium,5506.0
C12286,High-value regulars,0.212,Low,9807.0
C12287,Lapsing / dormant,0.69,High,4585.0
C12288,High-value regulars,0.095,Low,15833.0
C12289,High-value regulars,0.038,Low,22326.0
C12290,High-value regulars,0.122,Low,11638.0
C12291,High-value regulars,0.135,Low,15491.0
C12292,Low-spend occasional,0.237,Low,5518.0
C12293,High-value regulars,0.066,Low,11021.0
C12294,High-value regulars,0.282,Medium,12870.0
C12295,High-value regulars,0.167,Low,9787.0
C12296,Low-spend occasional,0.06,Low,6532.0
C12297,Lapsing / dormant,0.162,Low,7004.0
C12298,High-value regulars,0.149,Low,7513.0
C12299,High-value regulars,0.148,Low,15196.0
C12300,High-value regulars,0.03,Low,24783.0
C12301,Lapsing / dormant,0.155,Low,7176.0
C12302,High-value regulars,0.042,Low,17755.0
C12303,High-value regulars,0.028,Low,23370.0
C12304,Low-spend occasional,0.153,Low,4955.0
C12305,Lapsing / dormant,0.135,Low,8104.0
C12306,High-value regulars,0.334,Medium,10915.0
C12307,High-value regulars,0.413,Medium,14082.0
C12308,High-value regulars,0.105,Low,8825.0
C12309,High-value regulars,0.056,Low,15874.0
C12310,High-value regulars,0.086,Low,13034.0
C12311,Lapsing / dormant,0.253,Medium,4081.0
C12312,Lapsing / dormant,0.322,Medium,6028.0
C12313,Low-spend occasional,0.068,Low,2072.0
C12314,Low-spend occasional,0.14,Low,6524.0
C12315,High-value regulars,0.201,Low,8648.0
C12316,High-value regulars,0.256,Medium,8722.0
C12317,High-value regulars,0.074,Low,9496.0
C12318,Lapsing / dormant,0.122,Low,9553.0
C12319,High-value regulars,0.071,Low,13696.0
C12320,High-value regulars,0.082,Low,24287.0
C12321,Lapsing / dormant,0.586,High,4960.0
C12322,High-value regulars,0.087,Low,8195.0
C12323,High-value regulars,0.091,Low,20984.0
C12324,High-value regulars,0.062,Low,22147.0
C12325,High-value regulars,0.124,Low,12568.0
C12326,High-value regulars,0.373,Medium,12937.0
C12327,Lapsing / dormant,0.154,Low,7688.0
C12328,High-value regulars,0.169,Low,11710.0
C12329,High-value regulars,0.088,Low,12134.0
C12330,High-value regulars,0.061,Low,8378.0
C12331,High-value regulars,0.14,Low,9859.0
C12332,High-value regulars,0.472,Medium,10196.0
C12333,Lapsing / dormant,0.319,Medium,4776.0
C12334,High-value regulars,0.292,Medium,14885.0
C12335,Low-spend occasional,0.142,Low,4625.0
C12336,High-value regulars,0.322,Medium,8085.0
C12337,High-value regulars,0.374,Medium,9721.0
C12338,High-value regulars,0.225,Low,10300.0
C12339,High-value regulars,0.138,Low,15999.0
C12340,High-value regulars,0.153,Low,11938.0
C12341,High-value regulars,0.062,Low,12883.0
C12342,High-value regulars,0.253,Medium,9749.0
C12343,High-value regulars,0.194,Low,8345.0
C12344,High-value regulars,0.094,Low,11821.0
C12345,Lapsing / dormant,0.172,Low,6857.0
C12346,Low-spend occasional,0.133,Low,2059.0
C12347,High-value regulars,0.057,Low,19488.0
C12348,Lapsing / dormant,0.135,Low,8686.0
C12349,High-value regulars,0.313,Medium,12258.0
C12350,High-value regulars,0.115,Low,12199.0
C12351,Low-spend occasional,0.149,Low,3366.0
C12352,High-value regulars,0.088,Low,15196.0
C12353,High-value regulars,0.069,Low,16478.0
C12354,High-value regulars,0.121,Low,14493.0
C12355,High-value regulars,0.266,Medium,16771.0
C12356,High-value regulars,0.216,Low,10388.0
C12357,High-value regulars,0.017,Low,14072.0
C12358,High-value regulars,0.163,Low,11448.0
C12359,High-value regulars,0.119,Low,8192.0
C12360,Low-spend occasional,0.328,Medium,3601.0
C12361,High-value regulars,0.088,Low,10112.0
C12362,Lapsing / dormant,0.153,Low,5973.0
C12363,Lapsing / dormant,0.3,Medium,7492.0
C12364,High-value regulars,0.128,Low,10899.0
C12365,High-value regulars,0.119,Low,12709.0
C12366,Lapsing / dormant,0.352,Medium,9776.0
C12367,Lapsing / dormant,0.323,Medium,9795.0
C12368,Lapsing / dormant,0.466,Medium,5643.0
C12369,Lapsing / dormant,0.614,High,6621.0
C12370,High-value regulars,0.502,High,19427.0
C12371,Low-spend occasional,0.248,Low,5041.0
C12372,Low-spend occasional,0.379,Medium,2142.0
C12373,High-value regulars,0.088,Low,23277.0
C12374,High-value regulars,0.045,Low,12188.0
C12375,High-value regulars,0.35,Medium,13307.0
C12376,High-value regulars,0.125,Low,10247.0
C12377,High-value regulars,0.205,Low,14027.0
C12378,High-value regulars,0.21,Low,13214.0
C12379,Lapsing / dormant,0.129,Low,3136.0
C12380,High-value regulars,0.096,Low,14534.0
C12381,High-value regulars,0.174,Low,15478.0
C12382,Lapsing / dormant,0.105,Low,6597.0
C12383,Lapsing / dormant,0.163,Low,8491.0
C12384,Low-spend occasional,0.1,Low,5895.0
C12385,High-value regulars,0.102,Low,12662.0
C12386,High-value regulars,0.21,Low,8589.0
C12387,Lapsing / dormant,0.198,Low,6121.0
C12388,High-value regulars,0.041,Low,22020.0
C12389,Lapsing / dormant,0.225,Low,7271.0
C12390,Lapsing / dormant,0.257,Medium,7221.0
C12391,Lapsing / dormant,0.266,Medium,8896.0
C12392,High-value regulars,0.221,Low,14892.0
C12393,High-value regulars,0.043,Low,17248.0
C12394,High-value regulars,0.337,Medium,13624.0
C12395,High-value regulars,0.076,Low,12212.0
C12396,Lapsing / dormant,0.23,Low,5479.0
C12397,High-value regulars,0.322,Medium,10853.0
C12398,High-value regulars,0.12,Low,10986.0
C12399,Lapsing / dormant,0.39,Medium,9552.0
C12400,High-value regulars,0.036,Low,31525.0
C12401,High-value regulars,0.104,Low,15612.0
C12402,High-value regulars,0.12,Low,8105.0
C12403,High-value regulars,0.049,Low,10634.0
C12404,High-value regulars,0.114,Low,13158.0
C12405,High-value regulars,0.092,Low,9033.0
C12406,Lapsing / dormant,0.163,Low,4882.0
C12407,Lapsing / dormant,0.45,Medium,8778.0
C12408,Lapsing / dormant,0.452,Medium,5786.0
C12409,Lapsing / dormant,0.522,High,3485.0
C12410,High-value regulars,0.068,Low,10877.0
C12411,Lapsing / dormant,0.335,Medium,7239.0
C12412,High-value regulars,0.164,Low,9791.0
C12413,High-value regulars,0.191,Low,14857.0
C12414,High-value regulars,0.163,Low,13871.0
C12415,High-value regulars,0.091,Low,8309.0
C12416,Lapsing / dormant,0.195,Low,6659.0
C12417,High-value regulars,0.129,Low,8334.0
C12418,Low-spend occasional,0.112,Low,4162.0
C12419,Lapsing / dormant,0.306,Medium,7139.0
C12420,High-value regulars,0.352,Medium,11096.0
C12421,Lapsing / dormant,0.424,Medium,10473.0
C12422,Lapsing / dormant,0.217,Low,10006.0
C12423,High-value regulars,0.15,Low,11493.0
C12424,Lapsing / dormant,0.102,Low,3981.0
C12425,High-value regulars,0.375,Medium,9810.0
C12426,Low-spend occasional,0.237,Low,7275.0
C12427,Lapsing / dormant,0.478,Medium,8323.0
C12428,High-value regulars,0.154,Low,10048.0
C12429,High-value regulars,0.177,Low,8509.0
C12430,Low-spend occasional,0.354,Medium,3969.0
C12431,Lapsing / dormant,0.66,High,9224.0
C12432,Lapsing / dormant,0.206,Low,7357.0
C12433,Low-spend occasional,0.173,Low,4904.0
C12434,Lapsing / dormant,0.312,Medium,8238.0
C12435,Low-spend occasional,0.334,Medium,4372.0
C12436,High-value regulars,0.079,Low,9842.0
C12437,High-value regulars,0.107,Low,19834.0
C12438,High-value regulars,0.058,Low,14927.0
C12439,High-value regulars,0.079,Low,19002.0
C12440,High-value regulars,0.132,Low,12223.0
C12441,High-value regulars,0.498,Medium,25332.0
C12442,Lapsing / dormant,0.32,Medium,10065.0
C12443,High-value regulars,0.282,Medium,16397.0
C12444,Lapsing / dormant,0.342,Medium,7797.0
C12445,High-value regulars,0.105,Low,9469.0
C12446,High-value regulars,0.414,Medium,18558.0
C12447,High-value regulars,0.078,Low,9009.0
C12448,High-value regulars,0.056,Low,10769.0
C12449,Lapsing / dormant,0.297,Medium,5576.0
C12450,High-value regulars,0.178,Low,7675.0
C12451,High-value regulars,0.556,High,14270.0
C12452,High-value regulars,0.177,Low,10539.0
C12453,High-value regulars,0.175,Low,19080.0
C12454,High-value regulars,0.061,Low,16915.0
C12455,Lapsing / dormant,0.467,Medium,7649.0
C12456,Lapsing / dormant,0.481,Medium,5002.0
C12457,High-value regulars,0.199,Low,10981.0
C12458,Lapsing / dormant,0.352,Medium,11475.0
C12459,High-value regulars,0.077,Low,12308.0
C12460,High-value regulars,0.275,Medium,13933.0
C12461,Low-spend occasional,0.211,Low,6718.0
C12462,High-value regulars,0.089,Low,11360.0
C12463,High-value regulars,0.04,Low,22749.0
C12464,High-value regulars,0.182,Low,8327.0
C12465,Low-spend occasional,0.098,Low,6387.0
C12466,Lapsing / dormant,0.343,Medium,4453.0
C12467,High-value regulars,0.105,Low,14516.0
C12468,High-value regulars,0.13,Low,23455.0
C12469,Lapsing / dormant,0.366,Medium,6180.0
C12470,High-value regulars,0.022,Low,23152.0
C12471,Lapsing / dormant,0.272,Medium,8756.0
C12472,Low-spend occasional,0.131,Low,2613.0
C12473,Low-spend occasional,0.321,Medium,3524.0
C12474,Lapsing / dormant,0.31,Medium,9623.0
C12475,High-value regulars,0.059,Low,12181.0
C12476,Lapsing / dormant,0.414,Medium,8836.0
C12477,High-value regulars,0.044,Low,12501.0
C12478,High-value regulars,0.126,Low,14214.0
C12479,High-value regulars,0.099,Low,7773.0
C12480,High-value regulars,0.378,Medium,11022.0
C12481,High-value regulars,0.145,Low,15917.0
C12482,High-value regulars,0.144,Low,22183.0
C12483,High-value regulars,0.105,Low,14413.0
C12484,Lapsing / dormant,0.34,Medium,6804.0
C12485,High-value regulars,0.123,Low,10753.0
C12486,High-value regulars,0.167,Low,10779.0
C12487,High-value regulars,0.23,Low,12948.0
C12488,High-value regulars,0.251,Medium,8443.0
C12489,High-value regulars,0.281,Medium,15689.0
C12490,Lapsing / dormant,0.151,Low,9260.0
C12491,High-value regulars,0.296,Medium,10847.0
C12492,High-value regulars,0.166,Low,22844.0
C12493,High-value regulars,0.079,Low,9733.0
C12494,Low-spend occasional,0.324,Medium,3478.0
C12495,High-value regulars,0.154,Low,7765.0
C12496,Lapsing / dormant,0.239,Low,4201.0
C12497,Lapsing / dormant,0.402,Medium,8444.0
C12498,Lapsing / dormant,0.207,Low,6814.0
C12499,Lapsing / dormant,0.287,Medium,8065.0
C12500,Low-spend occasional,0.191,Low,3714.0
C12501,Low-spend occasional,0.157,Low,2451.0
C12502,Lapsing / dormant,0.429,Medium,9661.0
C12503,Lapsing / dormant,0.25,Low,4108.0
C12504,Low-spend occasional,0.183,Low,718.0
C12505,Lapsing / dormant,0.712,High,3463.0
C12506,High-value regulars,0.09,Low,11044.0
C12507,Low-spend occasional,0.186,Low,5010.0
C12508,High-value regulars,0.083,Low,21815.0
C12509,Lapsing / dormant,0.248,Low,12299.0
C12510,High-value regulars,0.176,Low,10658.0
C12511,High-value regulars,0.081,Low,11323.0
C12512,Lapsing / dormant,0.221,Low,4820.0
C12513,Lapsing / dormant,0.853,High,6335.0
C12514,Lapsing / dormant,0.147,Low,8356.0
C12515,High-value regulars,0.051,Low,13574.0
C12516,High-value regulars,0.086,Low,15319.0
C12517,Lapsing / dormant,0.275,Medium,4425.0
C12518,High-value regulars,0.17,Low,8163.0
C12519,High-value regulars,0.119,Low,10688.0
C12520,Low-spend occasional,0.145,Low,2264.0
C12521,Lapsing / dormant,0.461,Medium,3170.0
C12522,Low-spend occasional,0.257,Medium,3882.0
C12523,High-value regulars,0.25,Low,9264.0
C12524,High-value regulars,0.027,Low,15664.0
C12525,High-value regulars,0.124,Low,9182.0
C12526,High-value regulars,0.26,Medium,9318.0
C12527,High-value regulars,0.061,Low,13929.0
C12528,High-value regulars,0.081,Low,16401.0
C12529,Lapsing / dormant,0.825,High,5568.0
C12530,High-value regulars,0.132,Low,6957.0
C12531,Low-spend occasional,0.154,Low,7207.0
C12532,Lapsing / dormant,0.238,Low,10244.0
C12533,Lapsing / dormant,0.224,Low,4396.0
C12534,Lapsing / dormant,0.104,Low,4637.0
C12535,Lapsing / dormant,0.361,Medium,4316.0
C12536,Low-spend occasional,0.606,High,292.0
C12537,High-value regulars,0.149,Low,12470.0
C12538,High-value regulars,0.117,Low,11807.0
C12539,High-value regulars,0.254,Medium,11602.0
C12540,Lapsing / dormant,0.451,Medium,6986.0
C12541,Lapsing / dormant,0.371,Medium,12027.0
C12542,High-value regulars,0.312,Medium,13316.0
C12543,High-value regulars,0.34,Medium,16076.0
C12544,Lapsing / dormant,0.626,High,6576.0
C12545,Low-spend occasional,0.135,Low,5985.0
C12546,High-value regulars,0.083,Low,12503.0
C12547,High-value regulars,0.138,Low,10520.0
C12548,Lapsing / dormant,0.318,Medium,7598.0
C12549,Lapsing / dormant,0.688,High,5930.0
C12550,Low-spend occasional,0.129,Low,3943.0
C12551,Lapsing / dormant,0.227,Low,6026.0
C12552,High-value regulars,0.386,Medium,17272.0
C12553,Lapsing / dormant,0.577,High,2993.0
C12554,Lapsing / dormant,0.335,Medium,9240.0
C12555,High-value regulars,0.087,Low,9248.0
C12556,High-value regulars,0.107,Low,14289.0
C12557,Lapsing / dormant,0.257,Medium,5856.0
C12558,Lapsing / dormant,0.33,Medium,6621.0
C12559,High-value regulars,0.08,Low,14064.0
C12560,Lapsing / dormant,0.819,High,4497.0
C12561,Lapsing / dormant,0.496,Medium,8158.0
C12562,High-value regulars,0.049,Low,27045.0
C12563,High-value regulars,0.082,Low,10541.0
C12564,High-value regulars,0.052,Low,14263.0
C12565,High-value regulars,0.32,Medium,9287.0
C12566,Lapsing / dormant,0.676,High,7419.0
C12567,Low-spend occasional,0.048,Low,5011.0
C12568,Lapsing / dormant,0.342,Medium,8497.0
C12569,High-value regulars,0.04,Low,9136.0
C12570,Lapsing / dormant,0.577,High,9893.0
C12571,Low-spend occasional,0.217,Low,6541.0
C12572,Lapsing / dormant,0.676,High,6859.0
C12573,Lapsing / dormant,0.479,Medium,5400.0
C12574,High-value regulars,0.142,Low,10251.0
C12575,Lapsing / dormant,0.239,Low,10166.0
C12576,Low-spend occasional,0.049,Low,5612.0
C12577,High-value regulars,0.079,Low,20240.0
C12578,High-value regulars,0.227,Low,12372.0
C12579,High-value regulars,0.095,Low,16465.0
C12580,Lapsing / dormant,0.268,Medium,9090.0
C12581,Low-spend occasional,0.137,Low,7510.0
C12582,Lapsing / dormant,0.7,High,3467.0
C12583,Low-spend occasional,0.095,Low,6037.0
C12584,High-value regulars,0.202,Low,14112.0
C12585,High-value regulars,0.116,Low,20125.0
C12586,High-value regulars,0.123,Low,19513.0
C12587,High-value regulars,0.086,Low,6769.0
C12588,High-value regulars,0.093,Low,23719.0
C12589,Lapsing / dormant,0.092,Low,8415.0
C12590,High-value regulars,0.051,Low,21191.0
C12591,Lapsing / dormant,0.621,High,2074.0
C12592,Lapsing / dormant,0.097,Low,7573.0
C12593,Low-spend occasional,0.077,Low,1472.0
C12594,High-value regulars,0.074,Low,8755.0
C12595,High-value regulars,0.048,Low,15431.0
C12596,High-value regulars,0.334,Medium,12441.0
C12597,High-value regulars,0.326,Medium,9922.0
C12598,High-value regulars,0.153,Low,11523.0
C12599,High-value regulars,0.206,Low,8499.0
C12600,Low-spend occasional,0.064,Low,7512.0
C12601,High-value regulars,0.073,Low,8749.0
C12602,Lapsing / dormant,0.403,Medium,3536.0
C12603,Lapsing / dormant,0.298,Medium,4440.0
C12604,Lapsing / dormant,0.325,Medium,13046.0
C12605,High-value regulars,0.205,Low,16549.0
C12606,High-value regulars,0.231,Low,9858.0
C12607,Lapsing / dormant,0.165,Low,10430.0
C12608,Low-spend occasional,0.074,Low,2924.0
C12609,Lapsing / dormant,0.314,Medium,4628.0
C12610,High-value regulars,0.173,Low,10768.0
C12611,High-value regulars,0.406,Medium,17166.0
C12612,High-value regulars,0.195,Low,13380.0
C12613,Lapsing / dormant,0.413,Medium,12498.0
C12614,Low-spend occasional,0.38,Medium,4691.0
C12615,High-value regulars,0.112,Low,15974.0
C12616,Lapsing / dormant,0.94,High,1445.0
C12617,High-value regulars,0.168,Low,12572.0
C12618,Lapsing / dormant,0.294,Medium,9493.0
C12619,High-value regulars,0.259,Medium,15973.0
C12620,High-value regulars,0.117,Low,11749.0
C12621,Low-spend occasional,0.39,Medium,2405.0
C12622,High-value regulars,0.161,Low,16865.0
C12623,Lapsing / dormant,0.189,Low,10774.0
C12624,Lapsing / dormant,0.364,Medium,7225.0
C12625,High-value regulars,0.065,Low,6277.0
C12626,High-value regulars,0.06,Low,15794.0
C12627,Lapsing / dormant,0.62,High,4607.0
C12628,High-value regulars,0.088,Low,6515.0
C12629,High-value regulars,0.117,Low,21079.0
C12630,Low-spend occasional,0.44,Medium,1795.0
C12631,Lapsing / dormant,0.204,Low,6463.0
C12632,Lapsing / dormant,0.723,High,5705.0
C12633,Low-spend occasional,0.121,Low,8343.0
C12634,Lapsing / dormant,0.673,High,7806.0
C12635,High-value regulars,0.194,Low,9977.0
C12636,High-value regulars,0.038,Low,15552.0
C12637,High-value regulars,0.054,Low,11825.0
C12638,Low-spend occasional,0.092,Low,4765.0
C12639,Lapsing / dormant,0.165,Low,6694.0
C12640,Lapsing / dormant,0.325,Medium,9593.0
C12641,Lapsing / dormant,0.283,Medium,8258.0
C12642,Low-spend occasional,0.073,Low,4091.0
C12643,High-value regulars,0.112,Low,11227.0
C12644,High-value regulars,0.16,Low,6885.0
C12645,Low-spend occasional,0.243,Low,5401.0
C12646,Lapsing / dormant,0.33,Medium,6849.0
C12647,Low-spend occasional,0.084,Low,6354.0
C12648,High-value regulars,0.32,Medium,14828.0
C12649,Low-spend occasional,0.459,Medium,4819.0
C12650,High-value regulars,0.126,Low,12620.0
C12651,High-value regulars,0.171,Low,10361.0
C12652,Lapsing / dormant,0.166,Low,10228.0
C12653,Low-spend occasional,0.122,Low,7491.0
C12654,Low-spend occasional,0.256,Medium,2635.0
C12655,High-value regulars,0.083,Low,11338.0
C12656,High-value regulars,0.091,Low,9933.0
C12657,High-value regulars,0.279,Medium,13694.0
C12658,High-value regulars,0.058,Low,8127.0
C12659,High-value regulars,0.132,Low,15221.0
C12660,High-value regulars,0.237,Low,18070.0
C12661,Lapsing / dormant,0.508,High,13513.0
C12662,High-value regulars,0.19,Low,13810.0
C12663,High-value regulars,0.079,Low,22124.0
C12664,High-value regulars,0.099,Low,7413.0
C12665,Lapsing / dormant,0.264,Medium,7821.0
C12666,High-value regulars,0.086,Low,11804.0
C12667,High-value regulars,0.066,Low,7143.0
C12668,Lapsing / dormant,0.304,Medium,5973.0
C12669,High-value regulars,0.158,Low,11464.0
C12670,High-value regulars,0.255,Medium,11845.0
C12671,High-value regulars,0.085,Low,10990.0
C12672,High-value regulars,0.059,Low,18997.0
C12673,Lapsing / dormant,0.474,Medium,9551.0
C12674,Lapsing / dormant,0.19,Low,12777.0
C12675,Low-spend occasional,0.175,Low,2714.0
C12676,Lapsing / dormant,0.329,Medium,2991.0
C12677,High-value regulars,0.179,Low,15503.0
C12678,High-value regulars,0.056,Low,11623.0
C12679,Lapsing / dormant,0.112,Low,13471.0
C12680,Lapsing / dormant,0.187,Low,5688.0
C12681,Low-spend occasional,0.143,Low,4779.0
C12682,Lapsing / dormant,0.529,High,7571.0
C12683,High-value regulars,0.048,Low,11184.0
C12684,Lapsing / dormant,0.456,Medium,7930.0
C12685,Lapsing / dormant,0.203,Low,12286.0
C12686,High-value regulars,0.127,Low,14472.0
C12687,High-value regulars,0.302,Medium,16076.0
C12688,High-value regulars,0.186,Low,18289.0
C12689,High-value regulars,0.105,Low,12825.0
C12690,High-value regulars,0.038,Low,8653.0
C12691,High-value regulars,0.143,Low,21868.0
C12692,Lapsing / dormant,0.791,High,1836.0
C12693,High-value regulars,0.214,Low,14848.0
C12694,Lapsing / dormant,0.83,High,3630.0
C12695,High-value regulars,0.023,Low,11864.0
C12696,Low-spend occasional,0.063,Low,7072.0
C12697,Lapsing / dormant,0.54,High,6404.0
C12698,High-value regulars,0.041,Low,8690.0
C12699,Lapsing / dormant,0.418,Medium,9853.0
C12700,Lapsing / dormant,0.086,Low,6818.0
C12701,Lapsing / dormant,0.112,Low,10047.0
C12702,High-value regulars,0.09,Low,18916.0
C12703,High-value regulars,0.248,Low,10297.0
C12704,Lapsing / dormant,0.343,Medium,7254.0
C12705,High-value regulars,0.121,Low,11930.0
C12706,High-value regulars,0.249,Low,10774.0
C12707,High-value regulars,0.03,Low,12587.0
C12708,Lapsing / dormant,0.292,Medium,9991.0
C12709,High-value regulars,0.122,Low,11490.0
C12710,Low-spend occasional,0.055,Low,5845.0
C12711,Low-spend occasional,0.186,Low,6350.0
C12712,High-value regulars,0.261,Medium,12354.0
C12713,High-value regulars,0.097,Low,8890.0
C12714,High-value regulars,0.074,Low,16541.0
C12715,High-value regulars,0.054,Low,23890.0
C12716,Low-spend occasional,0.084,Low,3366.0
C12717,Low-spend occasional,0.218,Low,2775.0
C12718,High-value regulars,0.219,Low,21100.0
C12719,Lapsing / dormant,0.3,Medium,7899.0
C12720,High-value regulars,0.048,Low,10349.0
C12721,High-value regulars,0.221,Low,9377.0
C12722,Lapsing / dormant,0.265,Medium,8842.0
C12723,Lapsing / dormant,0.236,Low,6236.0
C12724,Lapsing / dormant,0.122,Low,4585.0
C12725,High-value regulars,0.082,Low,10531.0
C12726,Low-spend occasional,0.135,Low,3790.0
C12727,High-value regulars,0.041,Low,9279.0
C12728,Low-spend occasional,0.159,Low,1892.0
C12729,Low-spend occasional,0.069,Low,6411.0
C12730,High-value regulars,0.085,Low,12609.0
C12731,Lapsing / dormant,0.569,High,7975.0
C12732,Low-spend occasional,0.092,Low,6149.0
C12733,High-value regulars,0.056,Low,13296.0
C12734,High-value regulars,0.092,Low,11893.0
C12735,High-value regulars,0.06,Low,17408.0
C12736,Lapsing / dormant,0.205,Low,8312.0
C12737,High-value regulars,0.086,Low,12276.0
C12738,High-value regulars,0.103,Low,10551.0
C12739,Low-spend occasional,0.277,Medium,5594.0
C12740,High-value regulars,0.171,Low,10917.0
C12741,High-value regulars,0.17,Low,8698.0
C12742,Low-spend occasional,0.319,Medium,838.0
C12743,Low-spend occasional,0.031,Low,2912.0
C12744,High-value regulars,0.312,Medium,14189.0
C12745,High-value regulars,0.246,Low,14828.0
C12746,Lapsing / dormant,0.321,Medium,7626.0
C12747,Lapsing / dormant,0.519,High,8028.0
C12748,High-value regulars,0.221,Low,11920.0
C12749,High-value regulars,0.103,Low,13732.0
C12750,Lapsing / dormant,0.614,High,5656.0
C12751,High-value regulars,0.129,Low,13014.0
C12752,High-value regulars,0.256,Medium,9550.0
C12753,High-value regulars,0.097,Low,16966.0
C12754,Low-spend occasional,0.281,Medium,4692.0
C12755,High-value regulars,0.073,Low,17119.0
C12756,Lapsing / dormant,0.699,High,4758.0
C12757,Lapsing / dormant,0.279,Medium,5001.0
C12758,High-value regulars,0.147,Low,7702.0
C12759,High-value regulars,0.52,High,11374.0
C12760,High-value regulars,0.121,Low,19868.0
C12761,Lapsing / dormant,0.182,Low,3894.0
C12762,High-value regulars,0.082,Low,14399.0
C12763,High-value regulars,0.032,Low,22129.0
C12764,High-value regulars,0.443,Medium,13585.0
C12765,High-value regulars,0.116,Low,10663.0
C12766,Low-spend occasional,0.119,Low,5846.0
C12767,High-value regulars,0.182,Low,11485.0
C12768,High-value regulars,0.058,Low,15468.0
C12769,High-value regulars,0.085,Low,15815.0
C12770,High-value regulars,0.208,Low,11208.0
C12771,High-value regulars,0.053,Low,14760.0
C12772,High-value regulars,0.281,Medium,11189.0
C12773,Low-spend occasional,0.482,Medium,4105.0
C12774,High-value regulars,0.097,Low,12496.0
C12775,Lapsing / dormant,0.429,Medium,7052.0
C12776,Lapsing / dormant,0.255,Medium,10049.0
C12777,Lapsing / dormant,0.733,High,6099.0
C12778,High-value regulars,0.043,Low,29293.0
C12779,High-value regulars,0.029,Low,13046.0
C12780,High-value regulars,0.035,Low,18388.0
C12781,High-value regulars,0.175,Low,7570.0
C12782,High-value regulars,0.186,Low,9387.0
C12783,High-value regulars,0.123,Low,11544.0
C12784,Lapsing / dormant,0.275,Medium,7847.0
C12785,High-value regulars,0.117,Low,11664.0
C12786,High-value regulars,0.173,Low,16399.0
C12787,High-value regulars,0.092,Low,11694.0
C12788,Lapsing / dormant,0.501,High,3314.0
C12789,High-value regulars,0.042,Low,24160.0
C12790,Lapsing / dormant,0.701,High,4288.0
C12791,High-value regulars,0.066,Low,10932.0
C12792,Lapsing / dormant,0.524,High,11185.0
C12793,High-value regulars,0.216,Low,12931.0
C12794,High-value regulars,0.225,Low,9197.0
C12795,Lapsing / dormant,0.194,Low,6570.0
C12796,High-value regulars,0.07,Low,13732.0
C12797,High-value regulars,0.099,Low,18310.0
C12798,High-value regulars,0.089,Low,18269.0
C12799,High-value regulars,0.257,Medium,22853.0
C12800,Low-spend occasional,0.117,Low,6227.0
C12801,Lapsing / dormant,0.183,Low,5207.0
C12802,High-value regulars,0.072,Low,14956.0
C12803,Lapsing / dormant,0.163,Low,8182.0
C12804,High-value regulars,0.166,Low,12032.0
C12805,High-value regulars,0.111,Low,16545.0
C12806,High-value regulars,0.11,Low,17678.0
C12807,Lapsing / dormant,0.535,High,11985.0
C12808,Lapsing / dormant,0.341,Medium,8468.0
C12809,High-value regulars,0.124,Low,10093.0
C12810,High-value regulars,0.1,Low,8959.0
C12811,High-value regulars,0.178,Low,11375.0
C12812,Low-spend occasional,0.083,Low,2769.0
C12813,Lapsing / dormant,0.914,High,1033.0
C12814,High-value regulars,0.126,Low,12630.0
C12815,Low-spend occasional,0.068,Low,6241.0
C12816,High-value regulars,0.047,Low,20328.0
C12817,Low-spend occasional,0.475,Medium,2991.0
C12818,Lapsing / dormant,0.592,High,9673.0
C12819,Low-spend occasional,0.117,Low,3368.0
C12820,Lapsing / dormant,0.067,Low,9072.0
C12821,Lapsing / dormant,0.726,High,4883.0
C12822,High-value regulars,0.179,Low,18777.0
C12823,Lapsing / dormant,0.077,Low,1839.0
C12824,High-value regulars,0.128,Low,12927.0
C12825,High-value regulars,0.063,Low,17601.0
C12826,Lapsing / dormant,0.06,Low,5532.0
C12827,High-value regulars,0.061,Low,28789.0
C12828,High-value regulars,0.324,Medium,7172.0
C12829,High-value regulars,0.26,Medium,12955.0
C12830,High-value regulars,0.097,Low,6630.0
C12831,High-value regulars,0.05,Low,17068.0
C12832,High-value regulars,0.084,Low,11748.0
C12833,High-value regulars,0.07,Low,20912.0
C12834,High-value regulars,0.035,Low,17488.0
C12835,High-value regulars,0.038,Low,13163.0
C12836,Lapsing / dormant,0.35,Medium,10910.0
C12837,Lapsing / dormant,0.188,Low,5161.0
C12838,Low-spend occasional,0.04,Low,5146.0
C12839,Lapsing / dormant,0.491,Medium,8613.0
C12840,High-value regulars,0.069,Low,11051.0
C12841,Lapsing / dormant,0.558,High,2419.0
C12842,High-value regulars,0.095,Low,10854.0
C12843,High-value regulars,0.069,Low,11552.0
C12844,High-value regulars,0.071,Low,18646.0
C12845,High-value regulars,0.323,Medium,14045.0
C12846,High-value regulars,0.148,Low,18704.0
C12847,High-value regulars,0.061,Low,9321.0
C12848,High-value regulars,0.103,Low,13872.0
C12849,High-value regulars,0.134,Low,8554.0
C12850,Low-spend occasional,0.232,Low,1751.0
C12851,High-value regulars,0.025,Low,9734.0
C12852,Low-spend occasional,0.049,Low,7855.0
C12853,High-value regulars,0.418,Medium,7271.0
C12854,High-value regulars,0.082,Low,17517.0
C12855,High-value regulars,0.223,Low,13562.0
C12856,High-value regulars,0.12,Low,8673.0
C12857,Lapsing / dormant,0.724,High,5232.0
C12858,Lapsing / dormant,0.268,Medium,6954.0
C12859,Lapsing / dormant,0.765,High,510.0
C12860,High-value regulars,0.101,Low,8166.0
C12861,Lapsing / dormant,0.438,Medium,6353.0
C12862,High-value regulars,0.131,Low,12632.0
C12863,Lapsing / dormant,0.332,Medium,7529.0
C12864,High-value regulars,0.028,Low,15353.0
C12865,High-value regulars,0.06,Low,16447.0
C12866,Lapsing / dormant,0.107,Low,10323.0
C12867,High-value regulars,0.115,Low,10012.0
C12868,High-value regulars,0.09,Low,6509.0
C12869,Low-spend occasional,0.167,Low,1876.0
C12870,High-value regulars,0.069,Low,15830.0
C12871,High-value regulars,0.114,Low,10412.0
C12872,Lapsing / dormant,0.361,Medium,11672.0
C12873,Lapsing / dormant,0.148,Low,10844.0
C12874,Lapsing / dormant,0.289,Medium,5333.0
C12875,Low-spend occasional,0.283,Medium,5578.0
C12876,Lapsing / dormant,0.268,Medium,10189.0
C12877,Lapsing / dormant,0.214,Low,5341.0
C12878,Lapsing / dormant,0.692,High,5242.0
C12879,Lapsing / dormant,0.126,Low,3668.0
C12880,High-value regulars,0.203,Low,7476.0
C12881,High-value regulars,0.153,Low,15545.0
C12882,High-value regulars,0.111,Low,9950.0
C12883,Lapsing / dormant,0.467,Medium,9014.0
C12884,High-value regulars,0.087,Low,10010.0
C12885,High-value regulars,0.08,Low,17050.0
C12886,Lapsing / dormant,0.283,Medium,11538.0
C12887,High-value regulars,0.286,Medium,15802.0
C12888,Lapsing / dormant,0.555,High,6525.0
C12889,High-value regulars,0.114,Low,16751.0
C12890,Lapsing / dormant,0.501,High,14068.0
C12891,High-value regulars,0.044,Low,13679.0
C12892,Lapsing / dormant,0.221,Low,10036.0
C12893,High-value regulars,0.09,Low,13365.0
C12894,High-value regulars,0.094,Low,12920.0
C12895,Lapsing / dormant,0.561,High,8413.0
C12896,Lapsing / dormant,0.209,Low,6297.0
C12897,Lapsing / dormant,0.214,Low,7347.0
C12898,High-value regulars,0.049,Low,22081.0
C12899,Lapsing / dormant,0.187,Low,6192.0
C12900,Lapsing / dormant,0.133,Low,8237.0
C12901,Lapsing / dormant,0.71,High,2583.0
C12902,High-value regulars,0.061,Low,17746.0
C12903,Lapsing / dormant,0.475,Medium,3451.0
C12904,High-value regulars,0.068,Low,16781.0
C12905,High-value regulars,0.097,Low,11060.0
C12906,High-value regulars,0.179,Low,19299.0
C12907,Lapsing / dormant,0.249,Low,6429.0
C12908,Low-spend occasional,0.199,Low,7488.0
C12909,Low-spend occasional,0.206,Low,4034.0
C12910,High-value regulars,0.117,Low,9066.0
C12911,High-value regulars,0.176,Low,14335.0
C12912,Lapsing / dormant,0.213,Low,10580.0
C12913,High-value regulars,0.158,Low,19390.0
C12914,Low-spend occasional,0.159,Low,4710.0
C12915,High-value regulars,0.062,Low,18458.0
C12916,High-value regulars,0.116,Low,18423.0
C12917,Lapsing / dormant,0.326,Medium,8488.0
C12918,High-value regulars,0.134,Low,17506.0
C12919,High-value regulars,0.131,Low,26700.0
C12920,High-value regulars,0.109,Low,9523.0
C12921,Low-spend occasional,0.158,Low,3294.0
C12922,Low-spend occasional,0.257,Medium,2006.0
C12923,High-value regulars,0.112,Low,12268.0
C12924,Lapsing / dormant,0.619,High,11723.0
C12925,Low-spend occasional,0.561,High,2395.0
C12926,High-value regulars,0.14,Low,13650.0
C12927,High-value regulars,0.23,Low,10639.0
C12928,High-value regulars,0.244,Low,11562.0
C12929,Lapsing / dormant,0.074,Low,7063.0
C12930,High-value regulars,0.288,Medium,11209.0
C12931,High-value regulars,0.359,Medium,16735.0
C12932,Lapsing / dormant,0.235,Low,5965.0
C12933,High-value regulars,0.168,Low,10978.0
C12934,High-value regulars,0.122,Low,12616.0
C12935,Low-spend occasional,0.365,Medium,5519.0
C12936,High-value regulars,0.085,Low,16887.0
C12937,High-value regulars,0.104,Low,9643.0
C12938,High-value regulars,0.189,Low,18181.0
C12939,High-value regulars,0.161,Low,11570.0
C12940,Lapsing / dormant,0.548,High,3415.0
C12941,High-value regulars,0.041,Low,25382.0
C12942,Low-spend occasional,0.272,Medium,6533.0
C12943,High-value regulars,0.091,Low,17984.0
C12944,High-value regulars,0.28,Medium,9969.0
C12945,High-value regulars,0.035,Low,10452.0
C12946,Lapsing / dormant,0.157,Low,9081.0
C12947,High-value regulars,0.076,Low,13420.0
C12948,High-value regulars,0.074,Low,8809.0
C12949,High-value regulars,0.086,Low,16724.0
C12950,Low-spend occasional,0.198,Low,3475.0
C12951,High-value regulars,0.051,Low,19700.0
C12952,High-value regulars,0.035,Low,17414.0
C12953,High-value regulars,0.077,Low,15196.0
C12954,High-value regulars,0.094,Low,18929.0
C12955,High-value regulars,0.108,Low,15930.0
C12956,Lapsing / dormant,0.758,High,4654.0
C12957,Low-spend occasional,0.2,Low,4051.0
C12958,High-value regulars,0.033,Low,9861.0
C12959,High-value regulars,0.158,Low,22244.0
C12960,High-value regulars,0.03,Low,22696.0
C12961,Low-spend occasional,0.17,Low,3596.0
C12962,Lapsing / dormant,0.2,Low,6884.0
C12963,Low-spend occasional,0.248,Low,5579.0
C12964,Lapsing / dormant,0.302,Medium,8297.0
C12965,High-value regulars,0.051,Low,10556.0
C12966,High-value regulars,0.109,Low,14480.0
C12967,Low-spend occasional,0.104,Low,6180.0
C12968,Lapsing / dormant,0.464,Medium,6868.0
C12969,High-value regulars,0.076,Low,14833.0
C12970,High-value regulars,0.052,Low,15785.0
C12971,High-value regulars,0.095,Low,14655.0
C12972,High-value regulars,0.109,Low,8970.0
C12973,High-value regulars,0.11,Low,9010.0
C12974,Lapsing / dormant,0.149,Low,9258.0
C12975,Low-spend occasional,0.138,Low,2346.0
C12976,Lapsing / dormant,0.857,High,3918.0
C12977,Lapsing / dormant,0.383,Medium,9634.0
C12978,High-value regulars,0.177,Low,9661.0
C12979,High-value regulars,0.079,Low,12292.0
C12980,High-value regulars,0.089,Low,13073.0
C12981,Low-spend occasional,0.104,Low,5378.0
C12982,Lapsing / dormant,0.095,Low,7679.0
C12983,Lapsing / dormant,0.255,Medium,7195.0
C12984,Low-spend occasional,0.142,Low,7545.0
C12985,High-value regulars,0.191,Low,7958.0
C12986,Lapsing / dormant,0.226,Low,12551.0
C12987,Lapsing / dormant,0.15,Low,7850.0
C12988,Low-spend occasional,0.136,Low,7754.0
C12989,Lapsing / dormant,0.282,Medium,8686.0
C12990,High-value regulars,0.036,Low,16522.0
C12991,Lapsing / dormant,0.588,High,6086.0
C12992,High-value regulars,0.061,Low,22042.0
C12993,High-value regulars,0.055,Low,15236.0
C12994,High-value regulars,0.051,Low,11881.0
C12995,Lapsing / dormant,0.479,Medium,4766.0
C12996,High-value regulars,0.071,Low,19184.0
C12997,Lapsing / dormant,0.175,Low,11075.0
C12998,Lapsing / dormant,0.203,Low,14366.0
C12999,High-value regulars,0.146,Low,14577.0
C13000,Lapsing / dormant,0.327,Medium,10416.0
C13001,High-value regulars,0.031,Low,17880.0
C13002,High-value regulars,0.077,Low,15946.0
C13003,Lapsing / dormant,0.129,Low,10260.0
C13004,Lapsing / dormant,0.973,High,1492.0
C13005,Low-spend occasional,0.356,Medium,6478.0
C13006,Lapsing / dormant,0.185,Low,7815.0
C13007,High-value regulars,0.043,Low,20047.0
C13008,High-value regulars,0.101,Low,11918.0
C13009,High-value regulars,0.274,Medium,13256.0
C13010,Lapsing / dormant,0.298,Medium,9619.0
C13011,Lapsing / dormant,0.614,High,5249.0
C13012,High-value regulars,0.134,Low,19778.0
C13013,High-value regulars,0.083,Low,15949.0
C13014,High-value regulars,0.133,Low,12959.0
C13015,High-value regulars,0.075,Low,10160.0
C13016,High-value regulars,0.047,Low,11065.0
C13017,Low-spend occasional,0.101,Low,3115.0
C13018,High-value regulars,0.101,Low,17993.0
C13019,High-value regulars,0.095,Low,14203.0
C13020,High-value regulars,0.091,Low,9743.0
C13021,High-value regulars,0.112,Low,12563.0
C13022,Lapsing / dormant,0.85,High,6050.0
C13023,Lapsing / dormant,0.69,High,5355.0
C13024,High-value regulars,0.078,Low,16069.0
C13025,High-value regulars,0.147,Low,25249.0
C13026,Lapsing / dormant,0.522,High,6129.0
C13027,High-value regulars,0.323,Medium,22882.0
C13028,High-value regulars,0.308,Medium,12433.0
C13029,Low-spend occasional,0.111,Low,6390.0
C13030,High-value regulars,0.099,Low,13842.0
C13031,Low-spend occasional,0.137,Low,8137.0
C13032,High-value regulars,0.259,Medium,17239.0
C13033,High-value regulars,0.09,Low,10746.0
C13034,Lapsing / dormant,0.275,Medium,6717.0
C13035,Lapsing / dormant,0.503,High,5752.0
C13036,Low-spend occasional,0.295,Medium,3985.0
C13037,Lapsing / dormant,0.503,High,7110.0
C13038,High-value regulars,0.112,Low,11458.0
C13039,High-value regulars,0.18,Low,9449.0
C13040,High-value regulars,0.214,Low,8689.0
C13041,Lapsing / dormant,0.136,Low,10593.0
C13042,Low-spend occasional,0.314,Medium,3354.0
C13043,High-value regulars,0.1,Low,8718.0
C13044,High-value regulars,0.185,Low,9097.0
C13045,Lapsing / dormant,0.574,High,8417.0
C13046,High-value regulars,0.079,Low,15202.0
C13047,High-value regulars,0.143,Low,17341.0
C13048,High-value regulars,0.189,Low,9727.0
C13049,High-value regulars,0.106,Low,14029.0
C13050,Lapsing / dormant,0.339,Medium,6061.0
C13051,High-value regulars,0.031,Low,18553.0
C13052,High-value regulars,0.048,Low,8565.0
C13053,High-value regulars,0.116,Low,12019.0
C13054,High-value regulars,0.197,Low,11912.0
C13055,Lapsing / dormant,0.107,Low,9780.0
C13056,Low-spend occasional,0.12,Low,8998.0
C13057,Lapsing / dormant,0.161,Low,12421.0
C13058,High-value regulars,0.056,Low,15735.0
C13059,High-value regulars,0.113,Low,10891.0
C13060,Lapsing / dormant,0.301,Medium,14413.0
C13061,Low-spend occasional,0.713,High,2150.0
C13062,High-value regulars,0.055,Low,7022.0
C13063,High-value regulars,0.07,Low,15665.0
C13064,Low-spend occasional,0.355,Medium,4210.0
C13065,High-value regulars,0.246,Low,20719.0
C13066,Low-spend occasional,0.096,Low,3481.0
C13067,Lapsing / dormant,0.262,Medium,7668.0
C13068,High-value regulars,0.052,Low,16210.0
C13069,High-value regulars,0.042,Low,17223.0
C13070,Lapsing / dormant,0.281,Medium,6618.0
C13071,High-value regulars,0.072,Low,12402.0
C13072,Lapsing / dormant,0.246,Low,3719.0
C13073,Lapsing / dormant,0.805,High,2460.0
C13074,Lapsing / dormant,0.202,Low,7138.0
C13075,High-value regulars,0.106,Low,12913.0
C13076,High-value regulars,0.053,Low,14984.0
C13077,Low-spend occasional,0.909,High,0.0
C13078,Lapsing / dormant,0.38,Medium,3325.0
C13079,Lapsing / dormant,0.232,Low,7318.0
C13080,Low-spend occasional,0.058,Low,1531.0
C13081,Lapsing / dormant,0.313,Medium,6156.0
C13082,Low-spend occasional,0.202,Low,2159.0
C13083,High-value regulars,0.162,Low,10663.0
C13084,Lapsing / dormant,0.276,Medium,8868.0
C13085,Lapsing / dormant,0.147,Low,8573.0
C13086,High-value regulars,0.191,Low,9492.0
C13087,Lapsing / dormant,0.741,High,3505.0
C13088,Lapsing / dormant,0.682,High,6607.0
C13089,Lapsing / dormant,0.237,Low,10395.0
C13090,Lapsing / dormant,0.598,High,3286.0
C13091,Lapsing / dormant,0.305,Medium,10222.0
C13092,Lapsing / dormant,0.406,Medium,10215.0
C13093,High-value regulars,0.087,Low,34522.0
C13094,High-value regulars,0.095,Low,15531.0
C13095,Lapsing / dormant,0.653,High,4174.0
C13096,Lapsing / dormant,0.534,High,12072.0
C13097,High-value regulars,0.056,Low,17081.0
C13098,High-value regulars,0.043,Low,19239.0
C13099,High-value regulars,0.03,Low,20874.0
C13100,Lapsing / dormant,0.236,Low,7964.0
C13101,High-value regulars,0.22,Low,14128.0
C13102,High-value regulars,0.028,Low,6842.0
C13103,High-value regulars,0.091,Low,16885.0
C13104,High-value regulars,0.155,Low,12328.0
C13105,Low-spend occasional,0.139,Low,2355.0
C13106,High-value regulars,0.166,Low,7874.0
C13107,High-value regulars,0.173,Low,9230.0
C13108,High-value regulars,0.161,Low,14422.0
C13109,Lapsing / dormant,0.733,High,6186.0
C13110,High-value regulars,0.065,Low,15653.0
C13111,Lapsing / dormant,0.263,Medium,9029.0
C13112,Lapsing / dormant,0.306,Medium,5953.0
C13113,High-value regulars,0.135,Low,19243.0
C13114,Lapsing / dormant,0.527,High,17377.0
C13115,High-value regulars,0.025,Low,20942.0
C13116,Lapsing / dormant,0.212,Low,13624.0
C13117,Low-spend occasional,0.128,Low,2531.0
C13118,Lapsing / dormant,0.803,High,2595.0
C13119,Low-spend occasional,0.11,Low,8695.0
C13120,High-value regulars,0.224,Low,13950.0
C13121,High-value regulars,0.078,Low,17074.0
C13122,Low-spend occasional,0.151,Low,940.0
C13123,High-value regulars,0.186,Low,17014.0
C13124,High-value regulars,0.165,Low,9712.0
C13125,Low-spend occasional,0.086,Low,5466.0
C13126,High-value regulars,0.13,Low,8105.0
C13127,Lapsing / dormant,0.223,Low,5389.0
C13128,High-value regulars,0.069,Low,11789.0
C13129,High-value regulars,0.244,Low,16473.0
C13130,High-value regulars,0.065,Low,11869.0
C13131,Low-spend occasional,0.13,Low,6429.0
C13132,High-value regulars,0.308,Medium,10364.0
C13133,High-value regulars,0.097,Low,13207.0
C13134,Lapsing / dormant,0.489,Medium,10038.0
C13135,Low-spend occasional,0.029,Low,3340.0
C13136,Low-spend occasional,0.213,Low,6024.0
C13137,Lapsing / dormant,0.416,Medium,11343.0
C13138,High-value regulars,0.117,Low,14443.0
C13139,High-value regulars,0.093,Low,10078.0
C13140,Lapsing / dormant,0.172,Low,3356.0
C13141,Low-spend occasional,0.189,Low,6639.0
C13142,Lapsing / dormant,0.215,Low,9201.0
C13143,Lapsing / dormant,0.088,Low,7140.0
C13144,High-value regulars,0.065,Low,11352.0
C13145,Lapsing / dormant,0.332,Medium,11356.0
C13146,High-value regulars,0.058,Low,12196.0
C13147,High-value regulars,0.202,Low,14227.0
C13148,Lapsing / dormant,0.137,Low,8381.0
C13149,High-value regulars,0.208,Low,13124.0
C13150,Lapsing / dormant,0.271,Medium,6458.0
C13151,High-value regulars,0.08,Low,17810.0
C13152,Lapsing / dormant,0.264,Medium,6686.0
C13153,Lapsing / dormant,0.325,Medium,9672.0
C13154,Lapsing / dormant,0.896,High,1443.0
C13155,Lapsing / dormant,0.072,Low,6592.0
C13156,High-value regulars,0.028,Low,10410.0
C13157,High-value regulars,0.105,Low,12119.0
C13158,Low-spend occasional,0.161,Low,4825.0
C13159,Lapsing / dormant,0.136,Low,8072.0
C13160,Low-spend occasional,0.197,Low,2817.0
C13161,Low-spend occasional,0.158,Low,3044.0
C13162,High-value regulars,0.074,Low,11577.0
C13163,Lapsing / dormant,0.139,Low,4128.0
C13164,High-value regulars,0.212,Low,10056.0
C13165,High-value regulars,0.135,Low,14055.0
C13166,Low-spend occasional,0.073,Low,5335.0
C13167,Lapsing / dormant,0.546,High,14685.0
C13168,High-value regulars,0.236,Low,7687.0
C13169,High-value regulars,0.167,Low,13687.0
C13170,Lapsing / dormant,0.255,Medium,7574.0
C13171,Lapsing / dormant,0.09,Low,6405.0
C13172,High-value regulars,0.204,Low,17747.0
C13173,High-value regulars,0.085,Low,10171.0
C13174,Low-spend occasional,0.066,Low,4317.0
C13175,High-value regulars,0.1,Low,8356.0
C13176,High-value regulars,0.022,Low,10262.0
C13177,Low-spend occasional,0.372,Medium,2759.0
C13178,Lapsing / dormant,0.763,High,3289.0
C13179,High-value regulars,0.122,Low,13959.0
C13180,High-value regulars,0.084,Low,13404.0
C13181,High-value regulars,0.353,Medium,11235.0
C13182,High-value regulars,0.15,Low,14739.0
C13183,Low-spend occasional,0.214,Low,5744.0
C13184,Lapsing / dormant,0.309,Medium,10366.0
C13185,High-value regulars,0.084,Low,9643.0
C13186,High-value regulars,0.186,Low,19189.0
C13187,High-value regulars,0.139,Low,24285.0
C13188,High-value regulars,0.184,Low,11113.0
C13189,High-value regulars,0.308,Medium,14025.0
C13190,Lapsing / dormant,0.058,Low,6156.0
C13191,High-value regulars,0.071,Low,24219.0
C13192,Lapsing / dormant,0.254,Medium,7272.0
C13193,Low-spend occasional,0.188,Low,3856.0
C13194,Lapsing / dormant,0.07,Low,6324.0
C13195,Lapsing / dormant,0.282,Medium,5840.0
C13196,Lapsing / dormant,0.33,Medium,9277.0
C13197,Lapsing / dormant,0.262,Medium,9592.0
C13198,Lapsing / dormant,0.405,Medium,7340.0
C13199,High-value regulars,0.117,Low,17074.0
C13200,Lapsing / dormant,0.123,Low,6881.0
C13201,Low-spend occasional,0.036,Low,6691.0
C13202,Lapsing / dormant,0.336,Medium,8969.0
C13203,High-value regulars,0.119,Low,24500.0
C13204,Lapsing / dormant,0.32,Medium,9507.0
C13205,Lapsing / dormant,0.258,Medium,9027.0
C13206,Lapsing / dormant,0.693,High,5847.0
C13207,High-value regulars,0.137,Low,9971.0
C13208,High-value regulars,0.251,Medium,9349.0
C13209,Low-spend occasional,0.483,Medium,1812.0
C13210,Lapsing / dormant,0.123,Low,12213.0
C13211,Lapsing / dormant,0.584,High,2045.0
C13212,High-value regulars,0.353,Medium,16817.0
C13213,High-value regulars,0.103,Low,12834.0
C13214,Low-spend occasional,0.183,Low,3017.0
C13215,Lapsing / dormant,0.67,High,4368.0
C13216,Low-spend occasional,0.222,Low,3067.0
C13217,Lapsing / dormant,0.141,Low,7933.0
C13218,High-value regulars,0.294,Medium,8842.0
C13219,Lapsing / dormant,0.305,Medium,5498.0
C13220,High-value regulars,0.162,Low,10963.0
C13221,High-value regulars,0.09,Low,10154.0
C13222,High-value regulars,0.339,Medium,11925.0
C13223,Lapsing / dormant,0.395,Medium,6995.0
C13224,High-value regulars,0.113,Low,10897.0
C13225,High-value regulars,0.182,Low,13791.0
C13226,High-value regulars,0.142,Low,9026.0
C13227,Lapsing / dormant,0.087,Low,7965.0
C13228,High-value regulars,0.106,Low,17337.0
C13229,Lapsing / dormant,0.071,Low,6743.0
C13230,High-value regulars,0.113,Low,6213.0
C13231,Lapsing / dormant,0.581,High,5097.0
C13232,Lapsing / dormant,0.336,Medium,5106.0
C13233,High-value regulars,0.175,Low,16266.0
C13234,Lapsing / dormant,0.51,High,5612.0
C13235,High-value regulars,0.266,Medium,9898.0
C13236,High-value regulars,0.126,Low,11103.0
C13237,High-value regulars,0.272,Medium,9134.0
C13238,Lapsing / dormant,0.751,High,3094.0
C13239,High-value regulars,0.069,Low,13006.0
C13240,High-value regulars,0.258,Medium,13952.0
C13241,Lapsing / dormant,0.223,Low,8565.0
C13242,Lapsing / dormant,0.096,Low,7631.0
C13243,Lapsing / dormant,0.391,Medium,11448.0
C13244,Low-spend occasional,0.611,High,3315.0
C13245,High-value regulars,0.125,Low,15077.0
C13246,High-value regulars,0.134,Low,11617.0
C13247,High-value regulars,0.212,Low,14149.0
C13248,High-value regulars,0.154,Low,28345.0
C13249,High-value regulars,0.211,Low,15987.0
C13250,Lapsing / dormant,0.313,Medium,5132.0
C13251,Lapsing / dormant,0.163,Low,10268.0
C13252,Lapsing / dormant,0.56,High,2606.0
C13253,High-value regulars,0.069,Low,10451.0
C13254,High-value regulars,0.072,Low,13133.0
C13255,High-value regulars,0.096,Low,20633.0
C13256,Low-spend occasional,0.117,Low,7240.0
C13257,Low-spend occasional,0.248,Low,2962.0
C13258,Lapsing / dormant,0.424,Medium,11146.0
C13259,Lapsing / dormant,0.875,High,2658.0
C13260,High-value regulars,0.045,Low,30369.0
C13261,High-value regulars,0.066,Low,18559.0
C13262,Lapsing / dormant,0.356,Medium,5559.0
C13263,Lapsing / dormant,0.455,Medium,12802.0
C13264,High-value regulars,0.036,Low,10587.0
C13265,Lapsing / dormant,0.344,Medium,8414.0
C13266,High-value regulars,0.155,Low,12384.0
C13267,Low-spend occasional,0.277,Medium,5031.0
C13268,Lapsing / dormant,0.323,Medium,12334.0
C13269,Low-spend occasional,0.149,Low,5241.0
C13270,Lapsing / dormant,0.872,High,8815.0
C13271,Lapsing / dormant,0.435,Medium,15196.0
C13272,Low-spend occasional,0.146,Low,4840.0
C13273,Lapsing / dormant,0.589,High,3676.0
C13274,Low-spend occasional,0.296,Medium,2476.0
C13275,High-value regulars,0.053,Low,8354.0
C13276,Lapsing / dormant,0.539,High,3674.0
C13277,High-value regulars,0.414,Medium,19197.0
C13278,High-value regulars,0.061,Low,11618.0
C13279,Low-spend occasional,0.955,High,408.0
C13280,Lapsing / dormant,0.455,Medium,7879.0
C13281,Lapsing / dormant,0.714,High,3104.0
C13282,High-value regulars,0.168,Low,17055.0
C13283,High-value regulars,0.099,Low,13265.0
C13284,High-value regulars,0.304,Medium,10244.0
C13285,Lapsing / dormant,0.276,Medium,11845.0
C13286,High-value regulars,0.068,Low,12976.0
C13287,High-value regulars,0.049,Low,10870.0
C13288,High-value regulars,0.105,Low,11299.0
C13289,High-value regulars,0.106,Low,13442.0
C13290,High-value regulars,0.146,Low,13223.0
C13291,High-value regulars,0.37,Medium,16530.0
C13292,High-value regulars,0.13,Low,3507.0
C13293,Low-spend occasional,0.213,Low,4236.0
C13294,Low-spend occasional,0.072,Low,7027.0
C13295,High-value regulars,0.327,Medium,8994.0
C13296,Lapsing / dormant,0.339,Medium,9712.0
C13297,High-value regulars,0.283,Medium,10960.0
C13298,High-value regulars,0.24,Low,8376.0
C13299,Lapsing / dormant,0.625,High,10300.0
C13300,Lapsing / dormant,0.24,Low,8931.0
C13301,High-value regulars,0.236,Low,11917.0
C13302,Lapsing / dormant,0.546,High,10979.0
C13303,High-value regulars,0.116,Low,26738.0
C13304,High-value regulars,0.109,Low,7992.0
C13305,Lapsing / dormant,0.388,Medium,5884.0
C13306,High-value regulars,0.063,Low,9480.0
C13307,High-value regulars,0.051,Low,21314.0
C13308,High-value regulars,0.171,Low,21794.0
C13309,High-value regulars,0.068,Low,19767.0
C13310,High-value regulars,0.093,Low,10056.0
C13311,High-value regulars,0.049,Low,25237.0
C13312,Low-spend occasional,0.33,Medium,3103.0
C13313,High-value regulars,0.079,Low,9382.0
C13314,Lapsing / dormant,0.739,High,7626.0
C13315,High-value regulars,0.106,Low,9902.0
C13316,Low-spend occasional,0.392,Medium,5282.0
C13317,High-value regulars,0.368,Medium,19527.0
C13318,Lapsing / dormant,0.1,Low,9737.0
C13319,High-value regulars,0.053,Low,14068.0
C13320,Lapsing / dormant,0.64,High,10817.0
C13321,Lapsing / dormant,0.163,Low,7055.0
C13322,Lapsing / dormant,0.664,High,3912.0
C13323,High-value regulars,0.104,Low,14326.0
C13324,High-value regulars,0.102,Low,9558.0
C13325,High-value regulars,0.043,Low,8633.0
C13326,High-value regulars,0.084,Low,11650.0
C13327,High-value regulars,0.121,Low,16265.0
C13328,Lapsing / dormant,0.434,Medium,10995.0
C13329,High-value regulars,0.103,Low,9122.0
C13330,Lapsing / dormant,0.354,Medium,3636.0
C13331,High-value regulars,0.109,Low,11358.0
C13332,Low-spend occasional,0.326,Medium,2381.0
C13333,Lapsing / dormant,0.206,Low,11154.0
C13334,High-value regulars,0.07,Low,8807.0
C13335,Lapsing / dormant,0.273,Medium,9131.0
C13336,High-value regulars,0.065,Low,12314.0
C13337,High-value regulars,0.07,Low,19920.0
C13338,High-value regulars,0.089,Low,15734.0
C13339,High-value regulars,0.09,Low,14470.0
C13340,High-value regulars,0.038,Low,8834.0
C13341,Lapsing / dormant,0.625,High,6658.0
C13342,High-value regulars,0.126,Low,12532.0
C13343,High-value regulars,0.038,Low,18924.0
C13344,High-value regulars,0.073,Low,10411.0
C13345,Low-spend occasional,0.188,Low,4511.0
C13346,Low-spend occasional,0.144,Low,6187.0
C13347,Lapsing / dormant,0.142,Low,10943.0
C13348,High-value regulars,0.199,Low,20771.0
C13349,Low-spend occasional,0.14,Low,4149.0
C13350,Low-spend occasional,0.134,Low,6241.0
C13351,High-value regulars,0.074,Low,20015.0
C13352,Lapsing / dormant,0.38,Medium,5017.0
C13353,Lapsing / dormant,0.214,Low,7296.0
C13354,Lapsing / dormant,0.446,Medium,7626.0
C13355,High-value regulars,0.101,Low,13497.0
C13356,Lapsing / dormant,0.72,High,14052.0
C13357,High-value regulars,0.028,Low,19854.0
C13358,Lapsing / dormant,0.212,Low,10502.0
C13359,High-value regulars,0.05,Low,11285.0
C13360,High-value regulars,0.17,Low,12713.0
C13361,High-value regulars,0.093,Low,7783.0
C13362,Lapsing / dormant,0.38,Medium,5529.0
C13363,High-value regulars,0.091,Low,20217.0
C13364,High-value regulars,0.064,Low,11679.0
C13365,High-value regulars,0.098,Low,13696.0
C13366,High-value regulars,0.107,Low,15473.0
C13367,Lapsing / dormant,0.438,Medium,13527.0
C13368,High-value regulars,0.06,Low,12792.0
C13369,High-value regulars,0.012,Low,30886.0
C13370,Low-spend occasional,0.147,Low,8491.0
C13371,High-value regulars,0.127,Low,16337.0
C13372,Low-spend occasional,0.266,Medium,2808.0
C13373,Low-spend occasional,0.182,Low,722.0
C13374,Low-spend occasional,0.117,Low,4267.0
C13375,Lapsing / dormant,0.232,Low,4943.0
C13376,High-value regulars,0.076,Low,9479.0
C13377,Lapsing / dormant,0.397,Medium,5445.0
C13378,High-value regulars,0.233,Low,16752.0
C13379,High-value regulars,0.044,Low,13791.0
C13380,High-value regulars,0.11,Low,15461.0
C13381,High-value regulars,0.115,Low,20034.0
C13382,High-value regulars,0.053,Low,11407.0
C13383,High-value regulars,0.069,Low,9432.0
C13384,High-value regulars,0.186,Low,9829.0
C13385,High-value regulars,0.039,Low,11068.0
C13386,Lapsing / dormant,0.284,Medium,4594.0
C13387,High-value regulars,0.188,Low,20827.0
C13388,High-value regulars,0.265,Medium,8347.0
C13389,High-value regulars,0.501,High,12826.0
C13390,High-value regulars,0.071,Low,9815.0
C13391,High-value regulars,0.178,Low,15269.0
C13392,High-value regulars,0.093,Low,23937.0
C13393,Lapsing / dormant,0.32,Medium,7690.0
C13394,High-value regulars,0.153,Low,17984.0
C13395,High-value regulars,0.195,Low,8032.0
C13396,High-value regulars,0.161,Low,9940.0
C13397,High-value regulars,0.124,Low,18850.0
C13398,High-value regulars,0.386,Medium,16706.0
C13399,Lapsing / dormant,0.79,High,2652.0
C13400,High-value regulars,0.081,Low,20797.0
C13401,Lapsing / dormant,0.239,Low,5837.0
C13402,High-value regulars,0.042,Low,16410.0
C13403,Low-spend occasional,0.041,Low,1979.0
C13404,High-value regulars,0.254,Medium,11166.0
C13405,Lapsing / dormant,0.201,Low,9619.0
C13406,Lapsing / dormant,0.304,Medium,9794.0
C13407,Lapsing / dormant,0.781,High,3847.0
C13408,High-value regulars,0.045,Low,30535.0
C13409,Lapsing / dormant,0.185,Low,4636.0
C13410,High-value regulars,0.059,Low,12738.0
C13411,Lapsing / dormant,0.181,Low,8574.0
C13412,Lapsing / dormant,0.577,High,7713.0
C13413,High-value regulars,0.178,Low,12746.0
C13414,High-value regulars,0.094,Low,7975.0
C13415,High-value regulars,0.128,Low,16303.0
C13416,Low-spend occasional,0.727,High,2205.0
C13417,Low-spend occasional,0.165,Low,3282.0
C13418,Lapsing / dormant,0.49,Medium,5342.0
C13419,Lapsing / dormant,0.329,Medium,8235.0
C13420,High-value regulars,0.188,Low,9943.0
C13421,Lapsing / dormant,0.638,High,6767.0
C13422,High-value regulars,0.148,Low,9732.0
C13423,High-value regulars,0.033,Low,21043.0
C13424,High-value regulars,0.066,Low,8070.0
C13425,Low-spend occasional,0.159,Low,6725.0
C13426,Low-spend occasional,0.055,Low,2113.0
C13427,Lapsing / dormant,0.095,Low,7741.0
C13428,Low-spend occasional,0.04,Low,6852.0
C13429,Lapsing / dormant,0.136,Low,7788.0
C13430,Lapsing / dormant,0.396,Medium,13365.0
C13431,High-value regulars,0.079,Low,11596.0
C13432,High-value regulars,0.099,Low,11297.0
C13433,High-value regulars,0.2,Low,8275.0
C13434,High-value regulars,0.134,Low,8789.0
C13435,Lapsing / dormant,0.3,Medium,3293.0
C13436,High-value regulars,0.465,Medium,10656.0
C13437,Low-spend occasional,0.118,Low,6382.0
C13438,Lapsing / dormant,0.266,Medium,8601.0
C13439,High-value regulars,0.025,Low,17168.0
C13440,Low-spend occasional,0.137,Low,5174.0
C13441,High-value regulars,0.199,Low,13482.0
C13442,High-value regulars,0.043,Low,10625.0
C13443,Low-spend occasional,0.155,Low,3477.0
C13444,High-value regulars,0.098,Low,9388.0
C13445,High-value regulars,0.054,Low,20241.0
C13446,Lapsing / dormant,0.306,Medium,9140.0
C13447,Low-spend occasional,0.078,Low,4690.0
C13448,High-value regulars,0.137,Low,15172.0
C13449,High-value regulars,0.354,Medium,8410.0
C13450,High-value regulars,0.117,Low,21177.0
C13451,Low-spend occasional,0.16,Low,3309.0
C13452,High-value regulars,0.279,Medium,10176.0
C13453,Lapsing / dormant,0.518,High,7109.0
C13454,High-value regulars,0.145,Low,11840.0
C13455,Lapsing / dormant,0.15,Low,6992.0
C13456,High-value regulars,0.274,Medium,12600.0
C13457,Lapsing / dormant,0.182,Low,8318.0
C13458,Low-spend occasional,0.238,Low,4889.0
C13459,High-value regulars,0.151,Low,23047.0
C13460,Low-spend occasional,0.12,Low,3987.0
C13461,High-value regulars,0.112,Low,15826.0
C13462,High-value regulars,0.019,Low,27841.0
C13463,Low-spend occasional,0.248,Low,2190.0
C13464,High-value regulars,0.111,Low,11771.0
C13465,High-value regulars,0.059,Low,11520.0
C13466,High-value regulars,0.069,Low,19303.0
C13467,High-value regulars,0.028,Low,10197.0
C13468,Lapsing / dormant,0.387,Medium,9087.0
C13469,High-value regulars,0.123,Low,18841.0
C13470,Low-spend occasional,0.246,Low,5348.0
C13471,High-value regulars,0.23,Low,14880.0
C13472,Low-spend occasional,0.288,Medium,2025.0
C13473,Lapsing / dormant,0.899,High,5138.0
C13474,Lapsing / dormant,0.244,Low,11862.0
C13475,High-value regulars,0.386,Medium,10550.0
C13476,Lapsing / dormant,0.451,Medium,5221.0
C13477,Lapsing / dormant,0.254,Medium,7528.0
C13478,High-value regulars,0.071,Low,8717.0
C13479,High-value regulars,0.202,Low,6764.0
C13480,High-value regulars,0.361,Medium,16583.0
C13481,High-value regulars,0.217,Low,6675.0
C13482,High-value regulars,0.094,Low,18140.0
C13483,High-value regulars,0.189,Low,19857.0
C13484,High-value regulars,0.276,Medium,10905.0
C13485,Lapsing / dormant,0.379,Medium,9281.0
C13486,High-value regulars,0.114,Low,14241.0
C13487,Low-spend occasional,0.176,Low,6278.0
C13488,High-value regulars,0.04,Low,13439.0
C13489,High-value regulars,0.127,Low,9259.0
C13490,High-value regulars,0.1,Low,7695.0
C13491,High-value regulars,0.052,Low,9630.0
C13492,High-value regulars,0.32,Medium,9015.0
C13493,Lapsing / dormant,0.18,Low,12963.0
C13494,Lapsing / dormant,0.17,Low,9745.0
C13495,Lapsing / dormant,0.829,High,3961.0
C13496,Lapsing / dormant,0.956,High,2568.0
C13497,High-value regulars,0.069,Low,11878.0
C13498,Lapsing / dormant,0.199,Low,10489.0
C13499,High-value regulars,0.098,Low,18705.0
C13500,Low-spend occasional,0.381,Medium,2169.0
C13501,Lapsing / dormant,0.836,High,3131.0
C13502,High-value regulars,0.222,Low,7883.0
C13503,Lapsing / dormant,0.263,Medium,7119.0
C13504,Low-spend occasional,0.236,Low,5868.0
C13505,High-value regulars,0.375,Medium,14487.0
C13506,High-value regulars,0.101,Low,14662.0
C13507,Low-spend occasional,0.263,Medium,1906.0
C13508,High-value regulars,0.155,Low,10264.0
C13509,High-value regulars,0.054,Low,15444.0
C13510,High-value regulars,0.339,Medium,16637.0
C13511,High-value regulars,0.19,Low,14661.0
C13512,High-value regulars,0.088,Low,20850.0
C13513,Lapsing / dormant,0.742,High,6573.0
C13514,High-value regulars,0.064,Low,14771.0
C13515,Lapsing / dormant,0.315,Medium,10137.0
C13516,Low-spend occasional,0.067,Low,6918.0
C13517,High-value regulars,0.113,Low,11077.0
C13518,Lapsing / dormant,0.221,Low,8172.0
C13519,High-value regulars,0.264,Medium,10868.0
C13520,High-value regulars,0.209,Low,12724.0
C13521,High-value regulars,0.224,Low,15685.0
C13522,High-value regulars,0.186,Low,22388.0
C13523,High-value regulars,0.038,Low,16079.0
C13524,Low-spend occasional,0.24,Low,3677.0
C13525,High-value regulars,0.191,Low,26342.0
C13526,High-value regulars,0.063,Low,11730.0
C13527,High-value regulars,0.081,Low,15927.0
C13528,High-value regulars,0.105,Low,13259.0
C13529,Low-spend occasional,0.016,Low,6796.0
C13530,High-value regulars,0.147,Low,11376.0
C13531,Lapsing / dormant,0.486,Medium,6445.0
C13532,Lapsing / dormant,0.206,Low,8974.0
C13533,High-value regulars,0.276,Medium,10656.0
C13534,High-value regulars,0.271,Medium,8373.0
C13535,High-value regulars,0.091,Low,8377.0
C13536,High-value regulars,0.11,Low,16117.0
C13537,Lapsing / dormant,0.361,Medium,3850.0
C13538,High-value regulars,0.214,Low,10253.0
C13539,Lapsing / dormant,0.106,Low,9067.0
C13540,Lapsing / dormant,0.152,Low,6367.0
C13541,High-value regulars,0.064,Low,9569.0
C13542,High-value regulars,0.093,Low,18980.0
C13543,High-value regulars,0.41,Medium,17053.0
C13544,Lapsing / dormant,0.933,High,5084.0
C13545,High-value regulars,0.095,Low,19465.0
C13546,Lapsing / dormant,0.074,Low,6963.0
C13547,Lapsing / dormant,0.142,Low,5339.0
C13548,High-value regulars,0.149,Low,14539.0
C13549,High-value regulars,0.026,Low,9566.0
C13550,Lapsing / dormant,0.758,High,3710.0
C13551,High-value regulars,0.046,Low,21337.0
C13552,Low-spend occasional,0.078,Low,6788.0
C13553,Lapsing / dormant,0.481,Medium,4442.0
C13554,Lapsing / dormant,0.174,Low,4090.0
C13555,Low-spend occasional,0.175,Low,2071.0
C13556,Lapsing / dormant,0.237,Low,8176.0
C13557,High-value regulars,0.06,Low,20973.0
C13558,High-value regulars,0.104,Low,16196.0
C13559,Lapsing / dormant,0.285,Medium,5742.0
C13560,High-value regulars,0.181,Low,16676.0
C13561,High-value regulars,0.152,Low,11224.0
C13562,High-value regulars,0.157,Low,9574.0
C13563,High-value regulars,0.182,Low,11772.0
C13564,Lapsing / dormant,0.129,Low,7049.0
C13565,High-value regulars,0.053,Low,7860.0
C13566,Lapsing / dormant,0.404,Medium,1399.0
C13567,Lapsing / dormant,0.403,Medium,5110.0
C13568,Low-spend occasional,0.153,Low,3791.0
C13569,Low-spend occasional,0.034,Low,2200.0
C13570,Lapsing / dormant,0.337,Medium,7430.0
C13571,High-value regulars,0.151,Low,12121.0
C13572,Low-spend occasional,0.11,Low,6264.0
C13573,High-value regulars,0.331,Medium,18117.0
C13574,High-value regulars,0.111,Low,17014.0
C13575,High-value regulars,0.084,Low,10220.0
C13576,High-value regulars,0.106,Low,9377.0
C13577,Lapsing / dormant,0.403,Medium,3617.0
C13578,High-value regulars,0.226,Low,10443.0
C13579,Lapsing / dormant,0.234,Low,6347.0
C13580,Lapsing / dormant,0.551,High,8179.0
C13581,Lapsing / dormant,0.476,Medium,14576.0
C13582,Lapsing / dormant,0.53,High,7749.0
C13583,Low-spend occasional,0.05,Low,5035.0
C13584,High-value regulars,0.145,Low,13243.0
C13585,Lapsing / dormant,0.125,Low,7916.0
C13586,Lapsing / dormant,0.702,High,3055.0
C13587,Lapsing / dormant,0.294,Medium,5724.0
C13588,High-value regulars,0.155,Low,14371.0
C13589,Low-spend occasional,0.17,Low,2335.0
C13590,Lapsing / dormant,0.731,High,5087.0
C13591,Lapsing / dormant,0.24,Low,8484.0
C13592,High-value regulars,0.148,Low,14046.0
C13593,Low-spend occasional,0.069,Low,8479.0
C13594,Lapsing / dormant,0.21,Low,3698.0
C13595,Low-spend occasional,0.091,Low,4200.0
C13596,Lapsing / dormant,0.581,High,4755.0
C13597,High-value regulars,0.099,Low,9239.0
C13598,Lapsing / dormant,0.61,High,4759.0
C13599,High-value regulars,0.163,Low,18974.0
C13600,High-value regulars,0.103,Low,8431.0
C13601,High-value regulars,0.106,Low,14315.0
C13602,High-value regulars,0.132,Low,15045.0
C13603,High-value regulars,0.048,Low,22422.0
C13604,High-value regulars,0.285,Medium,12778.0
C13605,Lapsing / dormant,0.211,Low,7806.0
C13606,High-value regulars,0.288,Medium,10506.0
C13607,High-value regulars,0.065,Low,16102.0
C13608,Lapsing / dormant,0.428,Medium,5363.0
C13609,Lapsing / dormant,0.564,High,12635.0
C13610,High-value regulars,0.061,Low,18775.0
C13611,High-value regulars,0.209,Low,11416.0
C13612,High-value regulars,0.102,Low,15239.0
C13613,High-value regulars,0.108,Low,9853.0
C13614,High-value regulars,0.122,Low,9436.0
C13615,Lapsing / dormant,0.133,Low,5897.0
C13616,High-value regulars,0.129,Low,6840.0
C13617,Lapsing / dormant,0.365,Medium,3029.0
C13618,Low-spend occasional,0.425,Medium,3345.0
C13619,High-value regulars,0.143,Low,12197.0
C13620,High-value regulars,0.124,Low,14089.0
C13621,High-value regulars,0.097,Low,9065.0
C13622,Low-spend occasional,0.133,Low,5146.0
C13623,Lapsing / dormant,0.686,High,3449.0
C13624,High-value regulars,0.238,Low,17731.0
C13625,Lapsing / dormant,0.571,High,4296.0
C13626,Lapsing / dormant,0.504,High,6079.0
C13627,Lapsing / dormant,0.761,High,4618.0
C13628,Lapsing / dormant,0.904,High,1465.0
C13629,Lapsing / dormant,0.595,High,9261.0
C13630,High-value regulars,0.052,Low,14303.0
C13631,Low-spend occasional,0.272,Medium,1510.0
C13632,High-value regulars,0.166,Low,7968.0
C13633,High-value regulars,0.171,Low,15178.0
C13634,Lapsing / dormant,0.314,Medium,6180.0
C13635,High-value regulars,0.059,Low,17375.0
C13636,High-value regulars,0.134,Low,16929.0
C13637,Lapsing / dormant,0.425,Medium,5353.0
C13638,High-value regulars,0.244,Low,7872.0
C13639,Low-spend occasional,0.239,Low,1999.0
C13640,High-value regulars,0.158,Low,14344.0
C13641,High-value regulars,0.095,Low,11584.0
C13642,Low-spend occasional,0.3,Medium,4739.0
C13643,High-value regulars,0.654,High,17070.0
C13644,Lapsing / dormant,0.119,Low,10834.0
C13645,Lapsing / dormant,0.291,Medium,12290.0
C13646,High-value regulars,0.062,Low,10270.0
C13647,High-value regulars,0.093,Low,18228.0
C13648,Lapsing / dormant,0.085,Low,7479.0
C13649,Lapsing / dormant,0.738,High,2902.0
C13650,Lapsing / dormant,0.154,Low,9366.0
C13651,Low-spend occasional,0.216,Low,7568.0
C13652,Lapsing / dormant,0.196,Low,7566.0
C13653,High-value regulars,0.366,Medium,12903.0
C13654,High-value regulars,0.148,Low,15587.0
C13655,Low-spend occasional,0.153,Low,8572.0
C13656,Low-spend occasional,0.228,Low,6067.0
C13657,High-value regulars,0.186,Low,14761.0
C13658,Lapsing / dormant,0.541,High,10705.0
C13659,High-value regulars,0.282,Medium,13883.0
C13660,Lapsing / dormant,0.245,Low,4256.0
C13661,High-value regulars,0.167,Low,8932.0
C13662,High-value regulars,0.149,Low,9094.0
C13663,High-value regulars,0.05,Low,17123.0
C13664,Lapsing / dormant,0.458,Medium,5362.0
C13665,Low-spend occasional,0.164,Low,3520.0
C13666,Low-spend occasional,0.227,Low,6638.0
C13667,Lapsing / dormant,0.53,High,5305.0
C13668,High-value regulars,0.252,Medium,11784.0
C13669,Lapsing / dormant,0.882,High,3917.0
C13670,Lapsing / dormant,0.771,High,6361.0
C13671,Lapsing / dormant,0.33,Medium,8001.0
C13672,High-value regulars,0.253,Medium,15170.0
C13673,Low-spend occasional,0.059,Low,5454.0
C13674,High-value regulars,0.153,Low,11846.0
C13675,High-value regulars,0.176,Low,11254.0
C13676,Lapsing / dormant,0.275,Medium,6233.0
C13677,Low-spend occasional,0.17,Low,3389.0
C13678,High-value regulars,0.093,Low,9852.0
C13679,Low-spend occasional,0.745,High,801.0
C13680,High-value regulars,0.035,Low,13061.0
C13681,High-value regulars,0.046,Low,12651.0
C13682,Lapsing / dormant,0.258,Medium,9711.0
C13683,High-value regulars,0.306,Medium,16028.0
C13684,Lapsing / dormant,0.179,Low,8244.0
C13685,Low-spend occasional,0.127,Low,4688.0
C13686,High-value regulars,0.21,Low,10738.0
C13687,High-value regulars,0.123,Low,17663.0
C13688,High-value regulars,0.151,Low,14180.0
C13689,High-value regulars,0.095,Low,24200.0
C13690,Low-spend occasional,0.146,Low,2832.0
C13691,High-value regulars,0.066,Low,9931.0
C13692,High-value regulars,0.118,Low,7744.0
C13693,High-value regulars,0.195,Low,14394.0
C13694,Lapsing / dormant,0.88,High,6346.0
C13695,Low-spend occasional,0.215,Low,8242.0
C13696,High-value regulars,0.176,Low,12052.0
C13697,High-value regulars,0.207,Low,11809.0
C13698,High-value regulars,0.025,Low,17401.0
C13699,High-value regulars,0.134,Low,14488.0
C13700,High-value regulars,0.411,Medium,18345.0
C13701,High-value regulars,0.092,Low,17982.0
C13702,High-value regulars,0.096,Low,9473.0
C13703,Low-spend occasional,0.133,Low,5124.0
C13704,High-value regulars,0.156,Low,13423.0
C13705,Lapsing / dormant,0.299,Medium,5927.0
C13706,Lapsing / dormant,0.513,High,5940.0
C13707,High-value regulars,0.066,Low,8821.0
C13708,Lapsing / dormant,0.76,High,6610.0
C13709,High-value regulars,0.047,Low,10316.0
C13710,High-value regulars,0.04,Low,13205.0
C13711,High-value regulars,0.097,Low,13922.0
C13712,High-value regulars,0.059,Low,16522.0
C13713,Low-spend occasional,0.226,Low,7572.0
C13714,High-value regulars,0.076,Low,22952.0
C13715,High-value regulars,0.057,Low,20822.0
C13716,Low-spend occasional,0.14,Low,4386.0
C13717,High-value regulars,0.464,Medium,17828.0
C13718,High-value regulars,0.14,Low,16756.0
C13719,High-value regulars,0.066,Low,12364.0
C13720,High-value regulars,0.141,Low,10140.0
C13721,Low-spend occasional,0.139,Low,4062.0
C13722,Lapsing / dormant,0.094,Low,6929.0
C13723,High-value regulars,0.271,Medium,12617.0
C13724,High-value regulars,0.306,Medium,9177.0
C13725,Lapsing / dormant,0.459,Medium,4099.0
C13726,High-value regulars,0.186,Low,10833.0
C13727,Lapsing / dormant,0.209,Low,8157.0
C13728,Low-spend occasional,0.234,Low,5924.0
C13729,Lapsing / dormant,0.717,High,2090.0
C13730,Lapsing / dormant,0.59,High,2188.0
C13731,High-value regulars,0.12,Low,21178.0
C13732,High-value regulars,0.072,Low,22665.0
C13733,High-value regulars,0.103,Low,8065.0
C13734,High-value regulars,0.037,Low,12998.0
C13735,High-value regulars,0.384,Medium,17933.0
C13736,Lapsing / dormant,0.442,Medium,4470.0
C13737,High-value regulars,0.08,Low,40671.0
C13738,High-value regulars,0.068,Low,24667.0
C13739,High-value regulars,0.071,Low,22989.0
C13740,High-value regulars,0.052,Low,12134.0
C13741,Lapsing / dormant,0.213,Low,4411.0
C13742,High-value regulars,0.096,Low,9307.0
C13743,High-value regulars,0.028,Low,24960.0
C13744,Lapsing / dormant,0.124,Low,7443.0
C13745,High-value regulars,0.026,Low,22249.0
C13746,Low-spend occasional,0.151,Low,4774.0
C13747,High-value regulars,0.116,Low,13126.0
C13748,Lapsing / dormant,0.182,Low,6754.0
C13749,High-value regulars,0.275,Medium,14252.0
C13750,High-value regulars,0.039,Low,23078.0
C13751,High-value regulars,0.365,Medium,15692.0
C13752,Lapsing / dormant,0.28,Medium,9524.0
C13753,High-value regulars,0.071,Low,10249.0
C13754,High-value regulars,0.098,Low,16758.0
C13755,Lapsing / dormant,0.415,Medium,8393.0
C13756,High-value regulars,0.076,Low,20775.0
C13757,High-value regulars,0.051,Low,24443.0
C13758,Lapsing / dormant,0.306,Medium,9961.0
C13759,High-value regulars,0.077,Low,12311.0
C13760,Lapsing / dormant,0.502,High,4638.0
C13761,High-value regulars,0.299,Medium,18026.0
C13762,Low-spend occasional,0.033,Low,6593.0
C13763,Lapsing / dormant,0.37,Medium,9988.0
C13764,High-value regulars,0.063,Low,11373.0
C13765,High-value regulars,0.053,Low,18887.0
C13766,Low-spend occasional,0.095,Low,3062.0
C13767,High-value regulars,0.076,Low,13297.0
C13768,Low-spend occasional,0.506,High,5914.0
C13769,High-value regulars,0.205,Low,11032.0
C13770,High-value regulars,0.081,Low,13295.0
C13771,Lapsing / dormant,0.405,Medium,13089.0
C13772,Low-spend occasional,0.453,Medium,787.0
C13773,High-value regulars,0.072,Low,15005.0
C13774,High-value regulars,0.05,Low,12757.0
C13775,High-value regulars,0.256,Medium,11372.0
C13776,High-value regulars,0.04,Low,12403.0
C13777,High-value regulars,0.097,Low,11583.0
C13778,Lapsing / dormant,0.284,Medium,8516.0
C13779,High-value regulars,0.097,Low,19369.0
C13780,Lapsing / dormant,0.215,Low,7737.0
C13781,High-value regulars,0.132,Low,12984.0
C13782,High-value regulars,0.076,Low,8758.0
C13783,High-value regulars,0.117,Low,19374.0
C13784,Lapsing / dormant,0.519,High,9036.0
C13785,Lapsing / dormant,0.352,Medium,5308.0
C13786,High-value regulars,0.018,Low,18957.0
C13787,Lapsing / dormant,0.186,Low,12805.0
C13788,High-value regulars,0.074,Low,10651.0
C13789,High-value regulars,0.111,Low,16072.0
C13790,High-value regulars,0.263,Medium,15019.0
C13791,Lapsing / dormant,0.157,Low,11943.0
C13792,High-value regulars,0.054,Low,8021.0
C13793,Low-spend occasional,0.264,Medium,843.0
C13794,Lapsing / dormant,0.23,Low,9357.0
C13795,High-value regulars,0.149,Low,12386.0
C13796,Low-spend occasional,0.28,Medium,3921.0
C13797,High-value regulars,0.12,Low,7442.0
C13798,Lapsing / dormant,0.529,High,5714.0
C13799,Lapsing / dormant,0.443,Medium,7472.0
C13800,High-value regulars,0.063,Low,12620.0
C13801,Lapsing / dormant,0.369,Medium,11725.0
C13802,High-value regulars,0.019,Low,25564.0
C13803,High-value regulars,0.067,Low,19498.0
C13804,High-value regulars,0.064,Low,7369.0
C13805,High-value regulars,0.079,Low,20675.0
C13806,Lapsing / dormant,0.249,Low,5245.0
C13807,High-value regulars,0.067,Low,17754.0
C13808,High-value regulars,0.13,Low,10869.0
C13809,Lapsing / dormant,0.416,Medium,10199.0
C13810,Lapsing / dormant,0.434,Medium,10200.0
C13811,High-value regulars,0.259,Medium,14764.0
C13812,Lapsing / dormant,0.464,Medium,5503.0
C13813,Lapsing / dormant,0.249,Low,5678.0
C13814,Low-spend occasional,0.177,Low,4665.0
C13815,Lapsing / dormant,0.396,Medium,6824.0
C13816,High-value regulars,0.13,Low,14375.0
C13817,High-value regulars,0.163,Low,9157.0
C13818,High-value regulars,0.05,Low,16209.0
C13819,Lapsing / dormant,0.177,Low,9443.0
C13820,High-value regulars,0.156,Low,12574.0
C13821,Lapsing / dormant,0.346,Medium,8252.0
C13822,Low-spend occasional,0.394,Medium,4430.0
C13823,Lapsing / dormant,0.395,Medium,8567.0
C13824,Lapsing / dormant,0.252,Medium,11956.0
C13825,Lapsing / dormant,0.615,High,9811.0
C13826,High-value regulars,0.199,Low,12075.0
C13827,High-value regulars,0.089,Low,13067.0
C13828,Lapsing / dormant,0.474,Medium,14638.0
C13829,High-value regulars,0.247,Low,10018.0
C13830,Low-spend occasional,0.135,Low,3709.0
C13831,Lapsing / dormant,0.272,Medium,8834.0
C13832,High-value regulars,0.081,Low,15856.0
C13833,High-value regulars,0.091,Low,12144.0
C13834,Low-spend occasional,0.966,High,1261.0
C13835,Low-spend occasional,0.124,Low,4665.0
C13836,High-value regulars,0.117,Low,12287.0
C13837,Low-spend occasional,0.512,High,4556.0
C13838,Lapsing / dormant,0.152,Low,7205.0
C13839,High-value regulars,0.114,Low,23944.0
C13840,High-value regulars,0.053,Low,16592.0
C13841,Low-spend occasional,0.066,Low,5397.0
C13842,Low-spend occasional,0.52,High,2033.0
C13843,High-value regulars,0.06,Low,15947.0
C13844,High-value regulars,0.192,Low,10398.0
C13845,Lapsing / dormant,0.274,Medium,12913.0
C13846,High-value regulars,0.091,Low,12719.0
C13847,Lapsing / dormant,0.104,Low,6960.0
C13848,Lapsing / dormant,0.647,High,6200.0
C13849,High-value regulars,0.069,Low,14000.0
C13850,High-value regulars,0.269,Medium,12061.0
C13851,High-value regulars,0.157,Low,11274.0
C13852,Lapsing / dormant,0.513,High,12908.0
C13853,High-value regulars,0.121,Low,9231.0
C13854,High-value regulars,0.052,Low,13525.0
C13855,Low-spend occasional,0.16,Low,1523.0
C13856,Lapsing / dormant,0.511,High,12144.0
C13857,High-value regulars,0.106,Low,19938.0
C13858,High-value regulars,0.082,Low,19887.0
C13859,Lapsing / dormant,0.233,Low,8826.0
C13860,High-value regulars,0.131,Low,17793.0
C13861,High-value regulars,0.085,Low,11791.0
C13862,High-value regulars,0.129,Low,9184.0
C13863,High-value regulars,0.047,Low,19779.0
C13864,High-value regulars,0.095,Low,18800.0
C13865,Low-spend occasional,0.551,High,3669.0
C13866,High-value regulars,0.126,Low,18557.0
C13867,High-value regulars,0.078,Low,21270.0
C13868,Lapsing / dormant,0.162,Low,8976.0
C13869,High-value regulars,0.134,Low,10751.0
C13870,Lapsing / dormant,0.618,High,9179.0
C13871,High-value regulars,0.431,Medium,13699.0
C13872,Lapsing / dormant,0.604,High,8210.0
C13873,High-value regulars,0.065,Low,7491.0
C13874,High-value regulars,0.132,Low,7910.0
C13875,High-value regulars,0.341,Medium,15681.0
C13876,Low-spend occasional,0.458,Medium,3780.0
C13877,Low-spend occasional,0.156,Low,7361.0
C13878,Low-spend occasional,0.106,Low,6153.0
C13879,High-value regulars,0.305,Medium,19302.0
C13880,High-value regulars,0.205,Low,13246.0
C13881,Lapsing / dormant,0.597,High,4344.0
C13882,High-value regulars,0.171,Low,9435.0
C13883,High-value regulars,0.168,Low,13434.0
C13884,Lapsing / dormant,0.864,High,6030.0
C13885,High-value regulars,0.059,Low,17422.0
C13886,Lapsing / dormant,0.295,Medium,3105.0
C13887,High-value regulars,0.112,Low,14894.0
C13888,High-value regulars,0.303,Medium,7785.0
C13889,High-value regulars,0.238,Low,11404.0
C13890,Lapsing / dormant,0.517,High,3470.0
C13891,High-value regulars,0.123,Low,10138.0
C13892,Lapsing / dormant,0.493,Medium,5860.0
C13893,High-value regulars,0.038,Low,18056.0
C13894,High-value regulars,0.082,Low,8829.0
C13895,Low-spend occasional,0.11,Low,4956.0
C13896,Lapsing / dormant,0.321,Medium,9033.0
C13897,High-value regulars,0.185,Low,22291.0
C13898,High-value regulars,0.133,Low,19186.0
C13899,Lapsing / dormant,0.331,Medium,9712.0
C13900,High-value regulars,0.159,Low,14719.0
C13901,Lapsing / dormant,0.516,High,10807.0
C13902,High-value regulars,0.108,Low,6227.0
C13903,High-value regulars,0.039,Low,22556.0
C13904,Lapsing / dormant,0.478,Medium,9158.0
C13905,High-value regulars,0.174,Low,14342.0
C13906,High-value regulars,0.286,Medium,12461.0
C13907,High-value regulars,0.114,Low,11663.0
C13908,High-value regulars,0.419,Medium,11120.0
C13909,Lapsing / dormant,0.784,High,7998.0
C13910,Low-spend occasional,0.184,Low,6362.0
C13911,Lapsing / dormant,0.383,Medium,6585.0
C13912,Lapsing / dormant,0.291,Medium,3904.0
C13913,Low-spend occasional,0.209,Low,6484.0
C13914,Lapsing / dormant,0.59,High,3206.0
C13915,Lapsing / dormant,0.143,Low,5470.0
C13916,Lapsing / dormant,0.364,Medium,9619.0
C13917,High-value regulars,0.09,Low,11284.0
C13918,Lapsing / dormant,0.818,High,2213.0
C13919,Lapsing / dormant,0.24,Low,7733.0
C13920,High-value regulars,0.176,Low,8352.0
C13921,Lapsing / dormant,0.422,Medium,8072.0
C13922,High-value regulars,0.084,Low,10425.0
C13923,High-value regulars,0.166,Low,12065.0
C13924,High-value regulars,0.123,Low,10291.0
C13925,High-value regulars,0.174,Low,19044.0
C13926,High-value regulars,0.267,Medium,14754.0
C13927,Lapsing / dormant,0.278,Medium,8091.0
C13928,High-value regulars,0.077,Low,19614.0
C13929,High-value regulars,0.061,Low,8803.0
C13930,Lapsing / dormant,0.572,High,4221.0
C13931,High-value regulars,0.197,Low,8956.0
C13932,High-value regulars,0.223,Low,12094.0
C13933,High-value regulars,0.12,Low,24789.0
C13934,Low-spend occasional,0.154,Low,2518.0
C13935,High-value regulars,0.06,Low,14872.0
C13936,Lapsing / dormant,0.27,Medium,8337.0
C13937,High-value regulars,0.133,Low,14083.0
C13938,High-value regulars,0.083,Low,11336.0
C13939,High-value regulars,0.186,Low,15128.0
C13940,High-value regulars,0.185,Low,10052.0
C13941,High-value regulars,0.119,Low,11970.0
C13942,High-value regulars,0.084,Low,11258.0
C13943,High-value regulars,0.12,Low,10127.0
C13944,High-value regulars,0.061,Low,11251.0
C13945,High-value regulars,0.04,Low,17987.0
C13946,High-value regulars,0.177,Low,11212.0
C13947,Lapsing / dormant,0.139,Low,8822.0
C13948,High-value regulars,0.077,Low,8687.0
C13949,Lapsing / dormant,0.279,Medium,5624.0
C13950,High-value regulars,0.196,Low,16438.0
C13951,Lapsing / dormant,0.074,Low,9624.0
C13952,High-value regulars,0.165,Low,11587.0
C13953,High-value regulars,0.183,Low,17565.0
C13954,High-value regulars,0.085,Low,17540.0
C13955,Lapsing / dormant,0.244,Low,7424.0
C13956,High-value regulars,0.034,Low,30321.0
C13957,High-value regulars,0.044,Low,19446.0
C13958,Low-spend occasional,0.032,Low,1939.0
C13959,High-value regulars,0.102,Low,19439.0
C13960,Lapsing / dormant,0.189,Low,7902.0
C13961,Low-spend occasional,0.377,Medium,2370.0
C13962,High-value regulars,0.072,Low,13360.0
C13963,Lapsing / dormant,0.168,Low,7602.0
C13964,Low-spend occasional,0.05,Low,4884.0
C13965,High-value regulars,0.031,Low,19510.0
C13966,High-value regulars,0.263,Medium,13230.0
C13967,High-value regulars,0.051,Low,23660.0
C13968,High-value regulars,0.41,Medium,17297.0
C13969,Low-spend occasional,0.174,Low,3608.0
C13970,High-value regulars,0.111,Low,15491.0
C13971,Lapsing / dormant,0.418,Medium,7703.0
C13972,Low-spend occasional,0.275,Medium,4385.0
C13973,Low-spend occasional,0.135,Low,5877.0
C13974,High-value regulars,0.286,Medium,12229.0
C13975,Low-spend occasional,0.158,Low,2804.0
C13976,Lapsing / dormant,0.376,Medium,3347.0
C13977,High-value regulars,0.147,Low,8478.0
C13978,High-value regulars,0.122,Low,15954.0
C13979,Low-spend occasional,0.098,Low,7875.0
C13980,High-value regulars,0.201,Low,8293.0
C13981,Low-spend occasional,0.995,High,0.0
C13982,High-value regulars,0.094,Low,9677.0
C13983,Lapsing / dormant,0.336,Medium,8290.0
C13984,High-value regulars,0.047,Low,11630.0
C13985,High-value regulars,0.117,Low,14741.0
C13986,High-value regulars,0.203,Low,9192.0
C13987,High-value regulars,0.106,Low,13236.0
C13988,Low-spend occasional,0.111,Low,7738.0
C13989,High-value regulars,0.085,Low,15433.0
C13990,High-value regulars,0.093,Low,14395.0
C13991,Lapsing / dormant,0.484,Medium,9941.0
C13992,High-value regulars,0.033,Low,12808.0
C13993,High-value regulars,0.147,Low,13172.0
C13994,Low-spend occasional,0.052,Low,2616.0
C13995,High-value regulars,0.045,Low,19101.0
C13996,High-value regulars,0.184,Low,15036.0
C13997,Lapsing / dormant,0.399,Medium,6715.0
C13998,High-value regulars,0.113,Low,7844.0
C13999,High-value regulars,0.053,Low,19440.0
C14000,Low-spend occasional,0.556,High,6340.0
C14001,Lapsing / dormant,0.545,High,7358.0
C14002,High-value regulars,0.115,Low,10058.0
C14003,Lapsing / dormant,0.687,High,9276.0
C14004,High-value regulars,0.106,Low,14453.0
C14005,Lapsing / dormant,0.376,Medium,9355.0
C14006,Low-spend occasional,0.102,Low,6597.0
C14007,Lapsing / dormant,0.191,Low,7303.0
C14008,Low-spend occasional,0.074,Low,8214.0
C14009,High-value regulars,0.148,Low,15804.0
C14010,High-value regulars,0.056,Low,19477.0
C14011,High-value regulars,0.134,Low,11924.0
C14012,High-value regulars,0.1,Low,25798.0
C14013,High-value regulars,0.106,Low,18499.0
C14014,High-value regulars,0.111,Low,19262.0
C14015,High-value regulars,0.135,Low,11004.0
C14016,Lapsing / dormant,0.151,Low,9046.0
C14017,High-value regulars,0.119,Low,9429.0
C14018,High-value regulars,0.222,Low,11035.0
C14019,Low-spend occasional,0.168,Low,4887.0
C14020,Lapsing / dormant,0.442,Medium,10000.0
C14021,High-value regulars,0.331,Medium,12411.0
C14022,Low-spend occasional,0.282,Medium,7164.0
C14023,Low-spend occasional,0.131,Low,6261.0
C14024,Lapsing / dormant,0.379,Medium,6437.0
C14025,High-value regulars,0.08,Low,6663.0
C14026,Lapsing / dormant,0.368,Medium,3598.0
C14027,High-value regulars,0.092,Low,12850.0
C14028,Lapsing / dormant,0.513,High,5529.0
C14029,High-value regulars,0.134,Low,11052.0
C14030,High-value regulars,0.244,Low,9539.0
C14031,Lapsing / dormant,0.211,Low,8767.0
C14032,Lapsing / dormant,0.509,High,9726.0
C14033,High-value regulars,0.08,Low,12606.0
C14034,Low-spend occasional,0.161,Low,3526.0
C14035,Lapsing / dormant,0.183,Low,10624.0
C14036,Low-spend occasional,0.352,Medium,7083.0
C14037,High-value regulars,0.114,Low,8765.0
C14038,High-value regulars,0.032,Low,19665.0
C14039,High-value regulars,0.138,Low,11426.0
C14040,Low-spend occasional,0.058,Low,4188.0
C14041,Lapsing / dormant,0.37,Medium,8536.0
C14042,High-value regulars,0.071,Low,13181.0
C14043,Low-spend occasional,0.141,Low,2437.0
C14044,Low-spend occasional,0.145,Low,1395.0
C14045,High-value regulars,0.107,Low,27659.0
C14046,High-value regulars,0.07,Low,19020.0
C14047,High-value regulars,0.503,High,18019.0
C14048,Lapsing / dormant,0.076,Low,8022.0
C14049,High-value regulars,0.047,Low,32257.0
C14050,Lapsing / dormant,0.684,High,12075.0
C14051,High-value regulars,0.4,Medium,14732.0
C14052,Low-spend occasional,0.642,High,6091.0
C14053,High-value regulars,0.052,Low,8037.0
C14054,Lapsing / dormant,0.166,Low,7722.0
C14055,Lapsing / dormant,0.653,High,4707.0
C14056,High-value regulars,0.169,Low,11049.0
C14057,Lapsing / dormant,0.367,Medium,4807.0
C14058,Lapsing / dormant,0.478,Medium,7820.0
C14059,High-value regulars,0.102,Low,12595.0
C14060,Lapsing / dormant,0.314,Medium,7409.0
C14061,Lapsing / dormant,0.835,High,4649.0
C14062,High-value regulars,0.111,Low,7247.0
C14063,High-value regulars,0.052,Low,11838.0
C14064,High-value regulars,0.098,Low,6934.0
C14065,Lapsing / dormant,0.448,Medium,2731.0
C14066,High-value regulars,0.154,Low,15439.0
C14067,High-value regulars,0.089,Low,9087.0
C14068,Lapsing / dormant,0.599,High,3592.0
C14069,High-value regulars,0.246,Low,12890.0
C14070,High-value regulars,0.06,Low,16242.0
C14071,Low-spend occasional,0.068,Low,3151.0
C14072,High-value regulars,0.448,Medium,16234.0
C14073,Low-spend occasional,0.047,Low,3781.0
C14074,High-value regulars,0.199,Low,14037.0
C14075,Lapsing / dormant,0.137,Low,7293.0
C14076,High-value regulars,0.149,Low,9591.0
C14077,High-value regulars,0.137,Low,10045.0
C14078,High-value regulars,0.198,Low,9712.0
C14079,High-value regulars,0.226,Low,12052.0
C14080,Lapsing / dormant,0.069,Low,7374.0
C14081,Lapsing / dormant,0.428,Medium,3878.0
C14082,High-value regulars,0.104,Low,13860.0
C14083,Lapsing / dormant,0.447,Medium,9138.0
C14084,High-value regulars,0.038,Low,12664.0
C14085,High-value regulars,0.046,Low,22386.0
C14086,Low-spend occasional,0.177,Low,1887.0
C14087,Lapsing / dormant,0.256,Medium,9593.0
C14088,High-value regulars,0.167,Low,10529.0
C14089,High-value regulars,0.148,Low,13925.0
C14090,High-value regulars,0.085,Low,9780.0
C14091,Low-spend occasional,0.061,Low,3988.0
C14092,High-value regulars,0.141,Low,15959.0
C14093,High-value regulars,0.117,Low,24680.0
C14094,High-value regulars,0.246,Low,14079.0
C14095,High-value regulars,0.062,Low,17266.0
C14096,High-value regulars,0.105,Low,18925.0
C14097,Low-spend occasional,0.185,Low,2481.0
C14098,Low-spend occasional,0.426,Medium,2608.0
C14099,High-value regulars,0.149,Low,11624.0
C14100,Lapsing / dormant,0.117,Low,8967.0
C14101,Lapsing / dormant,0.279,Medium,8584.0
C14102,High-value regulars,0.18,Low,19059.0
C14103,High-value regulars,0.087,Low,12752.0
C14104,High-value regulars,0.175,Low,27347.0
C14105,High-value regulars,0.182,Low,23608.0
C14106,Lapsing / dormant,0.335,Medium,7946.0
C14107,Lapsing / dormant,0.866,High,4584.0
C14108,Lapsing / dormant,0.561,High,6879.0
C14109,High-value regulars,0.209,Low,14874.0
C14110,Lapsing / dormant,0.739,High,9987.0
C14111,High-value regulars,0.107,Low,13490.0
C14112,Lapsing / dormant,0.351,Medium,10140.0
C14113,High-value regulars,0.153,Low,9932.0
C14114,Lapsing / dormant,0.325,Medium,9256.0
C14115,High-value regulars,0.074,Low,13328.0
C14116,High-value regulars,0.066,Low,16675.0
C14117,High-value regulars,0.326,Medium,14890.0
C14118,High-value regulars,0.132,Low,16725.0
C14119,Lapsing / dormant,0.437,Medium,9620.0
C14120,Lapsing / dormant,0.228,Low,6089.0
C14121,Lapsing / dormant,0.718,High,5452.0
C14122,High-value regulars,0.115,Low,10872.0
C14123,Lapsing / dormant,0.334,Medium,5993.0
C14124,High-value regulars,0.093,Low,14943.0
C14125,High-value regulars,0.159,Low,9397.0
C14126,High-value regulars,0.161,Low,12648.0
C14127,Lapsing / dormant,0.184,Low,7271.0
C14128,Low-spend occasional,0.643,High,1060.0
C14129,Lapsing / dormant,0.205,Low,9155.0
C14130,High-value regulars,0.105,Low,20810.0
C14131,High-value regulars,0.029,Low,13025.0
C14132,Low-spend occasional,0.191,Low,6265.0
C14133,High-value regulars,0.186,Low,15513.0
C14134,High-value regulars,0.156,Low,15750.0
C14135,Low-spend occasional,0.321,Medium,2454.0
C14136,High-value regulars,0.237,Low,12714.0
C14137,High-value regulars,0.119,Low,19597.0
C14138,High-value regulars,0.035,Low,9722.0
C14139,High-value regulars,0.123,Low,12937.0
C14140,High-value regulars,0.122,Low,7764.0
C14141,Lapsing / dormant,0.308,Medium,8017.0
C14142,Low-spend occasional,0.055,Low,3655.0
C14143,High-value regulars,0.026,Low,27016.0
C14144,Low-spend occasional,0.206,Low,4894.0
C14145,Lapsing / dormant,0.193,Low,15853.0
C14146,High-value regulars,0.175,Low,9772.0
C14147,Lapsing / dormant,0.137,Low,4970.0
C14148,Lapsing / dormant,0.144,Low,6991.0
C14149,Lapsing / dormant,0.623,High,9642.0
C14150,Lapsing / dormant,0.165,Low,4393.0
C14151,Lapsing / dormant,0.937,High,1412.0
C14152,High-value regulars,0.366,Medium,11430.0
C14153,Lapsing / dormant,0.14,Low,9538.0
C14154,High-value regulars,0.199,Low,11730.0
C14155,Low-spend occasional,0.072,Low,6575.0
C14156,Lapsing / dormant,0.432,Medium,8460.0
C14157,Low-spend occasional,0.2,Low,3600.0
C14158,Low-spend occasional,0.068,Low,2045.0
C14159,High-value regulars,0.248,Low,11768.0
C14160,High-value regulars,0.155,Low,11652.0
C14161,Low-spend occasional,0.111,Low,4803.0
C14162,High-value regulars,0.09,Low,8808.0
C14163,Lapsing / dormant,0.37,Medium,5734.0
C14164,Lapsing / dormant,0.387,Medium,12061.0
C14165,Lapsing / dormant,0.828,High,3094.0
C14166,High-value regulars,0.042,Low,31903.0
C14167,High-value regulars,0.016,Low,17709.0
C14168,High-value regulars,0.048,Low,6198.0
C14169,Low-spend occasional,0.265,Medium,5163.0
C14170,High-value regulars,0.044,Low,29909.0
C14171,High-value regulars,0.223,Low,10317.0
C14172,High-value regulars,0.1,Low,21112.0
C14173,Lapsing / dormant,0.165,Low,5271.0
C14174,High-value regulars,0.058,Low,8313.0
C14175,High-value regulars,0.078,Low,21890.0
C14176,High-value regulars,0.082,Low,19949.0
C14177,Lapsing / dormant,0.456,Medium,9491.0
C14178,High-value regulars,0.173,Low,9571.0
C14179,Lapsing / dormant,0.472,Medium,4422.0
C14180,High-value regulars,0.153,Low,16444.0
C14181,High-value regulars,0.111,Low,11689.0
C14182,High-value regulars,0.125,Low,10746.0
C14183,High-value regulars,0.105,Low,10026.0
C14184,High-value regulars,0.027,Low,17722.0
C14185,Low-spend occasional,0.249,Low,3143.0
C14186,Lapsing / dormant,0.136,Low,9567.0
C14187,Low-spend occasional,0.374,Medium,5474.0
C14188,High-value regulars,0.061,Low,15116.0
C14189,Lapsing / dormant,0.206,Low,6506.0
C14190,High-value regulars,0.195,Low,21766.0
C14191,Lapsing / dormant,0.145,Low,8988.0
C14192,High-value regulars,0.023,Low,29345.0
C14193,Low-spend occasional,0.249,Low,2669.0
C14194,Lapsing / dormant,0.301,Medium,7452.0
C14195,Lapsing / dormant,0.652,High,8021.0
C14196,Lapsing / dormant,0.24,Low,4316.0
C14197,Lapsing / dormant,0.376,Medium,9592.0
C14198,High-value regulars,0.101,Low,11673.0
C14199,High-value regulars,0.158,Low,7207.0
C14200,Lapsing / dormant,0.3,Medium,6396.0
C14201,High-value regulars,0.072,Low,9966.0
C14202,High-value regulars,0.16,Low,9438.0
C14203,High-value regulars,0.229,Low,11088.0
C14204,High-value regulars,0.116,Low,11191.0
C14205,High-value regulars,0.104,Low,7668.0
C14206,Low-spend occasional,0.15,Low,8090.0
C14207,High-value regulars,0.084,Low,22852.0
C14208,High-value regulars,0.202,Low,17059.0
C14209,Low-spend occasional,0.114,Low,2775.0
C14210,High-value regulars,0.103,Low,11204.0
C14211,Low-spend occasional,0.216,Low,4402.0
C14212,Low-spend occasional,0.085,Low,5902.0
C14213,Lapsing / dormant,0.533,High,16645.0
C14214,High-value regulars,0.101,Low,7617.0
C14215,High-value regulars,0.085,Low,12366.0
C14216,Lapsing / dormant,0.39,Medium,7408.0
C14217,Lapsing / dormant,0.156,Low,5562.0
C14218,High-value regulars,0.158,Low,21234.0
C14219,High-value regulars,0.108,Low,13463.0
C14220,High-value regulars,0.213,Low,10199.0
C14221,Low-spend occasional,0.368,Medium,1841.0
C14222,Lapsing / dormant,0.113,Low,5937.0
C14223,Low-spend occasional,0.101,Low,5582.0
C14224,Low-spend occasional,0.142,Low,3551.0
C14225,High-value regulars,0.064,Low,9662.0
C14226,Lapsing / dormant,0.863,High,8900.0
C14227,High-value regulars,0.222,Low,11244.0
C14228,Low-spend occasional,0.097,Low,7261.0
C14229,Lapsing / dormant,0.198,Low,11261.0
C14230,High-value regulars,0.093,Low,12349.0
C14231,High-value regulars,0.258,Medium,13517.0
C14232,Low-spend occasional,0.232,Low,4524.0
C14233,High-value regulars,0.07,Low,20203.0
C14234,High-value regulars,0.142,Low,10844.0
C14235,Lapsing / dormant,0.114,Low,6207.0
C14236,High-value regulars,0.118,Low,11604.0
C14237,Lapsing / dormant,0.251,Medium,6726.0
C14238,Low-spend occasional,0.047,Low,2547.0
C14239,Lapsing / dormant,0.136,Low,10487.0
C14240,Low-spend occasional,0.421,Medium,5251.0
C14241,Lapsing / dormant,0.897,High,6443.0
C14242,High-value regulars,0.056,Low,25287.0
C14243,High-value regulars,0.137,Low,17367.0
C14244,Lapsing / dormant,0.172,Low,6543.0
C14245,High-value regulars,0.083,Low,11114.0
C14246,High-value regulars,0.119,Low,14870.0
C14247,High-value regulars,0.391,Medium,9126.0
C14248,High-value regulars,0.036,Low,10013.0
C14249,High-value regulars,0.17,Low,8810.0
C14250,High-value regulars,0.103,Low,11552.0
C14251,High-value regulars,0.072,Low,24303.0
C14252,High-value regulars,0.062,Low,17528.0
C14253,High-value regulars,0.07,Low,12666.0
C14254,High-value regulars,0.192,Low,14400.0
C14255,High-value regulars,0.157,Low,16762.0
C14256,Low-spend occasional,0.247,Low,6629.0
C14257,High-value regulars,0.043,Low,9968.0
C14258,Low-spend occasional,0.169,Low,3114.0
C14259,Lapsing / dormant,0.448,Medium,6861.0
C14260,High-value regulars,0.224,Low,9426.0
C14261,Low-spend occasional,0.096,Low,7956.0
C14262,High-value regulars,0.112,Low,9967.0
C14263,Lapsing / dormant,0.142,Low,8738.0
C14264,Lapsing / dormant,0.229,Low,5434.0
C14265,High-value regulars,0.438,Medium,19155.0
C14266,High-value regulars,0.143,Low,12330.0
C14267,High-value regulars,0.091,Low,16558.0
C14268,High-value regulars,0.151,Low,16541.0
C14269,High-value regulars,0.082,Low,15589.0
C14270,Lapsing / dormant,0.132,Low,8387.0
C14271,High-value regulars,0.163,Low,9817.0
C14272,High-value regulars,0.291,Medium,7969.0
C14273,Low-spend occasional,0.326,Medium,6081.0
C14274,High-value regulars,0.161,Low,12058.0
C14275,Lapsing / dormant,0.804,High,4603.0
C14276,High-value regulars,0.074,Low,9944.0
C14277,Low-spend occasional,0.057,Low,7266.0
C14278,High-value regulars,0.156,Low,7609.0
C14279,Low-spend occasional,0.165,Low,5665.0
C14280,High-value regulars,0.261,Medium,15062.0
C14281,High-value regulars,0.089,Low,11543.0
C14282,Lapsing / dormant,0.284,Medium,9035.0
C14283,High-value regulars,0.056,Low,14802.0
C14284,High-value regulars,0.077,Low,14482.0
C14285,High-value regulars,0.045,Low,15270.0
C14286,Low-spend occasional,0.203,Low,1790.0
C14287,High-value regulars,0.172,Low,13012.0
C14288,High-value regulars,0.201,Low,9622.0
C14289,Lapsing / dormant,0.258,Medium,4060.0
C14290,High-value regulars,0.155,Low,10545.0
C14291,Lapsing / dormant,0.654,High,8216.0
C14292,Lapsing / dormant,0.134,Low,6644.0
C14293,High-value regulars,0.056,Low,12579.0
C14294,Low-spend occasional,0.091,Low,4593.0
C14295,Low-spend occasional,0.333,Medium,2038.0
C14296,High-value regulars,0.147,Low,12022.0
C14297,High-value regulars,0.049,Low,24724.0
C14298,High-value regulars,0.152,Low,20749.0
C14299,High-value regulars,0.13,Low,12118.0
C14300,High-value regulars,0.044,Low,7857.0
C14301,Lapsing / dormant,0.122,Low,3402.0
C14302,High-value regulars,0.062,Low,10890.0
C14303,High-value regulars,0.114,Low,10390.0
C14304,Lapsing / dormant,0.381,Medium,7291.0
C14305,Lapsing / dormant,0.472,Medium,5981.0
C14306,Lapsing / dormant,0.469,Medium,9877.0
C14307,High-value regulars,0.063,Low,9449.0
C14308,Lapsing / dormant,0.335,Medium,6673.0
C14309,High-value regulars,0.246,Low,8955.0
C14310,High-value regulars,0.248,Low,12720.0
C14311,Lapsing / dormant,0.336,Medium,6943.0
C14312,High-value regulars,0.05,Low,15069.0
C14313,High-value regulars,0.118,Low,16116.0
C14314,High-value regulars,0.083,Low,19007.0
C14315,Lapsing / dormant,0.147,Low,7431.0
C14316,High-value regulars,0.181,Low,14632.0
C14317,High-value regulars,0.126,Low,12606.0
C14318,Lapsing / dormant,0.172,Low,6261.0
C14319,Low-spend occasional,0.239,Low,3706.0
C14320,Lapsing / dormant,0.398,Medium,15522.0
C14321,High-value regulars,0.073,Low,8788.0
C14322,Lapsing / dormant,0.3,Medium,4913.0
C14323,High-value regulars,0.168,Low,14170.0
C14324,Lapsing / dormant,0.508,High,4921.0
C14325,Lapsing / dormant,0.147,Low,8666.0
C14326,High-value regulars,0.252,Medium,12703.0
C14327,Low-spend occasional,0.111,Low,5211.0
C14328,Low-spend occasional,0.283,Medium,1180.0
C14329,Lapsing / dormant,0.216,Low,5129.0
C14330,Lapsing / dormant,0.559,High,4286.0
C14331,Low-spend occasional,0.199,Low,3025.0
C14332,Lapsing / dormant,0.234,Low,6052.0
C14333,High-value regulars,0.117,Low,13942.0
C14334,High-value regulars,0.062,Low,20224.0
C14335,High-value regulars,0.04,Low,10944.0
C14336,Lapsing / dormant,0.157,Low,8126.0
C14337,High-value regulars,0.153,Low,9072.0
C14338,High-value regulars,0.125,Low,10269.0
C14339,High-value regulars,0.179,Low,8675.0
C14340,Low-spend occasional,0.163,Low,6633.0
C14341,Lapsing / dormant,0.223,Low,6515.0
C14342,Lapsing / dormant,0.29,Medium,4250.0
C14343,High-value regulars,0.049,Low,11024.0
C14344,High-value regulars,0.151,Low,12308.0
C14345,High-value regulars,0.076,Low,9276.0
C14346,Lapsing / dormant,0.18,Low,7399.0
C14347,Lapsing / dormant,0.394,Medium,9547.0
C14348,High-value regulars,0.099,Low,10339.0
C14349,Lapsing / dormant,0.063,Low,7793.0
C14350,High-value regulars,0.4,Medium,12394.0
C14351,Low-spend occasional,0.238,Low,5835.0
C14352,Lapsing / dormant,0.436,Medium,6161.0
C14353,High-value regulars,0.085,Low,16016.0
C14354,Lapsing / dormant,0.065,Low,7603.0
C14355,Lapsing / dormant,0.395,Medium,7396.0
C14356,Lapsing / dormant,0.34,Medium,5316.0
C14357,Low-spend occasional,0.138,Low,5848.0
C14358,Lapsing / dormant,0.282,Medium,6740.0
C14359,High-value regulars,0.204,Low,13935.0
C14360,High-value regulars,0.112,Low,10429.0
C14361,Low-spend occasional,0.289,Medium,4337.0
C14362,Lapsing / dormant,0.414,Medium,6505.0
C14363,Lapsing / dormant,0.432,Medium,9997.0
C14364,Low-spend occasional,0.121,Low,4887.0
C14365,High-value regulars,0.129,Low,7217.0
C14366,High-value regulars,0.059,Low,22037.0
C14367,High-value regulars,0.041,Low,25442.0
C14368,Lapsing / dormant,0.185,Low,7905.0
C14369,Low-spend occasional,0.037,Low,6845.0
C14370,Lapsing / dormant,0.946,High,1096.0
C14371,High-value regulars,0.047,Low,17081.0
C14372,Lapsing / dormant,0.263,Medium,10265.0
C14373,High-value regulars,0.109,Low,17718.0
C14374,Lapsing / dormant,0.723,High,6005.0
C14375,Lapsing / dormant,0.16,Low,8147.0
C14376,Lapsing / dormant,0.09,Low,5826.0
C14377,Lapsing / dormant,0.296,Medium,7019.0
C14378,Lapsing / dormant,0.214,Low,10248.0
C14379,High-value regulars,0.088,Low,12026.0
C14380,High-value regulars,0.092,Low,13126.0
C14381,Lapsing / dormant,0.155,Low,6490.0
C14382,High-value regulars,0.161,Low,12400.0
C14383,Lapsing / dormant,0.728,High,7644.0
C14384,Lapsing / dormant,0.188,Low,6361.0
C14385,High-value regulars,0.058,Low,12020.0
C14386,Low-spend occasional,0.079,Low,6767.0
C14387,High-value regulars,0.274,Medium,13690.0
C14388,High-value regulars,0.16,Low,9603.0
C14389,High-value regulars,0.307,Medium,8546.0
C14390,High-value regulars,0.034,Low,19288.0
C14391,High-value regulars,0.18,Low,13320.0
C14392,Low-spend occasional,0.03,Low,2882.0
C14393,High-value regulars,0.08,Low,9517.0
C14394,Low-spend occasional,0.09,Low,2489.0
C14395,Lapsing / dormant,0.331,Medium,8032.0
C14396,Low-spend occasional,0.12,Low,2865.0
C14397,Low-spend occasional,0.109,Low,3874.0
C14398,Lapsing / dormant,0.412,Medium,9846.0
C14399,High-value regulars,0.074,Low,10416.0
C14400,High-value regulars,0.117,Low,15180.0
C14401,Lapsing / dormant,0.257,Medium,9789.0
C14402,Lapsing / dormant,0.285,Medium,12212.0
C14403,Lapsing / dormant,0.241,Low,9352.0
C14404,High-value regulars,0.105,Low,16520.0
C14405,High-value regulars,0.117,Low,14696.0
C14406,High-value regulars,0.066,Low,22325.0
C14407,Lapsing / dormant,0.512,High,8667.0
C14408,Lapsing / dormant,0.508,High,8967.0
C14409,High-value regulars,0.258,Medium,19446.0
C14410,Lapsing / dormant,0.144,Low,6183.0
C14411,High-value regulars,0.033,Low,20332.0
C14412,High-value regulars,0.158,Low,16729.0
C14413,High-value regulars,0.111,Low,8458.0
C14414,Lapsing / dormant,0.519,High,3096.0
C14415,High-value regulars,0.102,Low,11353.0
C14416,Lapsing / dormant,0.129,Low,6795.0
C14417,High-value regulars,0.15,Low,9357.0
C14418,High-value regulars,0.244,Low,12705.0
C14419,Lapsing / dormant,0.88,High,6232.0
C14420,High-value regulars,0.083,Low,17790.0
C14421,Low-spend occasional,0.108,Low,4882.0
C14422,Lapsing / dormant,0.056,Low,8220.0
C14423,High-value regulars,0.35,Medium,26034.0
C14424,Low-spend occasional,0.043,Low,6395.0
C14425,High-value regulars,0.136,Low,7821.0
C14426,Lapsing / dormant,0.248,Low,6263.0
C14427,High-value regulars,0.19,Low,17379.0
C14428,Low-spend occasional,0.305,Medium,2901.0
C14429,High-value regulars,0.182,Low,14633.0
C14430,Lapsing / dormant,0.461,Medium,8924.0
C14431,High-value regulars,0.22,Low,7629.0
C14432,High-value regulars,0.242,Low,14592.0
C14433,High-value regulars,0.181,Low,9847.0
C14434,High-value regulars,0.182,Low,17987.0
C14435,High-value regulars,0.184,Low,14932.0
C14436,High-value regulars,0.203,Low,16826.0
C14437,High-value regulars,0.026,Low,12098.0
C14438,Lapsing / dormant,0.181,Low,6410.0
C14439,High-value regulars,0.113,Low,11488.0
C14440,High-value regulars,0.09,Low,15735.0
C14441,High-value regulars,0.176,Low,17437.0
C14442,High-value regulars,0.036,Low,9032.0
C14443,High-value regulars,0.247,Low,9348.0
C14444,High-value regulars,0.145,Low,12230.0
C14445,High-value regulars,0.185,Low,13133.0
C14446,Lapsing / dormant,0.43,Medium,11989.0
C14447,High-value regulars,0.086,Low,9193.0
C14448,High-value regulars,0.041,Low,7004.0
C14449,Lapsing / dormant,0.175,Low,11076.0
C14450,Lapsing / dormant,0.207,Low,9236.0
C14451,High-value regulars,0.026,Low,16847.0
C14452,High-value regulars,0.1,Low,11074.0
C14453,Lapsing / dormant,0.527,High,2381.0
C14454,High-value regulars,0.05,Low,9649.0
C14455,Lapsing / dormant,0.688,High,5678.0
C14456,Low-spend occasional,0.138,Low,5475.0
C14457,Low-spend occasional,0.063,Low,6083.0
C14458,Low-spend occasional,0.317,Medium,4146.0
C14459,Lapsing / dormant,0.607,High,4500.0
C14460,High-value regulars,0.037,Low,6807.0
C14461,Lapsing / dormant,0.721,High,9266.0
C14462,High-value regulars,0.122,Low,9665.0
C14463,High-value regulars,0.043,Low,10779.0
C14464,Lapsing / dormant,0.339,Medium,5650.0
C14465,High-value regulars,0.081,Low,11839.0
C14466,Lapsing / dormant,0.38,Medium,11618.0
C14467,High-value regulars,0.062,Low,12535.0
C14468,High-value regulars,0.133,Low,11537.0
C14469,High-value regulars,0.089,Low,9905.0
C14470,High-value regulars,0.193,Low,14508.0
C14471,High-value regulars,0.18,Low,11318.0
C14472,High-value regulars,0.056,Low,15162.0
C14473,Lapsing / dormant,0.56,High,7310.0
C14474,High-value regulars,0.217,Low,16845.0
C14475,Lapsing / dormant,0.214,Low,7645.0
C14476,High-value regulars,0.16,Low,9928.0
C14477,Lapsing / dormant,0.42,Medium,4945.0
C14478,High-value regulars,0.046,Low,22693.0
C14479,High-value regulars,0.047,Low,30473.0
C14480,High-value regulars,0.015,Low,23718.0
C14481,Lapsing / dormant,0.611,High,8825.0
C14482,Lapsing / dormant,0.733,High,3644.0
C14483,Low-spend occasional,0.053,Low,5572.0
C14484,Lapsing / dormant,0.552,High,3190.0
C14485,High-value regulars,0.08,Low,13643.0
C14486,High-value regulars,0.086,Low,9629.0
C14487,High-value regulars,0.081,Low,9681.0
C14488,Lapsing / dormant,0.633,High,10722.0
C14489,Low-spend occasional,0.47,Medium,4520.0
C14490,High-value regulars,0.094,Low,11122.0
C14491,Lapsing / dormant,0.079,Low,8106.0
C14492,Lapsing / dormant,0.144,Low,6447.0
C14493,Low-spend occasional,0.624,High,3773.0
C14494,High-value regulars,0.067,Low,19106.0
C14495,Lapsing / dormant,0.376,Medium,6480.0
C14496,Low-spend occasional,0.243,Low,7788.0
C14497,High-value regulars,0.102,Low,11464.0
C14498,Lapsing / dormant,0.304,Medium,12621.0
C14499,Low-spend occasional,0.203,Low,2840.0
C14500,High-value regulars,0.041,Low,18591.0
C14501,Lapsing / dormant,0.414,Medium,9575.0
C14502,Lapsing / dormant,0.463,Medium,10976.0
C14503,High-value regulars,0.062,Low,22228.0
C14504,Low-spend occasional,0.196,Low,4729.0
C14505,Low-spend occasional,0.113,Low,2443.0
C14506,High-value regulars,0.15,Low,10051.0
C14507,Lapsing / dormant,0.592,High,8981.0
C14508,Lapsing / dormant,0.108,Low,16142.0
C14509,High-value regulars,0.127,Low,11952.0
C14510,High-value regulars,0.014,Low,35639.0
C14511,High-value regulars,0.068,Low,8084.0
C14512,High-value regulars,0.118,Low,11975.0
C14513,High-value regulars,0.153,Low,9553.0
C14514,High-value regulars,0.161,Low,11977.0
C14515,Low-spend occasional,0.111,Low,1920.0
C14516,High-value regulars,0.148,Low,6617.0
C14517,High-value regulars,0.177,Low,13679.0
C14518,High-value regulars,0.048,Low,12816.0
C14519,High-value regulars,0.067,Low,25096.0
C14520,Lapsing / dormant,0.267,Medium,5524.0
C14521,Lapsing / dormant,0.698,High,4743.0
C14522,Lapsing / dormant,0.149,Low,5079.0
C14523,Lapsing / dormant,0.485,Medium,9553.0
C14524,Lapsing / dormant,0.833,High,5824.0
C14525,High-value regulars,0.039,Low,18731.0
C14526,High-value regulars,0.06,Low,14559.0
C14527,Lapsing / dormant,0.35,Medium,12974.0
C14528,High-value regulars,0.122,Low,19825.0
C14529,High-value regulars,0.104,Low,15310.0
C14530,High-value regulars,0.174,Low,17686.0
C14531,High-value regulars,0.142,Low,12445.0
C14532,Low-spend occasional,0.228,Low,6562.0
C14533,Low-spend occasional,0.052,Low,1934.0
C14534,High-value regulars,0.125,Low,21376.0
C14535,Low-spend occasional,0.133,Low,3010.0
C14536,High-value regulars,0.187,Low,7125.0
C14537,High-value regulars,0.278,Medium,10773.0
C14538,High-value regulars,0.377,Medium,11196.0
C14539,Low-spend occasional,0.095,Low,2764.0
C14540,Lapsing / dormant,0.207,Low,12977.0
C14541,High-value regulars,0.122,Low,15603.0
C14542,Lapsing / dormant,0.603,High,3719.0
C14543,Lapsing / dormant,0.537,High,9499.0
C14544,Lapsing / dormant,0.134,Low,4374.0
C14545,High-value regulars,0.228,Low,20433.0
C14546,Lapsing / dormant,0.244,Low,10416.0
C14547,High-value regulars,0.255,Medium,19066.0
C14548,High-value regulars,0.113,Low,6336.0
C14549,High-value regulars,0.159,Low,15035.0
C14550,High-value regulars,0.18,Low,10871.0
C14551,Lapsing / dormant,0.419,Medium,8565.0
C14552,Lapsing / dormant,0.646,High,7535.0
C14553,High-value regulars,0.023,Low,17766.0
C14554,Low-spend occasional,0.526,High,6463.0
C14555,High-value regulars,0.099,Low,12488.0
C14556,Lapsing / dormant,0.179,Low,7246.0
C14557,Lapsing / dormant,0.553,High,14732.0
C14558,Lapsing / dormant,0.222,Low,6390.0
C14559,High-value regulars,0.097,Low,20679.0
C14560,Lapsing / dormant,0.119,Low,8188.0
C14561,High-value regulars,0.098,Low,10000.0
C14562,High-value regulars,0.211,Low,7589.0
C14563,Lapsing / dormant,0.56,High,4929.0
C14564,Lapsing / dormant,0.262,Medium,9751.0
C14565,Lapsing / dormant,0.215,Low,10193.0
C14566,High-value regulars,0.222,Low,8954.0
C14567,Low-spend occasional,0.095,Low,3518.0
C14568,High-value regulars,0.078,Low,13305.0
C14569,Lapsing / dormant,0.66,High,6857.0
C14570,Low-spend occasional,0.338,Medium,4441.0
C14571,High-value regulars,0.075,Low,12739.0
C14572,Lapsing / dormant,0.212,Low,5235.0
C14573,Low-spend occasional,0.085,Low,4863.0
C14574,Low-spend occasional,0.065,Low,6195.0
C14575,High-value regulars,0.121,Low,18069.0
C14576,Lapsing / dormant,0.521,High,8468.0
C14577,Lapsing / dormant,0.39,Medium,6118.0
C14578,Low-spend occasional,0.091,Low,1698.0
C14579,High-value regulars,0.161,Low,17701.0
C14580,High-value regulars,0.202,Low,15327.0
C14581,High-value regulars,0.05,Low,6843.0
C14582,Low-spend occasional,0.211,Low,3794.0
C14583,High-value regulars,0.044,Low,11753.0
C14584,High-value regulars,0.041,Low,13428.0
C14585,High-value regulars,0.157,Low,15707.0
C14586,Lapsing / dormant,0.362,Medium,9114.0
C14587,Low-spend occasional,0.513,High,1297.0
C14588,Lapsing / dormant,0.21,Low,7839.0
C14589,High-value regulars,0.074,Low,17445.0
C14590,Low-spend occasional,0.106,Low,1913.0
C14591,Low-spend occasional,0.086,Low,2424.0
C14592,High-value regulars,0.122,Low,8004.0
C14593,High-value regulars,0.134,Low,14154.0
C14594,Lapsing / dormant,0.171,Low,6562.0
C14595,Lapsing / dormant,0.144,Low,9419.0
C14596,Lapsing / dormant,0.25,Medium,6908.0
C14597,High-value regulars,0.076,Low,9640.0
C14598,High-value regulars,0.061,Low,8561.0
C14599,Lapsing / dormant,0.697,High,6633.0
C14600,High-value regulars,0.352,Medium,10258.0
C14601,High-value regulars,0.153,Low,11182.0
C14602,Lapsing / dormant,0.483,Medium,3426.0
C14603,Lapsing / dormant,0.288,Medium,6918.0
C14604,High-value regulars,0.052,Low,28113.0
C14605,Lapsing / dormant,0.222,Low,4024.0
C14606,Lapsing / dormant,0.397,Medium,6729.0
C14607,Lapsing / dormant,0.535,High,9154.0
C14608,Low-spend occasional,0.1,Low,7176.0
C14609,Lapsing / dormant,0.231,Low,7719.0
C14610,High-value regulars,0.048,Low,17084.0
C14611,Lapsing / dormant,0.524,High,8892.0
C14612,High-value regulars,0.342,Medium,12846.0
C14613,Low-spend occasional,0.207,Low,3200.0
C14614,Lapsing / dormant,0.103,Low,5962.0
C14615,High-value regulars,0.061,Low,11242.0
C14616,Low-spend occasional,0.078,Low,5683.0
C14617,Low-spend occasional,0.078,Low,3968.0
C14618,Lapsing / dormant,0.165,Low,13011.0
C14619,High-value regulars,0.282,Medium,9447.0
C14620,High-value regulars,0.081,Low,23941.0
C14621,Low-spend occasional,0.973,High,0.0
C14622,High-value regulars,0.148,Low,17432.0
C14623,High-value regulars,0.29,Medium,9050.0
C14624,High-value regulars,0.156,Low,7184.0
C14625,Low-spend occasional,0.321,Medium,3859.0
C14626,Lapsing / dormant,0.324,Medium,10804.0
C14627,Low-spend occasional,0.147,Low,6294.0
C14628,High-value regulars,0.101,Low,14991.0
C14629,Lapsing / dormant,0.534,High,1988.0
C14630,High-value regulars,0.093,Low,11200.0
C14631,High-value regulars,0.278,Medium,16207.0
C14632,High-value regulars,0.183,Low,8997.0
C14633,High-value regulars,0.14,Low,15609.0
C14634,Lapsing / dormant,0.083,Low,7485.0
C14635,High-value regulars,0.104,Low,11794.0
C14636,High-value regulars,0.05,Low,12918.0
C14637,Lapsing / dormant,0.492,Medium,6311.0
C14638,High-value regulars,0.049,Low,26260.0
C14639,High-value regulars,0.425,Medium,11884.0
C14640,Lapsing / dormant,0.477,Medium,5915.0
C14641,Low-spend occasional,0.376,Medium,4604.0
C14642,Low-spend occasional,0.205,Low,4026.0
C14643,High-value regulars,0.052,Low,12581.0
C14644,High-value regulars,0.052,Low,8909.0
C14645,Low-spend occasional,0.596,High,2563.0
C14646,High-value regulars,0.074,Low,13592.0
C14647,High-value regulars,0.221,Low,14856.0
C14648,Low-spend occasional,0.288,Medium,6947.0
C14649,High-value regulars,0.155,Low,13392.0
C14650,High-value regulars,0.074,Low,12780.0
C14651,High-value regulars,0.082,Low,8351.0
C14652,Lapsing / dormant,0.533,High,3156.0
C14653,Lapsing / dormant,0.129,Low,5641.0
C14654,Low-spend occasional,0.198,Low,8793.0
C14655,High-value regulars,0.607,High,10436.0
C14656,Low-spend occasional,0.108,Low,3804.0
C14657,High-value regulars,0.126,Low,25338.0
C14658,Lapsing / dormant,0.421,Medium,6093.0
C14659,High-value regulars,0.066,Low,17920.0
C14660,High-value regulars,0.154,Low,14955.0
C14661,High-value regulars,0.129,Low,9942.0
C14662,High-value regulars,0.171,Low,7680.0
C14663,High-value regulars,0.051,Low,27907.0
C14664,Low-spend occasional,0.201,Low,5335.0
C14665,Lapsing / dormant,0.23,Low,7583.0
C14666,Lapsing / dormant,0.373,Medium,8611.0
C14667,Lapsing / dormant,0.434,Medium,7617.0
C14668,Low-spend occasional,0.068,Low,6676.0
C14669,High-value regulars,0.113,Low,7747.0
C14670,High-value regulars,0.152,Low,8981.0
C14671,High-value regulars,0.139,Low,27628.0
C14672,Low-spend occasional,0.202,Low,2403.0
C14673,High-value regulars,0.053,Low,20103.0
C14674,High-value regulars,0.131,Low,10089.0
C14675,High-value regulars,0.207,Low,20857.0
C14676,High-value regulars,0.167,Low,20258.0
C14677,Low-spend occasional,0.083,Low,4821.0
C14678,High-value regulars,0.05,Low,9498.0
C14679,High-value regulars,0.283,Medium,9175.0
C14680,Lapsing / dormant,0.471,Medium,6238.0
C14681,Lapsing / dormant,0.583,High,1473.0
C14682,High-value regulars,0.178,Low,13434.0
C14683,High-value regulars,0.127,Low,9491.0
C14684,High-value regulars,0.304,Medium,10913.0
C14685,Lapsing / dormant,0.33,Medium,8622.0
C14686,Low-spend occasional,0.103,Low,2667.0
C14687,Lapsing / dormant,0.133,Low,5931.0
C14688,High-value regulars,0.232,Low,8964.0
C14689,High-value regulars,0.091,Low,14976.0
C14690,Lapsing / dormant,0.517,High,11090.0
C14691,High-value regulars,0.254,Medium,18050.0
C14692,High-value regulars,0.117,Low,13932.0
C14693,Low-spend occasional,0.344,Medium,3005.0
C14694,High-value regulars,0.079,Low,6613.0
C14695,High-value regulars,0.027,Low,19006.0
C14696,Lapsing / dormant,0.145,Low,7322.0
C14697,High-value regulars,0.079,Low,9763.0
C14698,Low-spend occasional,0.092,Low,2726.0
C14699,Lapsing / dormant,0.582,High,10245.0
C14700,Lapsing / dormant,0.15,Low,5424.0
C14701,Lapsing / dormant,0.429,Medium,9601.0
C14702,Lapsing / dormant,0.111,Low,7769.0
C14703,Low-spend occasional,0.075,Low,1799.0
C14704,High-value regulars,0.145,Low,8256.0
C14705,Low-spend occasional,0.104,Low,4052.0
C14706,Lapsing / dormant,0.308,Medium,4245.0
C14707,Lapsing / dormant,0.744,High,11493.0
C14708,High-value regulars,0.251,Medium,13353.0
C14709,Lapsing / dormant,0.092,Low,5556.0
C14710,High-value regulars,0.356,Medium,11504.0
C14711,Lapsing / dormant,0.365,Medium,9133.0
C14712,High-value regulars,0.09,Low,14565.0
C14713,High-value regulars,0.161,Low,10015.0
C14714,High-value regulars,0.029,Low,23897.0
C14715,Lapsing / dormant,0.671,High,8702.0
C14716,High-value regulars,0.202,Low,14530.0
C14717,Lapsing / dormant,0.241,Low,8560.0
C14718,Low-spend occasional,0.116,Low,4949.0
C14719,High-value regulars,0.213,Low,12770.0
C14720,Low-spend occasional,0.588,High,1578.0
C14721,High-value regulars,0.243,Low,12214.0
C14722,Lapsing / dormant,0.167,Low,8816.0
C14723,Lapsing / dormant,0.485,Medium,5701.0
C14724,High-value regulars,0.122,Low,10091.0
C14725,High-value regulars,0.199,Low,14703.0
C14726,High-value regulars,0.406,Medium,19070.0
C14727,High-value regulars,0.215,Low,19255.0
C14728,High-value regulars,0.327,Medium,16038.0
C14729,Lapsing / dormant,0.207,Low,6836.0
C14730,High-value regulars,0.171,Low,12344.0
C14731,Lapsing / dormant,0.375,Medium,7086.0
C14732,Low-spend occasional,0.103,Low,4396.0
C14733,Low-spend occasional,0.147,Low,6205.0
C14734,Lapsing / dormant,0.214,Low,9263.0
C14735,Lapsing / dormant,0.164,Low,7358.0
C14736,Lapsing / dormant,0.271,Medium,9227.0
C14737,Lapsing / dormant,0.359,Medium,8892.0
C14738,High-value regulars,0.341,Medium,14060.0
C14739,Low-spend occasional,0.227,Low,3922.0
C14740,Low-spend occasional,0.099,Low,4188.0
C14741,Low-spend occasional,0.079,Low,6347.0
C14742,Lapsing / dormant,0.232,Low,7419.0
C14743,Low-spend occasional,0.249,Low,5932.0
C14744,Lapsing / dormant,0.506,High,1763.0
C14745,Lapsing / dormant,0.171,Low,15098.0
C14746,High-value regulars,0.044,Low,12077.0
C14747,High-value regulars,0.067,Low,7866.0
C14748,High-value regulars,0.027,Low,15891.0
C14749,High-value regulars,0.095,Low,8892.0
C14750,High-value regulars,0.178,Low,17944.0
C14751,High-value regulars,0.125,Low,16684.0
C14752,Lapsing / dormant,0.758,High,6588.0
C14753,Low-spend occasional,0.204,Low,4982.0
C14754,Low-spend occasional,0.167,Low,5335.0
C14755,Lapsing / dormant,0.258,Medium,8539.0
C14756,High-value regulars,0.49,Medium,13596.0
C14757,Lapsing / dormant,0.286,Medium,11168.0
C14758,Low-spend occasional,0.354,Medium,1720.0
C14759,Lapsing / dormant,0.327,Medium,4102.0
C14760,Lapsing / dormant,0.558,High,10356.0
C14761,High-value regulars,0.153,Low,8391.0
C14762,Low-spend occasional,0.175,Low,8413.0
C14763,Lapsing / dormant,0.233,Low,6247.0
C14764,Lapsing / dormant,0.28,Medium,5910.0
C14765,Low-spend occasional,0.097,Low,2150.0
C14766,High-value regulars,0.151,Low,10033.0
C14767,High-value regulars,0.077,Low,11481.0
C14768,High-value regulars,0.263,Medium,11035.0
C14769,High-value regulars,0.201,Low,9373.0
C14770,Lapsing / dormant,0.153,Low,6274.0
C14771,High-value regulars,0.108,Low,8190.0
C14772,Lapsing / dormant,0.677,High,13026.0
C14773,High-value regulars,0.23,Low,12575.0
C14774,Lapsing / dormant,0.185,Low,6823.0
C14775,High-value regulars,0.122,Low,8200.0
C14776,High-value regulars,0.199,Low,10836.0
C14777,High-value regulars,0.142,Low,13645.0
C14778,Lapsing / dormant,0.758,High,4766.0
C14779,Lapsing / dormant,0.265,Medium,5606.0
C14780,High-value regulars,0.177,Low,14632.0
C14781,High-value regulars,0.101,Low,12111.0
C14782,High-value regulars,0.109,Low,14878.0
C14783,Lapsing / dormant,0.76,High,4021.0
C14784,High-value regulars,0.234,Low,8367.0
C14785,High-value regulars,0.152,Low,14399.0
C14786,Lapsing / dormant,0.567,High,5488.0
C14787,High-value regulars,0.21,Low,9948.0
C14788,High-value regulars,0.167,Low,11958.0
C14789,Lapsing / dormant,0.193,Low,3654.0
C14790,Lapsing / dormant,0.17,Low,6073.0
C14791,High-value regulars,0.105,Low,17628.0
C14792,High-value regulars,0.188,Low,15141.0
C14793,High-value regulars,0.115,Low,17044.0
C14794,High-value regulars,0.239,Low,15609.0
C14795,High-value regulars,0.068,Low,10948.0
C14796,Lapsing / dormant,0.385,Medium,4947.0
C14797,Lapsing / dormant,0.224,Low,7727.0
C14798,High-value regulars,0.035,Low,18029.0
C14799,High-value regulars,0.112,Low,10216.0
C14800,Lapsing / dormant,0.622,High,6265.0
C14801,High-value regulars,0.11,Low,20331.0
C14802,High-value regulars,0.082,Low,13030.0
C14803,Lapsing / dormant,0.114,Low,5262.0
C14804,High-value regulars,0.207,Low,7140.0
C14805,High-value regulars,0.105,Low,14287.0
C14806,Low-spend occasional,0.144,Low,5424.0
C14807,High-value regulars,0.031,Low,10801.0
C14808,Low-spend occasional,0.13,Low,7485.0
C14809,Low-spend occasional,0.06,Low,5395.0
C14810,High-value regulars,0.191,Low,11941.0
C14811,Low-spend occasional,0.14,Low,5202.0
C14812,Lapsing / dormant,0.356,Medium,3628.0
C14813,High-value regulars,0.059,Low,15057.0
C14814,High-value regulars,0.21,Low,6618.0
C14815,High-value regulars,0.115,Low,13323.0
C14816,Lapsing / dormant,0.547,High,4749.0
C14817,High-value regulars,0.082,Low,15370.0
C14818,High-value regulars,0.134,Low,9081.0
C14819,Lapsing / dormant,0.398,Medium,3145.0
C14820,High-value regulars,0.274,Medium,11434.0
C14821,High-value regulars,0.126,Low,15536.0
C14822,Lapsing / dormant,0.408,Medium,9552.0
C14823,High-value regulars,0.081,Low,13459.0
C14824,High-value regulars,0.165,Low,7694.0
C14825,High-value regulars,0.024,Low,16158.0
C14826,Lapsing / dormant,0.459,Medium,12753.0
C14827,Lapsing / dormant,0.49,Medium,4878.0
C14828,Lapsing / dormant,0.222,Low,8325.0
C14829,High-value regulars,0.266,Medium,8592.0
C14830,High-value regulars,0.183,Low,10655.0
C14831,High-value regulars,0.232,Low,12631.0
C14832,Lapsing / dormant,0.274,Medium,11001.0
C14833,High-value regulars,0.077,Low,13404.0
C14834,Low-spend occasional,0.227,Low,1415.0
C14835,Lapsing / dormant,0.207,Low,8721.0
C14836,High-value regulars,0.243,Low,11311.0
C14837,Low-spend occasional,0.11,Low,6639.0
C14838,Low-spend occasional,0.1,Low,6867.0
C14839,High-value regulars,0.063,Low,16074.0
C14840,Lapsing / dormant,0.297,Medium,6097.0
C14841,High-value regulars,0.206,Low,16577.0
C14842,High-value regulars,0.118,Low,13697.0
C14843,High-value regulars,0.114,Low,12953.0
C14844,High-value regulars,0.147,Low,7599.0
C14845,Lapsing / dormant,0.27,Medium,5983.0
C14846,High-value regulars,0.02,Low,19797.0
C14847,Low-spend occasional,0.329,Medium,2871.0
C14848,High-value regulars,0.062,Low,22107.0
C14849,Lapsing / dormant,0.107,Low,7729.0
C14850,High-value regulars,0.137,Low,13168.0
C14851,High-value regulars,0.346,Medium,12103.0
C14852,High-value regulars,0.032,Low,22009.0
C14853,Low-spend occasional,0.299,Medium,3705.0
C14854,High-value regulars,0.108,Low,15928.0
C14855,High-value regulars,0.045,Low,18125.0
C14856,High-value regulars,0.129,Low,15874.0
C14857,High-value regulars,0.228,Low,12753.0
C14858,High-value regulars,0.124,Low,13240.0
C14859,High-value regulars,0.088,Low,8725.0
C14860,Lapsing / dormant,0.336,Medium,8688.0
C14861,Lapsing / dormant,0.719,High,14548.0
C14862,High-value regulars,0.163,Low,13171.0
C14863,Lapsing / dormant,0.288,Medium,8312.0
C14864,Low-spend occasional,0.099,Low,3204.0
C14865,Lapsing / dormant,0.3,Medium,11741.0
C14866,Low-spend occasional,0.201,Low,3543.0
C14867,Lapsing / dormant,0.544,High,4264.0
C14868,High-value regulars,0.127,Low,6729.0
C14869,High-value regulars,0.181,Low,10334.0
C14870,Lapsing / dormant,0.273,Medium,7760.0
C14871,High-value regulars,0.17,Low,9256.0
C14872,Lapsing / dormant,0.523,High,6770.0
C14873,Lapsing / dormant,0.084,Low,5847.0
C14874,Low-spend occasional,0.132,Low,4041.0
C14875,High-value regulars,0.089,Low,9541.0
C14876,Lapsing / dormant,0.525,High,10037.0
C14877,High-value regulars,0.143,Low,9869.0
C14878,Lapsing / dormant,0.842,High,9052.0
C14879,High-value regulars,0.099,Low,14528.0
C14880,Low-spend occasional,0.065,Low,8239.0
C14881,Lapsing / dormant,0.391,Medium,6308.0
C14882,High-value regulars,0.253,Medium,11493.0
C14883,Lapsing / dormant,0.521,High,7627.0
C14884,High-value regulars,0.105,Low,14300.0
C14885,Lapsing / dormant,0.109,Low,5512.0
C14886,Lapsing / dormant,0.325,Medium,8764.0
C14887,High-value regulars,0.603,High,16706.0
C14888,Lapsing / dormant,0.112,Low,4070.0
C14889,Low-spend occasional,0.04,Low,3413.0
C14890,High-value regulars,0.03,Low,9542.0
C14891,High-value regulars,0.097,Low,8866.0
C14892,Low-spend occasional,0.198,Low,6411.0
C14893,High-value regulars,0.258,Medium,15048.0
C14894,High-value regulars,0.225,Low,11045.0
C14895,Low-spend occasional,0.047,Low,6029.0
C14896,Low-spend occasional,0.18,Low,3954.0
C14897,High-value regulars,0.073,Low,11363.0
C14898,Lapsing / dormant,0.366,Medium,6310.0
C14899,Lapsing / dormant,0.268,Medium,8714.0
C14900,High-value regulars,0.079,Low,12211.0
C14901,High-value regulars,0.204,Low,14631.0
C14902,Low-spend occasional,0.148,Low,5585.0
C14903,Low-spend occasional,0.481,Medium,2398.0
C14904,High-value regulars,0.073,Low,11985.0
C14905,Low-spend occasional,0.158,Low,2973.0
C14906,High-value regulars,0.671,High,16698.0
C14907,High-value regulars,0.244,Low,12729.0
C14908,Low-spend occasional,0.563,High,2830.0
C14909,Low-spend occasional,0.098,Low,2652.0
C14910,Lapsing / dormant,0.453,Medium,3728.0
C14911,High-value regulars,0.029,Low,15273.0
C14912,High-value regulars,0.049,Low,9161.0
C14913,Lapsing / dormant,0.22,Low,12725.0
C14914,Low-spend occasional,0.21,Low,2912.0
C14915,High-value regulars,0.053,Low,8961.0
C14916,High-value regulars,0.14,Low,7083.0
C14917,High-value regulars,0.084,Low,19999.0
C14918,High-value regulars,0.153,Low,11902.0
C14919,Low-spend occasional,0.494,Medium,2745.0
C14920,High-value regulars,0.024,Low,29833.0
C14921,Lapsing / dormant,0.28,Medium,11927.0
C14922,Lapsing / dormant,0.602,High,4869.0
C14923,Lapsing / dormant,0.635,High,4075.0
C14924,Lapsing / dormant,0.263,Medium,6667.0
C14925,Low-spend occasional,0.036,Low,6912.0
C14926,Lapsing / dormant,0.133,Low,6364.0
C14927,Lapsing / dormant,0.324,Medium,7410.0
C14928,Low-spend occasional,0.184,Low,6218.0
C14929,Lapsing / dormant,0.389,Medium,9500.0
C14930,High-value regulars,0.108,Low,17327.0
C14931,High-value regulars,0.015,Low,18243.0
C14932,High-value regulars,0.08,Low,18106.0
C14933,High-value regulars,0.232,Low,17135.0
C14934,Low-spend occasional,0.439,Medium,4978.0
C14935,Lapsing / dormant,0.564,High,6683.0
C14936,High-value regulars,0.142,Low,14899.0
C14937,High-value regulars,0.046,Low,25839.0
C14938,High-value regulars,0.081,Low,15224.0
C14939,High-value regulars,0.218,Low,14810.0
C14940,Lapsing / dormant,0.504,High,4297.0
C14941,Low-spend occasional,0.185,Low,3901.0
C14942,Low-spend occasional,0.074,Low,3737.0
C14943,Low-spend occasional,0.066,Low,4134.0
C14944,High-value regulars,0.524,High,17801.0
C14945,Low-spend occasional,0.056,Low,2804.0
C14946,High-value regulars,0.081,Low,21512.0
C14947,High-value regulars,0.158,Low,6514.0
C14948,Lapsing / dormant,0.605,High,9411.0
C14949,Low-spend occasional,0.637,High,4159.0
C14950,High-value regulars,0.219,Low,14554.0
C14951,High-value regulars,0.046,Low,18893.0
C14952,High-value regulars,0.21,Low,16006.0
C14953,Low-spend occasional,0.093,Low,7332.0
C14954,High-value regulars,0.105,Low,13432.0
C14955,High-value regulars,0.103,Low,13320.0
C14956,High-value regulars,0.078,Low,13199.0
C14957,Lapsing / dormant,0.408,Medium,3761.0
C14958,High-value regulars,0.135,Low,9490.0
C14959,Lapsing / dormant,0.411,Medium,7810.0
C14960,Lapsing / dormant,0.501,High,6921.0
C14961,Lapsing / dormant,0.513,High,2350.0
C14962,High-value regulars,0.184,Low,11492.0
C14963,High-value regulars,0.117,Low,11239.0
C14964,High-value regulars,0.345,Medium,9576.0
C14965,High-value regulars,0.08,Low,12453.0
C14966,Low-spend occasional,0.249,Low,7873.0
C14967,High-value regulars,0.125,Low,10569.0
C14968,High-value regulars,0.049,Low,17495.0
C14969,High-value regulars,0.095,Low,23561.0
C14970,Lapsing / dormant,0.469,Medium,2887.0
C14971,High-value regulars,0.18,Low,13473.0
C14972,Lapsing / dormant,0.853,High,8831.0
C14973,High-value regulars,0.276,Medium,12354.0
C14974,High-value regulars,0.095,Low,21855.0
C14975,High-value regulars,0.128,Low,12373.0
C14976,Lapsing / dormant,0.2,Low,5858.0
C14977,High-value regulars,0.057,Low,21244.0
C14978,Low-spend occasional,0.426,Medium,2968.0
C14979,High-value regulars,0.268,Medium,8600.0
C14980,Lapsing / dormant,0.3,Medium,10995.0
C14981,High-value regulars,0.158,Low,10670.0
C14982,High-value regulars,0.114,Low,25549.0
C14983,High-value regulars,0.086,Low,9084.0
C14984,Lapsing / dormant,0.095,Low,6091.0
C14985,Lapsing / dormant,0.797,High,2425.0
C14986,High-value regulars,0.109,Low,16222.0
C14987,High-value regulars,0.028,Low,19163.0
C14988,High-value regulars,0.161,Low,19163.0
C14989,High-value regulars,0.474,Medium,14593.0
C14990,High-value regulars,0.115,Low,15610.0
C14991,Lapsing / dormant,0.468,Medium,5900.0
C14992,Lapsing / dormant,0.631,High,6876.0
C14993,Lapsing / dormant,0.301,Medium,7118.0
C14994,High-value regulars,0.081,Low,16138.0
C14995,High-value regulars,0.113,Low,10413.0
C14996,Low-spend occasional,0.142,Low,4886.0
C14997,Low-spend occasional,0.218,Low,5568.0
C14998,High-value regulars,0.305,Medium,11371.0
C14999,High-value regulars,0.138,Low,13652.0
C15000,High-value regulars,0.068,Low,8025.0
